geography,fips,county_name,crisis,observed,predicted,residual,state_fips,state_abbr,state_name
County,01003,"Baldwin County, AL",Great Recession,0.9669104927593536,0.9566095790806863,0.010300913678667256,NA,NA,NA
County,01017,"Chambers County, AL",Great Recession,0.90900888859186,0.9076644862491102,0.0013444023427497953,NA,NA,NA
County,01029,"Cleburne County, AL",Great Recession,0.8401918316831684,0.9300503246727593,-0.08985849298959092,NA,NA,NA
County,01031,"Coffee County, AL",Great Recession,0.9740541859897486,0.9323728587242698,0.041681327265478796,NA,NA,NA
County,01035,"Conecuh County, AL",Great Recession,0.8398605700225549,0.865497582004848,-0.02563701198229318,NA,NA,NA
County,01069,"Houston County, AL",Great Recession,0.9318901909722224,0.9635618744459148,-0.031671683473692425,NA,NA,NA
County,01071,"Jackson County, AL",Great Recession,0.8371344244700831,0.9355243214374321,-0.09838989696734901,NA,NA,NA
County,01075,"Lamar County, AL",Great Recession,0.9256791832496972,0.8956175530163397,0.030061630233357506,NA,NA,NA
County,01081,"Lee County, AL",Great Recession,1.005392912172573,0.9332368197868864,0.07215609238568665,NA,NA,NA
County,01083,"Limestone County, AL",Great Recession,1.0229472630173564,0.9716314764352553,0.05131578658210112,NA,NA,NA
County,01101,"Montgomery County, AL",Great Recession,0.9647263570338248,0.9655102152802664,-7.8385824644156e-4,NA,NA,NA
County,01103,"Morgan County, AL",Great Recession,0.9637359652299892,0.9581228302801686,0.00561313494982052,NA,NA,NA
County,01105,"Perry County, AL",Great Recession,0.9749547374773688,0.8899004656445992,0.08505427183276959,NA,NA,NA
County,01107,"Pickens County, AL",Great Recession,0.8937347227582658,0.8700468491103515,0.02368787364791436,NA,NA,NA
County,01109,"Pike County, AL",Great Recession,0.9026723853513692,0.8648125627749025,0.037859822576466695,NA,NA,NA
County,01117,"Shelby County, AL",Great Recession,1.0145629584352078,0.9974615185218881,0.017101439913319694,NA,NA,NA
County,01119,"Sumter County, AL",Great Recession,1.0794547872340423,0.8387796161110502,0.24067517112299208,NA,NA,NA
County,01131,"Wilcox County, AL",Great Recession,0.8853754940711462,0.8425536219277626,0.04282187214338362,NA,NA,NA
County,02050,"Bethel Census Area, AK",Great Recession,1.0056133399372629,0.9995186363539182,0.0060947035833446295,NA,NA,NA
County,02068,"Denali Borough, AK",Great Recession,0.6132686084142395,1.0100561900897105,-0.396787581675471,NA,NA,NA
County,02100,"Haines Borough, AK",Great Recession,0.7356020942408377,0.9057836081556111,-0.17018151391477343,NA,NA,NA
County,02164,"Lake and Peninsula Borough, AK",Great Recession,0.4868301544050863,1.0913638765432268,-0.6045337221381404,NA,NA,NA
County,02170,"Matanuska-Susitna Borough, AK",Great Recession,1.03843249576878,0.994838469085669,0.043594026683111076,NA,NA,NA
County,04003,"Cochise County, AZ",Great Recession,0.8078373015873016,0.9624017252481227,-0.15456442366082113,NA,NA,NA
County,04007,"Gila County, AZ",Great Recession,0.9343446720909716,0.9430154907135923,-0.008670818622620646,NA,NA,NA
County,04011,"Greenlee County, AZ",Great Recession,0.9225110348209908,0.9932839035499161,-0.0707728687289253,NA,NA,NA
County,04023,"Santa Cruz County, AZ",Great Recession,1.0961798186378546,0.9342664139337932,0.16191340470406146,NA,NA,NA
County,05001,"Arkansas County, AR",Great Recession,0.7775990440297822,0.9025004073081104,-0.12490136327832824,NA,NA,NA
County,05003,"Ashley County, AR",Great Recession,0.8443364611260054,0.9037718439799,-0.0594353828538946,NA,NA,NA
County,05007,"Benton County, AR",Great Recession,1.039691458425748,1.032793874086175,0.006897584339572882,NA,NA,NA
County,05009,"Boone County, AR",Great Recession,0.9627414330218068,0.9414755202429846,0.02126591277882217,NA,NA,NA
County,05015,"Carroll County, AR",Great Recession,0.8875934562143756,0.8866918951685838,9.015610457917544e-4,NA,NA,NA
County,05021,"Clay County, AR",Great Recession,0.9703474903474903,0.903277574504198,0.06706991584329236,NA,NA,NA
County,05053,"Grant County, AR",Great Recession,0.9712362301101592,0.9511521441227654,0.020084085987393863,NA,NA,NA
County,05063,"Independence County, AR",Great Recession,0.917945762300552,0.9377206437749586,-0.019774881474406536,NA,NA,NA
County,05065,"Izard County, AR",Great Recession,0.8800829056454796,0.9302993238599915,-0.05021641821451184,NA,NA,NA
County,05067,"Jackson County, AR",Great Recession,0.7912875654811139,0.8578285844677356,-0.06654101898662168,NA,NA,NA
County,05073,"Lafayette County, AR",Great Recession,0.8511555708865126,0.8610870692576317,-0.009931498371119063,NA,NA,NA
County,05075,"Lawrence County, AR",Great Recession,0.9488091780424048,0.9151574763739406,0.03365170166846421,NA,NA,NA
County,05079,"Lincoln County, AR",Great Recession,0.7832486234646336,0.885788874205838,-0.10254025074120432,NA,NA,NA
County,05087,"Madison County, AR",Great Recession,0.9214295186314811,0.9234300111765554,-0.002000492545074284,NA,NA,NA
County,05089,"Marion County, AR",Great Recession,0.9263078089461714,0.8831406385840183,0.04316717036215312,NA,NA,NA
County,05095,"Monroe County, AR",Great Recession,0.8018080667593881,0.8361571245115952,-0.03434905775220709,NA,NA,NA
County,05103,"Ouachita County, AR",Great Recession,0.7955883645311539,0.8993768298241647,-0.10378846529301078,NA,NA,NA
County,05113,"Polk County, AR",Great Recession,0.9044187708432588,0.9079097530870979,-0.003490982243839036,NA,NA,NA
County,05121,"Randolph County, AR",Great Recession,0.8299191750278707,0.8929270459159139,-0.06300787088804316,NA,NA,NA
County,05129,"Searcy County, AR",Great Recession,0.8851450336946968,0.8800661373202802,0.005078896374416608,NA,NA,NA
County,05133,"Sevier County, AR",Great Recession,0.8311468758452799,0.9336438024815941,-0.10249692663631416,NA,NA,NA
County,05141,"Van Buren County, AR",Great Recession,0.8987887963663891,0.9086730550005534,-0.009884258634164311,NA,NA,NA
County,06001,"Alameda County, CA",Great Recession,0.9974145656818788,0.977978669669069,0.019435896012809817,NA,NA,NA
County,06031,"Kings County, CA",Great Recession,0.9490255579010856,0.967077475641531,-0.018051917740445456,NA,NA,NA
County,06035,"Lassen County, CA",Great Recession,0.8134392076502732,0.9577671003010605,-0.14432789265078727,NA,NA,NA
County,06045,"Mendocino County, CA",Great Recession,0.9046726032037942,0.9530083067510962,-0.04833570354730199,NA,NA,NA
County,06049,"Modoc County, CA",Great Recession,0.8207725553754727,0.8941288821810727,-0.0733563268056,NA,NA,NA
County,06053,"Monterey County, CA",Great Recession,0.98235654013817,0.9836965479890891,-0.0013400078509191449,NA,NA,NA
County,06057,"Nevada County, CA",Great Recession,0.9086430764125114,0.9387453419132284,-0.03010226550071704,NA,NA,NA
County,06083,"Santa Barbara County, CA",Great Recession,0.9560378355019926,0.9683375356925794,-0.012299700190586793,NA,NA,NA
County,06085,"Santa Clara County, CA",Great Recession,1.0478489195815766,0.9917406663995108,0.056108253182065804,NA,NA,NA
County,06091,"Sierra County, CA",Great Recession,0.8381174899866488,0.8919243117400888,-0.05380682175343998,NA,NA,NA
County,06101,"Sutter County, CA",Great Recession,1.0055609025772645,0.9882024426600973,0.017358459917167224,NA,NA,NA
County,06109,"Tuolumne County, CA",Great Recession,0.7892138865091992,0.9099652588158872,-0.12075137230668798,NA,NA,NA
County,06113,"Yolo County, CA",Great Recession,0.9735943926441136,0.9841751676453004,-0.010580775001186815,NA,NA,NA
County,08007,"Archuleta County, CO",Great Recession,0.8141328297135663,0.9683940719464299,-0.15426124223286364,NA,NA,NA
County,08015,"Chaffee County, CO",Great Recession,0.977392614920874,0.8814820729205874,0.09591054200028659,NA,NA,NA
County,08031,"Denver County/city, CO",Great Recession,1.0638605843627875,1.0031246492799388,0.06073593508284869,NA,NA,NA
County,08043,"Fremont County, CO",Great Recession,0.754914004914005,0.9206706754572312,-0.1657566705432263,NA,NA,NA
County,08047,"Gilpin County, CO",Great Recession,0.9674011469966798,0.9309823878455138,0.03641875915116599,NA,NA,NA
County,08069,"Larimer County, CO",Great Recession,0.9693469555824764,0.9688802235711987,4.667320112776707e-4,NA,NA,NA
County,08071,"Las Animas County, CO",Great Recession,0.6925187925068608,0.9385589419738493,-0.2460401494669885,NA,NA,NA
County,08077,"Mesa County, CO",Great Recession,0.8759330381636533,1.0259857318764734,-0.15005269371282004,NA,NA,NA
County,08085,"Montrose County, CO",Great Recession,0.8963009247688078,0.973402998999035,-0.07710207423022719,NA,NA,NA
County,08099,"Prowers County, CO",Great Recession,0.8476437395150221,0.895058158765366,-0.04741441925034384,NA,NA,NA
County,08103,"Rio Blanco County, CO",Great Recession,0.5175740210124165,0.9630081794902421,-0.44543415847782564,NA,NA,NA
County,08109,"Saguache County, CO",Great Recession,0.9436478826275424,0.8470953537733121,0.09655252885423027,NA,NA,NA
County,08119,"Teller County, CO",Great Recession,0.8908838651758753,0.9398556339440224,-0.04897176876814713,NA,NA,NA
County,08125,"Yuma County, CO",Great Recession,0.7637287621359223,0.986606171950099,-0.2228774098141767,NA,NA,NA
County,09170,"South Central Connecticut Planning Region, CT",Great Recession,0.9831684789614696,0.8216934992879447,0.16147497967352498,NA,NA,NA
County,09190,"Western Connecticut Planning Region, CT",Great Recession,0.9427764922127584,0.8216934992879447,0.12108299292481373,NA,NA,NA
County,10005,"Sussex County, DE",Great Recession,0.9508545360381704,0.9572241820834867,-0.006369646045316313,NA,NA,NA
County,12003,"Baker County, FL",Great Recession,0.8979154156300935,0.984503903087036,-0.08658848745694248,NA,NA,NA
County,12007,"Bradford County, FL",Great Recession,0.8399635338969004,0.9187450231840835,-0.07878148928718309,NA,NA,NA
County,12029,"Dixie County, FL",Great Recession,0.9169369369369368,0.8739349192673854,0.04300201766955136,NA,NA,NA
County,12043,"Glades County, FL",Great Recession,1.060550259965338,0.9185811780450674,0.14196908192027058,NA,NA,NA
County,12049,"Hardee County, FL",Great Recession,0.8135279428226987,0.9207737375653382,-0.10724579474263951,NA,NA,NA
County,12067,"Lafayette County, FL",Great Recession,1.1571428571428573,0.883507505480428,0.27363535166242925,NA,NA,NA
County,12071,"Lee County, FL",Great Recession,0.9207512971781932,0.9988410384252598,-0.07808974124706669,NA,NA,NA
County,12075,"Levy County, FL",Great Recession,0.9738831192773304,0.9349920843516073,0.0388910349257231,NA,NA,NA
County,12099,"Palm Beach County, FL",Great Recession,0.9757651102779112,0.9746893430102146,0.0010757672676966479,NA,NA,NA
County,12115,"Sarasota County, FL",Great Recession,0.891357747012412,0.9418639761192055,-0.05050622910679348,NA,NA,NA
County,12117,"Seminole County, FL",Great Recession,0.9137787361259064,0.9547135443703003,-0.04093480824439388,NA,NA,NA
County,12127,"Volusia County, FL",Great Recession,0.8712064608060492,0.9463014512472753,-0.07509499044122603,NA,NA,NA
County,13001,"Appling County, GA",Great Recession,0.9167153369933418,0.9294230933838005,-0.012707756390458624,NA,NA,NA
County,13019,"Berrien County, GA",Great Recession,0.814164506245581,0.9217620170525844,-0.10759751080700342,NA,NA,NA
County,13057,"Cherokee County, GA",Great Recession,1.006905273204486,1.0446804387529534,-0.03777516554846727,NA,NA,NA
County,13061,"Clay County, GA",Great Recession,0.5866302864938608,0.8860395146470504,-0.2994092281531896,NA,NA,NA
County,13065,"Clinch County, GA",Great Recession,0.9933078393881452,0.8924230249062085,0.10088481448193665,NA,NA,NA
County,13089,"DeKalb County, GA",Great Recession,0.9064105780201818,0.9932002345463089,-0.08678965652612713,NA,NA,NA
County,13091,"Dodge County, GA",Great Recession,0.7676784523015343,0.8787718503568487,-0.11109339805531437,NA,NA,NA
County,13095,"Dougherty County, GA",Great Recession,0.871041358559845,0.9295463203793772,-0.05850496181953224,NA,NA,NA
County,13103,"Effingham County, GA",Great Recession,0.8969983854396008,0.9898751212984006,-0.09287673585879985,NA,NA,NA
County,13113,"Fayette County, GA",Great Recession,0.9619483241591412,0.9541829947576121,0.007765329401529075,NA,NA,NA
County,13119,"Franklin County, GA",Great Recession,0.8856335514574658,0.9022154270609408,-0.016581875603475016,NA,NA,NA
County,13121,"Fulton County, GA",Great Recession,0.9895902371396348,1.0058058160298031,-0.016215578890168336,NA,NA,NA
County,13137,"Habersham County, GA",Great Recession,0.9144614430432086,0.9327319754134115,-0.01827053237020282,NA,NA,NA
County,13149,"Heard County, GA",Great Recession,0.9896261076291334,0.934963197583875,0.05466291004525836,NA,NA,NA
County,13153,"Houston County, GA",Great Recession,0.9608585084870396,0.9996776258623142,-0.03881911737527466,NA,NA,NA
County,13159,"Jasper County, GA",Great Recession,0.992986798679868,0.9665069627515748,0.026479835928293283,NA,NA,NA
County,13163,"Jefferson County, GA",Great Recession,0.9056517077653544,0.9033490403446571,0.002302667420697291,NA,NA,NA
County,13185,"Lowndes County, GA",Great Recession,0.9242995953000058,0.9535420874882339,-0.029242492188228053,NA,NA,NA
County,13219,"Oconee County, GA",Great Recession,0.8997812797936179,0.9621124318524145,-0.06233115205879658,NA,NA,NA
County,13253,"Seminole County, GA",Great Recession,0.7769067233590221,0.8340440698058346,-0.057137346446812454,NA,NA,NA
County,13255,"Spalding County, GA",Great Recession,0.9324308952337618,0.9565758914936326,-0.024144996259870877,NA,NA,NA
County,13257,"Stephens County, GA",Great Recession,0.8129105411323115,0.9275018585659077,-0.11459131743359618,NA,NA,NA
County,13263,"Talbot County, GA",Great Recession,0.889229720518064,0.8976127107747595,-0.008382990256695422,NA,NA,NA
County,13273,"Terrell County, GA",Great Recession,0.772107243650047,0.8750661700810234,-0.10295892643097637,NA,NA,NA
County,13277,"Tift County, GA",Great Recession,0.9135450524857462,0.9205061364579923,-0.0069610839722460405,NA,NA,NA
County,13279,"Toombs County, GA",Great Recession,0.8572084832708062,0.8971263907117616,-0.03991790744095536,NA,NA,NA
County,13289,"Twiggs County, GA",Great Recession,0.6304995417048579,0.9085889039315462,-0.27808936222668834,NA,NA,NA
County,13309,"Wheeler County, GA",Great Recession,0.5808466342817488,0.8373012874257779,-0.25645465314402915,NA,NA,NA
County,13319,"Wilkinson County, GA",Great Recession,0.7700504124656279,0.9542878539850485,-0.18423744151942056,NA,NA,NA
County,15007,"Kauai County, HI",Great Recession,1.0007781982421875,0.9687035724350521,0.03207462580713538,NA,NA,NA
County,16009,"Benewah County, ID",Great Recession,0.9529858564693556,0.9307317790803898,0.022254077388965787,NA,NA,NA
County,16019,"Bonneville County, ID",Great Recession,0.9418965832267496,0.9989095958728209,-0.05701301264607128,NA,NA,NA
County,16031,"Cassia County, ID",Great Recession,0.985452839042703,0.9551129566978901,0.030339882344812885,NA,NA,NA
County,16055,"Kootenai County, ID",Great Recession,0.9473257939397542,0.9600946488922814,-0.012768854952527109,NA,NA,NA
County,16063,"Lincoln County, ID",Great Recession,0.9731962918178154,1.0734326912964844,-0.10023639947866902,NA,NA,NA
County,16075,"Payette County, ID",Great Recession,1.0049034175334324,0.9391645700362361,0.06573884749719627,NA,NA,NA
County,16077,"Power County, ID",Great Recession,1.0046283691805065,0.9439148814454121,0.06071348773509433,NA,NA,NA
County,16079,"Shoshone County, ID",Great Recession,0.851528384279476,0.9253648742417528,-0.07383648996227687,NA,NA,NA
County,16083,"Twin Falls County, ID",Great Recession,0.9653883652908676,0.9634972445576954,0.0018911207331722135,NA,NA,NA
County,17011,"Bureau County, IL",Great Recession,0.8756228336221837,0.9501028620536831,-0.07448002843149937,NA,NA,NA
County,17035,"Cumberland County, IL",Great Recession,0.9942591580098414,0.9398209174496989,0.05443824056014257,NA,NA,NA
County,17045,"Edgar County, IL",Great Recession,0.8513567438148444,0.9173085792314931,-0.06595183541664873,NA,NA,NA
County,17055,"Franklin County, IL",Great Recession,0.9254576897847218,0.9183061164662786,0.007151573318443183,NA,NA,NA
County,17061,"Greene County, IL",Great Recession,0.8020730503455084,0.9195745688892022,-0.11750151854369384,NA,NA,NA
County,17071,"Henderson County, IL",Great Recession,0.8672942997162755,0.9218383151231524,-0.05454401540687692,NA,NA,NA
County,17075,"Iroquois County, IL",Great Recession,0.8481772470144563,0.9229956739492085,-0.07481842693475216,NA,NA,NA
County,17079,"Jasper County, IL",Great Recession,0.90097600650671,0.9316324384030157,-0.030656431896305736,NA,NA,NA
County,17083,"Jersey County, IL",Great Recession,0.9203066500267428,0.9464241508702605,-0.026117500843517716,NA,NA,NA
County,17087,"Johnson County, IL",Great Recession,0.7768179991964644,0.9087744598983198,-0.1319564607018554,NA,NA,NA
County,17097,"Lake County, IL",Great Recession,0.9512834241262772,0.9961987823371777,-0.044915358210900536,NA,NA,NA
County,17109,"McDonough County, IL",Great Recession,0.7936335684572255,0.9107851593302075,-0.11715159087298199,NA,NA,NA
County,17115,"Macon County, IL",Great Recession,0.9175745999571208,0.9517294281187039,-0.034154828161583106,NA,NA,NA
County,17119,"Madison County, IL",Great Recession,0.9579921117601012,0.974556334783438,-0.01656422302333671,NA,NA,NA
County,17143,"Peoria County, IL",Great Recession,0.9027819646010076,0.9678707114141171,-0.0650887468131095,NA,NA,NA
County,17145,"Perry County, IL",Great Recession,0.8736935618729097,0.8928374909110269,-0.019143929038117236,NA,NA,NA
County,17153,"Pulaski County, IL",Great Recession,0.6758141236736187,0.8265893566802456,-0.15077523300662687,NA,NA,NA
County,17159,"Richland County, IL",Great Recession,0.9472162452931684,0.9071517077511341,0.04006453754203432,NA,NA,NA
County,17169,"Schuyler County, IL",Great Recession,0.71875,0.9597176762491073,-0.2409676762491073,NA,NA,NA
County,17175,"Stark County, IL",Great Recession,0.9624735729386892,0.9440673126035024,0.018406260335186775,NA,NA,NA
County,17181,"Union County, IL",Great Recession,0.8926426426426426,0.8932891951266053,-6.465524839627257e-4,NA,NA,NA
County,17183,"Vermilion County, IL",Great Recession,0.9096918154260694,0.9297741871410189,-0.020082371714949532,NA,NA,NA
County,17185,"Wabash County, IL",Great Recession,0.8136962660809539,0.9019021730886482,-0.08820590700769426,NA,NA,NA
County,17191,"Wayne County, IL",Great Recession,0.9049937578027466,0.9092425391947064,-0.004248781391959833,NA,NA,NA
County,17201,"Winnebago County, IL",Great Recession,0.9303592651459828,0.9757373526799337,-0.045378087533950895,NA,NA,NA
County,18005,"Bartholomew County, IN",Great Recession,1.0280993475057882,0.9682133835620438,0.05988596394374446,NA,NA,NA
County,18009,"Blackford County, IN",Great Recession,0.7780774111675127,0.9201009844175809,-0.1420235732500682,NA,NA,NA
County,18011,"Boone County, IN",Great Recession,1.0298335887891394,0.9740503442682646,0.0557832445208748,NA,NA,NA
County,18033,"DeKalb County, IN",Great Recession,0.9251257768570584,0.9389770389693396,-0.01385126211228116,NA,NA,NA
County,18043,"Floyd County, IN",Great Recession,0.973913162057492,0.9671048557840951,0.006808306273396902,NA,NA,NA
County,18045,"Fountain County, IN",Great Recession,0.93756727664155,0.9270204606055845,0.010546816035965523,NA,NA,NA
County,18049,"Fulton County, IN",Great Recession,0.9335544833132288,0.9432186024884476,-0.00966411917521881,NA,NA,NA
County,18053,"Grant County, IN",Great Recession,0.9980768603931028,0.9006220679457213,0.09745479244738153,NA,NA,NA
County,18063,"Hendricks County, IN",Great Recession,1.004555138195885,1.010978299082126,-0.006423160886241064,NA,NA,NA
County,18083,"Knox County, IN",Great Recession,0.9029043280182232,0.9142568503933797,-0.011352522375156493,NA,NA,NA
County,18097,"Marion County, IN",Great Recession,0.9572368271671654,0.999821012143084,-0.04258418497591865,NA,NA,NA
County,18105,"Monroe County, IN",Great Recession,0.9518930028893986,0.9386712948048189,0.013221708084579675,NA,NA,NA
County,18121,"Parke County, IN",Great Recession,0.8597616865261228,0.9178929642882827,-0.05813127776215987,NA,NA,NA
County,18131,"Pulaski County, IN",Great Recession,0.9190874524714828,0.9296155709333038,-0.010528118461821001,NA,NA,NA
County,18165,"Vermillion County, IN",Great Recession,0.9056172436316132,0.938231963432851,-0.03261471980123776,NA,NA,NA
County,18175,"Washington County, IN",Great Recession,0.9381638564955804,0.9374021933737744,7.616631218060332e-4,NA,NA,NA
County,19007,"Appanoose County, IA",Great Recession,0.9094305163539764,0.8996771205139108,0.009753395840065626,NA,NA,NA
County,19015,"Boone County, IA",Great Recession,0.9320634293986052,0.9482165884766925,-0.016153159078087342,NA,NA,NA
County,19039,"Clarke County, IA",Great Recession,0.978353140916808,0.941605183193582,0.03674795772322603,NA,NA,NA
County,19047,"Crawford County, IA",Great Recession,0.9187725631768952,0.9351832922918734,-0.016410729114978206,NA,NA,NA
County,19061,"Dubuque County, IA",Great Recession,1.0376562375607037,0.9633464617983757,0.074309775762328,NA,NA,NA
County,19069,"Franklin County, IA",Great Recession,0.974321286529483,0.9635455450842921,0.01077574144519089,NA,NA,NA
County,19075,"Grundy County, IA",Great Recession,0.9863054480500149,0.9213751508468223,0.06493029720319254,NA,NA,NA
County,19081,"Hancock County, IA",Great Recession,0.9594024307900068,0.9582607547459303,0.001141676044076445,NA,NA,NA
County,19101,"Jefferson County, IA",Great Recession,1.0273668639053255,0.8805030185724727,0.1468638453328528,NA,NA,NA
County,19105,"Jones County, IA",Great Recession,1.0100059148264984,0.930006168216353,0.07999974661014542,NA,NA,NA
County,19107,"Keokuk County, IA",Great Recession,0.9365178571428572,0.9477042389758186,-0.01118638183296139,NA,NA,NA
County,19137,"Montgomery County, IA",Great Recession,0.8903056610598662,0.9532658058133362,-0.06296014475347,NA,NA,NA
County,19141,"O'Brien County, IA",Great Recession,1.0260245091579918,0.9483440597147756,0.07768044944321617,NA,NA,NA
County,19153,"Polk County, IA",Great Recession,0.994298946572494,0.9814780602879603,0.012820886284533706,NA,NA,NA
County,19189,"Winnebago County, IA",Great Recession,0.8886517253646389,0.9417669404908564,-0.05311521512621753,NA,NA,NA
County,20001,"Allen County, KS",Great Recession,0.8842643805309734,0.9264243073338727,-0.04215992680289926,NA,NA,NA
County,20013,"Brown County, KS",Great Recession,0.9521587998536408,0.9261613941405143,0.025997405713126476,NA,NA,NA
County,20015,"Butler County, KS",Great Recession,0.984388537688926,0.9762981641028005,0.008090373586125521,NA,NA,NA
County,20027,"Clay County, KS",Great Recession,0.8036612351639509,0.9482746788076757,-0.14461344364372475,NA,NA,NA
County,20039,"Decatur County, KS",Great Recession,0.825493612078978,0.9185781934288902,-0.09308458134991227,NA,NA,NA
County,20051,"Ellis County, KS",Great Recession,1.044389458621512,0.9509080562835882,0.09348140233792368,NA,NA,NA
County,20061,"Geary County, KS",Great Recession,0.967968628669048,0.9619781389836065,0.005990489685441469,NA,NA,NA
County,20067,"Grant County, KS",Great Recession,0.9817876517695686,0.9701722357415916,0.011615416027976999,NA,NA,NA
County,20083,"Hodgeman County, KS",Great Recession,1.052094522019334,1.0085653075874168,0.04352921443191726,NA,NA,NA
County,20089,"Jewell County, KS",Great Recession,0.684140500266099,0.9588116513094213,-0.2746711510433223,NA,NA,NA
County,20107,"Linn County, KS",Great Recession,0.8951737879123312,0.9594395457515211,-0.06426575783918997,NA,NA,NA
County,20117,"Marshall County, KS",Great Recession,0.9969298993689236,0.9525222998022447,0.044407599566678946,NA,NA,NA
County,20119,"Meade County, KS",Great Recession,0.964470284237726,0.9632738109566917,0.0011964732810342271,NA,NA,NA
County,20129,"Morton County, KS",Great Recession,0.7892441860465116,0.9532148951173811,-0.16397070907086952,NA,NA,NA
County,20131,"Nemaha County, KS",Great Recession,1.0293007370124034,0.9458829203568224,0.08341781665558101,NA,NA,NA
County,20133,"Neosho County, KS",Great Recession,0.72287126488429565,0.9305841522506376,-0.20771288736634197,NA,NA,NA
County,20141,"Osborne County, KS",Great Recession,0.8852873563218391,0.9259137784803361,-0.04062642215849699,NA,NA,NA
County,20145,"Pawnee County, KS",Great Recession,0.8352743271221532,0.9604883658705613,-0.12521403874840809,NA,NA,NA
County,20167,"Russell County, KS",Great Recession,1.054608494654724,0.9445275601103038,0.11008093454442025,NA,NA,NA
County,20187,"Stanton County, KS",Great Recession,0.895482728077945,0.948573833606414,-0.05309110552846896,NA,NA,NA
County,20191,"Sumner County, KS",Great Recession,0.9158407157266908,0.9323543109683977,-0.016513595241706924,NA,NA,NA
County,20205,"Wilson County, KS",Great Recession,0.7324464153732446,0.9566741415123611,-0.22422772613911646,NA,NA,NA
County,20209,"Wyandotte County, KS",Great Recession,1.0260249634882634,0.9727072649259604,0.05331769856230306,NA,NA,NA
County,21021,"Boyle County, KY",Great Recession,0.9922143156132271,0.9035428705669298,0.08867144504629731,NA,NA,NA
County,21033,"Caldwell County, KY",Great Recession,0.8191506282805789,0.9109517179160012,-0.09180108963542222,NA,NA,NA
County,21035,"Calloway County, KY",Great Recession,1.02450835646371,0.8964375812031529,0.1280707752605572,NA,NA,NA
County,21039,"Carlisle County, KY",Great Recession,1.0062154696132597,0.9321547768418554,0.07406069277140426,NA,NA,NA
County,21045,"Casey County, KY",Great Recession,0.9012789193849692,0.9363591654874742,-0.03508024610250504,NA,NA,NA
County,21061,"Edmonson County, KY",Great Recession,0.8995229576624926,0.9167750532112937,-0.01725209554880114,NA,NA,NA
County,21071,"Floyd County, KY",Great Recession,0.7393497757847534,0.8959118238410173,-0.15656204805626395,NA,NA,NA
County,21075,"Fulton County, KY",Great Recession,0.8053080201472298,0.8785450016490519,-0.07323698150182212,NA,NA,NA
County,21079,"Garrard County, KY",Great Recession,0.975406448057316,0.9198977850288019,0.055508663028514094,NA,NA,NA
County,21121,"Knox County, KY",Great Recession,0.7616905711618434,0.8421716791283257,-0.08048110796648233,NA,NA,NA
County,21125,"Laurel County, KY",Great Recession,0.886558287073751,0.8956762098761128,-0.0091179228023619,NA,NA,NA
County,21135,"Lewis County, KY",Great Recession,0.8116557313778464,0.9067126508993164,-0.09505691952147,NA,NA,NA
County,21143,"Lyon County, KY",Great Recession,0.921351966200845,0.8981914471540382,0.023160519046806827,NA,NA,NA
County,21151,"Madison County, KY",Great Recession,1.0137399134028735,0.915817755948755,0.09792215745411847,NA,NA,NA
County,21155,"Marion County, KY",Great Recession,0.8691147810031798,0.9127122880266737,-0.04359750702349385,NA,NA,NA
County,21181,"Nicholas County, KY",Great Recession,1.1402588317593565,0.8945205700712379,0.24573826168811863,NA,NA,NA
County,21191,"Pendleton County, KY",Great Recession,0.9113655640373196,0.9463352356385776,-0.03496967160125797,NA,NA,NA
County,21199,"Pulaski County, KY",Great Recession,0.9627066963762168,0.8843619961489247,0.07834470022729201,NA,NA,NA
County,21217,"Taylor County, KY",Great Recession,0.8323975078840089,0.9038612151908373,-0.07146370730682838,NA,NA,NA
County,21221,"Trigg County, KY",Great Recession,0.8711928934010152,0.9403488986413333,-0.06915600524031806,NA,NA,NA
County,21223,"Trimble County, KY",Great Recession,0.8781166787702736,0.9572788233648923,-0.07916214459461879,NA,NA,NA
County,21231,"Wayne County, KY",Great Recession,0.8140009903441446,0.8970838141543056,-0.08308282381016097,NA,NA,NA
County,22023,"Cameron Parish, LA",Great Recession,0.8614827201783724,0.9052929835764426,-0.04381026339807026,NA,NA,NA
County,22027,"Claiborne Parish, LA",Great Recession,0.77461295656095,0.8844087781737473,-0.10979582161279733,NA,NA,NA
County,22051,"Jefferson Parish, LA",Great Recession,0.9313223814517068,0.9701095053855634,-0.03878712393385664,NA,NA,NA
County,22053,"Jefferson Davis Parish, LA",Great Recession,0.8715554938571528,0.918605684397464,-0.04705019054031123,NA,NA,NA
County,22061,"Lincoln Parish, LA",Great Recession,1.050812343255915,0.8800910821358907,0.1707212611200244,NA,NA,NA
County,22065,"Madison Parish, LA",Great Recession,0.8050827966881324,0.8739125517136923,-0.06882975502555988,NA,NA,NA
County,22069,"Natchitoches Parish, LA",Great Recession,0.8905643994211287,0.9117005822809486,-0.021136182859819885,NA,NA,NA
County,22099,"St. Martin Parish, LA",Great Recession,0.9870724887072488,0.9668446955463322,0.020227793160916607,NA,NA,NA
County,22127,"Winn Parish, LA",Great Recession,0.7932575142160845,0.8519103082173413,-0.05865279400125678,NA,NA,NA
County,23005,"Cumberland County, ME",Great Recession,0.9928305076970464,0.9687268639145723,0.024103643782474093,NA,NA,NA
County,24009,"Calvert County, MD",Great Recession,0.9406631216765716,0.9531114541166409,-0.012448332440069265,NA,NA,NA
County,24011,"Caroline County, MD",Great Recession,1.0182500157599446,0.9743970898636753,0.04385292589626921,NA,NA,NA
County,24027,"Howard County, MD",Great Recession,1.0196936267576862,0.9620488636134394,0.05764476314424671,NA,NA,NA
County,24037,"St. Mary's County, MD",Great Recession,1.0041974873781847,0.9661067044946497,0.03809078288353496,NA,NA,NA
County,24039,"Somerset County, MD",Great Recession,0.8317878338278932,0.8970329080597648,-0.06524507423187154,NA,NA,NA
County,24041,"Talbot County, MD",Great Recession,0.96380911711327,0.9370297010206173,0.026779416092652664,NA,NA,NA
County,24043,"Washington County, MD",Great Recession,1.068693165483954,0.9729460247911709,0.09574714069278312,NA,NA,NA
County,24045,"Wicomico County, MD",Great Recession,0.9032825207244726,0.9788221506202562,-0.07553962989578367,NA,NA,NA
County,24047,"Worcester County, MD",Great Recession,0.8497561701969252,0.9370865242579703,-0.08733035406104517,NA,NA,NA
County,25005,"Bristol County, MA",Great Recession,0.9645054642299568,0.9647631872729335,-2.577230429767763e-4,NA,NA,NA
County,25021,"Norfolk County, MA",Great Recession,0.9961148807563855,0.9691771331450665,0.026937747611319063,NA,NA,NA
County,25023,"Plymouth County, MA",Great Recession,0.9928573166873524,0.9664778542021284,0.026379462485224048,NA,NA,NA
County,25025,"Suffolk County, MA",Great Recession,1.0688619093122198,0.9684123332236966,0.10044957608852323,NA,NA,NA
County,26001,"Alcona County, MI",Great Recession,0.823403720462544,0.9325723382751046,-0.1091686178125606,NA,NA,NA
County,26009,"Antrim County, MI",Great Recession,0.8043241773184662,0.9110195260030948,-0.1066953486846286,NA,NA,NA
County,26017,"Bay County, MI",Great Recession,0.9362530178657652,0.9284469047379923,0.007806113127772907,NA,NA,NA
County,26039,"Crawford County, MI",Great Recession,0.77493626513703,0.8959533567472765,-0.12101709161024654,NA,NA,NA
County,26041,"Delta County, MI",Great Recession,0.8319312266680687,0.942121071070948,-0.11018984440287927,NA,NA,NA
County,26043,"Dickinson County, MI",Great Recession,0.8655326636850209,0.9367132234934545,-0.07118055980843363,NA,NA,NA
County,26045,"Eaton County, MI",Great Recession,0.9330927411430512,0.9469411576453818,-0.013848416502330596,NA,NA,NA
County,26063,"Huron County, MI",Great Recession,0.9428778246364952,0.9119905645628303,0.030887260073664824,NA,NA,NA
County,26069,"Iosco County, MI",Great Recession,0.8925224425372398,0.8835565685678797,0.008965873969360105,NA,NA,NA
County,26145,"Saginaw County, MI",Great Recession,0.8879637760702525,0.9258140155350321,-0.03785023946477961,NA,NA,NA
County,26151,"Sanilac County, MI",Great Recession,0.8417927089393058,0.9218285559588398,-0.08003584701953403,NA,NA,NA
County,26153,"Schoolcraft County, MI",Great Recession,0.8600715465052284,0.8976144180422418,-0.03754287153701341,NA,NA,NA
County,27003,"Anoka County, MN",Great Recession,0.9727213605709852,0.985918418009403,-0.013197057438417814,NA,NA,NA
County,27019,"Carver County, MN",Great Recession,1.0383876357560569,0.9961949690066939,0.04219266674936295,NA,NA,NA
County,27029,"Clearwater County, MN",Great Recession,1.1197143657238868,0.9629817815425159,0.15673258418137093,NA,NA,NA
County,27041,"Douglas County, MN",Great Recession,0.9821160126483852,0.9497396977542921,0.032376314894093094,NA,NA,NA
County,27047,"Freeborn County, MN",Great Recession,1.0169937155316149,0.9378951225774003,0.07909859295421462,NA,NA,NA
County,27053,"Hennepin County, MN",Great Recession,0.992365402362422,0.9873404107558202,0.0050249916066017475,NA,NA,NA
County,27057,"Hubbard County, MN",Great Recession,0.9629957899401728,0.9247136555424817,0.038282134397691014,NA,NA,NA
County,27067,"Kandiyohi County, MN",Great Recession,0.9996424261386492,0.9431472568013832,0.05649516933726595,NA,NA,NA
County,27079,"Le Sueur County, MN",Great Recession,1.0838057586155452,0.9750547280566405,0.10875103055890467,NA,NA,NA
County,27113,"Pennington County, MN",Great Recession,1.0013623978201636,0.9224161685107213,0.07894622930944228,NA,NA,NA
County,27133,"Rock County, MN",Great Recession,1.0889970990468296,0.9767041290808945,0.11229296996593507,NA,NA,NA
County,27137,"St. Louis County, MN",Great Recession,0.9933139177160673,0.9433231456437648,0.0499907720723024,NA,NA,NA
County,27163,"Washington County, MN",Great Recession,1.0275797022497948,0.9798152540962013,0.047764448153593486,NA,NA,NA
County,28003,"Alcorn County, MS",Great Recession,1.0230747748376736,0.9225569613100538,0.10051781352761979,NA,NA,NA
County,28009,"Benton County, MS",Great Recession,1.1157875046763936,0.8927115677369414,0.22307593693945227,NA,NA,NA
County,28015,"Carroll County, MS",Great Recession,0.7236503856041131,0.8700147708987966,-0.14636438529468354,NA,NA,NA
County,28017,"Chickasaw County, MS",Great Recession,1.05,0.9068942504760764,0.14310574952392363,NA,NA,NA
County,28019,"Choctaw County, MS",Great Recession,1.0692930551230146,0.8550541000077145,0.2142389551153001,NA,NA,NA
County,28033,"DeSoto County, MS",Great Recession,1.0479318897901724,1.0218191443631792,0.026112745426993156,NA,NA,NA
County,28041,"Greene County, MS",Great Recession,0.7290980908492429,0.8745775325243016,-0.14547944167505866,NA,NA,NA
County,28051,"Holmes County, MS",Great Recession,0.8481308411214953,0.9644990181310437,-0.11636817700954838,NA,NA,NA
County,28053,"Humphreys County, MS",Great Recession,0.6144046417759839,0.9408805793038252,-0.3264759375278413,NA,NA,NA
County,28055,"Issaquena County, MS",Great Recession,0.5030395136778115,0.86416220022667245,-0.3611226865488609,NA,NA,NA
County,28079,"Leake County, MS",Great Recession,0.9767975522692504,0.9353554308469645,0.04144212142228587,NA,NA,NA
County,28083,"Leflore County, MS",Great Recession,0.7559851945188218,0.877878567880034,-0.1218933733612122,NA,NA,NA
County,28089,"Madison County, MS",Great Recession,1.0923401232729189,1.019363291453009,0.07297683181990977,NA,NA,NA
County,28093,"Marshall County, MS",Great Recession,0.9802571488793648,0.9584665917085792,0.021790557170785596,NA,NA,NA
County,28107,"Panola County, MS",Great Recession,0.8533981992448446,0.9334019150463303,-0.08000371580148569,NA,NA,NA
County,28111,"Perry County, MS",Great Recession,0.8257226644323419,0.9338034619247367,-0.10808079749239485,NA,NA,NA
County,28119,"Quitman County, MS",Great Recession,0.6410256410256411,0.8229771480662728,-0.18195150704063168,NA,NA,NA
County,28127,"Simpson County, MS",Great Recession,0.9290838100426768,0.9148483517558136,0.014235458286863234,NA,NA,NA
County,28143,"Tunica County, MS",Great Recession,1.0864503344067378,0.9303043346662112,0.15614599974052656,NA,NA,NA
County,28145,"Union County, MS",Great Recession,1.1130415162454874,0.9426120001972864,0.170429516048201,NA,NA,NA
County,29003,"Andrew County, MO",Great Recession,0.9441343616805358,0.9771383253300835,-0.03300396364954772,NA,NA,NA
County,29019,"Boone County, MO",Great Recession,1.0574254502509597,0.9654219822585599,0.09200346799239978,NA,NA,NA
County,29023,"Butler County, MO",Great Recession,0.8240651270654169,0.8909504475391995,-0.0668853204737826,NA,NA,NA
County,29027,"Callaway County, MO",Great Recession,0.9274706178259478,0.954580930401907,-0.027110312575959195,NA,NA,NA
County,29035,"Carter County, MO",Great Recession,0.8274193548387097,0.9055271641542524,-0.07810780931554273,NA,NA,NA
County,29083,"Henry County, MO",Great Recession,0.894015444015444,0.915240637872724,-0.021225193857280056,NA,NA,NA
County,29091,"Howell County, MO",Great Recession,0.784354628422425,0.9168220811180318,-0.13246745269560678,NA,NA,NA
County,29103,"Knox County, MO",Great Recession,0.8223249669749009,0.9365564038997896,-0.11423143692488869,NA,NA,NA
County,29109,"Lawrence County, MO",Great Recession,0.8729545576479425,0.9948948129740266,-0.1219402553260841,NA,NA,NA
County,29119,"McDonald County, MO",Great Recession,0.8344535614525139,0.9187837615988027,-0.08433020014628878,NA,NA,NA
County,29127,"Marion County, MO",Great Recession,0.9790446951306584,0.9322612303547337,0.046783464775924655,NA,NA,NA
County,29157,"Perry County, MO",Great Recession,0.932958690722666,0.9521273598072866,-0.01916866908462056,NA,NA,NA
County,29181,"Ripley County, MO",Great Recession,0.7807765151515151,0.9300339485541582,-0.14925743340264308,NA,NA,NA
County,29183,"St. Charles County, MO",Great Recession,1.0295369777342425,0.9885527800900472,0.04098419764419525,NA,NA,NA
County,29187,"St. Francois County, MO",Great Recession,0.861889101067968,0.9378249580576427,-0.07593585698967464,NA,NA,NA
County,29195,"Saline County, MO",Great Recession,0.8985228563936719,0.9019077183057033,-0.003384861912031356,NA,NA,NA
County,29203,"Shannon County, MO",Great Recession,0.8699233172394206,0.8980201167241941,-0.028096799484773505,NA,NA,NA
County,29209,"Stone County, MO",Great Recession,0.7841240994353216,0.9283856591222422,-0.14426155968692067,NA,NA,NA
County,29211,"Sullivan County, MO",Great Recession,0.8086826347305389,1.0326103868833072,-0.22392775215276828,NA,NA,NA
County,29225,"Webster County, MO",Great Recession,0.8989117808889161,0.955213673358997,-0.05630189247008088,NA,NA,NA
County,29227,"Worth County, MO",Great Recession,1.0437109723461195,0.9005723204805292,0.14313865186559038,NA,NA,NA
County,29229,"Wright County, MO",Great Recession,0.8853311088295688,0.945698985760547,-0.060367876930978226,NA,NA,NA
County,29510,"St. Louis city, MO",Great Recession,0.9909318599868322,1.0068376892351965,-0.015905829248364256,NA,NA,NA
County,30005,"Blaine County, MT",Great Recession,0.7991379310344827,1.0180795739025037,-0.21894164286802098,NA,NA,NA
County,30023,"Deer Lodge County, MT",Great Recession,1.2942895086321382,0.8362236422203483,0.4580658664117899,NA,NA,NA
County,30027,"Fergus County, MT",Great Recession,0.9577391304347826,0.9399976537444716,0.01774147669031101,NA,NA,NA
County,30029,"Flathead County, MT",Great Recession,0.9021363105400304,0.9679006521364375,-0.0657643415964071,NA,NA,NA
County,30061,"Mineral County, MT",Great Recession,0.838421052631579,0.8960512393689781,-0.05763018673739917,NA,NA,NA
County,30073,"Pondera County, MT",Great Recession,1.0514511873350922,0.9286806251065665,0.12277056222852578,NA,NA,NA
County,30089,"Sanders County, MT",Great Recession,0.954422990570274,0.908843763741163,0.045579226829110975,NA,NA,NA
County,30109,"Wibaux County, MT",Great Recession,1.0355086372360844,1.0147653780268486,0.02074325920923581,NA,NA,NA
County,31013,"Box Butte County, NE",Great Recession,1.0492790655229056,0.9537641948131784,0.0955148707097272,NA,NA,NA
County,31033,"Cheyenne County, NE",Great Recession,1.0823643410852712,0.9499076896445082,0.13245665144076302,NA,NA,NA
County,31045,"Dawes County, NE",Great Recession,1.1133474576271187,0.8888138101371003,0.22453364749001847,NA,NA,NA
County,31063,"Frontier County, NE",Great Recession,0.8919151376146789,0.9412983621925435,-0.04938322457786459,NA,NA,NA
County,31065,"Furnas County, NE",Great Recession,1.060747663551402,0.9026437755057541,0.1581038880456478,NA,NA,NA
County,31071,"Garfield County, NE",Great Recession,1.1387814313346227,0.9399398250238898,0.1988416063107329,NA,NA,NA
County,31077,"Greeley County, NE",Great Recession,0.9927425515660808,0.9248358591472919,0.06790669241878888,NA,NA,NA
County,31085,"Hayes County, NE",Great Recession,1.1301652892561984,0.9713805498894764,0.158784739366722,NA,NA,NA
County,31087,"Hitchcock County, NE",Great Recession,0.8964681440443213,0.9509857677344753,-0.054517623690154005,NA,NA,NA
County,31105,"Kimball County, NE",Great Recession,1.0762241292276629,0.9387701458025125,0.13745398342515036,NA,NA,NA
County,31117,"McPherson County, NE",Great Recession,1.159016393442623,1.1926704850046006,-0.03365409156197763,NA,NA,NA
County,31119,"Madison County, NE",Great Recession,0.9954329362747716,0.9307602750042586,0.06467266127051297,NA,NA,NA
County,31133,"Pawnee County, NE",Great Recession,1.0053627760252366,0.9494355147892132,0.05592726123602343,NA,NA,NA
County,31135,"Perkins County, NE",Great Recession,1.074332524271845,0.9346063289751552,0.13972619529668973,NA,NA,NA
County,31161,"Sheridan County, NE",Great Recession,0.8491189427312775,0.9437625812856111,-0.09464363855433355,NA,NA,NA
County,31175,"Valley County, NE",Great Recession,0.8211606790367153,0.9153104173128197,-0.0941497382761044,NA,NA,NA
County,31185,"York County, NE",Great Recession,0.8713019523296203,0.950576681619463,-0.0792747292898427,NA,NA,NA
County,32003,"Clark County, NV",Great Recession,0.9417843739881416,1.002046862800429,-0.06026248881228746,NA,NA,NA
County,32019,"Lyon County, NV",Great Recession,0.9092557296267026,0.9839032050115689,-0.07464747538486627,NA,NA,NA
County,32027,"Pershing County, NV",Great Recession,0.9592713876381498,1.010512943646354,-0.051241556008204237,NA,NA,NA
County,33001,"Belknap County, NH",Great Recession,0.9687669831527124,0.9512213072517808,0.01754567590093159,NA,NA,NA
County,33005,"Cheshire County, NH",Great Recession,0.98848579670464,0.9506954495298391,0.0377903471748009,NA,NA,NA
County,33013,"Merrimack County, NH",Great Recession,0.991930505902626,0.9573991365263732,0.034531369376252785,NA,NA,NA
County,34017,"Hudson County, NJ",Great Recession,1.19085122217325,0.9675460458526353,0.22330517632061464,NA,NA,NA
County,34033,"Salem County, NJ",Great Recession,0.9544531718032352,0.9592850137707086,-0.004831841967473438,NA,NA,NA
County,35007,"Colfax County, NM",Great Recession,0.9099290780141844,0.909858640864888,7.043714929644285e-5,NA,NA,NA
County,35025,"Lea County, NM",Great Recession,0.973103375675486,0.9810159727883945,-0.007912597112908482,NA,NA,NA
County,35035,"Otero County, NM",Great Recession,0.9466637313373094,0.9358865164967894,0.010777214840519966,NA,NA,NA
County,35043,"Sandoval County, NM",Great Recession,1.0595204406965115,1.0264098008464855,0.03311063985002605,NA,NA,NA
County,36019,"Clinton County, NY",Great Recession,0.9012412375480948,0.9450684591230186,-0.0438272215749238,NA,NA,NA
County,36049,"Lewis County, NY",Great Recession,0.8953978285529087,0.9418716045332786,-0.046473775980369836,NA,NA,NA
County,36071,"Orange County, NY",Great Recession,0.9705623111760578,0.97468584391335,-0.004123532737292157,NA,NA,NA
County,36075,"Oswego County, NY",Great Recession,0.8953079075661311,0.9432250376358698,-0.047917130069738745,NA,NA,NA
County,36085,"Richmond County, NY",Great Recession,0.8737381819439999,0.9846189351452497,-0.1108807532012498,NA,NA,NA
County,36089,"St. Lawrence County, NY",Great Recession,0.907218697259074,0.9315829746239834,-0.024364277364909426,NA,NA,NA
County,36099,"Seneca County, NY",Great Recession,0.8949242561409861,0.9287355951630161,-0.03381133902202993,NA,NA,NA
County,36113,"Warren County, NY",Great Recession,0.8891341110378629,0.9323938106369674,-0.04325969959910447,NA,NA,NA
County,36115,"Washington County, NY",Great Recession,0.8817565426779038,0.9329734817999801,-0.051216939122076255,NA,NA,NA
County,36117,"Wayne County, NY",Great Recession,0.9103722715900268,0.9521918592877977,-0.041819587697770944,NA,NA,NA
County,37005,"Alleghany County, NC",Great Recession,0.8997894736842105,0.8984810064473681,0.0013084672368424144,NA,NA,NA
County,37009,"Ashe County, NC",Great Recession,0.9407386770675794,0.9263020714958746,0.014436605571704786,NA,NA,NA
County,37025,"Cabarrus County, NC",Great Recession,1.006029644729894,1.027215169079368,-0.021185524349474072,NA,NA,NA
County,37039,"Cherokee County, NC",Great Recession,1.0128472222222222,0.9074119462554252,0.10543527596679703,NA,NA,NA
County,37045,"Cleveland County, NC",Great Recession,0.881188224267212,0.926271191111327,-0.04508296684411506,NA,NA,NA
County,37047,"Columbus County, NC",Great Recession,0.8923037300940035,0.8830576901511261,0.009246039942877426,NA,NA,NA
County,37051,"Cumberland County, NC",Great Recession,0.9350612585124954,0.9675400310994218,-0.03247877258692633,NA,NA,NA
County,37061,"Duplin County, NC",Great Recession,1.0191578229552911,0.9304499092743126,0.08870791368097852,NA,NA,NA
County,37069,"Franklin County, NC",Great Recession,0.9847688877130656,0.9286924818173476,0.05607640589571794,NA,NA,NA
County,37071,"Gaston County, NC",Great Recession,0.956747552604328,0.9788138558388659,-0.022066303234537954,NA,NA,NA
County,37077,"Granville County, NC",Great Recession,1.0664277724843614,0.926484043924971,0.1399437285593904,NA,NA,NA
County,37085,"Harnett County, NC",Great Recession,0.9546577390626017,0.973084760655536,-0.0184270215929343,NA,NA,NA
County,37091,"Hertford County, NC",Great Recession,0.8987068965517241,0.8545667968461641,0.04414009970555999,NA,NA,NA
County,37097,"Iredell County, NC",Great Recession,0.9345800456810632,0.9993708700687108,-0.0647908243876476,NA,NA,NA
County,37099,"Jackson County, NC",Great Recession,0.7923351158645277,0.9363317911101623,-0.14399667524563464,NA,NA,NA
County,37105,"Lee County, NC",Great Recession,0.9493189737092176,0.9586400092815768,-0.009321035572359193,NA,NA,NA
County,37113,"Macon County, NC",Great Recession,0.8586471754212092,0.9147109053812507,-0.0560637299600415,NA,NA,NA
County,37117,"Martin County, NC",Great Recession,0.8032132001736865,0.8801724952110508,-0.07695929503736432,NA,NA,NA
County,37119,"Mecklenburg County, NC",Great Recession,1.0588246490495394,1.0106991253863462,0.048125523663193226,NA,NA,NA
County,37125,"Moore County, NC",Great Recession,0.962098841096501,0.9660582356022646,-0.003959394505763547,NA,NA,NA
County,37141,"Pender County, NC",Great Recession,0.9659383585164836,0.9431313166235383,0.022807041892945246,NA,NA,NA
County,37151,"Randolph County, NC",Great Recession,0.8399478799066181,0.9105370928257824,-0.07058921291916431,NA,NA,NA
County,37159,"Rowan County, NC",Great Recession,0.8459275849197462,0.94072003158189,-0.09479244666214381,NA,NA,NA
County,37165,"Scotland County, NC",Great Recession,0.7692844036697247,0.8984465216894145,-0.1291621180196898,NA,NA,NA
County,37167,"Stanly County, NC",Great Recession,0.8865176151761518,0.9271924826045441,-0.040674867428392325,NA,NA,NA
County,37195,"Wilson County, NC",Great Recession,0.8729147238628121,0.949387535677686,-0.07647281181487386,NA,NA,NA
County,37199,"Yancey County, NC",Great Recession,0.9209876543209876,0.9163328804849035,0.004654773836084147,NA,NA,NA
County,38009,"Bottineau County, ND",Great Recession,0.8891383665450463,0.9846566372260636,-0.09551827068101726,NA,NA,NA
County,38017,"Cass County, ND",Great Recession,0.9838084365675016,0.976370479566923,0.007437957000578588,NA,NA,NA
County,38023,"Divide County, ND",Great Recession,1.7630180658873538,1.0045272181346647,0.758490847752689,NA,NA,NA
County,38027,"Eddy County, ND",Great Recession,0.9390148553557468,0.949898404185942,-0.010883548830195156,NA,NA,NA
County,38037,"Grant County, ND",Great Recession,1.1180555555555556,0.8991241394603293,0.21893141609522626,NA,NA,NA
County,38049,"McHenry County, ND",Great Recession,1.1651325478645067,0.9402063928424839,0.22492615502202284,NA,NA,NA
County,38059,"Morton County, ND",Great Recession,1.0204309063893016,0.9777972058224298,0.04263370056687177,NA,NA,NA
County,38073,"Ransom County, ND",Great Recession,0.9006081946222791,0.9196574121908551,-0.019049217568575916,NA,NA,NA
County,38077,"Richland County, ND",Great Recession,0.9616901408450704,0.9073427052655252,0.054347435579545245,NA,NA,NA
County,38089,"Stark County, ND",Great Recession,1.2929406002938502,0.9482998782030937,0.34464072209075647,NA,NA,NA
County,38093,"Stutsman County, ND",Great Recession,0.8684879288437103,0.9474364548328229,-0.07894852598911262,NA,NA,NA
County,38095,"Towner County, ND",Great Recession,1.0904392764857882,1.023769997849888,0.06666927863590022,NA,NA,NA
County,38103,"Wells County, ND",Great Recession,1.019644527595884,0.9420467618369688,0.0775977657589153,NA,NA,NA
County,38105,"Williams County, ND",Great Recession,1.882287147505423,0.9334897104746656,0.9487974370307575,NA,NA,NA
County,39031,"Coshocton County, OH",Great Recession,0.8977977856186884,0.9216112783566077,-0.02381349273791933,NA,NA,NA
County,39033,"Crawford County, OH",Great Recession,0.8777013983709214,0.9113165285031067,-0.03361513013218531,NA,NA,NA
County,39035,"Cuyahoga County, OH",Great Recession,0.9576527099381952,0.948746815109101,0.008905894829094207,NA,NA,NA
County,39037,"Darke County, OH",Great Recession,0.9152554989020804,0.9343037791093252,-0.019048280207244805,NA,NA,NA
County,39041,"Delaware County, OH",Great Recession,1.0175869166911715,1.028713101351478,-0.01112618466030657,NA,NA,NA
County,39043,"Erie County, OH",Great Recession,0.8747473502588119,0.9402637701212441,-0.06551641986243217,NA,NA,NA
County,39073,"Hocking County, OH",Great Recession,0.9213139231056364,0.9248301742128183,-0.0035162511071819003,NA,NA,NA
County,39077,"Huron County, OH",Great Recession,0.9348734991423672,0.9266131305509839,0.008260368591383238,NA,NA,NA
County,39079,"Jackson County, OH",Great Recession,0.8590010755579457,0.874318810148344,-0.015317734590398313,NA,NA,NA
County,39083,"Knox County, OH",Great Recession,0.9421200148583392,0.9340013419997953,0.00811867285854384,NA,NA,NA
County,39109,"Miami County, OH",Great Recession,0.9514153176181008,0.9528245536651373,-0.0014092360470364662,NA,NA,NA
County,39119,"Muskingum County, OH",Great Recession,1.0026930227471569,0.9096371628790095,0.09305585986814735,NA,NA,NA
County,39123,"Ottawa County, OH",Great Recession,0.9726184660478748,0.9360390833674866,0.036579382680388184,NA,NA,NA
County,39133,"Portage County, OH",Great Recession,0.9341319753002028,0.9594361125861632,-0.025304137285960482,NA,NA,NA
County,39149,"Shelby County, OH",Great Recession,0.8203004481010798,0.9312128204881598,-0.11091237238707996,NA,NA,NA
County,39155,"Trumbull County, OH",Great Recession,0.8685517901856525,0.9283999227707797,-0.05984813258512711,NA,NA,NA
County,39171,"Williams County, OH",Great Recession,0.9358420069388844,0.9324131951338042,0.0034288118050802563,NA,NA,NA
County,40001,"Adair County, OK",Great Recession,0.7107730577879832,0.9080561009237679,-0.1972830431357847,NA,NA,NA
County,40005,"Atoka County, OK",Great Recession,0.8217167381974249,0.9048911771446362,-0.08317443894721133,NA,NA,NA
County,40013,"Bryan County, OK",Great Recession,0.8358587113120374,0.9200632482983345,-0.08420453698629715,NA,NA,NA
County,40031,"Comanche County, OK",Great Recession,1.06950858628884,0.9891375285128354,0.08037105777600462,NA,NA,NA
County,40033,"Cotton County, OK",Great Recession,0.6988694758478932,0.9174192087294255,-0.21854973288153234,NA,NA,NA
County,40039,"Custer County, OK",Great Recession,1.0496277915632757,0.9601664110190841,0.08946138054419162,NA,NA,NA
County,40051,"Grady County, OK",Great Recession,1.064515416556233,0.9405870761610399,0.12392834039519307,NA,NA,NA
County,40061,"Haskell County, OK",Great Recession,0.7609970674486803,0.8791476166058695,-0.11815054915718914,NA,NA,NA
County,40085,"Love County, OK",Great Recession,0.9487523992322456,0.9224957669887475,0.026256632243498168,NA,NA,NA
County,40091,"McIntosh County, OK",Great Recession,0.7876331074540174,0.889665950646429,-0.10203284319241157,NA,NA,NA
County,40099,"Murray County, OK",Great Recession,0.7442151717557252,0.9220422290994358,-0.17782705734371063,NA,NA,NA
County,40105,"Nowata County, OK",Great Recession,0.9306727010903106,0.9023111054989429,0.02836159559136775,NA,NA,NA
County,40111,"Okmulgee County, OK",Great Recession,0.9578737162419172,0.931870152296226,0.026003563945691144,NA,NA,NA
County,40121,"Pittsburg County, OK",Great Recession,0.72676412586813,0.9253780006301625,-0.19861387476203252,NA,NA,NA
County,40135,"Sequoyah County, OK",Great Recession,0.8973020762035135,0.937398152953494,-0.0400960767499805,NA,NA,NA
County,40139,"Texas County, OK",Great Recession,0.8882917666701451,0.9776748869230247,-0.08938312025287964,NA,NA,NA
County,40149,"Washita County, OK",Great Recession,0.8890637945318972,0.9624707774487393,-0.07340698291684211,NA,NA,NA
County,40151,"Woods County, OK",Great Recession,1.1577157598499062,0.9450623745300937,0.21265338531981248,NA,NA,NA
County,41017,"Deschutes County, OR",Great Recession,0.913793774824122,1.0003719505536235,-0.08657817572950144,NA,NA,NA
County,41033,"Josephine County, OR",Great Recession,0.9442484121383204,0.9609936287851117,-0.016745216646791294,NA,NA,NA
County,41039,"Lane County, OR",Great Recession,0.97599310667134,0.943145881873009,0.03284722479833102,NA,NA,NA
County,41049,"Morrow County, OR",Great Recession,1.0134846720993402,0.9513754929907474,0.062109179108592816,NA,NA,NA
County,41063,"Wallowa County, OR",Great Recession,0.8917965304322258,0.9896689104129599,-0.09787237998073406,NA,NA,NA
County,41065,"Wasco County, OR",Great Recession,1.018154190658989,0.9381162800343256,0.08003791062466348,NA,NA,NA
County,42005,"Armstrong County, PA",Great Recession,0.9848110488137096,0.9183095314364844,0.0665015173772252,NA,NA,NA
County,42009,"Bedford County, PA",Great Recession,0.9979695209816164,0.9226211966364022,0.07534832434521421,NA,NA,NA
County,42011,"Berks County, PA",Great Recession,0.9930192994341074,0.9766679123845355,0.01635138704957184,NA,NA,NA
County,42013,"Blair County, PA",Great Recession,0.916918115490844,0.9455525918017214,-0.028634476310877344,NA,NA,NA
County,42017,"Bucks County, PA",Great Recession,0.9332698793684951,0.9658177811844518,-0.03254790181595668,NA,NA,NA
County,42031,"Clarion County, PA",Great Recession,0.8763239243906147,0.9201895767159722,-0.04386565232535755,NA,NA,NA
County,42033,"Clearfield County, PA",Great Recession,0.8897752087347464,0.9051371464896648,-0.015361937754918453,NA,NA,NA
County,42035,"Clinton County, PA",Great Recession,0.9653179190751444,0.917955629206823,0.04736228986832136,NA,NA,NA
County,42041,"Cumberland County, PA",Great Recession,0.98063671216578,0.9652477000105012,0.01538901215527877,NA,NA,NA
County,42057,"Fulton County, PA",Great Recession,0.8525406632202749,0.9480165043490705,-0.09547584112879559,NA,NA,NA
County,42081,"Lycoming County, PA",Great Recession,1.003903255035896,0.9232548413674786,0.08064841366841735,NA,NA,NA
County,42083,"McKean County, PA",Great Recession,0.8890016920473773,0.9257963667034417,-0.03679467465606434,NA,NA,NA
County,42085,"Mercer County, PA",Great Recession,0.9512341218528942,0.9252745601135216,0.02595956173937264,NA,NA,NA
County,42095,"Northampton County, PA",Great Recession,0.9861956573838854,0.9645996490437665,0.021596008340118877,NA,NA,NA
County,42097,"Northumberland County, PA",Great Recession,0.910410199556541,0.9181701934573657,-0.007759993900824713,NA,NA,NA
County,42113,"Sullivan County, PA",Great Recession,0.989209885137487,0.9013764710357699,0.08783341410171708,NA,NA,NA
County,42115,"Susquehanna County, PA",Great Recession,0.9984191616766468,0.9333170684011528,0.06510209327549399,NA,NA,NA
County,42123,"Warren County, PA",Great Recession,0.9235599826764832,0.9213783264505873,0.002181656225895945,NA,NA,NA
County,44001,"Bristol County, RI",Great Recession,0.9064835609881816,0.9407688561352534,-0.03428529514707179,NA,NA,NA
County,44009,"Washington County, RI",Great Recession,0.9210295511451244,0.9366712187111291,-0.015641667566004713,NA,NA,NA
County,45013,"Beaufort County, SC",Great Recession,0.9678941034897712,0.985212409295463,-0.017318305805691825,NA,NA,NA
County,45021,"Cherokee County, SC",Great Recession,0.8715582954971467,0.8952069420781703,-0.023648646581023613,NA,NA,NA
County,45029,"Colleton County, SC",Great Recession,0.927133655394525,0.9406389447145659,-0.013505289320040914,NA,NA,NA
County,45031,"Darlington County, SC",Great Recession,0.9269714636391532,0.9191052441225687,0.007866219516584505,NA,NA,NA
County,45039,"Fairfield County, SC",Great Recession,0.8922482810586795,0.9087001784033041,-0.0164518973446246,NA,NA,NA
County,45047,"Greenwood County, SC",Great Recession,0.959292569971139,0.9430629245684592,0.016229645402679793,NA,NA,NA
County,45051,"Horry County, SC",Great Recession,0.9499817726494644,0.9886722278701476,-0.03869045522068326,NA,NA,NA
County,45067,"Marion County, SC",Great Recession,0.9548775425487754,0.8788922951586796,0.07598524739009582,NA,NA,NA
County,45083,"Spartanburg County, SC",Great Recession,0.9544025887562512,0.9746620293287465,-0.02025944057249529,NA,NA,NA
County,45085,"Sumter County, SC",Great Recession,0.9271510914604504,0.941876797774636,-0.014725706314185572,NA,NA,NA
County,46009,"Bon Homme County, SD",Great Recession,0.9857889578569096,0.9478638651201955,0.03792509273671407,NA,NA,NA
County,46011,"Brookings County, SD",Great Recession,0.9068146892056594,0.938349207052693,-0.03153451784703354,NA,NA,NA
County,46045,"Edmunds County, SD",Great Recession,1.1347020530796197,0.9685575460075446,0.16614450707207506,NA,NA,NA
County,46047,"Fall River County, SD",Great Recession,0.8282800441014333,0.9708048576681797,-0.1425248135667464,NA,NA,NA
County,46053,"Gregory County, SD",Great Recession,0.8589403973509934,0.9140375841599221,-0.05509718680892872,NA,NA,NA
County,46075,"Jones County, SD",Great Recession,0.6974789915966386,0.9330955146004906,-0.23561652300385194,NA,NA,NA
County,46081,"Lawrence County, SD",Great Recession,0.9552959501557632,0.9377347792489428,0.01756117090682041,NA,NA,NA
County,46089,"McPherson County, SD",Great Recession,0.9960456942003516,0.9216532020127093,0.07439249218764232,NA,NA,NA
County,46101,"Moody County, SD",Great Recession,0.988677303139475,0.9710435848886304,0.017633718250844588,NA,NA,NA
County,46123,"Tripp County, SD",Great Recession,1.0804794520547945,0.9003746389959573,0.1801048130588372,NA,NA,NA
County,46129,"Walworth County, SD",Great Recession,0.8440508278783211,0.8751211252088752,-0.03107029733055411,NA,NA,NA
County,47011,"Bradley County, TN",Great Recession,0.9953742000087074,0.9363412146799167,0.059032985328790644,NA,NA,NA
County,47021,"Cheatham County, TN",Great Recession,0.934827087179999,0.9624769684308966,-0.027649881250897623,NA,NA,NA
County,47023,"Chester County, TN",Great Recession,1.0348961821835232,0.9088659930446992,0.12603018913882402,NA,NA,NA
County,47047,"Fayette County, TN",Great Recession,0.9987585717663752,1.0231570063827848,-0.02439843461640967,NA,NA,NA
County,47049,"Fentress County, TN",Great Recession,0.9190645029319514,0.8890433668632761,0.03002113606867529,NA,NA,NA
County,47061,"Grundy County, TN",Great Recession,0.8276015680684248,0.8999755184751812,-0.07237395040675643,NA,NA,NA
County,47085,"Humphreys County, TN",Great Recession,0.90936993282372,0.9266983686424006,-0.0173284358186806,NA,NA,NA
County,47103,"Lincoln County, TN",Great Recession,0.8715669956009987,0.9328347577651152,-0.061267762164116446,NA,NA,NA
County,47111,"Macon County, TN",Great Recession,0.9130413434154964,0.9443558126116128,-0.03131446919611647,NA,NA,NA
County,47121,"Meigs County, TN",Great Recession,0.987608695652174,0.9050515177531415,0.0825571778990325,NA,NA,NA
County,47127,"Moore County, TN",Great Recession,1.0329616267628732,0.9276225281357761,0.10533909862709712,NA,NA,NA
County,47135,"Perry County, TN",Great Recession,0.8907317073170732,0.8877022331890417,0.0030294741280314508,NA,NA,NA
County,47143,"Rhea County, TN",Great Recession,0.9770723104056436,0.9434181800563598,0.03365413034928377,NA,NA,NA
County,47147,"Robertson County, TN",Great Recession,0.989290008226286,1.0193048408394008,-0.030014832613114772,NA,NA,NA
County,47159,"Smith County, TN",Great Recession,0.9053298333713764,0.9396905099640395,-0.034360676592663064,NA,NA,NA
County,47171,"Unicoi County, TN",Great Recession,0.8698578437539313,0.9095078661825937,-0.039650022428662446,NA,NA,NA
County,47183,"Weakley County, TN",Great Recession,1.0195696721311476,0.907536189856555,0.11203348227459253,NA,NA,NA
County,47187,"Williamson County, TN",Great Recession,1.0857659534622408,1.0105976511334163,0.07516830232882454,NA,NA,NA
County,48027,"Bell County, TX",Great Recession,1.0458860759493671,1.017617826769044,0.028268249180323002,NA,NA,NA
County,48033,"Borden County, TX",Great Recession,1.020460358056266,0.9464487382936353,0.0740116197626306,NA,NA,NA
County,48053,"Burnet County, TX",Great Recession,0.8994653649465365,0.944487909459462,-0.04502254451292553,NA,NA,NA
County,48061,"Cameron County, TX",Great Recession,1.0708808501050275,1.0323816406556114,0.038499209449416094,NA,NA,NA
County,48065,"Carson County, TX",Great Recession,0.8819139596136962,0.9279129775317508,-0.04599901791805461,NA,NA,NA
County,48079,"Cochran County, TX",Great Recession,0.8085180055401662,1.001522973929699,-0.19300496838953274,NA,NA,NA
County,48085,"Collin County, TX",Great Recession,1.0553340744432094,1.0460913009662887,0.009242773476920707,NA,NA,NA
County,48099,"Coryell County, TX",Great Recession,0.9957557384148982,0.9540285839469539,0.04172715446794428,NA,NA,NA
County,48105,"Crockett County, TX",Great Recession,0.7994912118408881,1.0060340245693584,-0.2065428127284703,NA,NA,NA
County,48109,"Culberson County, TX",Great Recession,0.5695171611401978,0.8676068638765256,-0.29808970273632784,NA,NA,NA
County,48123,"DeWitt County, TX",Great Recession,1.0401715188445049,0.9054198091862229,0.13475170965828198,NA,NA,NA
County,48135,"Ector County, TX",Great Recession,1.0757459165154264,0.9847183672179736,0.09102754929745283,NA,NA,NA
County,48137,"Edwards County, TX",Great Recession,0.7620927936821322,0.8355648503491412,-0.07347205666700896,NA,NA,NA
County,48149,"Fayette County, TX",Great Recession,0.994923012900541,0.93794926771102,0.05697374518952092,NA,NA,NA
County,48169,"Garza County, TX",Great Recession,0.8517017828200972,0.9826265259213458,-0.13092474310124858,NA,NA,NA
County,48171,"Gillespie County, TX",Great Recession,0.9111791137279208,0.9348702007061294,-0.023691086978208542,NA,NA,NA
County,48177,"Gonzales County, TX",Great Recession,0.9481117105680736,0.8979197506401471,0.05019195992792658,NA,NA,NA
County,48179,"Gray County, TX",Great Recession,0.8281743524952622,0.9298097958952339,-0.10163544339997177,NA,NA,NA
County,48219,"Hockley County, TX",Great Recession,0.9644641626464509,0.9479784568573253,0.01648570578912556,NA,NA,NA
County,48223,"Hopkins County, TX",Great Recession,0.9453341183397116,0.9222924820451079,0.02304163629460365,NA,NA,NA
County,48239,"Jackson County, TX",Great Recession,1.0534495830174375,0.9324669688249365,0.120982614192501,NA,NA,NA
County,48247,"Jim Hogg County, TX",Great Recession,0.8061338289962825,0.9110711560486711,-0.10493732705238856,NA,NA,NA
County,48249,"Jim Wells County, TX",Great Recession,0.917657822506862,0.9317555167664171,-0.014097694259555094,NA,NA,NA
County,48259,"Kendall County, TX",Great Recession,1.074896331738437,0.9801953935825236,0.0947009381559134,NA,NA,NA
County,48263,"Kent County, TX",Great Recession,1.2353629976580796,1.0820782076421605,0.1532847900159191,NA,NA,NA
County,48269,"King County, TX",Great Recession,1.4854651162790695,1.0268509272694806,0.45861418900958895,NA,NA,NA
County,48283,"La Salle County, TX",Great Recession,1.3481468154012235,0.8577515065080362,0.4903953088931873,NA,NA,NA
County,48287,"Lee County, TX",Great Recession,0.9879083094555874,0.95164229920061,0.03626601025497733,NA,NA,NA
County,48303,"Lubbock County, TX",Great Recession,1.0281959636190705,0.9808088968758137,0.04738706674325677,NA,NA,NA
County,48319,"Mason County, TX",Great Recession,0.7684521299029945,0.9773493970790412,-0.20889726717604673,NA,NA,NA
County,48345,"Motley County, TX",Great Recession,0.7043413173652695,0.9363976343717547,-0.2320563170064852,NA,NA,NA
County,48353,"Nolan County, TX",Great Recession,0.8233328878791928,0.904400964062523,-0.08106807618333023,NA,NA,NA
County,48375,"Potter County, TX",Great Recession,0.9448141287340612,0.9405457517506159,0.004268376983445288,NA,NA,NA
County,48377,"Presidio County, TX",Great Recession,1.0844348975545277,0.9772738221992902,0.10716107535523756,NA,NA,NA
County,48379,"Rains County, TX",Great Recession,0.9949402954867436,0.9212497582866241,0.07369053720011942,NA,NA,NA
County,48389,"Reeves County, TX",Great Recession,1.2624496981891349,0.9534711494650916,0.3089785487240433,NA,NA,NA
County,48399,"Runnels County, TX",Great Recession,1.1052263182454505,0.9071789230367283,0.19804739520872217,NA,NA,NA
County,48407,"San Jacinto County, TX",Great Recession,1.0802211558522845,0.930240239557567,0.14998091629471755,NA,NA,NA
County,48415,"Scurry County, TX",Great Recession,1.086923813431815,0.9601112717089737,0.1268125417228414,NA,NA,NA
County,48417,"Shackelford County, TX",Great Recession,1.0287001897533208,0.9243862640087325,0.10431392574458831,NA,NA,NA
County,48421,"Sherman County, TX",Great Recession,1.0374823196605374,0.9555659669708225,0.08191635268971487,NA,NA,NA
County,48453,"Travis County, TX",Great Recession,1.087906744770906,1.0089160258081675,0.07899071896273857,NA,NA,NA
County,48461,"Upton County, TX",Great Recession,0.9078341013824884,0.8997023028313542,0.008131798551134217,NA,NA,NA
County,48463,"Uvalde County, TX",Great Recession,1.0030697674418605,0.9068016934742028,0.09626807396765769,NA,NA,NA
County,48471,"Walker County, TX",Great Recession,0.8592248431419268,0.9223890012871101,-0.06316415814518328,NA,NA,NA
County,48473,"Waller County, TX",Great Recession,1.2119130546955623,1.0217475883498304,0.19016546634573195,NA,NA,NA
County,48485,"Wichita County, TX",Great Recession,0.8839990056347365,0.9325534473050039,-0.048554441670267345,NA,NA,NA
County,48495,"Winkler County, TX",Great Recession,0.9125446960667462,1.0412468163797886,-0.1287021203130424,NA,NA,NA
County,48501,"Yoakum County, TX",Great Recession,1.0222555638909727,0.9981197404122882,0.02413582347868448,NA,NA,NA
County,49003,"Box Elder County, UT",Great Recession,0.9442211721061696,0.9615495625611703,-0.017328390455000675,NA,NA,NA
County,49041,"Sevier County, UT",Great Recession,0.961004915346805,0.9580442654547723,0.0029606498920327073,NA,NA,NA
County,49055,"Wayne County, UT",Great Recession,0.953794139744553,0.930822044757498,0.022972094987054992,NA,NA,NA
County,50001,"Addison County, VT",Great Recession,0.9566015252621544,0.9312319367194519,0.025369588542702437,NA,NA,NA
County,50005,"Caledonia County, VT",Great Recession,0.9506771027456828,0.9243918080855758,0.026285294660107095,NA,NA,NA
County,50009,"Essex County, VT",Great Recession,0.8514203638684966,0.9126354112960076,-0.06121504742751094,NA,NA,NA
County,50015,"Lamoille County, VT",Great Recession,0.9686587908269632,0.9550967451936487,0.013562045633314423,NA,NA,NA
County,51003,"Albemarle County, VA",Great Recession,0.9707898774495524,0.9667563559740752,0.0040335214754771975,NA,NA,NA
County,51013,"Arlington County, VA",Great Recession,1.0391045242506085,0.9721105374542308,0.06699398679637769,NA,NA,NA
County,51015,"Augusta County, VA",Great Recession,0.9499823403157008,0.9585184213705031,-0.008536081054802303,NA,NA,NA
County,51025,"Brunswick County, VA",Great Recession,0.9490950226244343,0.909872488652796,0.03922253397163833,NA,NA,NA
County,51033,"Caroline County, VA",Great Recession,0.9838639018691588,0.9993712512730968,-0.015507349403937942,NA,NA,NA
County,51051,"Dickenson County, VA",Great Recession,0.7899341649341649,0.8547646164340964,-0.0648304514999315,NA,NA,NA
County,51061,"Fauquier County, VA",Great Recession,0.9276121225276068,0.9613838448347997,-0.03377172230719283,NA,NA,NA
County,51067,"Franklin County, VA",Great Recession,0.984158720393725,0.9257657600181777,0.05839296037554731,NA,NA,NA
County,51083,"Halifax County, VA",Great Recession,0.9563470808784146,0.8965301437599664,0.059816937118448155,NA,NA,NA
County,51117,"Mecklenburg County, VA",Great Recession,0.9805660674865972,0.8989940644146377,0.08157200307195955,NA,NA,NA
County,51131,"Northampton County, VA",Great Recession,0.9673073622790458,0.8798220083508431,0.08748535392820267,NA,NA,NA
County,51161,"Roanoke County, VA",Great Recession,0.9713424296680456,0.9604041901372338,0.010938239530811855,NA,NA,NA
County,51169,"Scott County, VA",Great Recession,0.9720174436714776,0.9080396063149813,0.06397783735649631,NA,NA,NA
County,51173,"Smyth County, VA",Great Recession,0.8299932065217391,0.8989203313233168,-0.0689271248015777,NA,NA,NA
County,51179,"Stafford County, VA",Great Recession,0.9648689382992278,1.00202463207099,-0.0371556937717622,NA,NA,NA
County,51185,"Tazewell County, VA",Great Recession,0.7529129369405411,0.9013672965303255,-0.14845435958978448,NA,NA,NA
County,51193,"Westmoreland County, VA",Great Recession,0.9993525603296056,0.9246628313450836,0.07468972898452197,NA,NA,NA
County,51195,"Wise County, VA",Great Recession,0.7312464101091327,0.8789514677002571,-0.1477050575911244,NA,NA,NA
County,51530,"Buena Vista city, VA",Great Recession,0.9240909090909092,0.9359370763360608,-0.01184616724515164,NA,NA,NA
County,51540,"Charlottesville city, VA",Great Recession,1.0485771295548485,0.9645758635126772,0.08400126604217129,NA,NA,NA
County,51570,"Colonial Heights city, VA",Great Recession,0.897119341563786,0.9588966465556088,-0.06177730499182277,NA,NA,NA
County,51590,"Danville city, VA",Great Recession,0.9661108412929684,0.9140936919827728,0.05201714931019563,NA,NA,NA
County,51600,"Fairfax city, VA",Great Recession,0.8876760062580002,1.0046661930918075,-0.11699018683380724,NA,NA,NA
County,51610,"Falls Church city, VA",Great Recession,1.091228332337119,0.9596033225599258,0.13162500977719327,NA,NA,NA
County,51630,"Fredericksburg city, VA",Great Recession,1.0398615635179154,0.9637886386777839,0.0760729248401315,NA,NA,NA
County,51685,"Manassas Park city, VA",Great Recession,1.2075399262899262,1.006420081214595,0.20111984507533132,NA,NA,NA
County,51700,"Newport News city, VA",Great Recession,0.9894833690487282,0.9756738478316433,0.013809521217084897,NA,NA,NA
County,51810,"Virginia Beach city, VA",Great Recession,0.9815667362548204,0.996226935476719,-0.014660199221898651,NA,NA,NA
County,51820,"Waynesboro city, VA",Great Recession,0.9391695847923962,0.9346489152255298,0.004520669566866364,NA,NA,NA
County,51840,"Winchester city, VA",Great Recession,0.9587857142857142,0.9849396264419783,-0.02615391215626406,NA,NA,NA
County,53001,"Adams County, WA",Great Recession,1.0661960575386256,0.9887305015686235,0.07746555597000204,NA,NA,NA
County,53029,"Island County, WA",Great Recession,0.9641135253278478,0.9526366040264236,0.011476921301424192,NA,NA,NA
County,53039,"Klickitat County, WA",Great Recession,0.9675086355785838,0.9249298344159549,0.04257880116262891,NA,NA,NA
County,53045,"Mason County, WA",Great Recession,0.9047629172868382,0.9227313826852125,-0.017968465398374267,NA,NA,NA
County,53069,"Wahkiakum County, WA",Great Recession,0.7129629629629629,0.9022448573083428,-0.1892818943453799,NA,NA,NA
County,54019,"Fayette County, WV",Great Recession,0.8743393157925307,0.8577217515702104,0.016617564222320302,NA,NA,NA
County,54031,"Hardy County, WV",Great Recession,0.8710206995003569,0.9117299245871183,-0.04070922508676145,NA,NA,NA
County,54039,"Kanawha County, WV",Great Recession,0.8979436148849523,0.9371858953143118,-0.03924228042935951,NA,NA,NA
County,54041,"Lewis County, WV",Great Recession,0.9705510261456284,0.8949255261195495,0.07562550002607893,NA,NA,NA
County,54057,"Mineral County, WV",Great Recession,0.8732263317050477,0.9144431598928761,-0.04121682818782835,NA,NA,NA
County,54059,"Mingo County, WV",Great Recession,0.7515635858234886,0.8393916862735086,-0.08782810045001999,NA,NA,NA
County,54071,"Pendleton County, WV",Great Recession,0.9193243243243244,0.9277425500442879,-0.008418225719963424,NA,NA,NA
County,54097,"Upshur County, WV",Great Recession,0.9212182839434436,0.8922999442050037,0.028918339738439935,NA,NA,NA
County,55001,"Adams County, WI",Great Recession,0.8361081654294804,0.8872863646558494,-0.051178199226369014,NA,NA,NA
County,55005,"Barron County, WI",Great Recession,0.9057848164075422,0.9194985345422457,-0.013713718134703567,NA,NA,NA
County,55023,"Crawford County, WI",Great Recession,0.8167354474370113,0.923853524333543,-0.10711807689653163,NA,NA,NA
County,55029,"Door County, WI",Great Recession,0.8741838117531108,0.875711570328261,-0.0015277585751501954,NA,NA,NA
County,55041,"Forest County, WI",Great Recession,0.8221676978877747,0.8986282059292791,-0.0764605080415044,NA,NA,NA
County,55045,"Green County, WI",Great Recession,1.0108913950254903,0.9713396531772189,0.03955174184827137,NA,NA,NA
County,55049,"Iowa County, WI",Great Recession,0.921984011627907,0.9680281641992199,-0.04604415257131289,NA,NA,NA
County,55059,"Kenosha County, WI",Great Recession,0.9929981179733544,0.967198434049837,0.02579968392351739,NA,NA,NA
County,55073,"Marathon County, WI",Great Recession,0.9665927344363472,0.9786108374903298,-0.012018103053982654,NA,NA,NA
County,55079,"Milwaukee County, WI",Great Recession,0.9825553685779792,1.002705863290741,-0.02015049471276187,NA,NA,NA
County,55083,"Oconto County, WI",Great Recession,0.9852758513611428,0.9366988245760968,0.04857702678504605,NA,NA,NA
County,55113,"Sawyer County, WI",Great Recession,0.8179064288118478,0.9246002037884739,-0.10669377497662602,NA,NA,NA
County,55119,"Taylor County, WI",Great Recession,0.9906465848042978,0.949240959217786,0.04140562558651184,NA,NA,NA
County,55123,"Vernon County, WI",Great Recession,1.0176407314449625,0.9578110580316316,0.0598296734133309,NA,NA,NA
County,55131,"Washington County, WI",Great Recession,0.9882229084783828,0.9668183323781275,0.021404576100255257,NA,NA,NA
County,55139,"Winnebago County, WI",Great Recession,0.9561230482818232,0.960865973644928,-0.004742925363104833,NA,NA,NA
County,56017,"Hot Springs County, WY",Great Recession,0.9677217825905872,0.9480957998561217,0.019625982734465475,NA,NA,NA
County,72005,"Aguadilla Municipio, PR",Great Recession,0.6393960499477638,0.8216934992879447,-0.18229744934018088,NA,NA,NA
County,72043,"Coamo Municipio, PR",Great Recession,0.934240588059998,0.8216934992879447,0.11254708877205333,NA,NA,NA
County,72045,"Comerio Municipio, PR",Great Recession,1.0215736040609138,0.8216934992879447,0.19988010477296914,NA,NA,NA
County,72055,"Guanica Municipio, PR",Great Recession,0.5549946865037194,0.8216934992879447,-0.26669881278422525,NA,NA,NA
County,72063,"Gurabo Municipio, PR",Great Recession,1.0458456666896123,0.8216934992879447,0.22415216740166766,NA,NA,NA
County,72065,"Hatillo Municipio, PR",Great Recession,0.9555968259328044,0.8216934992879447,0.1339033266448597,NA,NA,NA
County,72067,"Hormigueros Municipio, PR",Great Recession,0.7552311435523115,0.8216934992879447,-0.0664623557356332,NA,NA,NA
County,72069,"Humacao Municipio, PR",Great Recession,0.7704027274664393,0.8216934992879447,-0.05129077182150532,NA,NA,NA
County,72091,"Manati Municipio, PR",Great Recession,0.76653944020356235,0.8216934992879447,-0.05515405908438231,NA,NA,NA
County,72095,"Maunabo Municipio, PR",Great Recession,0.7826572979878633,0.8216934992879447,-0.03903620130008134,NA,NA,NA
County,72099,"Moca Municipio, PR",Great Recession,0.667363413579357,0.8216934992879447,-0.15433008570858764,NA,NA,NA
County,72131,"San Sebastian Municipio, PR",Great Recession,0.648445264801931,0.8216934992879447,-0.17324823448601367,NA,NA,NA
County,72133,"Santa Isabel Municipio, PR",Great Recession,0.9768912825651302,0.8216934992879447,0.15519778327718559,NA,NA,NA
County,72139,"Trujillo Alto Municipio, PR",Great Recession,0.7632798573975045,0.8216934992879447,-0.05841364189044018,NA,NA,NA
County,72141,"Utuado Municipio, PR",Great Recession,0.6963020770800816,0.8216934992879447,-0.12539142220786303,NA,NA,NA
County,72145,"Vega Baja Municipio, PR",Great Recession,0.7024802055476902,0.8216934992879447,-0.11921329374025447,NA,NA,NA
County,72149,"Villalba Municipio, PR",Great Recession,0.7202685042176548,0.8216934992879447,-0.1014249950702899,NA,NA,NA
County,01033,"Colbert County, AL",COVID-19,1.004480032434624,0.99990473017719,0.004575302257433966,NA,NA,NA
County,01069,"Houston County, AL",COVID-19,1.0246705822829365,1.022021570775272,0.0026490115076645004,NA,NA,NA
County,01077,"Lauderdale County, AL",COVID-19,1.0163302391827511,1.007300040159777,0.009030199022974195,NA,NA,NA
County,01085,"Lowndes County, AL",COVID-19,0.9120667522464698,0.9559965174462647,-0.04392976519979486,NA,NA,NA
County,01097,"Mobile County, AL",COVID-19,1.0051640992049151,1.0081038972808634,-0.002939798075948241,NA,NA,NA
County,01119,"Sumter County, AL",COVID-19,0.9563721136767318,0.9177578386516548,0.03861427502507697,NA,NA,NA
County,02020,"Anchorage Borough/municipality, AK",COVID-19,1.0007719352416509,0.9905811869113456,0.01019074833030531,NA,NA,NA
County,02068,"Denali Borough, AK",COVID-19,0.9350165562913908,1.0238813040194408,-0.08886474772804998,NA,NA,NA
County,02290,"Yukon-Koyukuk Census Area, AK",COVID-19,0.9843419382141346,0.9653999641755312,0.018941974038603426,NA,NA,NA
County,05005,"Baxter County, AR",COVID-19,1.043735460285809,1.0172757212359689,0.026459739049840225,NA,NA,NA
County,05011,"Bradley County, AR",COVID-19,0.9343279775567456,0.953681093310157,-0.019353115753411476,NA,NA,NA
County,05027,"Columbia County, AR",COVID-19,0.9954249113576576,0.9791739975309789,0.01625091382667876,NA,NA,NA
County,05049,"Fulton County, AR",COVID-19,0.9866137828458106,1.0000037591982598,-0.013389976352449207,NA,NA,NA
County,05055,"Greene County, AR",COVID-19,1.0037485135205004,1.0120063667107058,-0.008257853190205333,NA,NA,NA
County,05071,"Johnson County, AR",COVID-19,0.9630066902794177,0.9732571326189,-0.010250442339482357,NA,NA,NA
County,05073,"Lafayette County, AR",COVID-19,0.89578111946533,0.9528133683844364,-0.05703224891910641,NA,NA,NA
County,05089,"Marion County, AR",COVID-19,0.9479241231209736,0.992950404229492,-0.04502628110851836,NA,NA,NA
County,05093,"Mississippi County, AR",COVID-19,1.0465489566613162,0.9792014160077079,0.06734754065360826,NA,NA,NA
County,05095,"Monroe County, AR",COVID-19,0.8775652173913043,0.9262673463985356,-0.048702129007231254,NA,NA,NA
County,05135,"Sharp County, AR",COVID-19,1.0479676197037546,1.0057891651365558,0.04217845456719882,NA,NA,NA
County,05149,"Yell County, AR",COVID-19,0.9915607189829022,0.9662355547154259,0.02532516426747633,NA,NA,NA
County,06001,"Alameda County, CA",COVID-19,0.9648488537745183,0.9881210111677202,-0.023272157393201875,NA,NA,NA
County,06013,"Contra Costa County, CA",COVID-19,0.9884336687690454,1.017748365235818,-0.02931469646677254,NA,NA,NA
County,06021,"Glenn County, CA",COVID-19,0.989076596497435,0.990519131596354,-0.0014425350989190067,NA,NA,NA
County,06031,"Kings County, CA",COVID-19,1.0061243535404596,1.011907577153276,-0.005783223612816357,NA,NA,NA
County,06039,"Madera County, CA",COVID-19,1.0486364469322138,1.0315781037519751,0.01705834318023869,NA,NA,NA
County,06047,"Merced County, CA",COVID-19,1.0083397221339216,1.042570961152234,-0.034231239018312376,NA,NA,NA
County,06063,"Plumas County, CA",COVID-19,0.9725200162844349,0.9742202617508766,-0.0017002454664417632,NA,NA,NA
County,06065,"Riverside County, CA",COVID-19,1.0634107410001186,1.053188959033068,0.01022178196705048,NA,NA,NA
County,06091,"Sierra County, CA",COVID-19,0.9868630573248408,0.9816752224351954,0.00518783488964536,NA,NA,NA
County,06093,"Siskiyou County, CA",COVID-19,0.9703579056371756,0.9870534705578122,-0.01669556492063662,NA,NA,NA
County,06099,"Stanislaus County, CA",COVID-19,1.0153069444021126,1.025869143521553,-0.010562199119440452,NA,NA,NA
County,06101,"Sutter County, CA",COVID-19,1.0050724461811034,1.0213470807642921,-0.016274634583188785,NA,NA,NA
County,06103,"Tehama County, CA",COVID-19,1.0168496856847298,0.9950475733001521,0.021802112384577632,NA,NA,NA
County,06107,"Tulare County, CA",COVID-19,1.050627465623326,1.0134147234596333,0.03721274216369275,NA,NA,NA
County,06115,"Yuba County, CA",COVID-19,1.094232732221844,1.0312896237775335,0.06294310844431039,NA,NA,NA
County,08003,"Alamosa County, CO",COVID-19,0.9479863653579094,0.9731612795975524,-0.02517491423964302,NA,NA,NA
County,08071,"Las Animas County, CO",COVID-19,0.8885658914728682,0.9932129687667144,-0.10464707729384615,NA,NA,NA
County,08073,"Lincoln County, CO",COVID-19,0.9021193530395984,1.0419586374812837,-0.13983928444168525,NA,NA,NA
County,08079,"Mineral County, CO",COVID-19,0.9629186602870812,0.9763615871585295,-0.013442926871448324,NA,NA,NA
County,08081,"Moffat County, CO",COVID-19,0.9420435252353758,0.9699786915417271,-0.02793516630635129,NA,NA,NA
County,08103,"Rio Blanco County, CO",COVID-19,0.9261213720316622,0.9565539934847219,-0.030432621453059694,NA,NA,NA
County,08123,"Weld County, CO",COVID-19,1.0122791755888652,1.1038760281279891,-0.09159685253912397,NA,NA,NA
County,08125,"Yuma County, CO",COVID-19,0.8932544587674378,0.9824150758050636,-0.08916061703762579,NA,NA,NA
County,09150,"Northeastern Connecticut Planning Region, CT",COVID-19,0.9812974752583248,1.0704358789579032,-0.08913840369957837,NA,NA,NA
County,10001,"Kent County, DE",COVID-19,1.0277114190157668,1.0388988967838269,-0.011187477768060061,NA,NA,NA
County,10005,"Sussex County, DE",COVID-19,1.0731275648131942,1.1034724379039436,-0.030344873090749402,NA,NA,NA
County,12009,"Brevard County, FL",COVID-19,1.0636934830403164,1.0658854965163382,-0.0021920134760218257,NA,NA,NA
County,12013,"Calhoun County, FL",COVID-19,0.9924575738529228,0.9904643108878466,0.0019932629650761813,NA,NA,NA
County,12021,"Collier County, FL",COVID-19,1.07318559040189,1.0842913601862167,-0.011105769784326647,NA,NA,NA
County,12031,"Duval County, FL",COVID-19,1.04333646126577,1.0306298414547668,0.012706619811003295,NA,NA,NA
County,12033,"Escambia County, FL",COVID-19,1.0216207524922285,1.0269903616975251,-0.0053696092052966105,NA,NA,NA
County,12037,"Franklin County, FL",COVID-19,1.020303965803847,0.9865237493378074,0.03378021646603968,NA,NA,NA
County,12043,"Glades County, FL",COVID-19,0.9949871764980182,1.0016780874188302,-0.006690910920812088,NA,NA,NA
County,12055,"Highlands County, FL",COVID-19,1.0239778939862134,1.033262786858934,-0.009284892872720496,NA,NA,NA
County,12073,"Leon County, FL",COVID-19,1.041901119365626,0.9992910850427393,0.04261003432288668,NA,NA,NA
County,12079,"Madison County, FL",COVID-19,1.098582369235783,1.0014601579809228,0.0971222112548602,NA,NA,NA
County,12083,"Marion County, FL",COVID-19,1.083119812539693,1.08380881268021,-6.890001405168711e-4,NA,NA,NA
County,12087,"Monroe County, FL",COVID-19,1.063915399088704,0.9847914809727606,0.07912391811594344,NA,NA,NA
County,12095,"Orange County, FL",COVID-19,1.0473049423757672,0.9970641133017557,0.050240829074011506,NA,NA,NA
County,12103,"Pinellas County, FL",COVID-19,1.0520828184402986,1.0232317884600495,0.028851029980249132,NA,NA,NA
County,12113,"Santa Rosa County, FL",COVID-19,1.0908948056519334,1.1323693797327605,-0.04147457408082711,NA,NA,NA
County,12123,"Taylor County, FL",COVID-19,0.8987019007881316,0.9866111373626385,-0.08790923657450689,NA,NA,NA
County,12127,"Volusia County, FL",COVID-19,1.055029747514033,1.072830485658997,-0.01780073814496408,NA,NA,NA
County,13001,"Appling County, GA",COVID-19,1.062338668043366,0.9734778214907586,0.0888608465526074,NA,NA,NA
County,13003,"Atkinson County, GA",COVID-19,0.947286012526096,0.96205851705862,-0.014772504532523989,NA,NA,NA
County,13007,"Baker County, GA",COVID-19,0.9805045871559632,0.9230965602277296,0.05740802692823366,NA,NA,NA
County,13009,"Baldwin County, GA",COVID-19,1.0086454519853565,0.9733419293399125,0.03530352264544401,NA,NA,NA
County,13017,"Ben Hill County, GA",COVID-19,1.0509044700254149,0.9949517810679191,0.05595268895749572,NA,NA,NA
County,13031,"Bulloch County, GA",COVID-19,1.047722404683707,1.0098101698220434,0.03791223486166362,NA,NA,NA
County,13051,"Chatham County, GA",COVID-19,1.042912212573168,0.9879852309879316,0.054926981585236456,NA,NA,NA
County,13053,"Chattahoochee County, GA",COVID-19,0.8307464892830746,0.9632899576479359,-0.1325434683648613,NA,NA,NA
County,13059,"Clarke County, GA",COVID-19,0.975269192343678,0.9864641680633623,-0.011194975719684308,NA,NA,NA
County,13061,"Clay County, GA",COVID-19,0.8699507389162562,0.9580457338749351,-0.0880949949586789,NA,NA,NA
County,13103,"Effingham County, GA",COVID-19,1.118025965379494,1.127356819630841,-0.009330854251347054,NA,NA,NA
County,13115,"Floyd County, GA",COVID-19,1.05096194652709,1.0105431573222818,0.040418789204808236,NA,NA,NA
County,13117,"Forsyth County, GA",COVID-19,1.1131980018961274,1.1403850836151617,-0.02718708171903428,NA,NA,NA
County,13127,"Glynn County, GA",COVID-19,1.0446656323138823,1.013851616383844,0.030814015930038297,NA,NA,NA
County,13131,"Grady County, GA",COVID-19,1.0274492099322798,0.9909120102494453,0.03653719968283453,NA,NA,NA
County,13139,"Hall County, GA",COVID-19,1.0891435148851567,1.0375333450250939,0.05161016986006284,NA,NA,NA
County,13145,"Harris County, GA",COVID-19,1.0557167926565876,1.0831678448980586,-0.02745105224147104,NA,NA,NA
County,13149,"Heard County, GA",COVID-19,1.0513820775746767,0.9841482023761505,0.0672338751985262,NA,NA,NA
County,13165,"Jenkins County, GA",COVID-19,1.0506349723217192,0.9943030631510494,0.05633190917066977,NA,NA,NA
County,13175,"Laurens County, GA",COVID-19,1.020002142130349,1.000821751384645,0.01918039074570399,NA,NA,NA
County,13181,"Lincoln County, GA",COVID-19,1.000497347480106,0.9964570941235984,0.004040253356507595,NA,NA,NA
County,13183,"Long County, GA",COVID-19,1.1400421667207266,1.0372538073982416,0.10278835932248498,NA,NA,NA
County,13187,"Lumpkin County, GA",COVID-19,1.069770598615447,1.0152400521429061,0.054530546472540964,NA,NA,NA
County,13207,"Monroe County, GA",COVID-19,1.05705378020265,1.0373324783442899,0.019721301858360185,NA,NA,NA
County,13229,"Pierce County, GA",COVID-19,1.024393342650235,0.9811512588032514,0.04324208384698358,NA,NA,NA
County,13235,"Pulaski County, GA",COVID-19,0.9805421363392378,1.002190098795753,-0.021647962456515235,NA,NA,NA
County,13239,"Quitman County, GA",COVID-19,0.9443620178041544,1.005224680163834,-0.06086266235967963,NA,NA,NA
County,13241,"Rabun County, GA",COVID-19,1.080168142921483,1.0040598453637992,0.07610829755768389,NA,NA,NA
County,13273,"Terrell County, GA",COVID-19,0.9581318016928658,0.9822508873706349,-0.024119085677769103,NA,NA,NA
County,13277,"Tift County, GA",COVID-19,1.047806671920147,0.9982542514275603,0.04955242049258679,NA,NA,NA
County,13281,"Towns County, GA",COVID-19,1.0458280657395702,1.0643666311111715,-0.018538565371601257,NA,NA,NA
County,13287,"Turner County, GA",COVID-19,1.0101465614430665,0.9505232887427522,0.05962327270031431,NA,NA,NA
County,16013,"Blaine County, ID",COVID-19,1.064480651731161,0.986693343552395,0.07778730817876589,NA,NA,NA
County,16019,"Bonneville County, ID",COVID-19,1.1218250744652043,1.066777837867305,0.05504723659789934,NA,NA,NA
County,16045,"Gem County, ID",COVID-19,1.092238470191226,1.0932660620423413,-0.0010275918511153392,NA,NA,NA
County,16051,"Jefferson County, ID",COVID-19,1.1438959586071875,1.059920932481187,0.08397502612600061,NA,NA,NA
County,16057,"Latah County, ID",COVID-19,1.003439852435316,0.9688459664347673,0.0345938860005488,NA,NA,NA
County,16063,"Lincoln County, ID",COVID-19,0.9060616802552286,0.9674586151639589,-0.06139693490873033,NA,NA,NA
County,16077,"Power County, ID",COVID-19,1.0390832328106152,0.979072796585615,0.06001043622500024,NA,NA,NA
County,16083,"Twin Falls County, ID",COVID-19,1.0679565496422714,1.0221912642487943,0.04576528539347713,NA,NA,NA
County,17001,"Adams County, IL",COVID-19,0.945382982487175,0.9749440682221904,-0.02956108573501537,NA,NA,NA
County,17005,"Bond County, IL",COVID-19,0.9610853739245532,0.9779410347272954,-0.016855660802742256,NA,NA,NA
County,17009,"Brown County, IL",COVID-19,1.0334773218142548,0.959835708304671,0.07364161350958376,NA,NA,NA
County,17027,"Clinton County, IL",COVID-19,0.9831090284967036,0.9883993419080699,-0.005290313411366321,NA,NA,NA
County,17029,"Coles County, IL",COVID-19,0.9521893791818412,0.9635515153219204,-0.011362136140079193,NA,NA,NA
County,17033,"Crawford County, IL",COVID-19,0.9809224049331964,0.9626724243841824,0.018249980549013944,NA,NA,NA
County,17041,"Douglas County, IL",COVID-19,0.9966911384551752,0.9822171957774327,0.01447394267774249,NA,NA,NA
County,17051,"Fayette County, IL",COVID-19,0.9790415893461412,0.9852356014960191,-0.006194012149877914,NA,NA,NA
County,17067,"Hancock County, IL",COVID-19,0.9444183037289732,0.9790182124408187,-0.034599908711845484,NA,NA,NA
County,17069,"Hardin County, IL",COVID-19,1.1350277998411438,0.965553844609508,0.16947395523163578,NA,NA,NA
County,17077,"Jackson County, IL",COVID-19,0.9558501222287784,0.9640240608083,-0.008173938579521645,NA,NA,NA
County,17079,"Jasper County, IL",COVID-19,1.0465899218071242,0.9910641559371018,0.05552576587002234,NA,NA,NA
County,17101,"Lawrence County, IL",COVID-19,0.8714285714285714,0.9734990839192168,-0.10207051249064536,NA,NA,NA
County,17109,"McDonough County, IL",COVID-19,0.953674623115578,0.9705214974034376,-0.01684687428785958,NA,NA,NA
County,17119,"Madison County, IL",COVID-19,0.9753299368683984,0.9967803397021328,-0.02145040283373434,NA,NA,NA
County,17139,"Moultrie County, IL",COVID-19,0.9572857142857144,0.9691994594151636,-0.011913745129449205,NA,NA,NA
County,17143,"Peoria County, IL",COVID-19,0.9572577156042688,0.98749993302527606,-0.0302422174210073,NA,NA,NA
County,17151,"Pope County, IL",COVID-19,1.048111510791367,1.0279230425194976,0.020188468271869375,NA,NA,NA
County,17171,"Scott County, IL",COVID-19,0.9199332777314428,0.9708432809547074,-0.050910003223264555,NA,NA,NA
County,17175,"Stark County, IL",COVID-19,0.9444220700765203,0.976706245529343,-0.032284175452822694,NA,NA,NA
County,17179,"Tazewell County, IL",COVID-19,0.9632313472893184,0.9803492519899011,-0.01711790470058272,NA,NA,NA
County,17187,"Warren County, IL",COVID-19,0.9341773746535652,0.9660581813274345,-0.03188080667386928,NA,NA,NA
County,18003,"Allen County, IN",COVID-19,1.0128457606335826,1.0296260712754854,-0.016780310641902885,NA,NA,NA
County,18021,"Clay County, IN",COVID-19,0.964686006263392,1.0063390547507431,-0.041653048487351185,NA,NA,NA
County,18035,"Delaware County, IN",COVID-19,0.9487572320341048,0.9847652687731088,-0.03600803673900399,NA,NA,NA
County,18037,"Dubois County, IN",COVID-19,0.9497565294378044,0.9933542789576316,-0.0435977495198272,NA,NA,NA
County,18067,"Howard County, IN",COVID-19,0.8967980425173647,1.010657261721968,-0.11385921920460329,NA,NA,NA
County,18095,"Madison County, IN",COVID-19,1.0224840850602737,1.0065332737522312,0.015950811308042434,NA,NA,NA
County,18099,"Marshall County, IN",COVID-19,0.9914770130701032,0.9940197816896023,-0.0025427686194990917,NA,NA,NA
County,18107,"Montgomery County, IN",COVID-19,0.9971611626211064,0.9902965399551933,0.006864622665913145,NA,NA,NA
County,18113,"Noble County, IN",COVID-19,0.9289017590871764,0.9957147744732738,-0.06681301538609741,NA,NA,NA
County,18115,"Ohio County, IN",COVID-19,1.00844475721323,1.0198266105046112,-0.011381853291381194,NA,NA,NA
County,18155,"Switzerland County, IN",COVID-19,0.9001144164759726,0.9736621593899139,-0.07354774291394128,NA,NA,NA
County,18167,"Vigo County, IN",COVID-19,0.9553133958159676,0.9949065077260434,-0.03959311191007575,NA,NA,NA
County,19003,"Adams County, IA",COVID-19,0.93360433604336035,0.9594543167825532,-0.025849980739192868,NA,NA,NA
County,19005,"Allamakee County, IA",COVID-19,0.9494508402805346,0.9748896632710423,-0.025438822990507703,NA,NA,NA
County,19013,"Black Hawk County, IA",COVID-19,0.95342761848867,0.9899816878818306,-0.03655406939316064,NA,NA,NA
County,19031,"Cedar County, IA",COVID-19,0.9527824620573356,0.9735066767391581,-0.020724214681822506,NA,NA,NA
County,19037,"Chickasaw County, IA",COVID-19,0.9938566059554784,0.9762507229061425,0.01760588304933597,NA,NA,NA
County,19053,"Decatur County, IA",COVID-19,0.97267395361237,0.9585117908305447,0.01416216278182525,NA,NA,NA
County,19055,"Delaware County, IA",COVID-19,0.9748025197480252,0.9787698126001596,-0.003967292852134374,NA,NA,NA
County,19057,"Des Moines County, IA",COVID-19,0.9118306414632904,0.9666475041220026,-0.05481686265871222,NA,NA,NA
County,19109,"Kossuth County, IA",COVID-19,0.9504121908568574,0.9877081990753332,-0.037296008218475896,NA,NA,NA
County,19117,"Lucas County, IA",COVID-19,0.9582747304266293,0.972151393542821,-0.013876663116191734,NA,NA,NA
County,19125,"Marion County, IA",COVID-19,1.03222127174223,0.9875236635312306,0.04469760821099955,NA,NA,NA
County,19129,"Mills County, IA",COVID-19,0.9449233716475096,0.9708341613615009,-0.0259107897139913,NA,NA,NA
County,19139,"Muscatine County, IA",COVID-19,0.915907641861736,0.9771163135149205,-0.06120867165318444,NA,NA,NA
County,19143,"Osceola County, IA",COVID-19,1.0063694267515924,0.9771255707193348,0.029243856032257542,NA,NA,NA
County,19145,"Page County, IA",COVID-19,1.0052906509509778,0.9701476482967097,0.03514300265426806,NA,NA,NA
County,19155,"Pottawattamie County, IA",COVID-19,0.9538731645030858,0.9903923283125662,-0.03651916380948039,NA,NA,NA
County,19161,"Sac County, IA",COVID-19,0.981264869151467,0.9920827641540422,-0.010817895002575129,NA,NA,NA
County,19167,"Sioux County, IA",COVID-19,1.0619462599854756,0.9990101543378328,0.06293610564764285,NA,NA,NA
County,19169,"Story County, IA",COVID-19,1.0039490590280402,0.9774459561146122,0.026503102913428056,NA,NA,NA
County,19197,"Wright County, IA",COVID-19,0.9647260808490712,0.956663090114734,0.008062990734337139,NA,NA,NA
County,20009,"Barton County, KS",COVID-19,0.9432977461447212,0.9711800077476305,-0.027882261602909297,NA,NA,NA
County,20037,"Crawford County, KS",COVID-19,1.0224329940853627,0.9719212164137409,0.05051177767162185,NA,NA,NA
County,20039,"Decatur County, KS",COVID-19,0.937625754527163,0.9740025476011646,-0.036376793074001545,NA,NA,NA
County,20043,"Doniphan County, KS",COVID-19,0.9728362183754994,0.9660462573543253,0.006789961021174129,NA,NA,NA
County,20047,"Edwards County, KS",COVID-19,0.9692307692307692,0.9476575004979705,0.021573268732798745,NA,NA,NA
County,20073,"Greenwood County, KS",COVID-19,0.9343899113837764,0.9987482248875442,-0.06435831350376786,NA,NA,NA
County,20077,"Harper County, KS",COVID-19,0.9743844320889596,0.9619993583785147,0.01238507371044495,NA,NA,NA
County,20081,"Haskell County, KS",COVID-19,1.007705986959099,0.945648691615156,0.062057295343943,NA,NA,NA
County,20087,"Jefferson County, KS",COVID-19,1.019308726264135,1.010112384252404,0.009196342011730918,NA,NA,NA
County,20099,"Labette County, KS",COVID-19,0.9316488004083716,0.9663450500432006,-0.03469624963482898,NA,NA,NA
County,20103,"Leavenworth County, KS",COVID-19,1.0382739702168422,0.9827030748802312,0.05557089533661097,NA,NA,NA
County,20113,"McPherson County, KS",COVID-19,1.0192794126719724,0.9815303607741871,0.037749051897785324,NA,NA,NA
County,20121,"Miami County, KS",COVID-19,1.0445962587228057,1.0335017497980112,0.011094508924794466,NA,NA,NA
County,20155,"Reno County, KS",COVID-19,0.9812962768010668,0.9658049645900316,0.015491312211035169,NA,NA,NA
County,20161,"Riley County, KS",COVID-19,0.9783056432788686,0.9664428826282321,0.011862760650636517,NA,NA,NA
County,20163,"Rooks County, KS",COVID-19,0.9719917012448132,0.9632139705058131,0.008777730739000011,NA,NA,NA
County,20169,"Saline County, KS",COVID-19,0.9975696057757604,0.9795625897876671,0.01800701598809329,NA,NA,NA
County,20185,"Stafford County, KS",COVID-19,0.9700049578582052,0.9678722405392571,0.002132717318948041,NA,NA,NA
County,20187,"Stanton County, KS",COVID-19,1.0631067961165048,0.9681368849517457,0.09496991116475917,NA,NA,NA
County,20189,"Stevens County, KS",COVID-19,1.1218032076289552,0.9278325497987354,0.19397065783021983,NA,NA,NA
County,20197,"Wabaunsee County, KS",COVID-19,1.049770290964778,0.9995862321513146,0.05018405881346333,NA,NA,NA
County,20199,"Wallace County, KS",COVID-19,1.065015479876161,0.984899583704962,0.08011589617119907,NA,NA,NA
County,21009,"Barren County, KY",COVID-19,0.9386201209455745,1.0127644011780392,-0.07414428023246478,NA,NA,NA
County,21021,"Boyle County, KY",COVID-19,1.0176255271743455,1.0117513943114547,0.005874132862890846,NA,NA,NA
County,21029,"Bullitt County, KY",COVID-19,1.018158505312004,1.0188901511333164,-7.316458213124655e-4,NA,NA,NA
County,21033,"Caldwell County, KY",COVID-19,1.0834889802017182,0.9788748382048097,0.10461414199690855,NA,NA,NA
County,21035,"Calloway County, KY",COVID-19,0.9322454157536616,0.9709178537430273,-0.038672437989365704,NA,NA,NA
County,21037,"Campbell County, KY",COVID-19,0.989515392296416,1.005665990941116,-0.01615059864470003,NA,NA,NA
County,21051,"Clay County, KY",COVID-19,0.9770012479942948,0.9445785525932532,0.03242269540104159,NA,NA,NA
County,21053,"Clinton County, KY",COVID-19,0.8938274861514113,0.9885404682634015,-0.0947129821119902,NA,NA,NA
County,21069,"Fleming County, KY",COVID-19,0.9764468371467026,1.0209776704857394,-0.044530833339036846,NA,NA,NA
County,21085,"Grayson County, KY",COVID-19,0.948695652173913,1.0054492257180452,-0.05675357354413213,NA,NA,NA
County,21093,"Hardin County, KY",COVID-19,0.960899742383274,1.0135301340250797,-0.05263039164180572,NA,NA,NA
County,21095,"Harlan County, KY",COVID-19,0.973108541173192,0.9500616280269831,0.02304691314620888,NA,NA,NA
County,21113,"Jessamine County, KY",COVID-19,1.036321923092541,1.0229297883160837,0.013392134776457176,NA,NA,NA
County,21119,"Knott County, KY",COVID-19,0.9568087077350624,0.9664516745757809,-0.009642966840718414,NA,NA,NA
County,21135,"Lewis County, KY",COVID-19,0.9779719419148412,1.009973940752929,-0.03200199883808774,NA,NA,NA
County,21141,"Logan County, KY",COVID-19,0.9866717120753448,1.004191096869113,-0.017519384793768245,NA,NA,NA
County,21147,"McCreary County, KY",COVID-19,1.0198183319570602,0.9827644032925631,0.03705392866449708,NA,NA,NA
County,21163,"Meade County, KY",COVID-19,0.994102811364142,1.0214508351206004,-0.027348023756458395,NA,NA,NA
County,21171,"Monroe County, KY",COVID-19,0.9775583482944344,0.9953626529501953,-0.017804304655760883,NA,NA,NA
County,21179,"Nelson County, KY",COVID-19,1.012455598099368,1.0026086705249853,0.009846927574382658,NA,NA,NA
County,21183,"Ohio County, KY",COVID-19,0.9395290581162324,0.9849132268699431,-0.04538416875371065,NA,NA,NA
County,21191,"Pendleton County, KY",COVID-19,0.987923792379238,0.9958874133715352,-0.007963620992297193,NA,NA,NA
County,21197,"Powell County, KY",COVID-19,1.0505715946521992,0.9921741050276232,0.05839748962457603,NA,NA,NA
County,21201,"Robertson County, KY",COVID-19,1.0101910828025478,1.022084853242606,-0.011893770440058127,NA,NA,NA
County,22017,"Caddo Parish, LA",COVID-19,0.975602139597667,0.9899702957739147,-0.01436815617624776,NA,NA,NA
County,22025,"Catahoula Parish, LA",COVID-19,1.06435974590438,0.9781033092456248,0.08625643665875526,NA,NA,NA
County,22037,"East Feliciana Parish, LA",COVID-19,0.985097927902356,0.986056917261431,-9.589893590750131e-4,NA,NA,NA
County,22057,"Lafourche Parish, LA",COVID-19,0.995432609445019,0.986482823864133,0.008949785580885994,NA,NA,NA
County,22067,"Morehouse Parish, LA",COVID-19,0.9456225068234306,0.9517469950342896,-0.00612448821085898,NA,NA,NA
County,22079,"Rapides Parish, LA",COVID-19,1.006880481450222,0.9833060550057463,0.023574426444475605,NA,NA,NA
County,22113,"Vermilion Parish, LA",COVID-19,1.0089692661509513,0.9929421134632872,0.01602715268766408,NA,NA,NA
County,22115,"Vernon Parish, LA",COVID-19,1.0442428035043805,1.012625491588208,0.03161731191617245,NA,NA,NA
County,23011,"Kennebec County, ME",COVID-19,1.0019986009793145,0.9994104572778882,0.0025881437014262376,NA,NA,NA
County,23013,"Knox County, ME",COVID-19,0.9672913543228384,1.0001305611202747,-0.03283920679743624,NA,NA,NA
County,23019,"Penobscot County, ME",COVID-19,0.9773801716128327,0.9962377111749742,-0.018857539562141423,NA,NA,NA
County,23031,"York County, ME",COVID-19,1.0033886078654888,1.0191002179338602,-0.015711610068371407,NA,NA,NA
County,24001,"Allegany County, MD",COVID-19,0.8676581528181916,0.9666412568536763,-0.09898310403548471,NA,NA,NA
County,24003,"Anne Arundel County, MD",COVID-19,0.9813497169325784,1.0286234029750736,-0.047273686042495155,NA,NA,NA
County,24019,"Dorchester County, MD",COVID-19,0.9816989626149932,0.9843452090111687,-0.0026462463961755,NA,NA,NA
County,24029,"Kent County, MD",COVID-19,0.9469017094017094,0.9760962070374369,-0.029194497635727568,NA,NA,NA
County,24035,"Queen Anne's County, MD",COVID-19,1.021257138591318,1.0228284819229674,-0.001571343331649322,NA,NA,NA
County,24037,"St. Mary's County, MD",COVID-19,0.9992143168921868,1.0132730742336753,-0.014058757341488537,NA,NA,NA
County,24041,"Talbot County, MD",COVID-19,0.9395202162405676,1.0023863982250638,-0.06286618198449623,NA,NA,NA
County,24043,"Washington County, MD",COVID-19,0.9532531784737688,1.0141199968929373,-0.06086681841916852,NA,NA,NA
County,24510,"Baltimore city, MD",COVID-19,0.9350910384808984,0.9814480023827232,-0.046356963901824866,NA,NA,NA
County,25007,"Dukes County, MA",COVID-19,0.9961659457333858,1.0169597709106704,-0.020793825177284564,NA,NA,NA
County,25021,"Norfolk County, MA",COVID-19,1.001033765426912,1.017823208465588,-0.016789443038676133,NA,NA,NA
County,26017,"Bay County, MI",COVID-19,0.990699349590051,0.9715928873720168,0.019106462218034248,NA,NA,NA
County,26019,"Benzie County, MI",COVID-19,1.0274371361327883,1.006327315947599,0.021109820185189365,NA,NA,NA
County,26033,"Chippewa County, MI",COVID-19,1.042547133999747,0.9650890460833002,0.07745808791644682,NA,NA,NA
County,26043,"Dickinson County, MI",COVID-19,1.001875312552092,0.9664910822304469,0.03538423032164517,NA,NA,NA
County,26053,"Gogebic County, MI",COVID-19,0.9310848062266904,0.9675641981268934,-0.036479391900202995,NA,NA,NA
County,26055,"Grand Traverse County, MI",COVID-19,1.0179991841729554,1.0056537751420338,0.012345409030921628,NA,NA,NA
County,26063,"Huron County, MI",COVID-19,0.9408866995073892,0.9732173130839407,-0.032330613576551426,NA,NA,NA
County,26067,"Ionia County, MI",COVID-19,1.0017683027598745,0.9895607803628617,0.012207522397012838,NA,NA,NA
County,26079,"Kalkaska County, MI",COVID-19,1.031396255850234,0.9956839020975053,0.03571235375272874,NA,NA,NA
County,26095,"Luce County, MI",COVID-19,0.8345943673812526,0.9619420167503145,-0.12734764936906195,NA,NA,NA
County,26097,"Mackinac County, MI",COVID-19,1.0536466415428951,0.9612102257321778,0.09243641581071727,NA,NA,NA
County,26099,"Macomb County, MI",COVID-19,0.9811555714560916,1.0089768955864036,-0.02782132413031202,NA,NA,NA
County,26103,"Marquette County, MI",COVID-19,1.007581390837671,0.9635311188729556,0.04405027196471534,NA,NA,NA
County,26105,"Mason County, MI",COVID-19,0.948972442783746,1.012125453259532,-0.06315301047578603,NA,NA,NA
County,26113,"Missaukee County, MI",COVID-19,1.0711678832116789,0.9850006381194839,0.08616724509219498,NA,NA,NA
County,26121,"Muskegon County, MI",COVID-19,0.9974249418227596,1.0208952516833265,-0.023470309860566863,NA,NA,NA
County,26133,"Osceola County, MI",COVID-19,1.082449160035367,1.0071372707993516,0.0753118892360154,NA,NA,NA
County,26135,"Oscoda County, MI",COVID-19,0.7687623436471362,0.9900576178395961,-0.22129527419245987,NA,NA,NA
County,26143,"Roscommon County, MI",COVID-19,1.1236146095717885,1.0172445571982385,0.10637005237355002,NA,NA,NA
County,26145,"Saginaw County, MI",COVID-19,0.9687752177002662,1.0007117923252187,-0.031936574624952474,NA,NA,NA
County,26149,"St. Joseph County, MI",COVID-19,0.975275783575556,0.9864185744300691,-0.011142790854513085,NA,NA,NA
County,26151,"Sanilac County, MI",COVID-19,0.92008528554464,1.0083947405427942,-0.08830945499815424,NA,NA,NA
County,26153,"Schoolcraft County, MI",COVID-19,1.0330726621049202,0.9739665311618002,0.059106130943120005,NA,NA,NA
County,27007,"Beltrami County, MN",COVID-19,1.0368570751362882,1.0003843206555167,0.036472754480771474,NA,NA,NA
County,27031,"Cook County, MN",COVID-19,0.9331046312178388,0.9785716846355353,-0.045467053417696524,NA,NA,NA
County,27039,"Dodge County, MN",COVID-19,1.0174626735353185,1.0169175576707783,5.451158645402021e-4,NA,NA,NA
County,27051,"Grant County, MN",COVID-19,1.0037978863936592,0.9770538840058577,0.026744002387801502,NA,NA,NA
County,27053,"Hennepin County, MN",COVID-19,0.98481047285757,0.995642554478705,-0.010832081621135026,NA,NA,NA
County,27059,"Isanti County, MN",COVID-19,1.0601420754535855,1.0717372426998708,-0.011595167246285287,NA,NA,NA
County,27079,"Le Sueur County, MN",COVID-19,1.007293616471955,1.0244756164565854,-0.017181999984630325,NA,NA,NA
County,27085,"McLeod County, MN",COVID-19,0.9877034450890796,0.9671831343348781,0.020520310754201465,NA,NA,NA
County,27095,"Mille Lacs County, MN",COVID-19,1.0258320726172463,1.0088605030544446,0.01697156956280166,NA,NA,NA
County,27109,"Olmsted County, MN",COVID-19,1.020620291806437,1.006804769740999,0.013815522065438124,NA,NA,NA
County,27111,"Otter Tail County, MN",COVID-19,1.0147641155185363,1.0047281442573273,0.010035971261209031,NA,NA,NA
County,27117,"Pipestone County, MN",COVID-19,0.9423359194799747,0.9841198086231734,-0.04178388914319864,NA,NA,NA
County,27131,"Rice County, MN",COVID-19,1.0091812970261556,0.9935748889200153,0.015606408106140224,NA,NA,NA
County,27133,"Rock County, MN",COVID-19,0.9973524962178516,1.0041200788495332,-0.006767582631681646,NA,NA,NA
County,27153,"Todd County, MN",COVID-19,1.046404399323181,1.0118573941640419,0.03454700515913922,NA,NA,NA
County,27159,"Wadena County, MN",COVID-19,1.017133468940698,0.9770403020690087,0.04009316687168918,NA,NA,NA
County,27167,"Wilkin County, MN",COVID-19,0.9774501300954032,0.9877236194095963,-0.01027348931419314,NA,NA,NA
County,27171,"Wright County, MN",COVID-19,1.064751173955245,1.0471424180785598,0.01760875587668531,NA,NA,NA
County,28013,"Calhoun County, MS",COVID-19,0.961666358765934,0.9825857507205403,-0.020919391954606348,NA,NA,NA
County,28017,"Chickasaw County, MS",COVID-19,0.917976653696498,0.9874548335011529,-0.06947817980465498,NA,NA,NA
County,28019,"Choctaw County, MS",COVID-19,0.9815,0.9703395338551078,0.01116046614489219,NA,NA,NA
County,28021,"Claiborne County, MS",COVID-19,0.9616685456595264,0.9339224444160542,0.02774610124347221,NA,NA,NA
County,28035,"Forrest County, MS",COVID-19,1.0221737603184826,0.9785594727160022,0.04361428760248043,NA,NA,NA
County,28045,"Hancock County, MS",COVID-19,1.020786461899638,1.008434041541755,0.012352420357883087,NA,NA,NA
County,28049,"Hinds County, MS",COVID-19,0.9366909222481306,0.9865302556206323,-0.04983933337250179,NA,NA,NA
County,28053,"Humphreys County, MS",COVID-19,0.9054831288343558,0.9170671181145217,-0.011583989280165907,NA,NA,NA
County,28057,"Itawamba County, MS",COVID-19,0.9998058063889698,0.9773619698689036,0.022443836520066207,NA,NA,NA
County,28063,"Jefferson County, MS",COVID-19,0.9244386873920551,0.9716131391938794,-0.047174451801824224,NA,NA,NA
County,28067,"Jones County, MS",COVID-19,0.9779904636859926,1.0172945573640813,-0.039304093678088625,NA,NA,NA
County,28077,"Lawrence County, MS",COVID-19,1.0549112426035503,1.0013311307418646,0.05358011186168565,NA,NA,NA
County,28161,"Yalobusha County, MS",COVID-19,0.9581381733021076,0.9554465061127633,0.0026916671893443267,NA,NA,NA
County,29001,"Adair County, MO",COVID-19,0.9216030936895764,0.975918088103339,-0.05431499441376264,NA,NA,NA
County,29011,"Barton County, MO",COVID-19,1.0130071830712484,0.9902932232364157,0.02271395983483271,NA,NA,NA
County,29021,"Buchanan County, MO",COVID-19,0.9335174063517916,0.9754925609719645,-0.04197515462017287,NA,NA,NA
County,29041,"Chariton County, MO",COVID-19,0.987303506650544,0.9788349511921935,0.008468555458350457,NA,NA,NA
County,29047,"Clay County, MO",COVID-19,1.0330258568942854,1.0510054621388976,-0.017979605244612173,NA,NA,NA
County,29059,"Dallas County, MO",COVID-19,1.0444981296758105,1.033411326006033,0.011086803669777545,NA,NA,NA
County,29067,"Douglas County, MO",COVID-19,1.028593172428789,1.015137791793308,0.013455380635480907,NA,NA,NA
County,29077,"Greene County, MO",COVID-19,1.0257195050494603,1.0105279919829313,0.015191513066528994,NA,NA,NA
County,29087,"Holt County, MO",COVID-19,0.9293103448275862,0.9775352141312448,-0.048224869303658546,NA,NA,NA
County,29095,"Jackson County, MO",COVID-19,1.0075395155875166,0.9979525180357744,0.009586997551742193,NA,NA,NA
County,29099,"Jefferson County, MO",COVID-19,1.0258436399200284,1.0224090703286626,0.003434569591365788,NA,NA,NA
County,29107,"Lafayette County, MO",COVID-19,1.007424970362513,1.02311248336297,-0.015687513000456788,NA,NA,NA
County,29109,"Lawrence County, MO",COVID-19,0.9565076178103225,1.0109470306651485,-0.05443941285482601,NA,NA,NA
County,29117,"Livingston County, MO",COVID-19,0.9681093394077448,0.9783637880149951,-0.010254448607250333,NA,NA,NA
County,29125,"Maries County, MO",COVID-19,1.011196067722556,1.0104182572902598,7.778104322961887e-4,NA,NA,NA
County,29135,"Moniteau County, MO",COVID-19,0.9870093194012992,0.9881529482329191,-0.0011436288316198917,NA,NA,NA
County,29141,"Morgan County, MO",COVID-19,1.0539680559021711,1.0306295456663983,0.023338510235772825,NA,NA,NA
County,29151,"Osage County, MO",COVID-19,1.0171981104222023,0.992405483397606,0.02479262702459628,NA,NA,NA
County,29179,"Reynolds County, MO",COVID-19,0.8743551952837141,1.0289664335624045,-0.1546112382786904,NA,NA,NA
County,29181,"Ripley County, MO",COVID-19,1.012888888888889,0.9819801876214113,0.03090870126747769,NA,NA,NA
County,29186,"Ste. Genevieve County, MO",COVID-19,1.0238538133274977,0.9992269297242766,0.024626883603221073,NA,NA,NA
County,29221,"Washington County, MO",COVID-19,0.9862734584450402,0.9967243726981966,-0.010450914253156363,NA,NA,NA
County,29510,"St. Louis city, MO",COVID-19,0.9424931818750468,0.9826566739750279,-0.040163492099981046,NA,NA,NA
County,30021,"Dawson County, MT",COVID-19,0.930752453653217,0.9686603475469197,-0.03790789389370264,NA,NA,NA
County,30037,"Golden Valley County, MT",COVID-19,1.0989445910290236,1.0457455446951467,0.053199046333876954,NA,NA,NA
County,30039,"Granite County, MT",COVID-19,0.995830174374526,1.0085087919551556,-0.012678617580629603,NA,NA,NA
County,30047,"Lake County, MT",COVID-19,1.0806315304240934,1.026725106707831,0.05390642371626253,NA,NA,NA
County,30049,"Lewis and Clark County, MT",COVID-19,1.0371976332733917,1.0017388482670275,0.035458785006364124,NA,NA,NA
County,30053,"Lincoln County, MT",COVID-19,1.0887668566662032,1.0490518100032389,0.039715046662964326,NA,NA,NA
County,30055,"McCone County, MT",COVID-19,0.9952941176470588,1.014734607587412,-0.01944048994035319,NA,NA,NA
County,30061,"Mineral County, MT",COVID-19,1.1549865229110512,1.0352360889553895,0.11975043395566165,NA,NA,NA
County,30063,"Missoula County, MT",COVID-19,1.0475287198707988,1.0087068609659058,0.03882185890489298,NA,NA,NA
County,30065,"Musselshell County, MT",COVID-19,1.0530646992054484,0.9767911044193417,0.07627359478610674,NA,NA,NA
County,30073,"Pondera County, MT",COVID-19,0.933130699088146,0.9715187268005434,-0.038388027712397355,NA,NA,NA
County,30103,"Treasure County, MT",COVID-19,0.9212410501193318,1.0720657982517314,-0.15082474813239966,NA,NA,NA
County,30109,"Wibaux County, MT",COVID-19,0.9304245283018868,0.9681037470586044,-0.037679218756717536,NA,NA,NA
County,31003,"Antelope County, NE",COVID-19,0.9799043062200956,1.0004248762192909,-0.02052056999919527,NA,NA,NA
County,31009,"Blaine County, NE",COVID-19,0.9881422924901184,1.032418090963807,-0.044275798473688566,NA,NA,NA
County,31021,"Burt County, NE",COVID-19,1.0180546519193234,0.9647197382153382,0.05333491370398524,NA,NA,NA
County,31023,"Butler County, NE",COVID-19,1.015006821282401,1.0016513117522101,0.013355509530190934,NA,NA,NA
County,31025,"Cass County, NE",COVID-19,1.0282608695652171,1.0342277817882042,-0.005966912222987064,NA,NA,NA
County,31041,"Custer County, NE",COVID-19,0.9841124908692476,0.9810236771356058,0.003088813733641782,NA,NA,NA
County,31043,"Dakota County, NE",COVID-19,1.016371394119284,1.0045391130503867,0.011832281068897332,NA,NA,NA
County,31061,"Franklin County, NE",COVID-19,1.0423669467787116,0.98501125136421,0.057355695414501584,NA,NA,NA
County,31063,"Frontier County, NE",COVID-19,0.9686226568867156,0.9592687187467228,0.009353938139992746,NA,NA,NA
County,31093,"Howard County, NE",COVID-19,1.0673343605546994,1.0209640881597255,0.04637027239497393,NA,NA,NA
County,31099,"Kearney County, NE",COVID-19,0.9826238053866204,1.0316265785682366,-0.049002773181616166,NA,NA,NA
County,31105,"Kimball County, NE",COVID-19,0.9890899414582224,0.9650361249409167,0.02405381651730565,NA,NA,NA
County,31109,"Lancaster County, NE",COVID-19,1.0205584499882243,0.9925334160079,0.0280250339803243,NA,NA,NA
County,31113,"Logan County, NE",COVID-19,0.9197860962566844,0.9933837409586571,-0.07359764470197272,NA,NA,NA
County,31117,"McPherson County, NE",COVID-19,0.875,1.0980195655622,-0.22301956556220004,NA,NA,NA
County,31129,"Nuckolls County, NE",COVID-19,1.0404294198264048,0.9583930934615569,0.08203632636484792,NA,NA,NA
County,31153,"Sarpy County, NE",COVID-19,1.0494809479740876,1.0402199338306426,0.009261014143445045,NA,NA,NA
County,31159,"Seward County, NE",COVID-19,0.9959289415247964,1.000145627008803,-0.004216685484006555,NA,NA,NA
County,31163,"Sherman County, NE",COVID-19,0.976065573770492,1.0050142993617681,-0.028948725591276148,NA,NA,NA
County,31171,"Thomas County, NE",COVID-19,0.9942528735632185,0.9744631613541821,0.01978971220903636,NA,NA,NA
County,31173,"Thurston County, NE",COVID-19,1.0773704617553754,0.9723978640603769,0.10497259769499856,NA,NA,NA
County,31179,"Wayne County, NE",COVID-19,0.992557978539287,0.9763348064675028,0.016223172071784142,NA,NA,NA
County,32003,"Clark County, NV",COVID-19,1.0174095860223953,1.0697447291993587,-0.05233514317696342,NA,NA,NA
County,32009,"Esmeralda County, NV",COVID-19,0.9840989399293286,0.9952016456947361,-0.011102705765407506,NA,NA,NA
County,32011,"Eureka County, NV",COVID-19,0.902456647398844,0.9677648768505941,-0.06530822945175008,NA,NA,NA
County,32033,"White Pine County, NV",COVID-19,0.9735245449531164,0.9710585222882828,0.0024660226648335337,NA,NA,NA
County,33015,"Rockingham County, NH",COVID-19,0.9908437195067862,1.0112578610134495,-0.02041414150666332,NA,NA,NA
County,33017,"Strafford County, NH",COVID-19,0.9888579573591016,1.002467783587293,-0.013609826228191402,NA,NA,NA
County,34007,"Camden County, NJ",COVID-19,1.0303346237725213,1.0124284470457614,0.01790617672675987,NA,NA,NA
County,34023,"Middlesex County, NJ",COVID-19,1.0189993209880923,0.9857305864081719,0.03326873457992041,NA,NA,NA
County,34027,"Morris County, NJ",COVID-19,1.0120256261276417,1.0160923909723303,-0.004066764844688597,NA,NA,NA
County,35007,"Colfax County, NM",COVID-19,0.9786187512547682,0.9547332069937169,0.023885544261051272,NA,NA,NA
County,35017,"Grant County, NM",COVID-19,0.9642925338934504,0.9884958405137787,-0.024203306620328324,NA,NA,NA
County,35033,"Mora County, NM",COVID-19,0.8057875894988067,1.0166633489976367,-0.21087575949882997,NA,NA,NA
County,35045,"San Juan County, NM",COVID-19,0.9654179572999604,0.9824877077875599,-0.01706975048759951,NA,NA,NA
County,36001,"Albany County, NY",COVID-19,1.0008398799259115,0.9914338540179182,0.009406025907993332,NA,NA,NA
County,36007,"Broome County, NY",COVID-19,0.9700565172152856,0.9960452718172284,-0.02598875460194272,NA,NA,NA
County,36011,"Cayuga County, NY",COVID-19,0.9715379061371842,0.9588165837200859,0.012721322417098224,NA,NA,NA
County,36031,"Essex County, NY",COVID-19,0.985541457657126,0.9711362335992528,0.014405224057873145,NA,NA,NA
County,36047,"Kings County, NY",COVID-19,0.9702177611567396,1.0057275520538353,-0.03550979089709572,NA,NA,NA
County,36057,"Montgomery County, NY",COVID-19,0.9794626593806922,0.9806850619528472,-0.0012224025721550014,NA,NA,NA
County,36061,"New York County, NY",COVID-19,0.9709844260035044,0.977137481051247,-0.0061530550477425505,NA,NA,NA
County,36063,"Niagara County, NY",COVID-19,0.9765391389833286,0.9886386995445506,-0.012099560561222078,NA,NA,NA
County,36071,"Orange County, NY",COVID-19,1.015007894455901,1.0355428012158439,-0.02053490675994296,NA,NA,NA
County,36075,"Oswego County, NY",COVID-19,0.9977623264122312,0.9810662930947442,0.016696033317486925,NA,NA,NA
County,36083,"Rensselaer County, NY",COVID-19,0.9808671053130092,0.9831169739030934,-0.0022498685900841364,NA,NA,NA
County,36099,"Seneca County, NY",COVID-19,0.8736156351791531,0.9834145419930788,-0.10979890681392568,NA,NA,NA
County,36101,"Steuben County, NY",COVID-19,0.9485962164116158,0.9619070772993344,-0.0133108608877186,NA,NA,NA
County,37019,"Brunswick County, NC",COVID-19,1.1870240810173551,1.1595185105423245,0.02750557047503066,NA,NA,NA
County,37027,"Caldwell County, NC",COVID-19,1.0058269834155087,1.0015569664149513,0.004270017000557402,NA,NA,NA
County,37103,"Jones County, NC",COVID-19,1.0194931773879143,0.9757760990444176,0.043717078343496696,NA,NA,NA
County,37107,"Lenoir County, NC",COVID-19,1.0061476290787157,0.9893242736671825,0.016823355411533236,NA,NA,NA
County,37111,"McDowell County, NC",COVID-19,0.9831113225499524,0.9931071523378755,-0.009995829787923127,NA,NA,NA
County,37113,"Macon County, NC",COVID-19,1.0655977646197858,1.0160037057908657,0.049594058828920096,NA,NA,NA
County,37129,"New Hanover County, NC",COVID-19,1.0707243181227424,1.0111613280184255,0.05956299010431687,NA,NA,NA
County,37135,"Orange County, NC",COVID-19,1.0610774589762602,0.9877424914238117,0.0733349675524485,NA,NA,NA
County,37157,"Rockingham County, NC",COVID-19,0.998218895198761,1.0066396957284458,-0.008420800529684858,NA,NA,NA
County,37159,"Rowan County, NC",COVID-19,1.0420311729916214,1.033862505209941,0.00816866778168035,NA,NA,NA
County,37177,"Tyrrell County, NC",COVID-19,0.9146810146041506,0.9570908253995646,-0.04240981079541395,NA,NA,NA
County,37185,"Warren County, NC",COVID-19,0.9717658428827832,1.0115527994490736,-0.03978695656629039,NA,NA,NA
County,37189,"Watauga County, NC",COVID-19,1.0239839592812523,0.9773985793967228,0.04658537988452949,NA,NA,NA
County,38015,"Burleigh County, ND",COVID-19,1.0272077426609374,0.9926932485734644,0.03451449408747298,NA,NA,NA
County,38017,"Cass County, ND",COVID-19,1.065992356352135,0.9980891493729213,0.0679032069792137,NA,NA,NA
County,38043,"Kidder County, ND",COVID-19,1.0184672206832872,1.0138596703995202,0.004607550283767026,NA,NA,NA
County,38059,"Morton County, ND",COVID-19,1.022809872525088,1.0108627646076438,0.011947107917444244,NA,NA,NA
County,38077,"Richland County, ND",COVID-19,1.0028885037550548,0.9713476998122896,0.03154080394276515,NA,NA,NA
County,38087,"Slope County, ND",COVID-19,0.863013698630137,1.0272145420106695,-0.16420084338053254,NA,NA,NA
County,38089,"Stark County, ND",COVID-19,0.9810232502540196,0.9991416842885635,-0.01811843403454394,NA,NA,NA
County,39019,"Carroll County, OH",COVID-19,0.980105424247577,0.9954579300118588,-0.01535250576428182,NA,NA,NA
County,39025,"Clermont County, OH",COVID-19,1.0193632795464458,1.0171242325887064,0.0022390469577393546,NA,NA,NA
County,39033,"Crawford County, OH",COVID-19,0.972972972972973,0.9859844087145134,-0.0130114357415404,NA,NA,NA
County,39039,"Defiance County, OH",COVID-19,0.9693624868282402,0.9786731671478478,-0.009310680319607578,NA,NA,NA
County,39043,"Erie County, OH",COVID-19,0.982412899991645,0.9892605136659646,-0.006847613674319519,NA,NA,NA
County,39045,"Fairfield County, OH",COVID-19,1.042603723016094,1.043103313276375,-4.995902602809021e-4,NA,NA,NA
County,39051,"Fulton County, OH",COVID-19,0.961274322777566,0.9876306118476619,-0.026356289070095906,NA,NA,NA
County,39057,"Greene County, OH",COVID-19,0.9974482995010854,1.0049517269991202,-0.007503427498034787,NA,NA,NA
County,39073,"Hocking County, OH",COVID-19,0.98058017727639,0.9923294777439514,-0.011749300467561397,NA,NA,NA
County,39075,"Holmes County, OH",COVID-19,1.0441258422412485,1.005744908783959,0.038380933457289546,NA,NA,NA
County,39107,"Mercer County, OH",COVID-19,0.9885473854738548,1.0095361553812632,-0.02098876990740839,NA,NA,NA
County,39109,"Miami County, OH",COVID-19,1.005808714989552,1.022283523672411,-0.016474808682859,NA,NA,NA
County,39121,"Noble County, OH",COVID-19,0.9803850782190132,1.0159127395248313,-0.03552766130581808,NA,NA,NA
County,39125,"Paulding County, OH",COVID-19,1.0079299325363948,0.9787916482215603,0.02913828431483456,NA,NA,NA
County,39139,"Richland County, OH",COVID-19,0.9653892629035042,1.0098973792473256,-0.04450811634382135,NA,NA,NA
County,39143,"Sandusky County, OH",COVID-19,0.9768081054862932,0.9891317569156373,-0.012323651429344107,NA,NA,NA
County,39149,"Shelby County, OH",COVID-19,0.978131995688583,0.9837363385200986,-0.005604342831515563,NA,NA,NA
County,39155,"Trumbull County, OH",COVID-19,0.9667912477002648,0.9932828285196788,-0.02649158081941394,NA,NA,NA
County,39171,"Williams County, OH",COVID-19,0.9467684942437022,0.9868056426277174,-0.040037148384015175,NA,NA,NA
County,39175,"Wyandot County, OH",COVID-19,1.0201177625122668,0.9667802193676579,0.05333754314460892,NA,NA,NA
County,40005,"Atoka County, OK",COVID-19,1.0146801477736729,0.9943267258347203,0.02035342193895262,NA,NA,NA
County,40019,"Carter County, OK",COVID-19,0.999250796029219,0.998514528716442,7.362673127769837e-4,NA,NA,NA
County,40023,"Choctaw County, OK",COVID-19,1.1568802427271103,0.9802539985797549,0.1766262441473554,NA,NA,NA
County,40027,"Cleveland County, OK",COVID-19,1.057958459595088,1.0138882085787024,0.04407025101638551,NA,NA,NA
County,40055,"Greer County, OK",COVID-19,0.9194111776447106,0.9741063468351278,-0.05469516919041717,NA,NA,NA
County,40067,"Jefferson County, OK",COVID-19,0.988445854100589,0.9844014352579247,0.004044418842664377,NA,NA,NA
County,40069,"Johnston County, OK",COVID-19,0.8375975715524718,0.9870300699461625,-0.14943249839369066,NA,NA,NA
County,40073,"Kingfisher County, OK",COVID-19,1.0023699718165513,0.9761013530315754,0.026268618784975883,NA,NA,NA
County,40083,"Logan County, OK",COVID-19,1.1081582759869613,1.0738164773486383,0.034341798638322985,NA,NA,NA
County,40089,"McCurtain County, OK",COVID-19,1.1510889656835168,0.9923183783708155,0.15877058731270133,NA,NA,NA
County,40097,"Mayes County, OK",COVID-19,1.031335947100474,0.9948366305977502,0.036499316502723755,NA,NA,NA
County,40121,"Pittsburg County, OK",COVID-19,0.9258027270727952,0.9870451728582341,-0.061242445785438915,NA,NA,NA
County,40133,"Seminole County, OK",COVID-19,1.0083096186681844,1.0017011507528764,0.006608467915308003,NA,NA,NA
County,40135,"Sequoyah County, OK",COVID-19,1.039979332170768,1.0137546376147983,0.026224694555969652,NA,NA,NA
County,40137,"Stephens County, OK",COVID-19,1.073764847650198,1.0031771746636768,0.07058767298652113,NA,NA,NA
County,41001,"Baker County, OR",COVID-19,1.0267078776351244,0.9896086733698253,0.03709920426529911,NA,NA,NA
County,41003,"Benton County, OR",COVID-19,1.0267843471793865,0.974094845429082,0.05268950175030451,NA,NA,NA
County,41011,"Coos County, OR",COVID-19,1.0188518077075883,1.0023013575851276,0.016550450122460703,NA,NA,NA
County,41023,"Grant County, OR",COVID-19,1.0315696649029982,0.9710257143551071,0.06054395054789108,NA,NA,NA
County,41027,"Hood River County, OR",COVID-19,0.994593586875466,0.9825500553715868,0.012043531503879157,NA,NA,NA
County,41035,"Klamath County, OR",COVID-19,1.031380673610583,1.0006933516270546,0.030687321983528415,NA,NA,NA
County,41039,"Lane County, OR",COVID-19,1.0173430701944708,1.0114874137773608,0.0058556564171099446,NA,NA,NA
County,42003,"Allegheny County, PA",COVID-19,0.963402607923476,0.9959462535824305,-0.03254364565895451,NA,NA,NA
County,42005,"Armstrong County, PA",COVID-19,0.9567735742892132,0.970227391716315,-0.013453817427101833,NA,NA,NA
County,42023,"Cameron County, PA",COVID-19,0.8867586912065439,0.9280261029957229,-0.04126741178917892,NA,NA,NA
County,42033,"Clearfield County, PA",COVID-19,0.9797614589035176,0.994658783022637,-0.01489732411911937,NA,NA,NA
County,42039,"Crawford County, PA",COVID-19,0.9704882033153904,0.9608828448651153,0.009605358450275103,NA,NA,NA
County,42041,"Cumberland County, PA",COVID-19,1.0320280452233077,1.0229586917250253,0.009069353498282418,NA,NA,NA
County,42047,"Elk County, PA",COVID-19,0.9105667810395222,0.9583300999288418,-0.04776331888931962,NA,NA,NA
County,42071,"Lancaster County, PA",COVID-19,1.011871254848253,1.024174380479306,-0.012303125631053069,NA,NA,NA
County,42083,"McKean County, PA",COVID-19,0.9311511773404618,0.9576244863467273,-0.026473309006265433,NA,NA,NA
County,42085,"Mercer County, PA",COVID-19,0.9375235700817096,0.9717052843816186,-0.034181714299909016,NA,NA,NA
County,42089,"Monroe County, PA",COVID-19,0.9754068442978868,1.0129491162982462,-0.03754227200035942,NA,NA,NA
County,42097,"Northumberland County, PA",COVID-19,0.9934240526075792,0.9948148413197689,-0.0013907887121897833,NA,NA,NA
County,42121,"Venango County, PA",COVID-19,0.8972498966989578,0.9554531044405487,-0.05820320774159082,NA,NA,NA
County,42127,"Wayne County, PA",COVID-19,1.0080100975775523,0.996301887151665,0.011708210425887322,NA,NA,NA
County,42131,"Wyoming County, PA",COVID-19,0.9708448866416572,0.9739115537728763,-0.0030666671312190585,NA,NA,NA
County,44005,"Newport County, RI",COVID-19,0.9917492934808642,0.9905960380162665,0.0011532554645976578,NA,NA,NA
County,44009,"Washington County, RI",COVID-19,1.014111127979353,1.0038590604399997,0.010252067539353371,NA,NA,NA
County,45005,"Allendale County, SC",COVID-19,0.9440924338427134,0.9291521464600458,0.014940287382667505,NA,NA,NA
County,45011,"Barnwell County, SC",COVID-19,0.9412753692806533,0.9876088151346742,-0.046333445854020994,NA,NA,NA
County,45013,"Beaufort County, SC",COVID-19,1.0379911696904185,1.051218749454685,-0.013227579764266473,NA,NA,NA
County,45039,"Fairfield County, SC",COVID-19,0.9739379171522408,0.9929295110893434,-0.01899159393710259,NA,NA,NA
County,45047,"Greenwood County, SC",COVID-19,0.9804205178861216,0.998502979649506,-0.01808246176338435,NA,NA,NA
County,45075,"Orangeburg County, SC",COVID-19,0.988045738045738,0.9807704772895788,0.007275260756159252,NA,NA,NA
County,45083,"Spartanburg County, SC",COVID-19,1.0534513777104442,1.086088778210736,-0.03263740050029185,NA,NA,NA
County,45089,"Williamsburg County, SC",COVID-19,0.8364478042979699,0.9270156873382258,-0.09056788304025587,NA,NA,NA
County,46013,"Brown County, SD",COVID-19,0.9574863599053643,0.9918606584056372,-0.03437429850027285,NA,NA,NA
County,46015,"Brule County, SD",COVID-19,1.0493387589013226,0.9832503134966992,0.06608844540462333,NA,NA,NA
County,46017,"Buffalo County, SD",COVID-19,1.0073770491803278,0.9416282535087879,0.0657487956715399,NA,NA,NA
County,46027,"Clay County, SD",COVID-19,0.9908199975189182,0.9699418070722486,0.02087819044666961,NA,NA,NA
County,46029,"Codington County, SD",COVID-19,1.040933012799688,0.9819154590988604,0.05901755370082773,NA,NA,NA
County,46031,"Corson County, SD",COVID-19,0.9409751924721984,0.9437697464478367,-0.0027945539756383253,NA,NA,NA
County,46035,"Davison County, SD",COVID-19,1.0059662533793232,0.9761922590854983,0.02977399429382488,NA,NA,NA
County,46039,"Deuel County, SD",COVID-19,1.0860238832375055,1.0085802174346463,0.07744366580285922,NA,NA,NA
County,46041,"Dewey County, SD",COVID-19,1.0657690315898498,0.9624644813521739,0.10330455023767593,NA,NA,NA
County,46055,"Haakon County, SD",COVID-19,1.0061936936936935,0.9862050093879033,0.01998868430579015,NA,NA,NA
County,46067,"Hutchinson County, SD",COVID-19,1.0266806173162435,0.9801407426431067,0.046539874673136805,NA,NA,NA
County,46069,"Hyde County, SD",COVID-19,0.9884726224783862,0.9718626307148863,0.016609991763499865,NA,NA,NA
County,46075,"Jones County, SD",COVID-19,0.9246411483253588,0.9701697268234086,-0.04552857849804981,NA,NA,NA
County,46079,"Lake County, SD",COVID-19,1.0153546375681994,0.9363184324374427,0.07903620513075671,NA,NA,NA
County,46083,"Lincoln County, SD",COVID-19,1.1234338292873922,1.1085730934363969,0.014860735850995344,NA,NA,NA
County,46087,"McCook County, SD",COVID-19,1.0128813559322034,1.0088130166934688,0.0040683392387346196,NA,NA,NA
County,46097,"Miner County, SD",COVID-19,1.0560263653483992,0.9979452526572332,0.058081112691166004,NA,NA,NA
County,46101,"Moody County, SD",COVID-19,1.0040625,0.9775179900105259,0.02654450998947422,NA,NA,NA
County,46107,"Potter County, SD",COVID-19,0.9724025974025974,0.9776321766566285,-0.005229579254031114,NA,NA,NA
County,46109,"Roberts County, SD",COVID-19,0.9719101123595506,0.9939335580710045,-0.02202344571145387,NA,NA,NA
County,46111,"Sanborn County, SD",COVID-19,1.0682684973302825,0.9596969378283353,0.10857155950194719,NA,NA,NA
County,47011,"Bradley County, TN",COVID-19,0.956911091478596,1.0267312837889082,-0.06982019231031222,NA,NA,NA
County,47017,"Carroll County, TN",COVID-19,0.9954128440366972,0.9954753594481341,-6.25154114369808e-5,NA,NA,NA
County,47063,"Hamblen County, TN",COVID-19,0.99452589309391215,1.0158741846930275,-0.021348291599115332,NA,NA,NA
County,47069,"Hardeman County, TN",COVID-19,0.9373575011399908,0.9960303083089069,-0.0586728071689161,NA,NA,NA
County,47089,"Jefferson County, TN",COVID-19,1.0267001275352778,1.043412038325896,-0.01671191079061818,NA,NA,NA
County,47099,"Lawrence County, TN",COVID-19,1.0174917306721982,1.0291638091651034,-0.011672078492905191,NA,NA,NA
County,47101,"Lewis County, TN",COVID-19,1.085579382254574,1.0393691753778718,0.0462102068767023,NA,NA,NA
County,47109,"McNairy County, TN",COVID-19,0.9874194219172384,0.9868266338247188,5.927880925196138e-4,NA,NA,NA
County,47123,"Monroe County, TN",COVID-19,1.033950953678474,1.0202220274890088,0.013728926189465085,NA,NA,NA
County,47137,"Pickett County, TN",COVID-19,0.8986562150055991,1.0260932940615475,-0.12743707905594837,NA,NA,NA
County,47157,"Shelby County, TN",COVID-19,0.9587274946597498,1.0032536052112282,-0.04452611055147837,NA,NA,NA
County,47167,"Tipton County, TN",COVID-19,0.9863886475528526,1.0178902309782079,-0.03150158342535525,NA,NA,NA
County,48001,"Anderson County, TX",COVID-19,0.9874499050833158,1.0032636740877108,-0.015813769004395017,NA,NA,NA
County,48015,"Austin County, TX",COVID-19,1.0350236197224685,0.9911568807854605,0.04386673893700799,NA,NA,NA
County,48019,"Bandera County, TX",COVID-19,1.0961348481106443,1.0898106558962877,0.00632419221435665,NA,NA,NA
County,48023,"Baylor County, TX",COVID-19,1.0905310300703774,0.9616191120343874,0.12891191803599,NA,NA,NA
County,48031,"Blanco County, TX",COVID-19,1.1651716068642746,1.0518633924658314,0.11330821439844319,NA,NA,NA
County,48041,"Brazos County, TX",COVID-19,1.110811030154379,0.9925332898820033,0.1182777402723757,NA,NA,NA
County,48043,"Brewster County, TX",COVID-19,1.038878657663188,0.9849401614539055,0.053938496209282594,NA,NA,NA
County,48049,"Brown County, TX",COVID-19,0.978978978978979,0.9990013926823038,-0.020022413703324804,NA,NA,NA
County,48055,"Caldwell County, TX",COVID-19,1.14702154626109,1.045839806403078,0.10118173985801193,NA,NA,NA
County,48065,"Carson County, TX",COVID-19,1.0039275956284153,0.9982959908444163,0.005631604783998934,NA,NA,NA
County,48089,"Colorado County, TX",COVID-19,1.0650330972012545,0.9859551408768717,0.07907795632438275,NA,NA,NA
County,48091,"Comal County, TX",COVID-19,1.225278223797132,1.1909350020343785,0.034343221762753506,NA,NA,NA
County,48097,"Cooke County, TX",COVID-19,1.0379877325911036,1.0383070664137608,-3.1933382265725285e-4,NA,NA,NA
County,48101,"Cottle County, TX",COVID-19,1.6748091603053434,0.9983324195203778,0.6764767407849657,NA,NA,NA
County,48121,"Denton County, TX",COVID-19,1.1637132116755822,1.1780709813092711,-0.014357769633688955,NA,NA,NA
County,48125,"Dickens County, TX",COVID-19,0.9742120343839542,0.9677701281808818,0.0064419062030723895,NA,NA,NA
County,48139,"Ellis County, TX",COVID-19,1.2019642529690315,1.176756544416772,0.02520770855225951,NA,NA,NA
County,48143,"Erath County, TX",COVID-19,1.05376262241843,1.01630193113545,0.03746069128298002,NA,NA,NA
County,48155,"Foard County, TX",COVID-19,0.9979423868312756,1.0299900109481737,-0.0320476241168981,NA,NA,NA
County,48165,"Gaines County, TX",COVID-19,1.048961083687292,1.0363647048099591,0.012596378877332892,NA,NA,NA
County,48173,"Glasscock County, TX",COVID-19,1.0425531914893618,1.0226316840788314,0.019921507410530337,NA,NA,NA
County,48183,"Gregg County, TX",COVID-19,0.9903357813584712,1.0205575286364856,-0.03022174727801441,NA,NA,NA
County,48195,"Hansford County, TX",COVID-19,0.9945604873803308,0.9668995808193164,0.027660906561014387,NA,NA,NA
County,48197,"Hardeman County, TX",COVID-19,1.0216787103946636,0.9770918898310295,0.044586820563634166,NA,NA,NA
County,48221,"Hood County, TX",COVID-19,1.0569968867246746,1.1525070959664383,-0.09551020924176368,NA,NA,NA
County,48223,"Hopkins County, TX",COVID-19,1.0777963671128108,1.0212024210895294,0.05659394602328138,NA,NA,NA
County,48239,"Jackson County, TX",COVID-19,0.9616785431512272,0.9825694257370621,-0.020890882585834825,NA,NA,NA
County,48241,"Jasper County, TX",COVID-19,0.9556266793108898,0.9930103276953184,-0.037383648384428536,NA,NA,NA
County,48247,"Jim Hogg County, TX",COVID-19,0.9807592303692148,0.9710613106583672,0.009697919710847547,NA,NA,NA
County,48251,"Johnson County, TX",COVID-19,1.1560257945870085,1.1116585282096094,0.04436726637739907,NA,NA,NA
County,48259,"Kendall County, TX",COVID-19,1.141728671898889,1.1418005310593933,-7.185916050422847e-5,NA,NA,NA
County,48277,"Lamar County, TX",COVID-19,1.016958301470919,1.013908568007418,0.0030497334635009032,NA,NA,NA
County,48295,"Lipscomb County, TX",COVID-19,0.8836828309305373,0.9085005885113311,-0.024817757580793742,NA,NA,NA
County,48299,"Llano County, TX",COVID-19,1.1247711221553751,1.0375258990908058,0.08724522306456928,NA,NA,NA
County,48301,"Loving County, TX",COVID-19,2.286666666666666,1.4716694240054575,0.8149972426612087,NA,NA,NA
County,48309,"McLennan County, TX",COVID-19,1.0698920976359256,1.0399311067361632,0.029960990899762452,NA,NA,NA
County,48323,"Maverick County, TX",COVID-19,0.9985757603601948,0.9918092255481273,0.0067665348120674595,NA,NA,NA
County,48327,"Menard County, TX",COVID-19,0.9812633832976444,0.9895374942440169,-0.008274110946372537,NA,NA,NA
County,48341,"Moore County, TX",COVID-19,1.055221835809885,0.99602862241791,0.05919321339197503,NA,NA,NA
County,48345,"Motley County, TX",COVID-19,1.080046403712297,0.9906514517386666,0.08939495197363034,NA,NA,NA
County,48349,"Navarro County, TX",COVID-19,1.001631212012871,1.0250499328247613,-0.023418720811890337,NA,NA,NA
County,48357,"Ochiltree County, TX",COVID-19,0.8998158002455997,0.9738134104883499,-0.0739976102427502,NA,NA,NA
County,48361,"Orange County, TX",COVID-19,0.993803886413373,1.019915209791666,-0.026111323378292917,NA,NA,NA
County,48363,"Palo Pinto County, TX",COVID-19,0.9882239070817874,1.0328003818362534,-0.04457647475446602,NA,NA,NA
County,48365,"Panola County, TX",COVID-19,0.9276668813050012,0.9802477674860194,-0.052580886181018194,NA,NA,NA
County,48381,"Randall County, TX",COVID-19,1.0794171530825274,1.0594611624915053,0.019955990591022044,NA,NA,NA
County,48387,"Red River County, TX",COVID-19,1.014758100310697,1.0101448956956838,0.004613204615013133,NA,NA,NA
County,48409,"San Patricio County, TX",COVID-19,1.0284649567864517,1.0323432246096522,-0.003878267823200554,NA,NA,NA
County,48411,"San Saba County, TX",COVID-19,0.8790496760259179,0.978877437567888,-0.09982776154197015,NA,NA,NA
County,48439,"Tarrant County, TX",COVID-19,1.0690584162984156,1.0428821134028852,0.026176302895530412,NA,NA,NA
County,48449,"Titus County, TX",COVID-19,1.0735569364378228,1.0028659264088169,0.07069101002900591,NA,NA,NA
County,48453,"Travis County, TX",COVID-19,1.122952389464142,1.044213327353729,0.07873906211041293,NA,NA,NA
County,48455,"Trinity County, TX",COVID-19,1.0250528541226216,1.0100700143519594,0.01498283977066217,NA,NA,NA
County,48457,"Tyler County, TX",COVID-19,1.0173552319674908,1.0343923534940298,-0.017037121526539023,NA,NA,NA
County,48461,"Upton County, TX",COVID-19,1.9865724381625445,0.9346556379953893,1.051916800167155,NA,NA,NA
County,48465,"Val Verde County, TX",COVID-19,0.974017403206883,1.004086437738971,-0.03006903453208809,NA,NA,NA
County,48487,"Wilbarger County, TX",COVID-19,0.9967834772304046,0.9648606819904897,0.031922795239914925,NA,NA,NA
County,48489,"Willacy County, TX",COVID-19,1.114054262569114,0.99042073890594,0.12363352366317415,NA,NA,NA
County,48503,"Young County, TX",COVID-19,1.0104965430546826,1.0150878337967588,-0.004591290742076204,NA,NA,NA
County,49005,"Cache County, UT",COVID-19,1.094913431719366,1.0140196422250787,0.08089378949428738,NA,NA,NA
County,49019,"Grand County, UT",COVID-19,1.1216981132075472,0.9742044349293515,0.1474936782781957,NA,NA,NA
County,49027,"Millard County, UT",COVID-19,1.043742075710922,0.9995237385190647,0.04421833719185719,NA,NA,NA
County,49033,"Rich County, UT",COVID-19,1.064609450337512,0.936923322151151,0.12768612818636105,NA,NA,NA
County,49035,"Salt Lake County, UT",COVID-19,1.0681427983251124,1.0051921593358473,0.06295063898926512,NA,NA,NA
County,49041,"Sevier County, UT",COVID-19,1.0606926698049766,0.9780883420326846,0.08260432777229199,NA,NA,NA
County,49049,"Utah County, UT",COVID-19,1.1322969104728062,1.0386033093485916,0.09369360112421465,NA,NA,NA
County,49051,"Wasatch County, UT",COVID-19,1.1293429449302763,1.0625819762864015,0.06676096864387482,NA,NA,NA
County,50003,"Bennington County, VT",COVID-19,0.9481221805532908,0.966423904734093,-0.018301724180802226,NA,NA,NA
County,50005,"Caledonia County, VT",COVID-19,0.9770935035674052,0.961943531546296,0.015149972021109237,NA,NA,NA
County,50011,"Franklin County, VT",COVID-19,0.9972313649564376,1.0067729415009607,-0.009541576544523145,NA,NA,NA
County,51003,"Albemarle County, VA",COVID-19,1.024095104795989,1.000019741770378,0.024075363025610974,NA,NA,NA
County,51005,"Alleghany County, VA",COVID-19,0.947973624959794,0.9896062789742304,-0.04163265401443639,NA,NA,NA
County,51007,"Amelia County, VA",COVID-19,1.0177142857142858,1.0118183597158847,0.005895925998401053,NA,NA,NA
County,51009,"Amherst County, VA",COVID-19,0.983872029491146,0.9788620829870637,0.005009946504082374,NA,NA,NA
County,51033,"Caroline County, VA",COVID-19,1.0243670671282157,1.0048646035349076,0.019502463593308095,NA,NA,NA
County,51035,"Carroll County, VA",COVID-19,0.9732327836247616,1.0068977146582443,-0.03366493103348267,NA,NA,NA
County,51043,"Clarke County, VA",COVID-19,1.0480653367251305,1.0222831200053106,0.02578221671981984,NA,NA,NA
County,51045,"Craig County, VA",COVID-19,0.9891196834817012,1.0133391209060714,-0.02421943742437016,NA,NA,NA
County,51069,"Frederick County, VA",COVID-19,1.0795524964589236,1.0489517420758887,0.03060075438303489,NA,NA,NA
County,51071,"Giles County, VA",COVID-19,1.0244972330948845,1.0015203963210213,0.022976836773863196,NA,NA,NA
County,51099,"King George County, VA",COVID-19,1.0726259101941749,0.9867382491957118,0.08588766099846301,NA,NA,NA
County,51105,"Lee County, VA",COVID-19,0.9942559805379104,0.96360795158417345,0.030648028953736972,NA,NA,NA
County,51117,"Mecklenburg County, VA",COVID-19,1.0435480084513655,1.0035571987471066,0.039990809704258945,NA,NA,NA
County,51125,"Nelson County, VA",COVID-19,0.9765895953757224,0.9627262917688728,0.01386330360684962,NA,NA,NA
County,51127,"New Kent County, VA",COVID-19,1.1393583254696749,1.1189263404610235,0.0204319850086514,NA,NA,NA
County,51133,"Northumberland County, VA",COVID-19,0.9458370635631156,1.0096650119724213,-0.06382794840930572,NA,NA,NA
County,51137,"Orange County, VA",COVID-19,1.0175625179649324,1.0219469936418395,-0.00438447567690714,NA,NA,NA
County,51157,"Rappahannock County, VA",COVID-19,1.0119583567810917,1.0263302537629797,-0.01437189698188801,NA,NA,NA
County,51167,"Russell County, VA",COVID-19,0.9836921420882668,0.9717163914265428,0.011975750661724072,NA,NA,NA
County,51550,"Chesapeake city, VA",COVID-19,1.0275164768052387,1.0335567311774279,-0.0060402543721891355,NA,NA,NA
County,51590,"Danville city, VA",COVID-19,0.96834453197405,0.9863929157236053,-0.018048383749555308,NA,NA,NA
County,51620,"Franklin city, VA",COVID-19,0.9856330014224752,1.0184919476432726,-0.032858946220797325,NA,NA,NA
County,51683,"Manassas city, VA",COVID-19,1.0149605268896933,1.0180183372102392,-0.0030578103205458618,NA,NA,NA
County,51720,"Norton city, VA",COVID-19,0.9603436880370124,0.9820946024981543,-0.021750914461141857,NA,NA,NA
County,51750,"Radford city, VA",COVID-19,1.099740932642487,0.9775272869024609,0.12221364574002602,NA,NA,NA
County,51760,"Richmond city, VA",COVID-19,1.01612125274887,0.9852195554055936,0.030901697343276524,NA,NA,NA
County,51770,"Roanoke city, VA",COVID-19,0.9872638415808068,0.9921328759580061,-0.004869034377199322,NA,NA,NA
County,51775,"Salem city, VA",COVID-19,1.0305629379077073,1.01054932281735,0.02001361509035715,NA,NA,NA
County,51790,"Staunton city, VA",COVID-19,1.0382256745707277,1.0390957813541566,-8.701067834289145e-4,NA,NA,NA
County,51830,"Williamsburg city, VA",COVID-19,1.0524676942238829,0.9731638009835972,0.07930389324028564,NA,NA,NA
County,53003,"Asotin County, WA",COVID-19,0.999371266897202,0.9873990649490196,0.011972201948182382,NA,NA,NA
County,53011,"Clark County, WA",COVID-19,1.0278474671700863,1.0550087655445008,-0.0271612983744145,NA,NA,NA
County,53019,"Ferry County, WA",COVID-19,0.9448231785257776,0.9688277536383063,-0.024004575112528737,NA,NA,NA
County,53043,"Lincoln County, WA",COVID-19,0.8758007117437723,1.0723949019643921,-0.19659419022061986,NA,NA,NA
County,53047,"Okanogan County, WA",COVID-19,0.9508175105485231,0.9960702814610902,-0.045252770912567075,NA,NA,NA
County,53051,"Pend Oreille County, WA",COVID-19,0.9724458204334364,1.0628291588366416,-0.09038333840320523,NA,NA,NA
County,53065,"Stevens County, WA",COVID-19,1.0163878456811195,1.0548566569125644,-0.038468811231444855,NA,NA,NA
County,53073,"Whatcom County, WA",COVID-19,0.9794653976160824,1.0137537113357704,-0.03428831371968799,NA,NA,NA
County,53075,"Whitman County, WA",COVID-19,0.945499068174923,0.9592828973897537,-0.013783829214830678,NA,NA,NA
County,53077,"Yakima County, WA",COVID-19,0.9768681824476796,0.9892673082061648,-0.01239912575848523,NA,NA,NA
County,54033,"Harrison County, WV",COVID-19,0.99433128996111,0.9651693094009854,0.029161980560124534,NA,NA,NA
County,54035,"Jackson County, WV",COVID-19,0.7623566627125345,0.9611701485632014,-0.19881348585066683,NA,NA,NA
County,54047,"McDowell County, WV",COVID-19,0.8626949973103819,0.9041655367866338,-0.0414705394762519,NA,NA,NA
County,54051,"Marshall County, WV",COVID-19,0.9101878612716764,0.9609586918830065,-0.05077083061133014,NA,NA,NA
County,54071,"Pendleton County, WV",COVID-19,1.0030091859360153,0.9951527957067369,0.00785639022927842,NA,NA,NA
County,54079,"Putnam County, WV",COVID-19,1.0312809148826718,0.9812024683493423,0.05007844653332949,NA,NA,NA
County,54087,"Roane County, WV",COVID-19,1.015235457063712,0.9966408307481563,0.01859462631555575,NA,NA,NA
County,54091,"Taylor County, WV",COVID-19,1.0118742889647327,1.00777804343139,0.004096245533342646,NA,NA,NA
County,54095,"Tyler County, WV",COVID-19,0.9552687411598304,0.9611964071983459,-0.005927666038515467,NA,NA,NA
County,54099,"Wayne County, WV",COVID-19,1.000626130513427,0.9835753288979402,0.017050801615486777,NA,NA,NA
County,55005,"Barron County, WI",COVID-19,0.9546636052506172,0.9873151746499892,-0.03265156939937197,NA,NA,NA
County,55015,"Calumet County, WI",COVID-19,1.0068416837853835,0.9972520722631679,0.009589611522215602,NA,NA,NA
County,55027,"Dodge County, WI",COVID-19,0.99795935452814,0.9817391930500732,0.01622016147806682,NA,NA,NA
County,55041,"Forest County, WI",COVID-19,0.9656357388316152,0.9762446292312706,-0.010608890399655402,NA,NA,NA
County,55053,"Jackson County, WI",COVID-19,0.8464368511238787,0.9620506286576306,-0.1156137775337519,NA,NA,NA
County,55057,"Juneau County, WI",COVID-19,0.987906181285121,0.991567701209953,-0.0036615199248319907,NA,NA,NA
County,55063,"La Crosse County, WI",COVID-19,0.999294020592388,0.9896854807610194,0.009608539831368668,NA,NA,NA
County,55073,"Marathon County, WI",COVID-19,0.9927462702939884,0.9980867827062784,-0.005340512412289944,NA,NA,NA
County,55081,"Monroe County, WI",COVID-19,0.9895750155265726,0.9874496552695652,0.0021253602570073804,NA,NA,NA
County,55097,"Portage County, WI",COVID-19,0.9618865938692276,0.9576699685337756,0.004216625335451973,NA,NA,NA
County,55107,"Rusk County, WI",COVID-19,0.92363112391930835,0.9752690912728927,-0.05163796735358439,NA,NA,NA
County,55117,"Sheboygan County, WI",COVID-19,0.9847668360142188,0.9924890054052857,-0.0077221693910669575,NA,NA,NA
County,55119,"Taylor County, WI",COVID-19,0.9514007430464906,0.9800177933749752,-0.028617050328484606,NA,NA,NA
County,55131,"Washington County, WI",COVID-19,1.0053992630644684,1.0083718109441402,-0.0029725478796718274,NA,NA,NA
County,55135,"Waupaca County, WI",COVID-19,0.959355771369264,0.9961253950978068,-0.036769623728542866,NA,NA,NA
County,56013,"Fremont County, WY",COVID-19,1.0164195853759377,0.9973461634811297,0.019073421894807985,NA,NA,NA
County,56017,"Hot Springs County, WY",COVID-19,1.025268336314848,0.9456368939170977,0.07963144239775033,NA,NA,NA
County,56027,"Niobrara County, WY",COVID-19,0.8446014127144299,0.9887280655154586,-0.14412665280102865,NA,NA,NA
County,56037,"Sweetwater County, WY",COVID-19,0.935684549153184,0.9775780216611948,-0.04189347250801079,NA,NA,NA
County,56041,"Uinta County, WY",COVID-19,0.9827224608009588,0.980779815116767,0.0019426456841917794,NA,NA,NA
County,72017,"Barceloneta Municipio, PR",COVID-19,1.143081525804039,1.1329230578495522,0.010158467954486827,NA,NA,NA
County,72019,"Barranquitas Municipio, PR",COVID-19,1.143251033964156,1.1329230578495522,0.010327976114603787,NA,NA,NA
County,72029,"Canovanas Municipio, PR",COVID-19,1.1352124183006536,1.1329230578495522,0.0022893604511013965,NA,NA,NA
County,72041,"Cidra Municipio, PR",COVID-19,1.149812734082397,1.1329230578495522,0.016889676232844764,NA,NA,NA
County,72043,"Coamo Municipio, PR",COVID-19,1.202310334061817,1.0906960466962616,0.11161428736555545,NA,NA,NA
County,72047,"Corozal Municipio, PR",COVID-19,1.1376233675605625,1.1329230578495522,0.00470030971101032,NA,NA,NA
County,72055,"Guanica Municipio, PR",COVID-19,1.1252417794970986,1.1409999092658527,-0.015758129768754126,NA,NA,NA
County,72065,"Hatillo Municipio, PR",COVID-19,1.180164694595459,1.1396563610050028,0.040508333590456136,NA,NA,NA
County,72075,"Juana Diaz Municipio, PR",COVID-19,1.2004276211593286,1.1409999092658527,0.05942771189347584,NA,NA,NA
County,72077,"Juncos Municipio, PR",COVID-19,1.153416634127294,1.1329230578495522,0.020493576277741843,NA,NA,NA
County,72089,"Luquillo Municipio, PR",COVID-19,1.1426434847635072,1.1329230578495522,0.009720426913955027,NA,NA,NA
County,72095,"Maunabo Municipio, PR",COVID-19,1.118200408997955,1.1329230578495522,-0.014722648851597242,NA,NA,NA
County,72099,"Moca Municipio, PR",COVID-19,1.2413152610441769,1.1409999092658527,0.10031535177832418,NA,NA,NA
County,72101,"Morovis Municipio, PR",COVID-19,1.1365159128978224,1.1329230578495522,0.003592855048270227,NA,NA,NA
County,72103,"Naguabo Municipio, PR",COVID-19,1.1224072672218015,1.1329230578495522,-0.010515790627750654,NA,NA,NA
County,72117,"Rincon Municipio, PR",COVID-19,1.28133887551958,1.1409999092658527,0.14033896625372733,NA,NA,NA
County,72129,"San Lorenzo Municipio, PR",COVID-19,1.147924666300969,1.1329230578495522,0.015001608451416848,NA,NA,NA
County,72141,"Utuado Municipio, PR",COVID-19,1.1318642882126615,1.1409999092658527,-0.009135621053191212,NA,NA,NA
County,72149,"Villalba Municipio, PR",COVID-19,1.108875128998968,1.1409999092658527,-0.0321247802668847,NA,NA,NA
