fips,county_name,peak_year_2008,peak_employment_2008,trough_year_2008,trough_employment_2008,recovery_employment_2008,n_recovery_years_2008,recovery_ratio_2008,flag_tiny_base_2008,flag_implausible_2008,never_recovered_2008,peak_year_covid,peak_employment_covid,trough_year_covid,trough_employment_covid,recovery_employment_covid,n_recovery_years_covid,recovery_ratio_covid,flag_tiny_base_covid,flag_implausible_covid,never_recovered_covid,poverty_rate_2007,median_hh_income_2007,total_population_2007,rucc_2003_2007,population_density_2007,poverty_rate_2019,median_hh_income_2019,total_population_2019,rucc_2013_2019,population_density_2019
01001,"Autauga County, AL",2007,23822,2009,22706,23975,2,1.0064226345395013,FALSE,FALSE,FALSE,2019,25861,2020,25058,26878,2,1.0393256254591856,FALSE,FALSE,FALSE,10.4,50375,52405,2,88.15637853159616,12.1,58233,55869,2,93.9835647778217
01003,"Baldwin County, AL",2007,80932,2009,75758,78254,2,0.9669104927593535,FALSE,FALSE,FALSE,2019,103455,2020,99925,109931.5,2,1.0626020975303272,FALSE,FALSE,FALSE,10.3,49163,172404,4,108.4380998865326,10.1,59871,223234,3,140.40898581280143
01005,"Barbour County, AL",2006,10188,2013,8188,8276,2,0.81232822928936,FALSE,FALSE,TRUE,2019,9181,2021,8622,8354.5,2,0.9099771266746541,FALSE,FALSE,TRUE,26.1,30370,27757,6,31.36355829551823,27.1,35972,24686,6,27.89353316580189
01007,"Bibb County, AL",2006,8555,2009,7719,8074,2,0.9437755698421976,FALSE,FALSE,FALSE,2019,8492,2020,8054,8396,2,0.988695242581253,FALSE,FALSE,FALSE,18.2,38907,22438,1,36.046717110864776,20.3,47918,22394,1,35.97603097338024
01009,"Blount County, AL",2006,26139,2010,22706,23372,2,0.8941428516775699,FALSE,FALSE,FALSE,2019,25486,2020,24521,25935,2,1.0176175154987053,FALSE,FALSE,FALSE,13.1,43266,56240,1,87.20853601616398,16.3,52902,57826,1,89.66786635260843
01011,"Bullock County, AL",2006,3403,2009,3213,4286.5,2,1.259623861298854,FALSE,FALSE,FALSE,2019,4099,2021,3930,4026,2,0.9821907782385948,FALSE,FALSE,TRUE,34,24969,11011,6,17.67940720759776,30,31906,10101,6,16.218299173911994
01013,"Butler County, AL",2006,8789,2009,7754,8093,2,0.920810103538514,FALSE,FALSE,TRUE,2019,8078,2020,7548,7799,2,0.9654617479574152,FALSE,FALSE,TRUE,23.2,30460,20894,6,26.896177972527124,21.6,39944,19448,6,25.034788418192186
01015,"Calhoun County, AL",2007,53255,2013,44264,44915,2,0.8433949863862548,FALSE,FALSE,TRUE,2019,48647,2020,46873,48221.5,2,0.9912533146956647,FALSE,FALSE,TRUE,17.1,37478,116211,3,191.801192619819,17.2,47747,113605,3,187.5001031535271
01017,"Chambers County, AL",2006,14963,2009,11991,13601.5,2,0.9090088885918599,FALSE,FALSE,FALSE,2019,15766,2020,15183,16915,2,1.0728783458074338,FALSE,FALSE,FALSE,15.6,33904,34847,6,58.41382339235007,19.6,42015,33254,6,55.74348675895225
01019,"Cherokee County, AL",2007,11603,2010,10358,10545.5,2,0.9088597776437128,FALSE,FALSE,TRUE,2019,9897,2020,9489,9914.5,2,1.0017682125896736,FALSE,FALSE,FALSE,18.9,37376,25553,8,46.16438009690671,15.9,45982,26196,6,47.32603220829524
01021,"Chilton County, AL",2007,19264,2010,17655,18103,2,0.9397321428571429,FALSE,FALSE,FALSE,2019,18570,2020,17887,19260.5,2,1.0371836295099623,FALSE,FALSE,FALSE,16.7,39663,42881,1,61.891813093392685,16,49692,44428,1,64.124658289528
01023,"Choctaw County, AL",2006,5076,2011,4171,4192.5,2,0.8259456264775413,FALSE,FALSE,TRUE,2018,4557,2022,4223,4063.5,2,0.8917050691244239,FALSE,FALSE,TRUE,21.8,31508,14216,9,15.562481458249176,22.6,39808,12589,9,13.781378663329972
01025,"Clarke County, AL",2007,9831,2012,7152,7146.5,2,0.7269352049638897,FALSE,FALSE,TRUE,2019,8061,2020,7918,8039,2,0.997270810073192,FALSE,FALSE,FALSE,21.8,32627,26436,7,21.34655448070929,18.4,43822,23622,7,19.074304355549813
01027,"Clay County, AL",2006,5957,2009,4788,4952.5,2,0.8313748531139835,FALSE,FALSE,TRUE,2019,5865,2020,5765,5832,2,0.9943734015345268,FALSE,FALSE,FALSE,15.5,36009,14085,9,23.32100363930181,16.6,40562,13235,9,21.913630327735852
01029,"Cleburne County, AL",2006,6464,2012,5386,5431,2,0.8401918316831684,FALSE,FALSE,TRUE,2019,5648,2020,5517,6036.5,2,1.0687854107648724,FALSE,FALSE,FALSE,15.4,38918,14799,8,26.421737275199206,13.3,51276,14910,8,26.619913695061836
01031,"Coffee County, AL",2007,20485,2013,19149,19953.5,2,0.9740541859897486,FALSE,FALSE,FALSE,2019,22459,2020,21968,22454.5,2,0.9997996348902445,FALSE,FALSE,FALSE,16.5,36819,47458,6,69.89540285072152,15,57299,52342,4,77.08848194219027
01033,"Colbert County, AL",2007,24467,2010,21688,22011.5,2,0.8996403318755876,FALSE,FALSE,FALSE,2019,24665,2020,23667,24775.5,2,1.004480032434624,FALSE,FALSE,FALSE,16.5,37530,54486,3,91.88923911338674,14.6,46683,55241,3,93.16252721547914
01035,"Conecuh County, AL",2006,4877,2009,4002,4096,2,0.8398605700225549,FALSE,FALSE,TRUE,2019,3997,2022,3741,3840,2,0.960720540405304,FALSE,FALSE,TRUE,24.7,27555,13441,9,15.807752514174759,22.2,41539,12067,7,14.191812334539604
01037,"Coosa County, AL",2006,4566,2009,3926,4000,2,0.8760402978537013,FALSE,FALSE,TRUE,2019,4284,2020,4018,4268.5,2,0.9963818860877685,FALSE,FALSE,FALSE,15.1,34667,11439,8,17.573885136017477,17.1,42024,10663,8,16.38170619856232
01039,"Covington County, AL",2006,16681,2013,14802,14592.5,2,0.8747976740003597,FALSE,FALSE,TRUE,2019,15268,2020,14533,14681,2,0.9615535761068902,FALSE,FALSE,TRUE,19.4,32490,37631,7,36.51470883616947,17.2,44836,37049,6,35.94997336428058
01041,"Crenshaw County, AL",2006,6390,2010,5707,5802,2,0.907981220657277,FALSE,FALSE,TRUE,2019,5609,2022,5198,5324,2,0.9491888037083259,FALSE,FALSE,TRUE,18.3,33156,13956,8,22.92133724224582,16.8,43309,13772,8,22.619135604772815
01043,"Cullman County, AL",2007,38442,2011,32536,33677,2,0.8760470318922012,FALSE,FALSE,FALSE,2019,37153,2020,36198,38276.5,2,1.0302398191263156,FALSE,FALSE,FALSE,14.2,39194,79576,6,108.3039468007355,12.2,50897,83768,4,114.00931204890936
01045,"Dale County, AL",2006,19701,2009,18429,20115.5,2,1.0210395411400437,FALSE,FALSE,FALSE,2019,17828,2020,17444,18152.5,2,1.0182017051828585,FALSE,FALSE,FALSE,16.7,41214,49488,4,88.19613874567155,18.1,45120,49172,4,87.63297232464761
01047,"Dallas County, AL",2006,14727,2009,12743,14821.5,2,1.0064167854960278,FALSE,FALSE,FALSE,2018,15025,2021,13957,13825.5,2,0.9201663893510815,FALSE,FALSE,TRUE,30.2,27647,44194,4,45.15406574588909,26,34034,37196,4,38.00404193972238
01049,"DeKalb County, AL",2006,30452,2009,26113,26424,2,0.8677262577170629,FALSE,FALSE,FALSE,2019,31042,2020,30056,30854.5,2,0.9939597964048709,FALSE,FALSE,FALSE,18.4,35558,69450,6,89.37338256054419,18.2,44277,71513,6,92.02820312530162
01051,"Elmore County, AL",2007,34979,2009,33543,34025.5,2,0.9727407873295406,FALSE,FALSE,FALSE,2019,38702,2020,37372,40268.5,2,1.0404759443956384,FALSE,FALSE,FALSE,11.3,49193,77124,2,124.69119834443511,11.4,62310,81209,2,131.2956735432969
01053,"Escambia County, AL",2006,13759,2009,13002,13452,2,0.9776873319281925,FALSE,FALSE,TRUE,2019,12820,2021,12170,12590.5,2,0.9820982839313572,FALSE,FALSE,TRUE,22.4,34615,37839,6,40.02398964256702,20.5,42712,36633,6,38.74834991876523
01055,"Etowah County, AL",2006,44954,2010,39623,40716,2,0.9057258530942741,FALSE,FALSE,TRUE,2018,44179,2021,39883,40615.5,2,0.9193395051947758,FALSE,FALSE,TRUE,17.4,35420,103893,3,194.14026878746654,18.8,43047,102268,3,191.10370292855754
01057,"Fayette County, AL",2006,7481,2013,5888,6138,2,0.8204785456489774,FALSE,FALSE,TRUE,2019,6476,2020,6290,6408.5,2,0.9895768993205682,FALSE,FALSE,TRUE,17.2,35957,17523,6,27.916913606209494,17,44212,16302,6,25.97166727206684
01059,"Franklin County, AL",2006,13413,2009,11671,12980.5,2,0.9677551629016625,FALSE,FALSE,FALSE,2019,13715,2020,13210,13422.5,2,0.9786729857819905,FALSE,FALSE,TRUE,20.1,30765,31004,6,48.90537085205826,16.1,44874,31362,6,49.47007614057061
01061,"Geneva County, AL",2006,11361,2009,10151,10493,2,0.9235982747997535,FALSE,FALSE,FALSE,2019,10894,2020,10649,11136,2,1.0222140627868552,FALSE,FALSE,FALSE,19.5,33734,26322,3,45.81842867959999,16.1,43089,26271,3,45.72965351575759
01063,"Greene County, AL",2006,3231,2013,2620,2521.5,2,0.7804085422469823,FALSE,FALSE,TRUE,2019,2437,2022,2172,2144.5,2,0.879975379565039,FALSE,FALSE,TRUE,31.3,25137,9385,3,14.504893952765203,31.7,28699,8111,8,12.535875849853868
01065,"Hale County, AL",2006,6854,2011,5469,5478.5,2,0.7993142690399767,FALSE,FALSE,TRUE,2019,5524,2021,5046,5358,2,0.9699493120926864,FALSE,FALSE,TRUE,24,31481,16418,3,25.49414510451233,20.5,40745,14651,3,22.75031793922586
01067,"Henry County, AL",2006,7270,2013,6436,6614,2,0.9097661623108666,FALSE,FALSE,FALSE,2019,7272,2020,7115,7619,2,1.0477172717271728,FALSE,FALSE,FALSE,17.9,35076,17108,3,30.447132189103954,17.2,48597,17205,3,30.61976322852078
01069,"Houston County, AL",2007,46080,2009,42394,42941.5,2,0.9318901909722223,FALSE,FALSE,FALSE,2019,45459,2020,44330,46580.5,2,1.0246705822829363,FALSE,FALSE,FALSE,15.7,40461,97727,3,168.54539120356796,19.4,50138,105882,3,182.6099554004132
01071,"Jackson County, AL",2006,26089,2010,21702,21840,2,0.8371344244700831,FALSE,FALSE,TRUE,2019,20086,2020,19048,20145,2,1.0029373693119585,FALSE,FALSE,FALSE,17.6,36178,53333,6,49.47338346255244,14.7,44322,51626,6,47.88991608643302
01073,"Jefferson County, AL",2006,306816,2009,278986,293376.5,2,0.956196873696287,FALSE,FALSE,FALSE,2019,309866,2020,296702,308371,2,0.9951753338539885,FALSE,FALSE,FALSE,15.1,44908,655163,1,589.4106999557378,16.2,54127,658573,1,592.4784716199633
01075,"Lamar County, AL",2006,5779,2009,4743,5349.5,2,0.9256791832496972,FALSE,FALSE,TRUE,2019,5269,2020,5043,5109.5,2,0.9697286012526096,FALSE,FALSE,TRUE,18.5,32893,14901,9,24.636023053802123,15.3,42686,13805,8,22.823991561488377
01077,"Lauderdale County, AL",2007,41818,2009,39508,40317.5,2,0.964118322253575,FALSE,FALSE,FALSE,2019,40722,2020,39159,41387,2,1.0163302391827513,FALSE,FALSE,FALSE,18.1,37981,91107,3,136.38404953159943,15.7,48188,92729,3,138.8121278169151
01079,"Lawrence County, AL",2007,15317,2013,13123,13152,2,0.8586537833779461,FALSE,FALSE,FALSE,2019,14471,2020,14267,15016.5,2,1.0376960818188101,FALSE,FALSE,FALSE,15,39248,34293,3,49.650709078668285,17.7,47797,32924,3,47.66861883492475
01081,"Lee County, AL",2007,63602,2009,59854,63945,2,1.005392912172573,FALSE,FALSE,FALSE,2019,80042,2020,76993,84184.5,2,1.051754079108468,FALSE,FALSE,FALSE,17.3,39719,131934,3,217.15529103490047,15.5,54160,164542,3,270.82606377025326
01083,"Limestone County, AL",2008,35952,2010,35005,36777,2,1.0229472630173564,FALSE,FALSE,FALSE,2019,46319,2020,46167,52752.5,2,1.1388954856538354,FALSE,FALSE,FALSE,12.6,46753,76063,2,135.00733938114905,12,64729,98915,2,175.56829174350682
01085,"Lowndes County, AL",2006,4489,2013,3451,3647.5,2,0.8125417687680998,FALSE,FALSE,TRUE,2018,3895,2022,3635,3552.5,2,0.9120667522464698,FALSE,FALSE,TRUE,30,28530,11973,2,16.720082113156955,26.6,33930,9726,2,13.582186472276335
01087,"Macon County, AL",2008,8494,2011,7375,7568.5,2,0.8910407346362138,FALSE,FALSE,TRUE,2019,7746,2022,7242,7237.5,2,0.9343532145623548,FALSE,FALSE,TRUE,29.6,27011,21942,6,36.04938677269106,29.3,34281,18068,6,29.68463769068371
01089,"Madison County, AL",2008,162627,2010,157363,160070,2,0.984276903589195,FALSE,FALSE,FALSE,2019,187906,2020,185567,205653,2,1.0944461592498378,FALSE,FALSE,FALSE,11.3,52870,315859,2,394.02977999331347,11.5,68609,372909,2,465.1988742683493
01091,"Marengo County, AL",2006,8267,2012,6909,6965.5,2,0.8425668319825813,FALSE,FALSE,TRUE,2019,7317,2021,7052,7131.5,2,0.9746480798141315,FALSE,FALSE,TRUE,20,32747,21475,7,21.98284774869024,24.8,38838,18863,7,19.30907832752242
01093,"Marion County, AL",2006,13030,2009,10499,11318.5,2,0.868649270913277,FALSE,FALSE,TRUE,2019,11789,2020,11858,12676,2,1.075239630163712,FALSE,FALSE,FALSE,19.7,32752,30849,8,41.556317708010596,16.9,44675,29709,7,40.02063738815802
01095,"Marshall County, AL",2006,40897,2009,37268,37615,2,0.9197496148861775,FALSE,FALSE,FALSE,2019,41108,2020,40313,42677.5,2,1.0381799163179917,FALSE,FALSE,FALSE,19.6,36931,89605,4,158.3535682349157,15.7,48913,96774,4,171.0229140378967
01097,"Mobile County, AL",2007,178930,2009,168733,173271.5,2,0.9683759011904096,FALSE,FALSE,FALSE,2019,177088,2020,170294,178002.5,2,1.0051640992049151,FALSE,FALSE,FALSE,20.8,37575,405715,2,330.0159429956563,17.7,49492,413210,2,336.11251199791764
01099,"Monroe County, AL",2006,8838,2013,6859,6600.5,2,0.7468318624123105,FALSE,FALSE,TRUE,2019,6839,2021,6728,6370.5,2,0.9314958327240824,FALSE,FALSE,TRUE,23.6,32367,23437,7,22.85045175392841,23.3,40005,20733,7,20.21412365977718
01101,"Montgomery County, AL",2007,102853,2009,95787,99225,2,0.9647263570338249,FALSE,FALSE,TRUE,2019,98847,2020,94151,98149,2,0.9929385818487156,FALSE,FALSE,FALSE,18.1,41199,227888,2,290.17232993019707,15.8,52711,226486,2,288.38714770663927
01103,"Morgan County, AL",2007,55220,2009,51208,53217.5,2,0.9637359652299892,FALSE,FALSE,FALSE,2019,54572,2020,53878,57037,2,1.0451696840870777,FALSE,FALSE,FALSE,14.2,43619,116397,3,200.79734471444294,13.7,54355,119679,3,206.45914772786085
01105,"Perry County, AL",2006,3314,2009,3076,3231,2,0.9749547374773687,FALSE,FALSE,TRUE,2019,2543,2022,2271,2251,2,0.8851749901690916,FALSE,FALSE,TRUE,32.7,24132,10774,8,14.9707504828602,33.9,29572,8923,8,12.398738310614588
01107,"Pickens County, AL",2006,7773,2011,6716,6947,2,0.8937347227582658,FALSE,FALSE,TRUE,2019,7022,2021,6269,6545.5,2,0.9321418399316435,FALSE,FALSE,TRUE,22.2,31497,19989,8,22.67848714783619,24.3,40249,19930,3,22.611548794655825
01109,"Pike County, AL",2008,15155,2013,13816,13680,2,0.9026723853513692,FALSE,FALSE,TRUE,2019,14072,2020,14030,14719,2,1.0459778283115406,FALSE,FALSE,FALSE,27,25817,31761,6,47.25868105412109,21.8,41271,33114,6,49.27187319121457
01111,"Randolph County, AL",2006,9321,2009,8159,8393.5,2,0.9004935092801202,FALSE,FALSE,TRUE,2018,8251,2020,7985,8308,2,1.006908253545025,FALSE,FALSE,FALSE,20.9,34352,22662,6,39.03539746791836,17.5,42922,22722,6,39.13874773921282
01113,"Russell County, AL",2007,20626,2009,19246,22547.5,2,1.0931591195578396,FALSE,FALSE,FALSE,2019,22536,2020,21747,22211,2,0.9855786297479588,FALSE,FALSE,TRUE,21.2,33546,51074,2,79.65601030596616,18.9,43670,57961,2,90.39711033684664
01115,"St. Clair County, AL",2007,35174,2009,33359,35735.5,2,1.0159634957639165,FALSE,FALSE,FALSE,2019,41196,2020,39892,43442,2,1.0545198562967277,FALSE,FALSE,FALSE,11.6,50046,79348,1,125.62815661563306,11.2,65403,89512,1,141.72036541536707
01117,"Shelby County, AL",2008,98160,2009,93685,99589.5,2,1.0145629584352078,FALSE,FALSE,FALSE,2019,111218,2020,108259,118194.5,2,1.0627281555143953,FALSE,FALSE,FALSE,6.9,67031,183491,1,233.61138908198316,6.2,77801,217702,1,277.1670906252944
01119,"Sumter County, AL",2007,4512,2009,4125,4870.5,2,1.0794547872340425,FALSE,FALSE,FALSE,2018,4504,2021,4274,4307.5,2,0.9563721136767318,FALSE,FALSE,FALSE,35,23439,13926,8,15.4078329235937,36.4,29209,12427,8,13.749327857353075
01121,"Talladega County, AL",2006,37754,2010,30722,32335.5,2,0.8564787837050378,FALSE,FALSE,TRUE,2019,33063,2020,31830,33612.5,2,1.0166197864682576,FALSE,FALSE,FALSE,18,38644,82226,4,111.59607935745326,17.4,47719,79978,4,108.54512240471867
01123,"Tallapoosa County, AL",2006,17755,2009,15972,16666,2,0.9386651647423261,FALSE,FALSE,TRUE,2019,16107,2020,15102,15598.5,2,0.9684298752095363,FALSE,FALSE,TRUE,17.1,35801,41414,6,57.797918024481845,16,47100,40367,6,56.33671118207028
01125,"Tuscaloosa County, AL",2007,86972,2009,81495,88684,2,1.0196844961596836,FALSE,FALSE,FALSE,2019,106493,2020,99831,106652,2,1.0014930558816073,FALSE,FALSE,FALSE,18.6,41543,184350,3,139.5684771326495,16.2,52307,209355,3,158.4993682132131
01127,"Walker County, AL",2006,28777,2010,24076,24227,2,0.8418876185842861,FALSE,FALSE,TRUE,2019,26136,2020,24866,26001.5,2,0.9948538414447505,FALSE,FALSE,FALSE,19.1,35497,67695,1,85.57818846543309,17.3,45991,63521,1,80.30153053420158
01129,"Washington County, AL",2007,6655,2009,5997,6101.5,2,0.9168294515401954,FALSE,FALSE,FALSE,2019,5790,2020,5545,6780,2,1.1709844559585492,FALSE,FALSE,FALSE,18.7,35810,17491,8,16.191547366131143,18.6,48864,16326,8,15.11309829623561
01131,"Wilcox County, AL",2006,3289,2013,2249,2912,2,0.8853754940711462,FALSE,FALSE,FALSE,2019,3536,2022,3255,3273.5,2,0.9257635746606335,FALSE,FALSE,TRUE,35.7,21325,12208,8,13.749946500453902,32.5,30998,10373,9,11.68317456169793
01133,"Winston County, AL",2006,10159,2009,7975,8625.5,2,0.8490501033566296,FALSE,FALSE,TRUE,2019,9739,2020,9540,9567.5,2,0.9823903891569976,FALSE,FALSE,FALSE,16,32986,24858,6,40.55145277561627,16.7,40827,23629,6,38.54655554087364
02013,"Aleutians East Borough, AK",2008,1046,2009,1018,2008,2,1.9196940726577438,FALSE,FALSE,FALSE,2019,2429,2022,2296,1843.5,2,0.7589543021819679,FALSE,FALSE,TRUE,16.9,56111,3012,9,0.4311323350110088,14.8,66923,3337,9,0.4776522582774689
02016,"Aleutians West Census Area, AK",2006,3021,2009,2786,3965,2,1.3124793114862627,FALSE,FALSE,FALSE,2019,3421,2022,3222,3509,2,1.0257234726688103,FALSE,FALSE,FALSE,10.2,61536,5466,7,1.244237774612678,7.6,84726,5634,9,1.2824799894196537
02020,"Anchorage Borough/municipality, AK",2008,143958,2009,143378,148815,2,1.0337390072104364,FALSE,FALSE,FALSE,2018,142499,2020,134901,142609,2,1.0007719352416509,FALSE,FALSE,FALSE,8,67856,278792,2,163.31618698482603,9.5,82512,288000,2,168.71022788182552
02050,"Bethel Census Area, AK",2007,6057,2008,5977,6091,2,1.0056133399372627,FALSE,FALSE,FALSE,2018,6293,2021,5981,6008,2,0.9547115843000159,FALSE,FALSE,TRUE,21.4,39519,16723,7,0.4112828083687726,23.5,48262,18386,7,0.4521823664813881
02060,"Bristol Bay Borough, AK",2007,1013,2012,431,400,2,0.39486673247778875,FALSE,FALSE,TRUE,2019,490,2020,417,485,2,0.9897959183673469,TRUE,FALSE,FALSE,8.5,62945,1076,9,2.2352310638952018,9.8,87950,836,9,1.7366665143274986
02063,"Chugach Census Area, AK",NA,NA,NA,NA,NA,NA,NA,NA,NA,NA,NA,NA,NA,NA,NA,NA,NA,NA,NA,NA,NA,NA,NA,NA,NA,NA,NA,NA,NA,NA
02066,"Copper River Census Area, AK",NA,NA,NA,NA,NA,NA,NA,NA,NA,NA,NA,NA,NA,NA,NA,NA,NA,NA,NA,NA,NA,NA,NA,NA,NA,NA,NA,NA,NA,NA
02068,"Denali Borough, AK",2006,1545,2011,873,947.5,2,0.6132686084142395,FALSE,FALSE,TRUE,2019,1208,2020,610,1129.5,2,0.9350165562913907,FALSE,FALSE,TRUE,6.4,64565,1803,8,0.14263056808022814,6.6,78434,2097,8,0.1658881315941422
02070,"Dillingham Census Area, AK",2006,1896,2007,1856,1898,2,1.001054852320675,FALSE,FALSE,FALSE,2018,1885,2021,1551,1596,2,0.846684350132626,FALSE,FALSE,TRUE,21.5,49319,4832,9,0.26352823733422864,18.1,57436,4916,9,0.2681094401355687
02090,"Fairbanks North Star Borough, AK",2008,43235,2009,42630,44977.5,2,1.0403029952584713,FALSE,FALSE,FALSE,2018,42979,2020,41284,43230,2,1.0058400614253473,FALSE,FALSE,FALSE,7.8,62155,93545,3,12.75354391598217,7.2,74076,96849,3,13.203997805536984
02100,"Haines Borough, AK",2007,1337,2012,992,983.5,2,0.7356020942408377,FALSE,FALSE,TRUE,2019,799,2020,653,776.5,2,0.9718397997496871,TRUE,FALSE,FALSE,11.4,47005,2379,9,1.0188733547700748,9.8,62548,2530,9,1.0835433323111767
02105,"Hoonah-Angoon Census Area, AK",NA,NA,NA,NA,NA,NA,NA,NA,NA,NA,2019,1104,2020,926,1258.5,2,1.139945652173913,FALSE,FALSE,FALSE,NA,NA,2242,NA,0.3417516739658544,15.7,53141,2148,9,0.3274231024436464
02110,"Juneau Borough/city, AK",2008,17896,2013,16603,16181,2,0.9041685292802861,FALSE,FALSE,TRUE,2019,16079,2020,14756,16376,2,1.0184712979662915,FALSE,FALSE,FALSE,7.1,75302,30682,5,11.351410546504452,6.3,85419,31974,5,11.82941140779393
02122,"Kenai Peninsula Borough, AK",2008,24194,2009,24196,24686.5,2,1.0203562866826486,FALSE,FALSE,FALSE,2019,23489,2020,22860,25635.5,2,1.0913832006471114,FALSE,FALSE,FALSE,10.3,56648,53272,7,3.325845519370247,10.4,68625,58708,7,3.665222607583505
02130,"Ketchikan Gateway Borough, AK",2008,7811,2010,6471,6561,2,0.8399692741006273,FALSE,FALSE,TRUE,2018,6985,2020,6152,6907,2,0.9888332140300644,FALSE,FALSE,FALSE,8.8,57202,13341,7,2.7467057957118777,9.4,75706,13901,7,2.8620011443063347
02150,"Kodiak Island Borough, AK",2008,5966,2010,5966,6189.5,2,1.0374622862889709,FALSE,FALSE,FALSE,2018,5790,2021,5530,5625,2,0.9715025906735751,FALSE,FALSE,TRUE,7.5,59010,13159,7,1.967116756055697,7.1,79669,12998,7,1.943049137108591
02158,"Kusilvak Census Area, AK",2008,2081,2010,2105,2128.5,2,1.0228255646323883,FALSE,FALSE,FALSE,2018,2259,2020,1876,1996,2,0.883576803895529,FALSE,FALSE,TRUE,NA,NA,NA,NA,NA,26.8,35369,8314,NA,0.48682615288179826
02164,"Lake and Peninsula Borough, AK",2007,1101,2010,515,536,2,0.4868301544050863,FALSE,FALSE,TRUE,2018,720,2020,579,669.5,2,0.9298611111111111,TRUE,FALSE,TRUE,18.9,40574,1629,9,0.0683562880798341,17.4,51693,1592,9,0.0668036897624898
02170,"Matanuska-Susitna Borough, AK",2008,38405,2010,38145,39881,2,1.03843249576878,FALSE,FALSE,FALSE,2019,44242,2020,43184,48949,2,1.1063921160887844,FALSE,FALSE,FALSE,9.5,64969,81402,2,3.2946492729648615,9.6,75856,108317,2,4.384001932381697
02180,"Nome Census Area, AK",2008,3581,2009,3495,3632.5,2,1.0143814576933818,FALSE,FALSE,FALSE,2018,3658,2020,3484,3745.5,2,1.023920174958994,FALSE,FALSE,FALSE,23.1,46942,9246,7,0.40253039505010385,20.7,58464,10004,7,0.43553039931659515
02185,"North Slope Borough, AK",2008,4931,2010,3632,3722,2,0.7548164672480228,FALSE,FALSE,FALSE,2019,5785,2021,4642,5310.5,2,0.9179775280898876,FALSE,FALSE,FALSE,13.8,68589,8519,7,0.09594246596441303,11.4,84784,9832,7,0.11072970129852198
02188,"Northwest Arctic Borough, AK",2007,2644,2011,2507,2518,2,0.9523449319213313,FALSE,FALSE,FALSE,2018,2670,2022,2577,2827.5,2,1.0589887640449438,FALSE,FALSE,FALSE,21.2,50168,7440,7,0.20856871485536557,24,61660,7621,7,0.21364276557966952
02195,"Petersburg Borough, AK",NA,NA,NA,NA,NA,NA,NA,NA,NA,NA,2019,1367,2020,1371,1422.5,2,1.040599853694221,FALSE,FALSE,FALSE,NA,NA,3898,NA,1.3437260095094985,6.7,71296,3266,9,1.1258617616875377
02198,"Prince of Wales-Hyder Census Area, AK",NA,NA,NA,NA,NA,NA,NA,NA,NA,NA,2019,2335,2022,2240,2246,2,0.9618843683083512,FALSE,FALSE,TRUE,NA,NA,5457,NA,1.03594857351571,17.6,50049,6203,9,1.1775680779765343
02201,"Prince of Wales-Outer Ketchikan Census Area, AK",2008,2017,2009,2016,NA,NA,NA,FALSE,FALSE,TRUE,NA,NA,NA,NA,NA,NA,NA,NA,NA,NA,17.9,42798,NA,9,NA,NA,NA,NA,NA,NA
02220,"Sitka Borough/city, AK",2006,4417,2010,4255,4351.5,2,0.9851709304958116,FALSE,FALSE,FALSE,2019,4256,2020,3850,4379.5,2,1.0290178571428572,FALSE,FALSE,FALSE,8.4,58958,8851,7,3.0838635992252534,8.1,80660,8493,7,2.959129312870871
02230,"Skagway Municipality, AK",NA,NA,NA,NA,NA,NA,NA,NA,NA,NA,2018,859,2020,499,798,2,0.9289871944121071,TRUE,FALSE,FALSE,NA,NA,955,NA,2.1561066358414913,4,74898,1183,9,2.670862984503125
02232,"Skagway-Hoonah-Angoon Census Area, AK",2007,1683,2009,1528,NA,NA,NA,FALSE,FALSE,TRUE,NA,NA,NA,NA,NA,NA,NA,NA,NA,NA,13.9,44506,NA,9,NA,NA,NA,NA,NA,NA
02240,"Southeast Fairbanks Census Area, AK",2008,3244,2013,2602,2578,2,0.7946979038224414,FALSE,FALSE,FALSE,2018,2471,2019,2426,2782,2,1.1258599757183327,FALSE,FALSE,FALSE,13.5,52330,6945,8,0.2796764049359966,12,69646,6893,9,0.27758235553978755
02261,"Valdez-Cordova Census Area, AK",2008,4819,2012,4393,4421.5,2,0.9175140070554056,FALSE,FALSE,FALSE,2018,4511,2019,4507,NA,NA,NA,FALSE,FALSE,TRUE,9.5,55428,9572,9,NA,8.6,74574,9202,9,NA
02275,"Wrangell Borough/city, AK",NA,NA,NA,NA,NA,NA,NA,NA,NA,NA,2018,812,2022,677,760,2,0.9359605911330049,TRUE,FALSE,TRUE,NA,NA,2322,NA,0.9084162299005084,9.7,62496,2502,9,0.9788360926834936
02280,"Wrangell-Petersburg Census Area, AK",2006,2620,2008,2514,NA,NA,NA,FALSE,FALSE,TRUE,NA,NA,NA,NA,NA,NA,NA,NA,NA,NA,9.9,53048,NA,7,NA,NA,NA,NA,NA,NA
02282,"Yakutat Borough/city, AK",2008,296,2013,257,254.5,2,0.8597972972972973,TRUE,FALSE,FALSE,2019,285,2020,310,358,2,1.256140350877193,TRUE,FALSE,FALSE,15.1,49330,656,9,0.08600360769401909,14.7,61587,579,9,0.07590867203481258
02290,"Yukon-Koyukuk Census Area, AK",2006,2416,2010,2115,2249.5,2,0.9310844370860927,FALSE,FALSE,FALSE,2018,2363,2020,2194,2326,2,0.9843419382141346,FALSE,FALSE,FALSE,23.7,32097,5712,8,0.03918525270697756,24.4,42063,5230,9,0.035878654001661875
04001,"Apache County, AZ",2008,18360,2013,17710,17708,2,0.9644880174291939,FALSE,FALSE,FALSE,2018,18305,2022,17134,17287,2,0.9443867795684239,FALSE,FALSE,TRUE,33.4,29976,69602,6,6.2154021455023125,33.4,35386,71887,6,6.419450792128456
04003,"Cochise County, AZ",2008,55440,2013,46315,44786.5,2,0.8078373015873016,FALSE,FALSE,FALSE,2019,44877,2021,45211,45945,2,1.0237983822448025,FALSE,FALSE,FALSE,16.3,42995,128206,4,20.64554403213082,16.6,48650,125922,3,20.27774203714317
04005,"Coconino County, AZ",2008,67519,2011,64408,65425,2,0.9689865075015921,FALSE,FALSE,FALSE,2019,69260,2020,64170,69797,2,1.0077533930118394,FALSE,FALSE,FALSE,16.2,48549,130442,3,7.006850751425414,15.9,58301,143476,3,7.706987921156626
04007,"Gila County, AZ",2008,20402,2011,18599,19062.5,2,0.9343446720909715,FALSE,FALSE,FALSE,2019,20010,2020,19308,20009.5,2,0.9999750124937531,FALSE,FALSE,FALSE,18.2,34761,53252,4,11.1930902656772,21.1,45980,54018,4,11.354096559215634
04009,"Graham County, AZ",2008,14652,2010,12516,13123,2,0.8956456456456456,FALSE,FALSE,FALSE,2019,14245,2020,14411,15623,2,1.0967356967356967,FALSE,FALSE,FALSE,22.4,38798,35175,6,7.6105443740714,20.1,50685,38837,7,8.402863165765769
04011,"Greenlee County, AZ",2008,4078,2010,2836,3762,2,0.9225110348209907,FALSE,FALSE,FALSE,2019,4554,2020,4462,4943.5,2,1.0855292050944225,FALSE,FALSE,FALSE,11.2,50195,8205,7,4.452371830839173,9.3,68066,9498,7,5.154007026119496
04012,"La Paz County, AZ",2006,7130,2009,6798,7199,2,1.0096774193548388,FALSE,FALSE,FALSE,2019,5447,2021,5226,5553.5,2,1.0195520469983477,FALSE,FALSE,FALSE,23.8,29912,20647,6,4.591712944440652,22.1,39407,21108,6,4.69423532867987
04013,"Maricopa County, AZ",2007,1835861,2010,1713372,1758307.5,2,0.9577563334043263,FALSE,FALSE,FALSE,2019,2159534,2020,2119043,2329581,2,1.0787424509176518,FALSE,FALSE,FALSE,12.9,54733,3711954,1,403.38486696828176,12.2,68634,4485414,1,487.4381874580527
04015,"Mohave County, AZ",2006,86653,2013,68485,71089.5,2,0.8203928311772241,FALSE,FALSE,TRUE,2019,76068,2020,75281,81452.5,2,1.0707853499500446,FALSE,FALSE,FALSE,13.5,39669,199760,4,14.983366857641588,16,49712,212181,3,15.915026848324239
04017,"Navajo County, AZ",2007,34907,2009,34171,36648.5,2,1.0498897069355717,FALSE,FALSE,FALSE,2019,33804,2020,32766,34811,2,1.0297893740385753,FALSE,FALSE,FALSE,23.4,38871,106927,4,10.74697653026847,25.2,40676,110924,4,11.148705421862577
04019,"Pima County, AZ",2008,436521,2013,423627,434250,2,0.9947975011511474,FALSE,FALSE,FALSE,2019,462821,2020,446937,472406,2,1.020709950499221,FALSE,FALSE,FALSE,14.9,43721,955869,2,104.02676858043746,14,56150,1047279,2,113.97487539835686
04021,"Pinal County, AZ",2008,110672,2009,108891,134585.5,2,1.2160754300997543,FALSE,FALSE,FALSE,2019,168862,2020,168690,198671,2,1.176528763132025,FALSE,FALSE,FALSE,12.5,49906,306174,1,57.050946050973444,12.1,62067,462789,1,86.23380911502593
04023,"Santa Cruz County, AZ",2008,15549,2009,15331,17044.5,2,1.0961798186378546,FALSE,FALSE,FALSE,2019,18864,2020,18187,19114.5,2,1.013279262086514,FALSE,FALSE,FALSE,20.1,35661,45338,4,36.67351527995729,18.8,47779,46498,4,37.611829226861666
04025,"Yavapai County, AZ",2007,91696,2011,83384,85507.5,2,0.9325106874890944,FALSE,FALSE,FALSE,2019,93547,2020,91499,100164.5,2,1.070739842004554,FALSE,FALSE,FALSE,12.6,44268,208773,3,25.701680132247816,12,54242,235099,3,28.94262810522112
04027,"Yuma County, AZ",2008,67228,2009,66219,70066,2,1.042214553459868,FALSE,FALSE,FALSE,2019,80856,2020,79033,85625.5,2,1.058987582863362,FALSE,FALSE,FALSE,17.8,39781,187357,3,33.979527804679876,20.4,47024,213787,3,38.77293781806443
05001,"Arkansas County, AR",2008,10879,2013,8944,8459.5,2,0.7775990440297822,FALSE,FALSE,TRUE,2019,7929,2020,7776,7787,2,0.9820910581410014,FALSE,FALSE,TRUE,17.9,37344,19434,6,19.58796137641865,15.8,52539,17486,6,17.624528796339227
05003,"Ashley County, AR",2006,8952,2013,8190,7558.5,2,0.8443364611260054,FALSE,FALSE,FALSE,2018,7295,2021,6165,6182.5,2,0.8474982864976011,FALSE,FALSE,TRUE,20.7,35263,22229,7,24.01857606548733,18.5,47744,19657,7,21.239513685693666
05005,"Baxter County, AR",2007,16594,2013,14864,15071.5,2,0.9082499698686272,FALSE,FALSE,TRUE,2018,15045,2020,14834,15703,2,1.0437354602858093,FALSE,FALSE,FALSE,12.4,35845,41491,7,74.90283085799494,12.7,41950,41932,7,75.69895889560252
05007,"Benton County, AR",2008,101445,2010,100396,105471.5,2,1.039691458425748,FALSE,FALSE,FALSE,2019,135692,2020,134716,150920.5,2,1.1122284290894084,FALSE,FALSE,FALSE,11.3,49064,203664,2,240.24545464196865,8.9,70775,279141,2,329.27938395697703
05009,"Boone County, AR",2006,16050,2013,15010,15452,2,0.9627414330218068,FALSE,FALSE,FALSE,2019,16079,2020,15370,16244,2,1.0102618322034953,FALSE,FALSE,FALSE,16.9,36704,36759,7,62.33265448354567,15.1,50083,37432,7,63.47386823983464
05011,"Bradley County, AR",2007,5384,2013,3894,4095.5,2,0.7606797919762258,FALSE,FALSE,TRUE,2019,3921,2021,3589,3663.5,2,0.9343279775567457,FALSE,FALSE,TRUE,24.4,30150,11737,6,18.080093412018787,22.9,39982,10763,7,16.579709073320117
05013,"Calhoun County, AR",2006,2455,2013,2255,2129,2,0.8672097759674134,FALSE,FALSE,FALSE,2019,1992,2022,1943,2015.5,2,1.0117971887550201,FALSE,FALSE,FALSE,17.7,34847,5659,9,9.002531017290778,15.4,48415,5189,9,8.254838920078079
05015,"Carroll County, AR",2008,13509,2013,11616,11990.5,2,0.8875934562143756,FALSE,FALSE,TRUE,2019,11775,2020,11360,11647,2,0.9891295116772824,FALSE,FALSE,TRUE,17.6,32060,26699,6,42.38420898896382,14.7,43841,28380,6,45.052767935383095
05017,"Chicot County, AR",2006,4553,2013,3419,3570.5,2,0.7842082143641556,FALSE,FALSE,TRUE,2018,3503,2021,3141,3022,2,0.8626891236083357,FALSE,FALSE,TRUE,32.4,24921,12313,7,19.33033793945788,31,37014,10118,7,15.884379052337758
05019,"Clark County, AR",2007,10332,2013,9263,9547.5,2,0.9240708478513356,FALSE,FALSE,TRUE,2018,10159,2022,8918,9308.5,2,0.9162811300324835,FALSE,FALSE,TRUE,22.3,33887,23139,7,26.720294328562964,20.6,44105,22320,7,25.774535174965443
05021,"Clay County, AR",2006,6475,2009,5927,6283,2,0.9703474903474903,FALSE,FALSE,FALSE,2018,6114,2021,5697,5773,2,0.9442263657180242,FALSE,FALSE,TRUE,18.4,29131,16464,7,25.75622942818167,18.7,40686,14551,7,22.76353829017684
05023,"Cleburne County, AR",2008,11335,2013,9236,9353,2,0.8251433612704014,FALSE,FALSE,TRUE,2019,9609,2020,9176,9536.5,2,0.9924549901134353,FALSE,FALSE,FALSE,16.4,37277,25545,6,46.11352103675543,14.1,46214,24919,6,44.983473506162014
05025,"Cleveland County, AR",2006,3931,2013,3347,3136,2,0.7977613838717883,FALSE,FALSE,TRUE,2018,3067,2021,2811,2876.5,2,0.9378871861754157,FALSE,FALSE,TRUE,16.4,37648,8896,3,14.878493418741952,13.7,53773,7956,3,13.306350454081718
05027,"Columbia County, AR",2006,10342,2013,8904,8868,2,0.85747437632953,FALSE,FALSE,TRUE,2019,8743,2021,8347,8703,2,0.9954249113576575,FALSE,FALSE,TRUE,23.5,36981,24847,7,32.434584532644095,21.2,42964,23457,7,30.62011709189168
05029,"Conway County, AR",2008,9593,2013,7904,8526,2,0.8887730636922756,FALSE,FALSE,TRUE,2019,8745,2020,8682,8998,2,1.0289308176100629,FALSE,FALSE,FALSE,18.7,36786,20992,6,38.03422210304318,15.6,46924,20846,6,37.76969292873657
05031,"Craighead County, AR",2008,43947,2009,43579,45736,2,1.0407081256968622,FALSE,FALSE,FALSE,2019,51252,2020,50114,52909.5,2,1.0323402013579959,FALSE,FALSE,FALSE,16.3,39808,91350,3,129.17759055158194,16.9,47766,110332,3,156.01994439777928
05033,"Crawford County, AR",2008,27104,2013,25134,25152,2,0.9279811097992916,FALSE,FALSE,TRUE,2018,24856,2020,23898,24811,2,0.9981895719343418,FALSE,FALSE,FALSE,18.4,37353,60210,2,101.14754841928607,18.3,44600,63257,2,106.26624265668127
05035,"Crittenden County, AR",2007,20715,2009,19696,20190.5,2,0.9746801834419503,FALSE,FALSE,TRUE,2019,20361,2020,19325,19751,2,0.9700407642060802,FALSE,FALSE,TRUE,25.7,35894,50438,1,82.44035749543977,22.4,41976,47955,1,78.38192124378077
05037,"Cross County, AR",2006,7928,2013,7632,7752.5,2,0.9778632694248234,FALSE,FALSE,FALSE,2018,7434,2021,7006,7113.5,2,0.9568872746838849,FALSE,FALSE,TRUE,20.7,33176,18172,6,29.48477896151013,17.8,45273,16419,6,26.640468070054744
05039,"Dallas County, AR",2006,3647,2013,2737,2806.5,2,0.7695366054291198,FALSE,FALSE,TRUE,2018,2705,2022,2623,2639.5,2,0.9757855822550832,FALSE,FALSE,TRUE,21.2,31657,8367,6,12.538156185235636,18.8,41314,7009,6,10.503159639335076
05041,"Desha County, AR",2006,5705,2009,4971,5432.5,2,0.9522348816827344,FALSE,FALSE,TRUE,2018,4417,2021,3948,3904.5,2,0.8839710210550147,FALSE,FALSE,TRUE,26.6,28119,13523,6,18.244073677834187,25.4,37005,11361,6,15.327288401528817
05043,"Drew County, AR",2006,7811,2009,7334,7722,2,0.9886058123159647,FALSE,FALSE,FALSE,2018,7595,2021,7231,7444.5,2,0.9801843317972351,FALSE,FALSE,TRUE,22.6,33810,18535,7,22.367247639884294,18.5,44162,18219,6,21.985912314596817
05045,"Faulkner County, AR",2008,53132,2009,52601,55626.5,2,1.0469491078822555,FALSE,FALSE,FALSE,2019,58427,2020,56042,61697.5,2,1.0559758330908655,FALSE,FALSE,FALSE,14.9,45370,105637,2,163.20971746489363,14.4,58482,126007,2,194.6814739967895
05047,"Franklin County, AR",2007,8121,2013,6953,6898.5,2,0.8494643516808275,FALSE,FALSE,TRUE,2019,6907,2020,6674,6939,2,1.004632981033734,FALSE,FALSE,FALSE,20,36367,18237,2,29.947435575326743,16.2,45670,17715,6,29.090246269502288
05049,"Fulton County, AR",2008,4930,2013,4605,4164.5,2,0.8447261663286004,FALSE,FALSE,TRUE,2019,4034,2020,3938,3980,2,0.9866137828458106,FALSE,FALSE,FALSE,20.3,30261,12354,9,19.990485344517907,17.7,32926,12477,9,20.189516403071874
05051,"Garland County, AR",2008,40040,2013,37963,38849.5,2,0.9702672327672328,FALSE,FALSE,FALSE,2019,41577,2020,39691,41759.5,2,1.0043894460879814,FALSE,FALSE,FALSE,18.1,36299,94753,3,139.83309106203376,16.9,45786,99386,3,146.67030688517815
05053,"Grant County, AR",2008,8170,2013,7778,7935,2,0.9712362301101591,FALSE,FALSE,FALSE,2019,8002,2020,7692,8228.5,2,1.028305423644089,FALSE,FALSE,FALSE,10.6,46977,17483,2,27.6678778517712,12.1,58566,18265,2,28.90543893854607
05055,"Greene County, AR",2006,17754,2009,16918,18276.5,2,1.0294299876084263,FALSE,FALSE,FALSE,2019,19341,2020,18368,19413.5,2,1.0037485135205004,FALSE,FALSE,FALSE,16.2,37724,40918,6,70.87331555062875,15.5,47098,45325,4,78.50659923095576
05057,"Hempstead County, AR",2006,10365,2013,9450,9071.5,2,0.8752050168837434,FALSE,FALSE,TRUE,2018,8509,2021,7861,8127.5,2,0.9551651192854624,FALSE,FALSE,TRUE,21.5,33686,22918,6,31.515401540154013,18.5,40867,21532,6,29.609460946094607
05059,"Hot Spring County, AR",2006,14611,2010,13074,13390.5,2,0.9164670453767709,FALSE,FALSE,TRUE,2019,12872,2020,12527,12822.5,2,0.9961544437538844,FALSE,FALSE,TRUE,14.8,37704,32631,6,53.06336837175418,20.2,45860,33771,6,54.91719571212989
05061,"Howard County, AR",2006,6082,2009,5740,6168,2,1.0141400854981915,FALSE,FALSE,FALSE,2018,5414,2020,4965,4932.5,2,0.9110639083856668,FALSE,FALSE,TRUE,18.4,32979,13680,7,23.291766837155137,16.8,41427,13202,6,22.47791708948261
05063,"Independence County, AR",2006,16483,2013,14467,15130.5,2,0.9179457623005521,FALSE,FALSE,FALSE,2019,16285,2020,16064,16896,2,1.0375191894381333,FALSE,FALSE,FALSE,15.1,36984,35690,7,46.7322760412302,15.9,47903,37825,7,49.52783248135423
05065,"Izard County, AR",2007,5066,2013,4598,4458.5,2,0.8800829056454796,FALSE,FALSE,FALSE,2019,4171,2021,3694,3928,2,0.9417405897866219,FALSE,FALSE,TRUE,21.3,31231,13552,9,23.357422686275964,15.9,40233,13629,9,23.49013531517526
05067,"Jackson County, AR",2008,7254,2013,5628,5740,2,0.7912875654811139,FALSE,FALSE,TRUE,2018,5491,2022,5344,5364,2,0.9768712438535786,FALSE,FALSE,TRUE,23.8,29351,18098,6,28.563266736215123,22.9,38636,16719,6,26.386852500982464
05069,"Jefferson County, AR",2006,33181,2013,27992,26413.5,2,0.796042916126699,FALSE,FALSE,TRUE,2018,25266,2021,23632,23495.5,2,0.9299255917042666,FALSE,FALSE,TRUE,25,36293,78788,3,90.31737406946327,24.4,40555,66824,3,76.60263244171465
05071,"Johnson County, AR",2008,10990,2013,9822,10073,2,0.9165605095541401,FALSE,FALSE,TRUE,2018,10164,2021,9628,9788,2,0.9630066902794175,FALSE,FALSE,TRUE,16.5,31586,25109,6,37.98695895550613,17.5,40396,26578,7,40.20938289535394
05073,"Lafayette County, AR",2006,2899,2013,2527,2467.5,2,0.8511555708865126,FALSE,FALSE,TRUE,2018,2394,2021,2184,2144.5,2,0.89578111946533,FALSE,FALSE,TRUE,24.6,28727,7845,8,14.81664752810347,25.5,37164,6624,8,12.510576574398646
05075,"Lawrence County, AR",2006,6886,2013,6556,6533.5,2,0.9488091780424048,FALSE,FALSE,TRUE,2018,6375,2020,6163,6452.5,2,1.012156862745098,FALSE,FALSE,FALSE,22.5,31286,17286,6,29.421576503587914,18.4,39604,16406,6,27.923775547718577
05077,"Lee County, AR",2008,3282,2013,3022,2869.5,2,0.8743144424131627,FALSE,FALSE,FALSE,2018,2589,2021,2278,2259,2,0.8725376593279258,FALSE,FALSE,TRUE,31.8,24195,10823,6,18.044137530905775,35.4,30421,8857,7,14.766416530650693
05079,"Lincoln County, AR",2006,4722,2013,4016,3698.5,2,0.7832486234646336,FALSE,FALSE,TRUE,2018,3416,2021,3155,3153,2,0.9230093676814989,FALSE,FALSE,TRUE,26.8,30926,14237,3,25.447480275834454,27.1,44272,13024,3,23.27934137195111
05081,"Little River County, AR",2008,6429,2013,5306,5227,2,0.8130346865764505,FALSE,FALSE,TRUE,2019,5139,2020,4788,4872.5,2,0.948141661801907,FALSE,FALSE,TRUE,19.3,33342,13107,6,24.671767795126634,17.8,43257,12259,3,23.075547524258596
05083,"Logan County, AR",2007,9933,2013,8578,9003.5,2,0.906423034330011,FALSE,FALSE,TRUE,2018,8976,2020,8612,8673,2,0.9662433155080213,FALSE,FALSE,TRUE,17.6,34261,22758,6,32.09352502767534,17.4,42249,21466,6,30.271535646545342
05085,"Lonoke County, AR",2008,30750,2009,30388,31130.5,2,1.0123739837398373,FALSE,FALSE,FALSE,2019,33471,2020,32003,34499.5,2,1.030728092976009,FALSE,FALSE,FALSE,11.2,47810,64379,2,83.42241970240617,10.7,62782,73309,2,94.99392916888573
05087,"Madison County, AR",2006,7541,2013,6499,6948.5,2,0.9214295186314813,FALSE,FALSE,FALSE,2019,7171,2020,6962,7719.5,2,1.0764886347789708,FALSE,FALSE,FALSE,17.1,34877,15353,2,18.403621029010903,16.4,48016,16576,2,19.86962953018203
05089,"Marion County, AR",2007,6595,2009,5930,6109,2,0.9263078089461714,FALSE,FALSE,TRUE,2019,5588,2020,5107,5297,2,0.9479241231209735,FALSE,FALSE,TRUE,17.1,31064,16795,9,28.151284449495307,16.3,38760,16694,9,27.981991223570983
05091,"Miller County, AR",2008,19265,2013,18409,17784,2,0.923124837788736,FALSE,FALSE,FALSE,2019,16564,2020,15636,16106.5,2,0.9723798599372132,FALSE,FALSE,TRUE,18.7,37106,42710,3,68.4411255688738,14.1,50905,43257,3,69.31767194410615
05093,"Mississippi County, AR",2008,20201,2013,16948,17571,2,0.869808425325479,FALSE,FALSE,TRUE,2019,18067,2021,16603,18908,2,1.0465489566613162,FALSE,FALSE,FALSE,28.2,31613,46850,4,51.93477834325286,23,39990,40651,4,45.06298131123953
05095,"Monroe County, AR",2007,3595,2013,2868,2882.5,2,0.8018080667593881,FALSE,FALSE,TRUE,2019,2875,2022,2692,2523,2,0.8775652173913043,FALSE,FALSE,TRUE,27.2,27141,8670,7,14.27252119889178,25.5,34289,6701,7,11.031160848186138
05097,"Montgomery County, AR",2006,4143,2013,3172,3047,2,0.7354573980207579,FALSE,FALSE,TRUE,2018,3014,2021,2830,2940,2,0.9754479097544791,FALSE,FALSE,TRUE,18,34925,9478,8,12.144229056714499,19.9,39591,8986,8,11.513825944675721
05099,"Nevada County, AR",2006,4148,2013,3520,3195,2,0.7702507232401157,FALSE,FALSE,TRUE,2019,2897,2022,2602,2438.5,2,0.8417328270624784,FALSE,FALSE,TRUE,21,32306,9267,7,15.000242800951781,24.1,36528,8252,7,13.357289693908934
05101,"Newton County, AR",2006,3379,2009,3191,3448.5,2,1.0205682154483575,FALSE,FALSE,FALSE,2019,2615,2020,2514,2537,2,0.9701720841300191,FALSE,FALSE,TRUE,21.7,28819,8428,9,10.264579649143318,18.1,37648,7753,9,9.442487662530631
05103,"Ouachita County, AR",2006,11379,2013,9390,9053,2,0.7955883645311539,FALSE,FALSE,TRUE,2018,8678,2020,8406,8869.5,2,1.0220672966121227,FALSE,FALSE,FALSE,22.9,33418,26448,7,36.09559436675078,17.3,46393,23382,7,31.911191299280354
05105,"Perry County, AR",2006,4602,2013,3980,3953.5,2,0.8590830073880922,FALSE,FALSE,TRUE,2019,3968,2020,3741,3996,2,1.0070564516129032,FALSE,FALSE,FALSE,16.2,37491,10496,2,19.037392805838905,16.5,50560,10455,2,18.963027990191097
05107,"Phillips County, AR",2008,8329,2013,6773,6154,2,0.7388642093888822,FALSE,FALSE,TRUE,2018,5774,2022,4821,4504,2,0.7800484932455837,FALSE,FALSE,TRUE,37.2,26261,22775,7,32.99003418506287,33.3,31521,17782,6,25.757575757575758
05109,"Pike County, AR",2006,5039,2013,3891,4134.5,2,0.820500099226037,FALSE,FALSE,TRUE,2018,4394,2022,4196,4096,2,0.9321802457897133,FALSE,FALSE,TRUE,17.6,33892,11342,9,18.8927848617855,16.9,44426,10718,9,17.853365204427526
05111,"Poinsett County, AR",2006,10468,2013,9343,9589,2,0.9160298051203668,FALSE,FALSE,TRUE,2018,9740,2020,9309,9412.5,2,0.9663757700205339,FALSE,FALSE,TRUE,25.3,30581,24813,3,32.72209364429411,23.1,40536,23528,3,31.027502489136815
05113,"Polk County, AR",2006,8396,2013,7936,7593.5,2,0.9044187708432587,FALSE,FALSE,TRUE,2019,7235,2021,6935,7128,2,0.9852107809260539,FALSE,FALSE,TRUE,19.4,30935,20377,7,23.781624997957607,20.2,39722,19964,7,23.299620231595704
05115,"Pope County, AR",2008,28772,2009,27405,28147,2,0.978277492006117,FALSE,FALSE,TRUE,2019,26373,2020,24371,26048.5,2,0.9876957494407159,FALSE,FALSE,FALSE,16.3,38770,59793,5,73.73186082530162,16.9,47519,64072,5,79.00837534157385
05117,"Prairie County, AR",2006,4209,2013,3557,3534.5,2,0.8397481587075315,FALSE,FALSE,TRUE,2019,3474,2020,3430,3495.5,2,1.006188831318365,FALSE,FALSE,FALSE,16.4,34975,8951,8,13.8235966369943,15,46205,8062,8,12.45065758992828
05119,"Pulaski County, AR",2008,181316,2013,175572,180595.5,2,0.9960262745703633,FALSE,FALSE,FALSE,2019,184988,2020,176662,187484,2,1.0134927670984064,FALSE,FALSE,FALSE,15.5,44909,373403,2,492.376402516453,14.6,52684,391911,2,516.781408522764
05121,"Randolph County, AR",2006,7176,2013,6092,5955.5,2,0.8299191750278707,FALSE,FALSE,FALSE,2019,7097,2020,7055,7100.5,2,1.0004931661265324,FALSE,FALSE,FALSE,17.4,32600,18054,7,27.693879398017835,17.3,42875,17958,7,27.54662048463522
05123,"St. Francis County, AR",2006,9722,2013,8270,8371,2,0.8610368236988274,FALSE,FALSE,TRUE,2018,7900,2021,7231,7253,2,0.9181012658227848,FALSE,FALSE,TRUE,32.6,28318,28394,6,44.73017593386097,32,34389,24994,6,39.374023289811966
05125,"Saline County, AR",2008,47418,2009,46424,50964,2,1.0747817284575478,FALSE,FALSE,FALSE,2019,58553,2020,56402,61922,2,1.0575376154936553,FALSE,FALSE,FALSE,10.7,50849,100043,2,138.27337612437043,9.6,66944,122437,2,169.22500677248328
05127,"Scott County, AR",2006,4661,2013,4366,4175.5,2,0.8958378030465566,FALSE,FALSE,TRUE,2018,3981,2021,3824,4070.5,2,1.022481788495353,FALSE,FALSE,FALSE,22.5,33884,11287,6,12.641541132329058,19.6,38065,10281,6,11.514812118496948
05129,"Searcy County, AR",2008,3413,2013,2894,3021,2,0.8851450336946968,FALSE,FALSE,TRUE,2018,3097,2020,2956,3059,2,0.9877300613496932,FALSE,FALSE,FALSE,23.9,24515,8275,9,12.427182716379402,22.4,34712,7881,9,11.83548362390164
05131,"Sebastian County, AR",2008,58652,2013,54137,56321,2,0.9602571097319784,FALSE,FALSE,TRUE,2019,57687,2020,55629,57160.5,2,0.9908731603307505,FALSE,FALSE,TRUE,16.1,40545,122946,2,231.45651977469203,15.9,48945,127827,2,240.64542606705024
05133,"Sevier County, AR",2007,7394,2013,5524,6145.5,2,0.8311468758452799,FALSE,FALSE,TRUE,2018,6833,2021,6530,6873,2,1.005853944094834,FALSE,FALSE,FALSE,18.4,33281,16347,7,29.006208645259058,17.7,43493,17007,6,30.177316353454504
05135,"Sharp County, AR",2006,6039,2013,5465,5816.5,2,0.9631561516807419,FALSE,FALSE,FALSE,2018,5806,2020,5559,6084.5,2,1.0479676197037546,FALSE,FALSE,FALSE,23.1,27176,17506,7,28.952908935443915,23.3,37591,17442,7,28.847060302297084
05137,"Stone County, AR",2007,4479,2009,4200,4789.5,2,1.0693235097119893,FALSE,FALSE,FALSE,2018,3963,2020,3682,3855,2,0.9727479182437547,FALSE,FALSE,TRUE,21.1,27287,12230,9,20.166875535914517,19.3,36930,12506,9,20.6219906338632
05139,"Union County, AR",2006,18297,2011,15228,15405.5,2,0.8419686287369514,FALSE,FALSE,TRUE,2018,16196,2021,15131,15278,2,0.9433193381081748,FALSE,FALSE,TRUE,19,37120,42267,5,40.67783886890836,18.9,46602,38682,7,37.22762824726413
05141,"Van Buren County, AR",2006,6605,2010,5778,5936.5,2,0.8987887963663891,FALSE,FALSE,TRUE,2018,5404,2020,5143,5611.5,2,1.03839748334567,FALSE,FALSE,FALSE,17.1,31924,17226,8,24.27664039257523,19.9,38096,16545,8,23.316905566884778
05143,"Washington County, AR",2007,99664,2009,93440,99092,2,0.9942607160057794,FALSE,FALSE,FALSE,2019,117282,2020,114730,125864.5,2,1.073178322334203,FALSE,FALSE,FALSE,15.4,42909,194526,2,206.62097182788915,15.1,52158,239187,2,254.05884246114823
05145,"White County, AR",2008,31047,2009,31338,33625,2,1.083035397945051,FALSE,FALSE,FALSE,2019,31273,2020,30652,32340.5,2,1.0341348767307261,FALSE,FALSE,FALSE,15.5,37809,73573,4,71.15611151623942,15.4,46388,78753,4,76.165947429606
05147,"Woodruff County, AR",2006,3244,2013,2948,2842.5,2,0.876233045622688,FALSE,FALSE,FALSE,2018,2691,2021,2648,2810,2,1.0442214790040878,FALSE,FALSE,FALSE,26.5,26550,7648,9,13.051795901858961,27.1,36568,6320,9,10.785479877059183
05149,"Yell County, AR",2006,10294,2013,8544,8861.5,2,0.8608412667573344,FALSE,FALSE,TRUE,2018,9124,2021,8634,9047,2,0.9915607189829022,FALSE,FALSE,TRUE,18.1,34169,21633,6,23.251639642041045,15.6,44469,21341,6,22.937791411306705
06001,"Alameda County, CA",2007,717481,2009,688405,715626,2,0.9974145656818787,FALSE,FALSE,FALSE,2019,864097,2020,787096,833723,2,0.9648488537745183,FALSE,FALSE,TRUE,11,68263,1455715,1,1973.960586283441,8.9,107589,1671329,1,2266.3348064095767
06003,"Alpine County, CA",2007,459,2009,386,498.5,2,1.0860566448801743,TRUE,FALSE,FALSE,2018,375,2020,318,352.5,2,0.94,TRUE,FALSE,FALSE,15.9,46136,1274,8,1.7254923206111006,17.2,58112,1129,8,1.529105832001517
06005,"Amador County, CA",2007,16847,2012,12832,13252,2,0.7866088917908233,FALSE,FALSE,TRUE,2019,14452,2020,13306,14035,2,0.9711458621644063,FALSE,FALSE,TRUE,10.1,54903,38756,6,65.18159724850105,9.8,62640,39752,6,66.85671518790416
06007,"Butte County, CA",2007,95465,2011,86544,91620.5,2,0.9597286963808725,FALSE,FALSE,TRUE,2018,94712,2020,82770,86164,2,0.9097474448855478,FALSE,FALSE,TRUE,17.1,39466,217469,3,132.88567392112006,16.1,58394,219186,3,133.93485657300405
06009,"Calaveras County, CA",2007,19594,2012,17648,18915,2,0.9653465346534653,FALSE,FALSE,TRUE,2019,15808,2020,15243,16764.5,2,1.06050733805668,FALSE,FALSE,FALSE,10.3,51447,46268,6,45.36007278317203,12.1,68248,45905,6,45.004196012611565
06011,"Colusa County, CA",2008,9136,2012,8906,9243.5,2,1.0117666374781087,FALSE,FALSE,FALSE,2019,9960,2020,9247,9579,2,0.9617469879518072,FALSE,FALSE,TRUE,12.7,43882,21075,6,18.315272982300016,12,59048,21547,6,18.72546557293563
06013,"Contra Costa County, CA",2008,496246,2010,467835,491086,2,0.9896019313002019,FALSE,FALSE,FALSE,2019,564440,2020,515787,557911.5,2,0.9884336687690454,FALSE,FALSE,TRUE,8.7,76317,1009152,1,1407.6666522526946,7.9,106555,1153526,1,1609.0540203125413
06015,"Del Norte County, CA",2008,10466,2012,9047,8964,2,0.856487674374164,FALSE,FALSE,TRUE,2018,8737,2020,8089,8424.5,2,0.9642325741101064,FALSE,FALSE,TRUE,22.3,35910,28415,7,28.23985641054182,17.9,48979,27812,7,27.64057316522925
06017,"El Dorado County, CA",2006,88049,2011,78872,81192,2,0.9221229088348534,FALSE,FALSE,TRUE,2019,83784,2020,78153,84671.5,2,1.0105927145994462,FALSE,FALSE,FALSE,8.2,64256,177694,1,104.04598554549283,8.7,86202,192843,1,112.91624922929009
06019,"Fresno County, CA",2008,388305,2010,366144,375360.5,2,0.9666640913714735,FALSE,FALSE,FALSE,2019,412340,2020,388878,423499,2,1.027062618227676,FALSE,FALSE,FALSE,20,46547,895933,2,150.36010245390597,20.5,56926,999101,2,167.67428894995487
06021,"Glenn County, CA",2007,11034,2009,10888,11163,2,1.0116911364872214,FALSE,FALSE,FALSE,2019,11306,2020,10750,11182.5,2,0.989076596497435,FALSE,FALSE,FALSE,15.8,38521,27775,6,21.138133421006167,12.1,55682,28393,6,21.60846164617923
06023,"Humboldt County, CA",2006,56580,2009,54775,57963.5,2,1.0244521032166845,FALSE,FALSE,FALSE,2018,59058,2020,53495,56109,2,0.9500660367774053,FALSE,FALSE,TRUE,16.9,37281,132001,5,36.99554711515393,19.1,51134,135558,5,37.99245744983778
06025,"Imperial County, CA",2008,56679,2009,55335,56848.5,2,1.0029905255914888,FALSE,FALSE,FALSE,2019,57303,2020,53578,58421.5,2,1.019519047868349,FALSE,FALSE,FALSE,21,33576,164596,3,39.419206385396045,22,48102,181215,3,43.39930183679764
06027,"Inyo County, CA",2006,8668,2007,8534,8710.5,2,1.0049030918320259,FALSE,FALSE,FALSE,2019,8127,2020,7360,7704,2,0.9479512735326688,FALSE,FALSE,TRUE,11.4,46865,18426,7,1.8069558090157738,11.7,59605,18039,7,1.7690044414867874
06029,"Kern County, CA",2008,327171,2010,313294,342607.5,2,1.0471817489936455,FALSE,FALSE,FALSE,2019,360356,2020,339064,368459.5,2,1.0224874845985636,FALSE,FALSE,FALSE,18.1,46639,803281,2,98.74779232060096,19,53245,900202,2,110.66234623075815
06031,"Kings County, CA",2008,53056,2011,49520,50351.5,2,0.9490255579010857,FALSE,FALSE,FALSE,2019,51434,2020,48409,51749,2,1.0061243535404596,FALSE,FALSE,FALSE,17.2,45087,150420,3,108.1402069919452,16,57297,152940,3,109.95188975766587
06033,"Lake County, CA",2006,22591,2009,21741,25432,2,1.1257580452392546,FALSE,FALSE,FALSE,2019,23789,2020,22155,23408.5,2,0.9840052124931691,FALSE,FALSE,FALSE,16.4,38113,64077,4,51.053302525695166,18.3,46897,64386,4,51.299498047964306
06035,"Lassen County, CA",2008,11712,2013,9802,9527,2,0.8134392076502732,FALSE,FALSE,FALSE,2018,8827,2022,7771,7693.5,2,0.8715871757108871,FALSE,FALSE,TRUE,17.2,47676,35615,6,7.842348860002348,16.5,53613,30573,7,6.7321109559694445
06037,"Los Angeles County, CA",2007,4661349,2010,4308639,4424011.5,2,0.949083945441545,FALSE,FALSE,FALSE,2019,4932292,2020,4363217,4797142.5,2,0.9725990472583538,FALSE,FALSE,TRUE,14.6,53494,9700359,1,2389.101519264558,13.4,72721,10039107,1,2472.531767716995
06039,"Madera County, CA",2008,59472,2010,51357,53776.5,2,0.9042322437449556,FALSE,FALSE,FALSE,2019,60027,2020,56457,62946.5,2,1.0486364469322138,FALSE,FALSE,FALSE,16.9,44259,146067,3,68.36073606653972,17.6,61105,157327,3,73.6305224529873
06041,"Marin County, CA",2007,128397,2010,122547,129318,2,1.0071730647912334,FALSE,FALSE,FALSE,2018,128599,2020,114657,120798.5,2,0.9393424521186012,FALSE,FALSE,TRUE,6.8,83910,246248,1,473.42547501542856,6.9,112069,258826,1,497.6073795374716
06043,"Mariposa County, CA",2008,8663,2012,7328,7403.5,2,0.854611566431952,FALSE,FALSE,TRUE,2019,6749,2020,5933,6587,2,0.9759964439176174,FALSE,FALSE,FALSE,12.5,42757,18366,8,12.67634797493167,15.1,52760,17203,8,11.873636840506888
06045,"Mendocino County, CA",2006,41326,2011,36139,37386.5,2,0.9046726032037942,FALSE,FALSE,TRUE,2018,36513,2020,32616,34496,2,0.9447594007613727,FALSE,FALSE,TRUE,15.4,42329,87071,4,24.82913944223335,14,52309,86749,4,24.737318021778787
06047,"Merced County, CA",2007,90726,2009,88578,95024.5,2,1.0473789211471904,FALSE,FALSE,FALSE,2019,106958,2020,101561,107850,2,1.0083397221339216,FALSE,FALSE,FALSE,19.3,43789,248540,3,128.24534933880426,17,59733,277680,2,143.28143801560782
06049,"Modoc County, CA",2006,3702,2011,3030,3038.5,2,0.8207725553754727,FALSE,FALSE,TRUE,2019,2779,2020,2735,2855,2,1.0273479668945664,FALSE,FALSE,FALSE,19.6,33713,9525,6,2.412471604386063,20.5,45311,8841,6,2.2392295490159775
06051,"Mono County, CA",2008,8180,2012,7508,7690,2,0.9400977995110025,FALSE,FALSE,TRUE,2019,7660,2020,6443,7960.5,2,1.0392297650130549,FALSE,FALSE,FALSE,9.6,54174,13678,7,4.486202254974247,10.1,66226,14444,7,4.737440076827608
06053,"Monterey County, CA",2008,196135,2010,188281,192674.5,2,0.9823565401381701,FALSE,FALSE,FALSE,2018,205756,2020,188539,202494,2,0.9841462703396255,FALSE,FALSE,TRUE,12.1,56668,402376,2,122.61138830332162,12.6,76509,434061,2,132.26639217629304
06055,"Napa County, CA",2008,72421,2010,62976,66532,2,0.9186838071829994,FALSE,FALSE,TRUE,2018,71965,2020,63082,69730.5,2,0.9689501841172792,FALSE,FALSE,TRUE,8.6,61988,132583,3,176.3130423218857,7.4,90230,137744,3,183.17630240367032
06057,"Nevada County, CA",2007,48212,2010,43170,43807.5,2,0.9086430764125114,FALSE,FALSE,TRUE,2018,43942,2020,40287,44158,2,1.0049155705247828,FALSE,FALSE,FALSE,8.8,58658,97794,4,102.10699966588707,9.4,69550,99755,4,104.15448546608754
06059,"Orange County, CA",2007,1559641,2010,1387193,1445799,2,0.9270075613554658,FALSE,FALSE,FALSE,2019,1581975,2020,1435000,1550607.5,2,0.9801719369775123,FALSE,FALSE,TRUE,8.9,73107,2931629,1,3697.504121119936,9.5,95761,3175692,1,4005.3275013337675
06061,"Placer County, CA",2008,167203,2010,153211,159854.5,2,0.9560504297171701,FALSE,FALSE,FALSE,2019,181722,2020,171670,191732.5,2,1.0550868909653206,FALSE,FALSE,FALSE,6,69667,329023,1,233.83506044107162,6.6,97688,398329,1,283.09050063500615
06063,"Plumas County, CA",2006,9389,2013,7088,7120.5,2,0.7583874747044413,FALSE,FALSE,TRUE,2019,7369,2021,6866,7166.5,2,0.9725200162844347,FALSE,FALSE,TRUE,11.5,45516,20667,7,8.094985550683846,13.2,59376,18807,7,7.3664486017182504
06065,"Riverside County, CA",2007,856366,2009,802284,857838,2,1.001718891221744,FALSE,FALSE,FALSE,2019,1038097,2020,988916,1103923.5,2,1.0634107410001186,FALSE,FALSE,FALSE,11.7,57736,2075183,1,287.84989403896714,11.3,72905,2470546,1,342.6909358444022
06067,"Sacramento County, CA",2007,645674,2011,595298,622923,2,0.9647639520872763,FALSE,FALSE,FALSE,2019,716627,2020,673684,727655,2,1.0153887587266457,FALSE,FALSE,FALSE,12.2,56823,1381161,1,1430.8397563401293,12.6,71891,1552058,1,1607.8837228576165
06069,"San Benito County, CA",2008,22668,2009,21566,24469.5,2,1.0794732662784543,FALSE,FALSE,FALSE,2019,30074,2020,28729,32123,2,1.0681319412116779,FALSE,FALSE,FALSE,11.7,66273,54072,1,38.938481347378605,10.4,84209,62808,1,45.22947433914328
06071,"San Bernardino County, CA",2006,825278,2009,755234,779471,2,0.9444950671167777,FALSE,FALSE,FALSE,2019,924837,2020,879359,963807.5,2,1.0421376956155517,FALSE,FALSE,FALSE,12.1,55995,1992161,1,99.26970410401707,13.3,67398,2180085,1,108.63398734921829
06073,"San Diego County, CA",2008,1467688,2010,1352021,1406300,2,0.9581736717885545,FALSE,FALSE,FALSE,2019,1559772,2020,1425308,1570137,2,1.0066452019910603,FALSE,FALSE,FALSE,11.1,61724,2975742,1,706.7495205989271,10.3,83576,3338330,1,792.8654860202989
06075,"San Francisco County/city, CA",2008,437476,2009,422959,463223.5,2,1.0588546571697648,FALSE,FALSE,FALSE,2019,527993,2021,472945,494782,2,0.9370995448803299,FALSE,FALSE,TRUE,10.6,67333,778673,1,16679.297418871156,9.5,121795,881549,1,18882.917425297204
06077,"San Joaquin County, CA",2007,268020,2009,255369,263075,2,0.9815498843369898,FALSE,FALSE,FALSE,2019,321022,2020,308704,340706,2,1.061316669885553,FALSE,FALSE,FALSE,14.2,51874,668080,2,479.8604836242079,13.6,68458,762148,2,547.4265175925381
06079,"San Luis Obispo County, CA",2008,129856,2010,120187,126991,2,0.9779370995564317,FALSE,FALSE,FALSE,2019,130760,2020,118873,127868,2,0.9778831446925665,FALSE,FALSE,TRUE,11.5,55942,262770,3,79.60696089058489,11.6,76599,283111,2,85.76932794723285
06081,"San Mateo County, CA",2007,359089,2009,346288,376383.5,2,1.0481621547861393,FALSE,FALSE,FALSE,2019,418066,2020,379405,412721,2,0.987214937354389,FALSE,FALSE,TRUE,6,82913,693849,1,1546.6296643038652,6.1,135234,766573,1,1708.7356783023495
06083,"Santa Barbara County, CA",2008,208270,2010,191639,199114,2,0.9560378355019926,FALSE,FALSE,FALSE,2019,213160,2020,198217,210930.5,2,0.9895407205854757,FALSE,FALSE,FALSE,12.2,57741,411243,2,150.42131487109634,12,74530,446499,2,163.3169845289273
06085,"Santa Clara County, CA",2008,825097,2009,788747,864577,2,1.0478489195815766,FALSE,FALSE,FALSE,2019,1000125,2020,927766,984811.5,2,0.9846884139482565,FALSE,FALSE,TRUE,8.3,84265,1712026,1,1326.0376551796785,6.1,132444,1927852,1,1493.204160225051
06087,"Santa Cruz County, CA",2007,137565,2011,122374,128303,2,0.9326718278631919,FALSE,FALSE,TRUE,2019,135818,2020,122912,128106.5,2,0.9432218115419164,FALSE,FALSE,TRUE,10.6,62849,253304,2,569.08691412832,10.6,85770,273213,2,613.8155855009818
06089,"Shasta County, CA",2006,77634,2011,64503,66841,2,0.8609758610917897,FALSE,FALSE,TRUE,2019,72866,2020,70128,73688.5,2,1.0112878434386408,FALSE,FALSE,FALSE,13.4,41980,176548,3,46.759618407527604,13.3,61464,180080,3,47.6950862248656
06091,"Sierra County, CA",2007,1498,2012,1254,1255.5,2,0.8381174899866488,FALSE,FALSE,TRUE,2019,1256,2020,1180,1239.5,2,0.9868630573248408,FALSE,FALSE,FALSE,11.7,44950,3373,8,3.5387255971665015,12.7,55862,3005,8,3.152644654457556
06093,"Siskiyou County, CA",2008,17421,2013,15830,15920.5,2,0.9138683198438666,FALSE,FALSE,TRUE,2018,15451,2020,14597,14993,2,0.9703579056371756,FALSE,FALSE,TRUE,17.7,35692,44465,7,7.081804437081357,17.4,45954,43539,6,6.934323251683014
06095,"Solano County, CA",2006,199335,2011,176910,185563,2,0.9309102766699275,FALSE,FALSE,FALSE,2018,207596,2020,190235,203287.5,2,0.9792457465461762,FALSE,FALSE,FALSE,9.6,66575,408243,2,496.80554338619703,9,85704,447643,2,544.7528159895636
06097,"Sonoma County, CA",2007,248686,2010,218059,227548,2,0.9150012465518766,FALSE,FALSE,FALSE,2018,250854,2020,223755,237597,2,0.9471525269678778,FALSE,FALSE,TRUE,8.9,62279,467356,2,296.670490187179,7.2,87084,494336,2,313.7969843912763
06099,"Stanislaus County, CA",2007,209344,2009,199714,203413.5,2,0.9716710295016815,FALSE,FALSE,FALSE,2019,229667,2020,217928,233182.5,2,1.0153069444021126,FALSE,FALSE,FALSE,13.6,50367,507834,2,339.4271964709421,13,62761,550660,2,368.05133175149547
06101,"Sutter County, CA",2007,37404,2009,35276,37612,2,1.0055609025772645,FALSE,FALSE,FALSE,2019,41203,2020,39418,41412,2,1.0050724461811034,FALSE,FALSE,FALSE,12.2,49104,92959,3,154.23862112906008,12.8,60910,96971,3,160.89537677369685
06103,"Tehama County, CA",2006,23622,2011,21657,22358.5,2,0.946511726356786,FALSE,FALSE,FALSE,2019,25134,2020,24287,25557.5,2,1.0168496856847298,FALSE,FALSE,FALSE,19.3,36884,62147,4,21.072944390172445,16.3,51672,65084,4,22.068828948943366
06105,"Trinity County, CA",2006,4595,2009,4182,4502,2,0.9797606093579978,FALSE,FALSE,FALSE,2018,5177,2020,4847,4979,2,0.9617539115317751,FALSE,FALSE,FALSE,17,35439,13648,8,4.292812056108513,16.5,43881,12285,8,3.864097018558989
06107,"Tulare County, CA",2008,179192,2011,168012,171675,2,0.9580505826152953,FALSE,FALSE,FALSE,2018,184791,2020,177001,194146.5,2,1.0506274656233259,FALSE,FALSE,FALSE,23.2,40444,422140,2,87.5101059308858,18.9,56776,466195,2,96.64275793445138
06109,"Tuolumne County, CA",2006,24513,2010,19169,19346,2,0.7892138865091992,FALSE,FALSE,TRUE,2018,20798,2020,18558,19565,2,0.9407154534089817,FALSE,FALSE,FALSE,12.5,45478,56339,4,25.367506681939673,11.3,64729,54478,4,24.529562630126726
06111,"Ventura County, CA",2007,406550,2010,383356,396100.5,2,0.9742971344238102,FALSE,FALSE,TRUE,2018,406231,2020,374674,399232.5,2,0.9827721173421033,FALSE,FALSE,TRUE,8.7,72762,800027,2,434.6130444702789,8.2,91446,846006,2,459.5910429274547
06113,"Yolo County, CA",2007,92878,2009,88576,90425.5,2,0.9735943926441137,FALSE,FALSE,FALSE,2019,101677,2020,95090,104303,2,1.0258268831692516,FALSE,FALSE,FALSE,14.5,55988,194339,1,191.84728743084813,16.9,70951,220500,1,217.67286483156758
06115,"Yuba County, CA",2007,25069,2009,23766,24127.5,2,0.9624436555107903,FALSE,FALSE,FALSE,2019,29390,2020,28864,32159.5,2,1.0942327322218441,FALSE,FALSE,FALSE,19.2,40602,70761,3,111.96254465938615,15.2,56607,78668,3,124.47350183384336
08001,"Adams County, CO",2008,213028,2009,206811,214089,2,1.0049805659349944,FALSE,FALSE,FALSE,2019,274489,2020,260093,287286,2,1.0466211760762727,FALSE,FALSE,FALSE,12.8,52544,415746,1,356.3154358274654,9.3,75341,517421,1,443.4560744331466
08003,"Alamosa County, CO",2007,8023,2013,6829,7290,2,0.9086376667082139,FALSE,FALSE,FALSE,2019,7921,2021,7376,7509,2,0.9479863653579094,FALSE,FALSE,TRUE,21.9,35988,15180,7,21.006164852728517,19.6,38213,16233,7,22.463311861287355
08005,"Arapahoe County, CO",2008,296456,2009,286795,294255,2,0.9925756267371887,FALSE,FALSE,FALSE,2019,352627,2020,332596,362215,2,1.0271902038130942,FALSE,FALSE,FALSE,11.1,59299,542039,1,679.3430648700881,7.2,82364,656590,1,822.9110137149747
08007,"Archuleta County, CO",2007,6354,2010,5121,5173,2,0.8141328297135663,FALSE,FALSE,FALSE,2019,6087,2020,6011,6240,2,1.0251355347461804,FALSE,FALSE,FALSE,10.4,53200,12262,7,9.082370926932171,10.8,57604,14029,7,10.391174501217698
08009,"Baca County, CO",2006,2347,2013,1817,1796,2,0.7652322113336174,FALSE,FALSE,FALSE,2018,1730,2021,1608,1604,2,0.9271676300578034,FALSE,FALSE,TRUE,19.8,30397,3866,9,1.513115691510701,19.3,38945,3581,9,1.4015693976460992
08011,"Bent County, CO",2007,2307,2013,1519,1694,2,0.73428695275249245,FALSE,FALSE,FALSE,2019,1710,2021,1553,1663.5,2,0.9728070175438597,FALSE,FALSE,TRUE,28.2,32043,5715,7,3.77764572359267,34.4,35764,5577,7,3.686426981710642
08013,"Boulder County, CO",2008,169584,2010,156819,164090.5,2,0.967606024153222,FALSE,FALSE,FALSE,2019,182542,2020,172846,186768,2,1.0231508365198145,FALSE,FALSE,FALSE,12.1,64299,287428,2,395.68396823823525,10.7,88341,326196,2,449.05342452175637
08014,"Broomfield County/city, CO",2008,29360,2009,28421,29718,2,1.0121934604904632,FALSE,FALSE,FALSE,2019,40580,2020,39112,43515,2,1.072326269098078,FALSE,FALSE,FALSE,5.6,70168,51526,1,1562.909487988352,4.1,106892,70465,1,2137.375636981315
08015,"Chaffee County, CO",2008,7962,2010,7562,7782,2,0.9773926149208741,FALSE,FALSE,FALSE,2019,9285,2020,8867,9491,2,1.022186322024771,FALSE,FALSE,FALSE,12.3,42464,17377,7,17.14709179323629,11,60331,20356,7,20.086677823739304
08017,"Cheyenne County, CO",2007,1332,2013,928,979,2,0.734984984984985,FALSE,FALSE,TRUE,2019,1015,2022,922,903.5,2,0.8901477832512316,FALSE,FALSE,TRUE,12.4,44053,1863,9,1.047643897797642,13.7,52337,1831,9,1.029648940884317
08019,"Clear Creek County, CO",2006,5556,2009,4983,5077,2,0.9137868970482361,FALSE,FALSE,FALSE,2019,5530,2020,5195,5529,2,0.9998191681735985,FALSE,FALSE,FALSE,7.4,65137,9152,1,23.165339063919834,7.4,79900,9700,1,24.55242448863881
08021,"Conejos County, CO",2006,3522,2013,3226,3318,2,0.9420783645655877,FALSE,FALSE,FALSE,2019,3531,2021,3350,3288.5,2,0.9313225715094874,FALSE,FALSE,TRUE,22.1,30453,8217,9,6.382492846201884,19.9,40944,8205,9,6.373171936605386
08023,"Costilla County, CO",2006,1214,2008,1177,1382.5,2,1.1387973640856672,FALSE,FALSE,FALSE,2019,1292,2021,1215,1233,2,0.9543343653250774,FALSE,FALSE,TRUE,25.3,25164,3567,9,2.90568616797261,24.6,34731,3887,9,3.166358882789328
08025,"Crowley County, CO",2007,1802,2013,1227,1584.5,2,0.8793007769145395,FALSE,FALSE,FALSE,2019,1896,2022,1687,1673.5,2,0.8826476793248945,FALSE,FALSE,TRUE,43.8,30896,6015,8,7.638793642085371,40,38224,6061,8,7.697211681575967
08027,"Custer County, CO",2007,1915,2013,1798,1895,2,0.9895561357702349,FALSE,FALSE,FALSE,2018,1872,2020,1852,2109.5,2,1.1268696581196582,FALSE,FALSE,FALSE,11.7,44193,4112,8,5.567093495219503,11.8,57381,5068,8,6.861388578252052
08029,"Delta County, CO",2007,15873,2013,12621,11942.5,2,0.7523782523782524,FALSE,FALSE,TRUE,2019,11651,2021,10899,11228.5,2,0.9637370182816926,FALSE,FALSE,TRUE,12.1,39082,30121,6,26.372770055817007,15.1,51525,31162,6,27.28422895917697
08031,"Denver County/city, CO",2008,305016,2009,294917,324494.5,2,1.0638605843627875,FALSE,FALSE,FALSE,2019,416785,2020,397022,429651.5,2,1.0308708326835179,FALSE,FALSE,FALSE,17.4,44881,564395,1,3687.072918980362,12.1,75456,727211,1,4750.71534029293
08033,"Dolores County, CO",2007,979,2010,816,889.5,2,0.9085801838610827,TRUE,FALSE,FALSE,2019,1061,2020,1017,1052,2,0.9915174363807728,FALSE,FALSE,TRUE,12.8,36797,1980,9,1.8553744951600961,12.8,50232,2055,9,1.9256538320979786
08035,"Douglas County, CO",2008,153787,2010,145183,153258,2,0.9965601773882058,FALSE,FALSE,FALSE,2019,192707,2020,186048,212560.5,2,1.1030242803842103,FALSE,FALSE,FALSE,2.4,94042,267177,1,317.73196906127805,2.7,123697,351154,1,417.59901437527947
08037,"Eagle County, CO",2008,30442,2009,28085,29711.5,2,0.9760035477301097,FALSE,FALSE,FALSE,2019,34851,2020,31373,33148,2,0.9511348311382744,FALSE,FALSE,TRUE,6.8,73440,49803,5,29.56597624178525,7.9,89268,55127,5,32.72661430598348
08039,"Elbert County, CO",2006,12599,2010,11616,11850.5,2,0.9405905230573856,FALSE,FALSE,FALSE,2019,13709,2020,13172,15327,2,1.1180246553359108,FALSE,FALSE,FALSE,4.9,77037,22402,1,12.108626301696246,5.7,101733,26729,1,14.447436497546601
08041,"El Paso County, CO",2007,284890,2009,273687,278591.5,2,0.9778914668819544,FALSE,FALSE,FALSE,2019,339024,2020,329093,360755.5,2,1.0641001816980509,FALSE,FALSE,FALSE,10,55253,586783,2,275.94929684501994,8.8,72675,720403,2,338.78742447385645
08043,"Fremont County, CO",2007,18722,2013,13353,14133.5,2,0.754914004914005,FALSE,FALSE,TRUE,2019,15116,2022,14418,14789.5,2,0.9784003704683779,FALSE,FALSE,TRUE,18.7,34630,46959,4,30.61541821643136,16.1,52239,47839,4,31.18914355194659
08045,"Garfield County, CO",2008,35499,2010,27850,28682,2,0.8079664215893405,FALSE,FALSE,TRUE,2019,33185,2021,30500,32284.5,2,0.9728642458942294,FALSE,FALSE,TRUE,7.8,64173,53534,5,18.162972764362113,9.6,73788,60061,5,20.377448111487144
08047,"Gilpin County, CO",2008,3313,2011,3019,3205,2,0.9674011469966798,FALSE,FALSE,FALSE,2019,3443,2020,3239,3564,2,1.035143769968051,FALSE,FALSE,FALSE,6.2,62746,4893,1,32.61499903348153,6.8,74806,6243,1,41.613619245049094
08049,"Grand County, CO",2007,8921,2011,8049,8410,2,0.9427194260733102,FALSE,FALSE,FALSE,2018,9376,2020,8309,8824.5,2,0.9411796075085325,FALSE,FALSE,TRUE,7.3,59118,14306,8,7.747853038836209,8.1,71029,15734,7,8.521230232982589
08051,"Gunnison County, CO",2007,9255,2009,8821,9253.5,2,0.999837925445705,FALSE,FALSE,FALSE,2019,10285,2020,9736,10162,2,0.9880408361691784,FALSE,FALSE,FALSE,10.7,49333,15043,7,4.64413393678569,11.6,60408,17462,7,5.390937100588428
08053,"Hinsdale County, CO",2008,621,2013,412,395,2,0.6360708534621579,TRUE,FALSE,FALSE,2018,360,2020,346,357,2,0.9916666666666667,TRUE,FALSE,FALSE,8.5,47010,835,9,0.7473834864947356,8.9,61391,820,9,0.7339574358391416
08055,"Huerfano County, CO",2008,3205,2013,2193,2251.5,2,0.7024960998439937,FALSE,FALSE,TRUE,2018,2321,2022,2204,2286.5,2,0.9851357173632055,FALSE,FALSE,TRUE,22,29783,7051,6,4.431711975804399,20,39955,6897,6,4.334919514554381
08057,"Jackson County, CO",2007,1076,2013,755,742,2,0.6895910780669146,FALSE,FALSE,FALSE,2018,744,2020,700,706,2,0.9489247311827957,TRUE,FALSE,TRUE,14.2,39007,1407,9,0.8718952288058814,12.6,53577,1392,9,0.8625999705030469
08059,"Jefferson County, CO",2008,292525,2010,276167,283550,2,0.9693188616357576,FALSE,FALSE,FALSE,2019,323020,2020,304573,325848,2,1.0087548758590799,FALSE,FALSE,FALSE,8.1,64548,524911,1,686.7057392168919,7.2,89696,582881,1,762.5439893248212
08061,"Kiowa County, CO",2007,887,2010,723,753.5,2,0.8494926719278467,TRUE,FALSE,FALSE,2019,780,2022,704,688,2,0.882051282051282,TRUE,FALSE,TRUE,14.7,34084,1410,9,0.797597478008088,13.5,46901,1406,9,0.795334790127214
08063,"Kit Carson County, CO",2007,4355,2013,3922,4140,2,0.9506314580941446,FALSE,FALSE,FALSE,2019,4020,2021,3660,3764.5,2,0.9364427860696517,FALSE,FALSE,TRUE,14.5,37288,7954,7,3.6810065799033884,13.2,42951,7097,7,3.284398252146637
08065,"Lake County, CO",2008,3901,2009,3533,4019,2,1.030248654191233,FALSE,FALSE,FALSE,2019,4371,2021,3990,4366,2,0.9988560970029742,FALSE,FALSE,FALSE,12.7,41492,7392,7,19.611640697338157,11.4,56850,8127,6,21.56166178940303
08067,"La Plata County, CO",2008,30200,2011,27283,28250,2,0.9354304635761589,FALSE,FALSE,TRUE,2018,29013,2021,26685,27863.5,2,0.9603798297314997,FALSE,FALSE,TRUE,11.3,53720,49343,6,29.20253633523941,11.3,77829,56221,4,33.27312476548842
08069,"Larimer County, CO",2008,167569,2010,155548,162432.5,2,0.9693469555824765,FALSE,FALSE,FALSE,2019,190445,2020,181411,197756.5,2,1.0383916616345927,FALSE,FALSE,FALSE,12.2,52968,286112,2,110.2234193946557,10.3,75332,356899,2,137.4938071752783
08071,"Las Animas County, CO",2007,8381,2013,5985,5804,2,0.6925187925068608,FALSE,FALSE,TRUE,2019,6192,2021,5639,5502,2,0.8885658914728682,FALSE,FALSE,TRUE,17.2,36607,15734,7,3.296502070632386,17.6,43452,14506,7,3.03921819223296
08073,"Lincoln County, CO",2006,2949,2013,1983,1875.5,2,0.6359782977280434,FALSE,FALSE,FALSE,2018,1793,2021,1605,1617.5,2,0.9021193530395984,FALSE,FALSE,TRUE,17.5,36252,5484,8,2.127453224348555,17,43077,5701,8,2.2116358191121646
08075,"Logan County, CO",2007,10976,2013,10248,10955.5,2,0.9981322886297376,FALSE,FALSE,FALSE,2018,11460,2022,10207,9975.5,2,0.8704624781849912,FALSE,FALSE,TRUE,13.7,40874,22163,7,12.054286986993901,12.9,58429,22409,7,12.18808451435033
08077,"Mesa County, CO",2008,78373,2013,67130,68649.5,2,0.8759330381636533,FALSE,FALSE,TRUE,2019,74513,2020,70720,75457,2,1.0126689302537812,FALSE,FALSE,FALSE,12,49926,139434,3,41.88816064788848,11.2,60249,154210,3,46.327102812161186
08079,"Mineral County, CO",2007,451,2010,383,409.5,2,0.9079822616407982,TRUE,FALSE,TRUE,2019,418,2021,362,402.5,2,0.9629186602870813,TRUE,FALSE,TRUE,9.3,44031,807,9,0.9214853384488901,9.4,63015,769,9,0.8780944551018544
08081,"Moffat County, CO",2008,8368,2013,7016,6521,2,0.7792782026768642,FALSE,FALSE,FALSE,2018,6479,2021,5909,6103.5,2,0.9420435252353758,FALSE,FALSE,TRUE,10.6,54323,13348,7,2.814107813133796,12.2,63232,13283,7,2.800404111616438
08083,"Montezuma County, CO",2007,12665,2013,11734,11352.5,2,0.8963679431504146,FALSE,FALSE,TRUE,2018,11296,2021,10653,10715,2,0.9485658640226629,FALSE,FALSE,TRUE,14,41425,25157,6,12.396586294422498,14.9,52641,26183,6,12.902167148183974
08085,"Montrose County, CO",2007,20005,2013,17479,17930.5,2,0.8963009247688078,FALSE,FALSE,TRUE,2019,18986,2021,18176,19045.5,2,1.0031338881280945,FALSE,FALSE,FALSE,12.6,45254,39673,7,17.70368406913866,13.2,50707,42758,4,19.080334822882836
08087,"Morgan County, CO",2006,13786,2010,13297,13814.5,2,1.0020673146670536,FALSE,FALSE,FALSE,2019,14406,2021,13176,13677,2,0.949396084964598,FALSE,FALSE,TRUE,12.3,43540,27745,6,21.667571271822787,11.9,57535,29068,6,22.700773535027746
08089,"Otero County, CO",2006,8759,2013,7402,7348.5,2,0.8389656353465007,FALSE,FALSE,TRUE,2019,7531,2021,6969,6888,2,0.9146195724339398,FALSE,FALSE,TRUE,24.9,31996,18783,6,14.884155106478408,24.2,43723,18278,6,14.483979504669772
08091,"Ouray County, CO",2007,2962,2011,1809,1987,2,0.6708305199189737,FALSE,FALSE,TRUE,2019,2277,2020,2210,2350.5,2,1.0322793148880105,FALSE,FALSE,FALSE,7.4,55074,4250,9,7.860602843503719,6.9,72836,4952,9,9.158989477889511
08093,"Park County, CO",2006,9355,2009,8596,8638.5,2,0.9234099412079102,FALSE,FALSE,TRUE,2019,8683,2020,8173,9137.5,2,1.0523436600253369,FALSE,FALSE,FALSE,7.4,61987,16445,1,7.497116493656286,8.6,77221,18845,1,8.591253288109012
08095,"Phillips County, CO",2007,2355,2012,2024,2237.5,2,0.9501061571125266,FALSE,FALSE,FALSE,2019,2400,2021,2191,2215,2,0.9229166666666667,FALSE,FALSE,TRUE,11.5,39430,4378,9,6.364038097010153,10.4,53432,4265,9,6.199776720819621
08097,"Pitkin County, CO",2008,11154,2010,9906,10090,2,0.90460821230052,FALSE,FALSE,FALSE,2019,11857,2021,10591,11592,2,0.9776503331365438,FALSE,FALSE,TRUE,4.6,72727,15814,7,16.291319366107587,6.2,92820,17767,7,18.303267432504963
08099,"Prowers County, CO",2007,6557,2013,5491,5558,2,0.8476437395150221,FALSE,FALSE,TRUE,2019,5836,2021,5387,5582.5,2,0.9565627141877998,FALSE,FALSE,TRUE,19.8,34581,12736,7,7.773404288433826,18.2,47051,12172,7,7.429167477922153
08101,"Pueblo County, CO",2008,68611,2010,66039,66221.5,2,0.9651732229525878,FALSE,FALSE,FALSE,2019,70258,2020,68090,70379.5,2,1.001729340430983,FALSE,FALSE,FALSE,17.8,40570,155121,3,64.99689305792236,17.8,51075,168424,3,70.57095245896762
08103,"Rio Blanco County, CO",2007,5235,2012,2824,2709.5,2,0.5175740210124165,FALSE,FALSE,TRUE,2019,3032,2021,2762,2808,2,0.9261213720316622,FALSE,FALSE,TRUE,8.2,58841,6373,9,1.9785958954613376,10.3,65960,6324,9,1.9633830916205082
08105,"Rio Grande County, CO",2006,6307,2013,4315,4741.5,2,0.7517837323608689,FALSE,FALSE,FALSE,2019,5181,2021,4880,5050.5,2,0.9748118123914302,FALSE,FALSE,TRUE,18.1,37350,11852,7,12.996241046717167,14.4,48496,11267,7,12.354762729780823
08107,"Routt County, CO",2007,15287,2011,13051,13701.5,2,0.89628442467456,FALSE,FALSE,TRUE,2019,14417,2021,12972,14192.5,2,0.9844281057085386,FALSE,FALSE,TRUE,6.2,63797,22491,7,9.521934615286915,7.2,87691,25638,7,10.854268803820458
08109,"Saguache County, CO",2006,2999,2013,2621,2830,2,0.9436478826275425,FALSE,FALSE,FALSE,2019,3040,2021,2795,3029,2,0.9963815789473685,FALSE,FALSE,FALSE,30.6,30193,6148,9,1.940309906752771,25.4,37004,6824,9,2.1536556284451707
08111,"San Juan County, CO",2007,540,2013,436,392,2,0.725925925925926,TRUE,FALSE,TRUE,2019,384,2020,353,418,2,1.0885416666666667,TRUE,FALSE,FALSE,14.3,38257,661,9,1.7057360212223494,13.7,50524,728,9,1.8786321080936013
08113,"San Miguel County, CO",2007,5478,2012,4460,4779.5,2,0.8724899598393574,FALSE,FALSE,TRUE,2019,5404,2020,4738,5210,2,0.964100666173205,FALSE,FALSE,TRUE,8.6,59973,7322,9,5.6904155899667765,9.9,77209,8179,9,6.356447570382172
08115,"Sedgwick County, CO",2007,1786,2011,1004,1028.5,2,0.5758678611422172,FALSE,FALSE,TRUE,2019,1168,2022,1004,976.5,2,0.8360445205479452,FALSE,FALSE,TRUE,12.2,32086,2400,9,4.379234400345959,14.6,42808,2248,9,4.101882888324048
08117,"Summit County, CO",2007,16664,2009,15468,18009.5,2,1.0807429188670188,FALSE,FALSE,FALSE,2019,20951,2020,18544,19614.5,2,0.9362082955467519,FALSE,FALSE,TRUE,7,68685,26603,7,43.73134230217909,6.4,86570,31011,5,50.977433226811854
08119,"Teller County, CO",2006,12253,2013,10801,10916,2,0.8908838651758753,FALSE,FALSE,FALSE,2019,11869,2020,11414,12334,2,1.0391776897800995,FALSE,FALSE,FALSE,7.4,59075,22707,2,40.756289700452854,7.9,70599,25388,2,45.56835702272854
08121,"Washington County, CO",2007,2803,2010,2414,2466,2,0.8797716732072779,FALSE,FALSE,FALSE,2018,2497,2021,2203,2225,2,0.8910692831397677,FALSE,FALSE,TRUE,13.4,38149,4883,9,1.939172799636549,11.8,53263,4908,9,1.9491009831284423
08123,"Weld County, CO",2008,112382,2009,109907,124012.5,2,1.1034907725436458,FALSE,FALSE,FALSE,2019,164384,2020,154378,166402.5,2,1.0122791755888652,FALSE,FALSE,FALSE,11.6,52228,237692,3,59.64730368550936,8.4,78160,324492,2,81.42921456135798
08125,"Yuma County, CO",2007,6592,2013,4513,5034.5,2,0.7637287621359223,FALSE,FALSE,FALSE,2019,5663,2021,4965,5058.5,2,0.8932544587674378,FALSE,FALSE,TRUE,12.1,41570,9788,7,4.139741219650322,12.8,52841,10019,7,4.23744046584354
09110,"Capitol Planning Region, CT",2008,479046,2009,470839,477438,2,0.9966433286156235,FALSE,FALSE,FALSE,2019,503324,2021,465669,497530.5,2,0.9884895216600043,FALSE,FALSE,TRUE,NA,NA,NA,NA,NA,NA,NA,NA,NA,NA
09120,"Greater Bridgeport Planning Region, CT",2007,142580,2009,137878,145054,2,1.0173516622247158,FALSE,FALSE,FALSE,2019,162804,2020,149002,162972.5,2,1.0010349868553599,FALSE,FALSE,FALSE,NA,NA,NA,NA,NA,NA,NA,NA,NA,NA
09130,"Lower Connecticut River Valley Planning Region, CT",2008,96128,2013,89931,92101.5,2,0.9581131408122503,FALSE,FALSE,TRUE,2019,93803,2021,87956,93291,2,0.9945417523959789,FALSE,FALSE,TRUE,NA,NA,NA,NA,NA,NA,NA,NA,NA,NA
09140,"Naugatuck Valley Planning Region, CT",2007,224670,2013,213625,223630.5,2,0.9953732140472693,FALSE,FALSE,FALSE,2019,232076,2020,215495,228687,2,0.9853970251124632,FALSE,FALSE,TRUE,NA,NA,NA,NA,NA,NA,NA,NA,NA,NA
09150,"Northeastern Connecticut Planning Region, CT",2008,51802,2013,47393,49031.5,2,0.9465175089764873,FALSE,FALSE,TRUE,2019,50421,2020,46541,49478,2,0.9812974752583249,FALSE,FALSE,TRUE,NA,NA,NA,NA,NA,NA,NA,NA,NA,NA
09160,"Northwest Hills Planning Region, CT",2008,60728,2013,58794,59690,2,0.9829073903306548,FALSE,FALSE,FALSE,2019,59733,2020,55558,59162.5,2,0.9904491654529323,FALSE,FALSE,FALSE,NA,NA,NA,NA,NA,NA,NA,NA,NA,NA
09170,"South Central Connecticut Planning Region, CT",2007,287021,2009,280299,282190,2,0.9831684789614697,FALSE,FALSE,FALSE,2019,294559,2020,279454,298519,2,1.0134438261944128,FALSE,FALSE,FALSE,NA,NA,NA,NA,NA,NA,NA,NA,NA,NA
09180,"Southeastern Connecticut Planning Region, CT",2008,147868,2013,131546,136253,2,0.9214502123515568,FALSE,FALSE,TRUE,2019,141462,2020,125622,135215,2,0.9558397308111012,FALSE,FALSE,TRUE,NA,NA,NA,NA,NA,NA,NA,NA,NA,NA
09190,"Western Connecticut Planning Region, CT",2007,304665,2010,284832,287231,2,0.9427764922127583,FALSE,FALSE,FALSE,2019,325999,2020,299625,327232,2,1.0037822201908595,FALSE,FALSE,FALSE,NA,NA,NA,NA,NA,NA,NA,NA,NA,NA
10001,"Kent County, DE",2007,73473,2010,66592,68580.5,2,0.9334109128523403,FALSE,FALSE,FALSE,2019,79534,2020,77158,81738,2,1.0277114190157668,FALSE,FALSE,FALSE,12.1,47407,153969,3,262.71838597006115,12.7,58804,180786,3,308.47642139640755
10003,"New Castle County, DE",2007,269736,2010,250437,259504,2,0.9620666132811342,FALSE,FALSE,FALSE,2019,285272,2020,274443,292712,2,1.0260803724165009,FALSE,FALSE,FALSE,10.1,59871,530555,1,1244.4468942482256,10.4,76076,558753,1,1310.5869052254313
10005,"Sussex County, DE",2007,90751,2010,82889,86291,2,0.9508545360381704,FALSE,FALSE,FALSE,2019,102834,2020,98593,110354,2,1.0731275648131942,FALSE,FALSE,FALSE,9.7,50132,187225,4,199.9967953511227,12.1,64839,234225,2,250.20296109556264
11001,District of Columbia,2008,316700,2009,309461,321824,2,1.0161793495421534,FALSE,FALSE,FALSE,2019,378727,2020,355967,380602.5,2,1.0049521159040682,FALSE,FALSE,FALSE,17.1,54812,574404,1,9397.048719039361,14.1,90395,705749,1,11545.80702156202
12001,"Alachua County, FL",2008,126799,2010,118285,120449.5,2,0.9499246839486116,FALSE,FALSE,FALSE,2019,132961,2020,126132,136128,2,1.0238190145982657,FALSE,FALSE,FALSE,22.8,38075,242685,3,277.14967007215245,18.4,49880,269043,2,307.2508753537389
12003,"Baker County, FL",2008,11657,2012,10258,10467,2,0.8979154156300935,FALSE,FALSE,FALSE,2019,11490,2020,10851,11549.5,2,1.0051784160139252,FALSE,FALSE,FALSE,14.4,45783,26212,1,44.78922816670369,14.9,60454,29210,1,49.912000410095175
12005,"Bay County, FL",2007,84579,2010,77189,78845.5,2,0.9322113054067794,FALSE,FALSE,FALSE,2018,85639,2020,77568,87017.5,2,1.0160966382138978,FALSE,FALSE,FALSE,12,47495,165345,3,217.95439626058828,12.1,58376,174705,3,230.29255676740195
12007,"Bradford County, FL",2007,12066,2012,10192,10135,2,0.8399635338969004,FALSE,FALSE,TRUE,2018,10230,2020,9539,10024.5,2,0.9799120234604105,FALSE,FALSE,TRUE,16.9,40542,28825,6,98.05555744541886,21,47509,28201,6,95.93286298415462
12009,"Brevard County, FL",2006,259341,2013,234982,244192.5,2,0.9415884877439356,FALSE,FALSE,FALSE,2019,271998,2020,261262,289322.5,2,1.0636934830403164,FALSE,FALSE,FALSE,8.6,50261,539719,2,531.7601458963691,9.4,57582,601942,2,593.0655873540716
12011,"Broward County, FL",2007,976552,2010,842995,888375.5,2,0.9097062931620641,FALSE,FALSE,FALSE,2019,997126,2020,918798,1034036.5,2,1.0370168865318927,FALSE,FALSE,FALSE,11.4,52504,1720825,1,1430.5636378751349,12.3,61429,1952778,1,1623.3918031424057
12013,"Calhoun County, FL",2008,5499,2013,4487,4708,2,0.856155664666303,FALSE,FALSE,TRUE,2018,4773,2020,4568,4737,2,0.9924575738529227,FALSE,FALSE,FALSE,23.3,28186,14222,6,25.068037283020995,20.3,41399,14105,6,24.861810285263054
12015,"Charlotte County, FL",2006,67829,2010,57951,59633.5,2,0.8791740995739286,FALSE,FALSE,FALSE,2019,64522,2020,61803,70690,2,1.0955953008276247,FALSE,FALSE,FALSE,9.2,46328,159742,3,234.52945675999865,11.4,54756,188910,3,277.35323006179556
12017,"Citrus County, FL",2007,53457,2013,44165,45898.5,2,0.8586059823783602,FALSE,FALSE,TRUE,2019,47769,2020,45278,50696,2,1.0612740480227763,FALSE,FALSE,FALSE,12.1,36979,140974,4,242.25083944227353,15.2,49762,149657,3,257.17177549344086
12019,"Clay County, FL",2008,91701,2010,86512,88972,2,0.9702402372929412,FALSE,FALSE,FALSE,2019,102132,2020,97378,108524.5,2,1.0625905690674813,FALSE,FALSE,FALSE,8,58696,184256,1,304.7578721729149,8.3,75776,219252,1,362.6409614322244
12021,"Collier County, FL",2006,149087,2010,128663,140768,2,0.9442003662291145,FALSE,FALSE,FALSE,2019,160865,2020,151080,172638,2,1.0731855904018899,FALSE,FALSE,FALSE,9.9,58519,314437,2,157.45507625206875,9.4,76415,384902,2,192.74059274059275
12023,"Columbia County, FL",2007,30196,2011,25211,25884,2,0.8571996290899457,FALSE,FALSE,TRUE,2019,26368,2020,25343,26490.5,2,1.0046457827669903,FALSE,FALSE,FALSE,13.9,40422,66604,6,83.52887028344183,15.6,47087,71686,4,89.9022670581168
12027,"DeSoto County, FL",2008,13910,2012,11486,12352,2,0.8879942487419122,FALSE,FALSE,TRUE,2019,12873,2022,11813,11974,2,0.9301639089567312,FALSE,FALSE,TRUE,21.4,35988,34537,6,54.24418285050141,21.8,41673,38001,6,59.68477842609098
12029,"Dixie County, FL",2006,5550,2009,5010,5089,2,0.9169369369369369,FALSE,FALSE,FALSE,2019,5249,2020,5126,5387,2,1.0262907220422939,FALSE,FALSE,FALSE,21.6,31018,16083,6,22.811633465005283,22.2,39793,16826,6,23.86548185551072
12031,"Duval County, FL",2007,427967,2009,400493,409773.5,2,0.9574885446775102,FALSE,FALSE,FALSE,2019,479550,2020,456738,500332,2,1.04333646126577,FALSE,FALSE,FALSE,12.4,49175,851033,1,1115.92884033133,13.5,58339,957755,1,1255.8695449783181
12033,"Escambia County, FL",2007,136905,2009,125166,126509,2,0.924064132062379,FALSE,FALSE,FALSE,2019,139935,2020,134047,142960.5,2,1.0216207524922285,FALSE,FALSE,FALSE,15,41772,297393,2,452.6550349544975,15.5,52822,318316,2,484.50145130038646
12035,"Flagler County, FL",2006,29609,2009,28285,37277.5,2,1.258992198318079,FALSE,FALSE,FALSE,2019,45908,2020,43376,51491,2,1.1216127907989892,FALSE,FALSE,FALSE,10.1,45639,90516,4,186.17374653171285,9.7,62831,115081,2,236.6991573270587
12037,"Franklin County, FL",2006,4949,2010,4551,4671,2,0.943827035764801,FALSE,FALSE,TRUE,2018,4211,2020,4064,4296.5,2,1.020303965803847,FALSE,FALSE,FALSE,18.6,35182,11491,6,21.084442356774964,19.2,47504,12125,6,22.247747243572924
12039,"Gadsden County, FL",2006,20493,2012,16763,16995,2,0.8293075684380032,FALSE,FALSE,TRUE,2019,16558,2020,15631,16466.5,2,0.9944739702862665,FALSE,FALSE,FALSE,25.4,35322,45867,2,88.82498184458969,19.7,42975,45660,2,88.4241103848947
12041,"Gilchrist County, FL",2006,7576,2012,6040,6092.5,2,0.8041842661034847,FALSE,FALSE,FALSE,2019,7176,2020,6792,7655,2,1.0667502787068004,FALSE,FALSE,FALSE,15.4,39383,16610,3,47.49853443715238,15,46171,18582,2,53.137734311328444
12043,"Glades County, FL",2007,4616,2008,4392,4895.5,2,1.060550259965338,FALSE,FALSE,FALSE,2018,4289,2020,3858,4267.5,2,0.9949871764980182,FALSE,FALSE,FALSE,16.4,37220,12357,6,15.315645830183113,19.3,45412,13811,6,17.117778146852714
12045,"Gulf County, FL",2006,6279,2012,5536,5687,2,0.9057174709348622,FALSE,FALSE,TRUE,2018,5254,2019,5171,5683,2,1.081652074609821,FALSE,FALSE,FALSE,16.7,38160,15908,6,28.74245438300748,14,53228,13639,3,24.642842301347688
12047,"Hamilton County, FL",2006,4505,2013,4196,4218.5,2,0.9364039955604884,FALSE,FALSE,FALSE,2018,3980,2020,3693,3792,2,0.9527638190954774,FALSE,FALSE,TRUE,27.7,30971,14589,6,28.366987818275504,32.5,39241,14428,6,28.053937915009872
12049,"Hardee County, FL",2006,11613,2013,10044,9447.5,2,0.8135279428226987,FALSE,FALSE,TRUE,2018,9232,2020,8826,9677,2,1.0482019064124783,FALSE,FALSE,FALSE,24,36590,27489,6,43.11533339920856,22.1,41430,26937,6,42.24954475515592
12051,"Hendry County, FL",2007,16860,2013,14522,15434.5,2,0.9154507710557532,FALSE,FALSE,FALSE,2019,18305,2020,17719,19469.5,2,1.0636164982245289,FALSE,FALSE,FALSE,20,38270,39006,4,33.743674034344046,19.5,45107,42022,4,36.35278342488862
12053,"Hernando County, FL",2007,58785,2009,54782,58127.5,2,0.98881517393893,FALSE,FALSE,FALSE,2019,75754,2020,72954,84388,2,1.1139741795812763,FALSE,FALSE,FALSE,8.9,43208,169891,1,359.20265050204347,12.4,50705,193920,1,410.00746352282505
12055,"Highlands County, FL",2006,39637,2013,32378,32444,2,0.8185281428967883,FALSE,FALSE,TRUE,2018,33656,2020,30963,34463,2,1.0239778939862134,FALSE,FALSE,FALSE,17.4,34098,99023,4,97.30421828815798,15.8,45723,106221,3,104.37727973083454
12057,"Hillsborough County, FL",2007,577675,2009,540854,601999.5,2,1.042107586445666,FALSE,FALSE,FALSE,2019,711310,2020,679740,767667,2,1.0792298716452742,FALSE,FALSE,FALSE,11.6,50485,1184686,1,1158.5751909221867,13.5,61133,1471968,1,1439.5254157062286
12059,"Holmes County, FL",2008,8625,2013,6400,6637,2,0.7695072463768116,FALSE,FALSE,TRUE,2019,7224,2020,6946,7465.5,2,1.0334302325581395,FALSE,FALSE,FALSE,19.8,33321,19991,6,41.74724030923572,20.1,38874,19617,6,40.96621545426828
12061,"Indian River County, FL",2007,59894,2010,52945,54820.5,2,0.9152920158947474,FALSE,FALSE,FALSE,2019,60358,2020,56970,64269,2,1.0647967129460882,FALSE,FALSE,FALSE,9.7,47563,134564,3,267.7608132873548,11.5,61173,159923,3,318.2211627430341
12063,"Jackson County, FL",2008,21203,2013,16282,16565.5,2,0.7812809508088479,FALSE,FALSE,TRUE,2018,16858,2020,16538,17068,2,1.0124569937121841,FALSE,FALSE,FALSE,27.3,35897,48368,6,52.67479673025947,19.4,40543,46414,6,50.546808125997835
12065,"Jefferson County, FL",2006,6927,2012,4941,5068.5,2,0.7317020355132092,FALSE,FALSE,TRUE,2018,6196,2020,5831,6605.5,2,1.0660910264686896,FALSE,FALSE,FALSE,17.8,40217,14383,2,24.048662467667317,17.6,47192,14246,2,23.819595739024447
12067,"Lafayette County, FL",2008,2870,2009,2882,3321,2,1.1571428571428573,FALSE,FALSE,FALSE,2019,2480,2020,2410,2481,2,1.0004032258064517,FALSE,FALSE,FALSE,22,36855,8398,8,15.45610983813231,18,45480,8422,9,15.500280668819993
12069,"Lake County, FL",2008,129218,2010,118459,122547,2,0.9483740655326657,FALSE,FALSE,FALSE,2019,163392,2020,149471,182055,2,1.1142222385428908,FALSE,FALSE,FALSE,9,46557,289909,1,304.48180360220516,10.9,57660,367118,1,385.57185452964325
12071,"Lee County, FL",2006,281380,2009,247809,259081,2,0.9207512971781932,FALSE,FALSE,FALSE,2019,326060,2020,309004,353471.5,2,1.0840688830276637,FALSE,FALSE,FALSE,10.1,50750,604716,2,774.1316052916583,11.2,62364,770577,2,986.4597761772967
12073,"Leon County, FL",2007,142082,2012,137353,140143,2,0.9863529511127377,FALSE,FALSE,FALSE,2019,149817,2020,142109,156094.5,2,1.041901119365626,FALSE,FALSE,FALSE,17,48739,268519,2,401.7171632546811,20.8,55081,293582,2,439.21260030998104
12075,"Levy County, FL",2007,16273,2013,14858,15848,2,0.9738831192773305,FALSE,FALSE,FALSE,2019,16867,2020,16055,17906.5,2,1.061629216813897,FALSE,FALSE,FALSE,18.5,34499,40204,8,35.9524437628269,18.2,41405,41503,6,37.11407505443749
12077,"Liberty County, FL",2008,3723,2012,2500,2513,2,0.6749932849852269,FALSE,FALSE,TRUE,2019,2454,2021,2340,2394,2,0.9755501222493888,FALSE,FALSE,TRUE,18.4,36758,8113,8,9.709620938217705,23,44236,8354,8,9.998049219508284
12079,"Madison County, FL",2006,7025,2009,6464,7249,2,1.0318861209964414,FALSE,FALSE,FALSE,2019,6137,2020,6112,6742,2,1.098582369235783,FALSE,FALSE,FALSE,21,39394,19322,6,27.74040994703738,22.7,37919,18493,6,26.550222603796826
12081,"Manatee County, FL",2006,145997,2009,127592,134839.5,2,0.9235771967917149,FALSE,FALSE,FALSE,2019,169872,2020,160292,184136.5,2,1.0839720495431855,FALSE,FALSE,FALSE,10.6,48940,316410,2,425.9910980906401,11.3,64151,403253,2,542.9101111796242
12083,"Marion County, FL",2007,132487,2011,114332,119845.5,2,0.9045830911712093,FALSE,FALSE,FALSE,2019,136989,2020,132441,148375.5,2,1.083119812539693,FALSE,FALSE,FALSE,13,39354,325634,2,205.00316664085508,14.9,49079,365579,2,230.15057597608714
12085,"Martin County, FL",2006,63553,2009,56776,60394,2,0.9502934558557424,FALSE,FALSE,FALSE,2019,67908,2020,64056,68559.5,2,1.0095938622842668,FALSE,FALSE,FALSE,8.5,55229,143542,2,263.94985133030417,8.9,70806,161000,2,296.05220816331786
12086,"Miami-Dade County, FL",2007,1202429,2010,1088114,1175970.5,2,0.9779957901880277,FALSE,FALSE,FALSE,2019,1338667,2020,1173365,1372865.5,2,1.0255466818857863,FALSE,FALSE,FALSE,15.3,43495,2415576,1,1271.3865704117047,15.7,54991,2716940,1,1430.0030421789158
12087,"Monroe County, FL",2008,45201,2010,38975,41371,2,0.9152673613415633,FALSE,FALSE,FALSE,2019,44113,2020,39704,46932.5,2,1.063915399088704,FALSE,FALSE,FALSE,10.5,55054,72906,4,74.164271022162,9.9,67528,74228,4,75.50908717297672
12089,"Nassau County, FL",2008,34636,2010,32052,33056.5,2,0.9543971590252917,FALSE,FALSE,FALSE,2019,39576,2020,38396,44574.5,2,1.1263012937133616,FALSE,FALSE,FALSE,8.9,56500,69969,1,107.8634953081715,9,72818,88625,1,136.62339424154553
12091,"Okaloosa County, FL",2006,97255,2010,81690,85219,2,0.8762428666906585,FALSE,FALSE,FALSE,2019,92596,2020,88695,97625,2,1.0543112013477904,FALSE,FALSE,FALSE,9.4,54633,182677,3,196.46363943361445,10.6,63520,210738,3,226.6424040626956
12093,"Okeechobee County, FL",2006,16905,2011,15617,16298.5,2,0.9641230405205561,FALSE,FALSE,TRUE,2019,14863,2020,14049,14985,2,1.0082083024961312,FALSE,FALSE,FALSE,16.4,36989,39840,4,51.78828160138102,18.4,45225,42168,4,54.81446432146172
12095,"Orange County, FL",2007,579108,2009,541037,584955,2,1.0100965622992601,FALSE,FALSE,FALSE,2019,742396,2020,665712,777515,2,1.0473049423757672,FALSE,FALSE,FALSE,11.6,50988,1100663,1,1218.8527095385323,12.6,63133,1393452,1,1543.0815297796755
12097,"Osceola County, FL",2008,130510,2010,120469,131719,2,1.0092636579572447,FALSE,FALSE,FALSE,2019,190037,2020,174241,219009,2,1.152454522014134,FALSE,FALSE,FALSE,11.2,46599,253722,1,191.12768361581922,13.4,52270,375751,1,283.05160075329565
12099,"Palm Beach County, FL",2007,605697,2009,557053,591018,2,0.9757651102779112,FALSE,FALSE,FALSE,2019,698185,2020,649674,738210.5,2,1.0573279288440742,FALSE,FALSE,FALSE,10.2,53500,1286586,1,654.9778040237843,11.4,66621,1496770,1,761.9787000081453
12101,"Pasco County, FL",2007,185846,2009,174326,185566,2,0.9984933762362386,FALSE,FALSE,FALSE,2019,239241,2020,231898,275257.5,2,1.1505448480820595,FALSE,FALSE,FALSE,11.9,44233,453579,1,607.5212361004332,11.3,55745,553947,1,741.9535873003967
12103,"Pinellas County, FL",2006,441981,2009,398419,420960.5,2,0.9524402632692356,FALSE,FALSE,FALSE,2019,465307,2020,440166,489541.5,2,1.0520828184402986,FALSE,FALSE,FALSE,11.3,44325,918624,1,3355.2261047741144,11.4,56708,974996,1,3561.12188583179
12105,"Polk County, FL",2007,259115,2011,244513,254817,2,0.983412770391525,FALSE,FALSE,FALSE,2019,300858,2020,294937,337133.5,2,1.1205734931429445,FALSE,FALSE,FALSE,12.8,44216,585982,2,325.86508437440045,14,51817,724777,2,403.0491009239616
12107,"Putnam County, FL",2006,30883,2013,25035,25474.5,2,0.8248712884110999,FALSE,FALSE,TRUE,2018,25820,2020,24628,27061.5,2,1.0480828814872192,FALSE,FALSE,FALSE,20.2,33282,75107,4,103.11343342595744,22.4,41986,74521,4,102.30892156970421
12109,"St. Johns County, FL",2008,92367,2009,89648,94628,2,1.0244784392694362,FALSE,FALSE,FALSE,2019,122721,2020,121659,146821.5,2,1.196384481873518,FALSE,FALSE,FALSE,6.7,63728,175318,1,291.88289255716774,6.4,90839,264672,1,440.6463052218865
12111,"St. Lucie County, FL",2007,118122,2009,108537,112797.5,2,0.9549237229305294,FALSE,FALSE,FALSE,2019,140878,2020,135646,157367.5,2,1.1170480841579238,FALSE,FALSE,FALSE,10.8,46127,266860,2,466.6412531431749,10.5,57292,328297,2,574.0722606728056
12113,"Santa Rosa County, FL",2006,68321,2009,64716,66255.5,2,0.9697677141728019,FALSE,FALSE,FALSE,2019,79548,2020,77271,86778.5,2,1.0908948056519334,FALSE,FALSE,FALSE,10.7,50935,146158,2,144.3675536002497,9.8,66139,184313,2,182.055152004836
12115,"Sarasota County, FL",2006,168949,2009,145391,150594,2,0.891357747012412,FALSE,FALSE,FALSE,2019,174354,2020,164277,186724.5,2,1.0709504800578133,FALSE,FALSE,FALSE,8.1,50031,375325,2,675.0133986540199,7.8,66258,433742,2,780.0750324625108
12117,"Seminole County, FL",2007,232808,2010,206538,212735,2,0.9137787361259063,FALSE,FALSE,FALSE,2019,250562,2020,223897,260276.5,2,1.038770843144611,FALSE,FALSE,FALSE,9.1,56315,413571,1,1336.825398877712,9.3,69954,471826,1,1525.128649375501
12119,"Sumter County, FL",2007,30768,2010,21994,24271.5,2,0.7888553042121685,FALSE,FALSE,FALSE,2019,26068,2020,25210,30987.5,2,1.1887179683903637,FALSE,FALSE,FALSE,12.9,42828,82101,4,147.3604669528883,8.9,63464,132420,3,237.67643553551684
12121,"Suwannee County, FL",2007,16916,2009,15977,16861.5,2,0.9967781981555923,FALSE,FALSE,FALSE,2019,16627,2021,15598,16593.5,2,0.9979852047873939,FALSE,FALSE,TRUE,17.8,36054,40309,6,58.538802705834854,17.1,49453,44417,6,64.50465156131551
12123,"Taylor County, FL",2008,8619,2009,8291,8460,2,0.9815523842673164,FALSE,FALSE,FALSE,2018,6471,2021,5924,5815.5,2,0.8987019007881316,FALSE,FALSE,TRUE,18.5,38056,21805,6,20.899287574388715,19.9,42987,21569,6,20.67309028626417
12125,"Union County, FL",2008,5100,2013,4625,4262,2,0.8356862745098039,FALSE,FALSE,TRUE,2019,3977,2020,3828,3909.5,2,0.9830274075936636,FALSE,FALSE,TRUE,21.5,41124,15419,6,63.308082363326555,19.9,50893,15237,6,62.56081788507729
12127,"Volusia County, FL",2007,244923,2010,209364,213378.5,2,0.8712064608060492,FALSE,FALSE,FALSE,2019,237835,2020,222797,250923,2,1.055029747514033,FALSE,FALSE,FALSE,14.1,42268,498935,2,453.1175643619746,13.1,53554,553284,2,502.47567013829604
12129,"Wakulla County, FL",2008,15344,2012,12946,13369.5,2,0.8713177789363921,FALSE,FALSE,FALSE,2019,15408,2020,14768,16726,2,1.085539979231568,FALSE,FALSE,FALSE,11.3,46997,28588,2,47.14240012664532,12,58640,33739,2,55.63654113169464
12131,"Walton County, FL",2007,30761,2010,23588,24589,2,0.7993563278176913,FALSE,FALSE,FALSE,2019,33258,2020,32568,38877.5,2,1.1689668651151603,FALSE,FALSE,FALSE,11.8,45288,52355,6,50.42357536906339,10.8,62600,74071,3,71.33845193700496
12133,"Washington County, FL",2007,9375,2013,9008,8719,2,0.9300266666666667,FALSE,FALSE,TRUE,2019,8765,2020,8483,8797,2,1.0036508841985168,FALSE,FALSE,FALSE,18.9,34535,23469,6,40.14011154876966,20.1,42518,25473,6,43.56764504162127
13001,"Appling County, GA",2008,8561,2010,7706,7848,2,0.9167153369933418,FALSE,FALSE,TRUE,2019,7748,2020,7620,8231,2,1.062338668043366,FALSE,FALSE,FALSE,20.1,33275,17985,7,35.385223791619694,20.9,43821,18386,7,36.17418541188322
13003,"Atkinson County, GA",2006,3165,2009,2754,3041,2,0.9608214849921011,FALSE,FALSE,FALSE,2019,3832,2022,3680,3630,2,0.947286012526096,FALSE,FALSE,TRUE,21,30431,8346,9,24.352169840774273,23.2,38581,8165,9,23.824043463925467
13005,"Bacon County, GA",2006,4526,2011,4027,4369.5,2,0.9654220061864781,FALSE,FALSE,FALSE,2018,4588,2020,4393,4569.5,2,0.9959677419354839,FALSE,FALSE,FALSE,21.3,31424,10968,7,38.608163049791436,19.2,41807,11164,7,39.29809740042593
13007,"Baker County, GA",2006,1675,2013,1010,940.5,2,0.5614925373134328,FALSE,FALSE,TRUE,2019,872,2020,849,855,2,0.9805045871559633,TRUE,FALSE,TRUE,26.8,41795,3706,3,10.83761993467015,24.8,39515,3038,3,8.884157949683733
13009,"Baldwin County, GA",2006,19618,2011,16022,16742,2,0.8533999388316852,FALSE,FALSE,TRUE,2019,17755,2020,17239,17908.5,2,1.0086454519853563,FALSE,FALSE,FALSE,19.3,39180,47336,4,182.97712785901763,22.9,44429,44890,4,173.52212416746875
13011,"Banks County, GA",2008,10387,2013,7363,7285.5,2,0.7014056031577934,FALSE,FALSE,TRUE,2019,7774,2020,7602,9139,2,1.1755852842809364,FALSE,FALSE,FALSE,13.7,43813,17550,8,75.43293345998616,12.8,53481,19234,8,82.67105653386744
13013,"Barrow County, GA",2008,32571,2010,30921,31809.5,2,0.9766203064075405,FALSE,FALSE,FALSE,2019,40364,2020,38953,45306.5,2,1.1224482211871964,FALSE,FALSE,FALSE,11.2,51283,64760,1,402.1061520502695,9.7,68924,83240,1,516.8517000720265
13015,"Bartow County, GA",2007,43130,2009,40176,42409,2,0.983283097611871,FALSE,FALSE,FALSE,2019,50672,2020,48581,53431,2,1.0544482159772655,FALSE,FALSE,FALSE,11.6,48366,95714,1,208.56721985914513,12.5,60254,107738,1,234.7683215954257
13017,"Ben Hill County, GA",2006,7697,2013,5054,5788,2,0.7519812914122386,FALSE,FALSE,TRUE,2018,6689,2020,6592,7029.5,2,1.0509044700254149,FALSE,FALSE,FALSE,21.1,31781,17719,7,70.8425623105894,22.8,35931,16700,7,66.76848527495022
13019,"Berrien County, GA",2006,8486,2013,6700,6909,2,0.814164506245581,FALSE,FALSE,TRUE,2019,7906,2020,7550,8302.5,2,1.0501517834556033,FALSE,FALSE,FALSE,18.9,34460,18255,6,40.26459274421231,20.1,42058,19397,6,42.7834733201581
13021,"Bibb County, GA",2008,69657,2010,62017,63710.5,2,0.9146316953070043,FALSE,FALSE,TRUE,2018,63538,2020,60464,61213,2,0.9634077245113161,FALSE,FALSE,TRUE,24.2,36954,154286,3,618.6708797311766,23.2,43066,153159,3,614.1517264609055
13023,"Bleckley County, GA",2007,5027,2013,4117,4229,2,0.8412572110602745,FALSE,FALSE,FALSE,2018,4728,2020,4575,4855,2,1.0268612521150593,FALSE,FALSE,FALSE,18,38711,13016,6,60.293313816136894,18.5,48115,12873,6,59.63090263945377
13025,"Brantley County, GA",2006,7222,2013,6285,6740,2,0.9332594849072279,FALSE,FALSE,FALSE,2018,7581,2020,7161,7879.5,2,1.0393747526711516,FALSE,FALSE,FALSE,16.9,38316,17198,3,38.80108745924848,16.1,44680,19109,3,43.11257008133383
13027,"Brooks County, GA",2006,8097,2013,6123,6460.5,2,0.7978881067061875,FALSE,FALSE,TRUE,2019,6575,2020,6356,6366.5,2,0.9682889733840304,FALSE,FALSE,TRUE,23.4,32302,16333,3,33.11745717622632,21.9,39554,15457,3,31.34124383597197
13029,"Bryan County, GA",2008,15994,2010,13063,14065.5,2,0.8794235338251845,FALSE,FALSE,FALSE,2019,19509,2020,19083,22300,2,1.1430621764313906,FALSE,FALSE,FALSE,9.7,60879,28302,2,64.6808238337706,7.8,79296,39627,2,90.56275196314138
13031,"Bulloch County, GA",2007,30647,2009,29404,30226.5,2,0.9862792442979736,FALSE,FALSE,FALSE,2019,35015,2020,33798,36686,2,1.047722404683707,FALSE,FALSE,FALSE,23.4,34861,65768,4,97.2952661610177,21.9,48788,79608,4,117.76975958743304
13033,"Burke County, GA",2006,9114,2013,8345,8966.5,2,0.9838161070879965,FALSE,FALSE,FALSE,2019,10101,2020,9857,9887,2,0.9788139788139788,FALSE,FALSE,TRUE,23.7,33142,22972,2,27.77609843272772,23.6,42632,22383,2,27.06392178389973
13035,"Butts County, GA",2007,9520,2009,8784,9270.5,2,0.9737920168067227,FALSE,FALSE,FALSE,2019,9935,2020,9587,10780.5,2,1.0851031706089582,FALSE,FALSE,FALSE,13.2,46610,23184,1,126.21264086232239,14.7,47410,24936,1,135.75044912624531
13037,"Calhoun County, GA",2006,2260,2013,1933,1762.5,2,0.7798672566371682,FALSE,FALSE,FALSE,2019,1633,2020,1575,1657.5,2,1.015003061849357,FALSE,FALSE,FALSE,31,28348,6269,8,22.358622460625426,35.9,34960,6189,8,22.073299475005705
13039,"Camden County, GA",2007,20510,2009,18609,19527.5,2,0.9520965382740126,FALSE,FALSE,FALSE,2019,20986,2020,20677,22301.5,2,1.0626846469074622,FALSE,FALSE,FALSE,12.1,46583,48947,4,77.66012134443541,13.8,58552,54666,4,86.73398151909016
13043,"Candler County, GA",2006,4360,2009,3877,4633,2,1.0626146788990827,FALSE,FALSE,FALSE,2019,4567,2020,4595,4525.5,2,0.9909130720385373,FALSE,FALSE,FALSE,22.2,31239,10586,7,43.55321136020473,23.1,41665,10803,7,44.44599870813259
13045,"Carroll County, GA",2007,50120,2010,45735,46712.5,2,0.9320131683958499,FALSE,FALSE,FALSE,2019,55084,2020,52565,59354,2,1.077517972551013,FALSE,FALSE,FALSE,17.3,43196,108947,1,218.27991889660922,14.9,59193,119992,1,240.40904318835703
13047,"Catoosa County, GA",2006,34322,2010,28648,29640.5,2,0.8636006060252899,FALSE,FALSE,TRUE,2019,31645,2020,30438,32772,2,1.035613841049139,FALSE,FALSE,FALSE,11.8,47022,62539,2,385.65755232421895,10,60753,67580,2,416.7437500770834
13049,"Charlton County, GA",2007,4328,2009,3922,4466.5,2,1.0320009242144177,FALSE,FALSE,FALSE,2019,3951,2020,3945,4131,2,1.0455580865603644,FALSE,FALSE,FALSE,20.6,39270,12056,6,15.454686464458451,25.9,42891,13392,6,17.1673159532206
13051,"Chatham County, GA",2007,126956,2010,114712,119998,2,0.9451936103847002,FALSE,FALSE,FALSE,2019,140601,2020,133120,146634.5,2,1.042912212573168,FALSE,FALSE,FALSE,16.3,45124,251981,2,582.3201662048581,14.8,57122,289430,2,668.8636274348943
13053,"Chattahoochee County, GA",2006,2243,2007,1526,2086.5,2,0.9302273740526081,FALSE,FALSE,FALSE,2018,1353,2022,1160,1124,2,0.8307464892830746,FALSE,FALSE,TRUE,12.9,45308,11965,2,48.10301643905008,18.5,46106,10907,2,43.84952781451895
13055,"Chattooga County, GA",2006,10225,2009,9194,9461.5,2,0.9253300733496332,FALSE,FALSE,TRUE,2018,9271,2020,8207,8365,2,0.9022759141408694,FALSE,FALSE,TRUE,18,33356,26230,6,83.7144580581948,17.4,41561,24789,6,79.11542892888261
13057,"Cherokee County, GA",2008,104775,2009,98907,105498.5,2,1.0069052732044859,FALSE,FALSE,FALSE,2019,134123,2020,129499,145119,2,1.0819844471119793,FALSE,FALSE,FALSE,6,63518,202544,1,481.1535674834602,6.5,88635,258773,1,614.7284151512632
13059,"Clarke County, GA",2008,61784,2010,51331,53150.5,2,0.8602631749320212,FALSE,FALSE,FALSE,2018,63059,2020,58547,61499.5,2,0.9752691923436781,FALSE,FALSE,FALSE,28.6,36158,113995,3,955.5322715842415,25.7,41036,128331,3,1075.6999161777032
13061,"Clay County, GA",2006,1466,2013,846,860,2,0.5866302864938608,FALSE,FALSE,TRUE,2019,1015,2022,964,883,2,0.8699507389162562,FALSE,FALSE,TRUE,31.7,26051,3262,9,16.693619373196046,28.8,24732,2834,9,14.503285500808582
13063,"Clayton County, GA",2007,127004,2010,108180,111782,2,0.8801455072281188,FALSE,FALSE,FALSE,2019,137701,2020,130230,139397.5,2,1.0123201719667976,FALSE,FALSE,FALSE,13,43674,260441,1,1837.9356823779312,16,50737,292256,1,2062.4545704748666
13065,"Clinch County, GA",2006,2615,2009,2444,2597.5,2,0.9933078393881453,FALSE,FALSE,FALSE,2019,2311,2020,2408,2496.5,2,1.0802682821289484,FALSE,FALSE,FALSE,24,30119,6838,6,8.390184049079755,22,42928,6618,6,8.120245398773006
13067,"Cobb County, GA",2007,361225,2009,335345,353946.5,2,0.9798505086857222,FALSE,FALSE,FALSE,2019,397861,2020,376293,403677.5,2,1.0146194273879572,FALSE,FALSE,FALSE,9.4,64665,670438,1,1973.6759987047014,8.3,79622,760141,1,2237.749124201478
13069,"Coffee County, GA",2006,15786,2009,13640,15377.5,2,0.9741226403142025,FALSE,FALSE,FALSE,2019,18111,2020,17533,17699.5,2,0.9772790017116669,FALSE,FALSE,TRUE,21.9,33666,41299,7,69.73249427183498,20.2,41675,43273,7,73.06555182026479
13071,"Colquitt County, GA",2006,19553,2009,18322,19149.5,2,0.9793637804940418,FALSE,FALSE,FALSE,2019,20365,2020,20228,20799,2,1.021311072919224,FALSE,FALSE,FALSE,22.2,33024,44209,6,80.81094271816798,21.9,41899,45600,6,83.35359288716008
13073,"Columbia County, GA",2008,57107,2009,55796,59303.5,2,1.0384628854606266,FALSE,FALSE,FALSE,2019,68404,2020,66984,70997.5,2,1.0379144494474006,FALSE,FALSE,FALSE,6.8,68224,115074,2,396.541623879198,5.6,88285,156714,2,540.0318407685893
13075,"Cook County, GA",2006,6676,2009,5983,6769,2,1.0139304973037748,FALSE,FALSE,FALSE,2019,7428,2020,7255,7656.5,2,1.0307619816908993,FALSE,FALSE,FALSE,22.9,30607,16848,6,73.74788797744841,21.4,40670,17270,6,75.59508697593388
13077,"Coweta County, GA",2008,56973,2009,54436,59572.5,2,1.0456268758885787,FALSE,FALSE,FALSE,2019,70668,2020,67626,76271,2,1.0792862398822665,FALSE,FALSE,FALSE,10.1,58627,118156,1,267.9298678446063,9,79232,148509,1,336.75815653656724
13079,"Crawford County, GA",2006,5868,2010,5106,5215,2,0.8887184730743013,FALSE,FALSE,TRUE,2018,5230,2020,4961,5128.5,2,0.9805927342256214,FALSE,FALSE,TRUE,19.9,42626,12895,3,39.68742498014859,15.3,50411,12404,3,38.17625587078427
13081,"Crisp County, GA",2007,9899,2010,7897,8301.5,2,0.8386200626325891,FALSE,FALSE,TRUE,2019,8916,2020,8535,9159,2,1.0272543741588156,FALSE,FALSE,FALSE,25.8,30385,23146,6,84.88337978582955,26.7,40482,22372,6,82.04488778054862
13083,"Dade County, GA",2006,8212,2009,7181,7706,2,0.938382854359474,FALSE,FALSE,TRUE,2018,7078,2020,6703,7099,2,1.0029669398135066,FALSE,FALSE,FALSE,13.4,40654,16648,2,95.63638870378456,13.5,45986,16116,2,92.58025230359154
13085,"Dawson County, GA",2007,10573,2011,9760,10053.5,2,0.9508654118982314,FALSE,FALSE,FALSE,2019,12438,2020,12187,14953,2,1.202202926515517,FALSE,FALSE,FALSE,9.1,56964,21509,1,102.02155311438707,8.8,69155,26108,1,123.83554366592672
13087,"Decatur County, GA",2006,11223,2009,10243,10790,2,0.9614185155484274,FALSE,FALSE,FALSE,2019,11375,2020,10902,11560.5,2,1.0163076923076924,FALSE,FALSE,FALSE,22.5,32650,27883,6,46.686502388491036,23.4,40473,26404,6,44.210106841649655
13089,"DeKalb County, GA",2007,370731,2010,323499,336034.5,2,0.9064105780201818,FALSE,FALSE,FALSE,2019,380561,2020,359802,386332,2,1.0151644545815257,FALSE,FALSE,FALSE,14.4,51753,680962,1,2544.073584243049,12.9,63606,759297,1,2836.733092734976
13091,"Dodge County, GA",2006,8994,2013,6894,6904.5,2,0.7676784523015343,FALSE,FALSE,TRUE,2018,7838,2020,7517,7696.5,2,0.9819469252360296,FALSE,FALSE,TRUE,21.8,32393,21225,7,42.795013398014795,20.6,41118,20605,6,41.54493526813168
13093,"Dooly County, GA",2007,4616,2013,3994,4436.5,2,0.9611135181975736,FALSE,FALSE,FALSE,2018,4711,2022,4313,3764,2,0.7989811080450011,FALSE,FALSE,TRUE,26.7,30266,13867,6,35.31814859244431,28.2,37109,13390,6,34.10326744449623
13095,"Dougherty County, GA",2007,39218,2013,35598,34160.5,2,0.871041358559845,FALSE,FALSE,TRUE,2018,33867,2020,31758,32080,2,0.947234771311306,FALSE,FALSE,TRUE,25.3,33073,94522,3,287.6121274083811,27.6,36894,87956,3,267.6330619150205
13097,"Douglas County, GA",2007,61122,2009,57232,60002,2,0.9816759922777396,FALSE,FALSE,FALSE,2019,68780,2020,65344,71900,2,1.0453620238441408,FALSE,FALSE,FALSE,10.5,55659,125560,1,627.3733860974537,10.9,62915,146343,1,731.2177719150977
13099,"Early County, GA",2006,5353,2011,3930,3961,2,0.7399589015505325,FALSE,FALSE,TRUE,2018,3845,2022,3677,3406,2,0.8858257477243173,FALSE,FALSE,TRUE,28.9,28703,11429,6,22.296137339055793,27.3,40011,10190,6,19.87904799063597
13101,"Echols County, GA",2006,2274,2013,1666,1791.5,2,0.7878188214599824,FALSE,FALSE,TRUE,2018,1836,2020,1785,1788.5,2,0.974128540305011,FALSE,FALSE,TRUE,27.1,32430,3938,3,9.367113297352327,21.6,40408,4006,3,9.528861317723065
13103,"Effingham County, GA",2007,27252,2011,23205,24445,2,0.8969983854396008,FALSE,FALSE,FALSE,2019,30040,2020,29116,33585.5,2,1.118025965379494,FALSE,FALSE,FALSE,9.9,54132,49660,2,103.71112921078462,9.1,71628,64296,2,134.27730092099492
13105,"Elbert County, GA",2006,9255,2011,7363,7411,2,0.8007563479200432,FALSE,FALSE,TRUE,2019,7961,2020,7811,8328,2,1.0460997362140434,FALSE,FALSE,FALSE,16.9,33344,20551,6,58.53268129295392,20.6,40962,19194,6,54.66771858970159
13107,"Emanuel County, GA",2007,10156,2013,7735,8049.5,2,0.7925856636471051,FALSE,FALSE,TRUE,2019,8793,2020,8825,9344.5,2,1.0627203457295575,FALSE,FALSE,FALSE,27,26223,22109,7,32.48581344570906,20.9,38529,22646,7,33.27485328560891
13109,"Evans County, GA",2007,4717,2010,4334,4374.5,2,0.9273902904388382,FALSE,FALSE,FALSE,2019,4670,2020,4639,4703,2,1.007066381156317,FALSE,FALSE,FALSE,23.1,34526,10899,6,59.59222058799407,24.1,41425,10654,6,58.252639521468836
13111,"Fannin County, GA",2007,10470,2013,8881,9010.5,2,0.8606017191977078,FALSE,FALSE,FALSE,2019,9415,2020,8960,9979,2,1.0599044078597981,FALSE,FALSE,FALSE,15.3,35710,23185,8,59.893155879784864,12.1,47980,26188,8,67.65072099114971
13113,"Fayette County, GA",2006,51049,2009,46050,49106.5,2,0.9619483241591412,FALSE,FALSE,FALSE,2019,53474,2020,51049,56300.5,2,1.0528574634401766,FALSE,FALSE,FALSE,5.3,79166,104989,1,539.2485682734533,5.4,94563,114421,1,587.6935719972264
13115,"Floyd County, GA",2007,46918,2011,39361,39700,2,0.8461571251971525,FALSE,FALSE,TRUE,2018,42414,2020,40282,44575.5,2,1.05096194652709,FALSE,FALSE,FALSE,16.6,42685,95308,3,186.93964494255962,16.4,50520,98498,3,193.19659574801943
13117,"Forsyth County, GA",2008,82916,2009,79561,85748.5,2,1.0341610786820397,FALSE,FALSE,FALSE,2019,125519,2020,121434,139727.5,2,1.1131980018961274,FALSE,FALSE,FALSE,5.2,85318,157129,1,699.5418868562932,4.5,113332,244252,1,1087.4154672175302
13119,"Franklin County, GA",2006,10086,2013,8417,8932.5,2,0.8856335514574658,FALSE,FALSE,TRUE,2019,9803,2020,9281,9678,2,0.9872488013873304,FALSE,FALSE,FALSE,15.9,36616,22195,8,84.92703048113201,17.3,47691,23349,8,89.3427003696306
13121,"Fulton County, GA",2007,460193,2009,430951,455402.5,2,0.9895902371396349,FALSE,FALSE,FALSE,2019,553734,2020,527883,571867,2,1.032746770109836,FALSE,FALSE,FALSE,14.2,58052,869329,1,1650.112939657954,13.8,79235,1063937,1,2019.5072414251274
13123,"Gilmer County, GA",2007,13562,2013,10833,11659,2,0.8596814629110751,FALSE,FALSE,FALSE,2019,12797,2020,12738,13675.5,2,1.0686489020864265,FALSE,FALSE,FALSE,14.7,39902,27996,6,65.69039914965707,14.6,57007,31369,6,73.60487680117133
13125,"Glascock County, GA",2006,1143,2009,988,1191.5,2,1.042432195975503,FALSE,FALSE,FALSE,2018,1375,2020,1319,1364.5,2,0.9923636363636363,FALSE,FALSE,FALSE,16,36994,2988,9,20.786665368079806,16.9,49350,2971,9,20.66840120768578
13127,"Glynn County, GA",2007,38834,2011,34199,34538,2,0.8893752896945976,FALSE,FALSE,FALSE,2018,38027,2020,35910,39725.5,2,1.0446656323138823,FALSE,FALSE,FALSE,13.2,46260,76513,3,182.33747911816084,15.4,58017,85292,3,203.25863930242147
13129,"Gordon County, GA",2006,25646,2009,21846,23657.5,2,0.9224635420728379,FALSE,FALSE,FALSE,2019,27219,2020,26348,28182,2,1.03537969800507,FALSE,FALSE,FALSE,14.3,42769,53409,6,149.83293917639435,12.3,53373,57963,4,162.60867369696766
13131,"Grady County, GA",2006,11664,2010,9303,9775,2,0.8380486968449932,FALSE,FALSE,TRUE,2019,11075,2020,10936,11379,2,1.0274492099322798,FALSE,FALSE,FALSE,22.2,33060,24624,6,54.18274795252408,21.7,42603,24633,6,54.20255158847164
13133,"Greene County, GA",2008,6993,2010,5564,5708,2,0.8162448162448163,FALSE,FALSE,FALSE,2019,7095,2020,6908,7492,2,1.055954897815363,FALSE,FALSE,FALSE,20.9,38835,15823,6,40.83175705840002,15,60973,18324,6,47.28566746749175
13135,"Gwinnett County, GA",2007,399970,2009,374194,394373.5,2,0.9860077005775433,FALSE,FALSE,FALSE,2019,472753,2020,448600,495082,2,1.0472318525741773,FALSE,FALSE,FALSE,8.4,64005,764129,1,1772.4029634028104,9.2,72225,936250,1,2171.63891762501
13137,"Habersham County, GA",2008,19348,2011,16378,17693,2,0.9144614430432086,FALSE,FALSE,FALSE,2019,20176,2020,19071,20241,2,1.003221649484536,FALSE,FALSE,FALSE,14.4,41696,41865,6,151.20978664846297,15.2,51296,45328,6,163.71759725788917
13139,"Hall County, GA",2008,86667,2010,78161,82669.5,2,0.9538751774031639,FALSE,FALSE,FALSE,2019,95565,2020,93475,104084,2,1.0891435148851567,FALSE,FALSE,FALSE,12,51764,172446,3,439.38756946408506,13.5,66698,204441,3,520.9099317398317
13141,"Hancock County, GA",2006,3119,2013,2252,2339.5,2,0.7500801538954793,FALSE,FALSE,TRUE,2018,2495,2020,2446,2458,2,0.9851703406813628,FALSE,FALSE,FALSE,26.8,27426,9889,7,20.992767483181797,31.2,31715,8457,7,17.952860208845028
13143,"Haralson County, GA",2007,12132,2011,10812,10885,2,0.8972139795581932,FALSE,FALSE,FALSE,2019,12979,2020,12452,13845.5,2,1.0667616919639418,FALSE,FALSE,FALSE,15.9,38722,28558,1,101.21028476246167,14.4,49020,29792,1,105.58361242535395
13145,"Harris County, GA",2008,15407,2013,14771,14383,2,0.933536704095541,FALSE,FALSE,FALSE,2018,14816,2020,14549,15641.5,2,1.0557167926565876,FALSE,FALSE,FALSE,9.4,61783,30276,2,65.27560379286703,6.5,74052,35236,2,75.96945353565407
13147,"Hart County, GA",2006,10143,2009,8911,9783,2,0.9645075421472937,FALSE,FALSE,FALSE,2018,10284,2020,9756,11023.5,2,1.0719078179696615,FALSE,FALSE,FALSE,17.8,36667,24894,6,107.10690037948216,14.6,50647,26205,6,112.74750238789788
13149,"Heard County, GA",2006,4627,2009,4189,4579,2,0.9896261076291334,FALSE,FALSE,FALSE,2018,4486,2020,4249,4716.5,2,1.0513820775746767,FALSE,FALSE,FALSE,16.4,42076,11618,1,39.2535805630919,16.7,48984,11923,1,40.28407996675372
13151,"Henry County, GA",2008,91782,2009,86520,92605,2,1.008966899827853,FALSE,FALSE,FALSE,2019,114414,2020,110065,122732.5,2,1.0727052633418988,FALSE,FALSE,FALSE,7.4,63395,188736,1,592.189112952568,8.1,72927,234561,1,735.9723133014757
13153,"Houston County, GA",2008,65276,2010,61386,62721,2,0.9608585084870397,FALSE,FALSE,FALSE,2019,73236,2020,71366,74495.5,2,1.017197826205691,FALSE,FALSE,FALSE,11.3,52911,132373,3,351.9107814597706,11,65641,157863,3,419.6753997687124
13155,"Irwin County, GA",2006,4444,2013,3012,3208.5,2,0.721984698469847,FALSE,FALSE,TRUE,2019,3910,2020,3965,4081.5,2,1.0438618925831202,FALSE,FALSE,FALSE,36.2,33902,9493,7,26.788914192508813,20.5,42317,9416,7,26.57162288387896
13157,"Jackson County, GA",2007,25560,2009,23680,26510.5,2,1.0371870109546166,FALSE,FALSE,FALSE,2019,34130,2020,35072,43499.5,2,1.2745238792850864,FALSE,FALSE,FALSE,12.2,49820,57521,6,169.32981648405348,10.3,66645,72977,4,214.82905404211976
13159,"Jasper County, GA",2007,6060,2009,5563,6017.5,2,0.9929867986798679,FALSE,FALSE,FALSE,2019,6188,2020,5976,7056,2,1.1402714932126696,FALSE,FALSE,FALSE,16.2,44695,13569,1,36.83164769303431,12.4,59207,14219,1,38.596005493938755
13161,"Jeff Davis County, GA",2006,5101,2009,4548,5656.5,2,1.1089002156439913,FALSE,FALSE,FALSE,2019,5493,2020,5478,5606.5,2,1.02066266156927,FALSE,FALSE,FALSE,20.8,32530,14204,7,42.92289049586153,21.2,40603,15115,7,45.675830036957684
13163,"Jefferson County, GA",2006,6529,2013,5883,5913,2,0.9056517077653545,FALSE,FALSE,TRUE,2018,6379,2020,6252,6392.5,2,1.0021163191722842,FALSE,FALSE,FALSE,23.6,30967,16830,6,31.962473055996053,25.1,35379,15362,6,29.17454017149206
13165,"Jenkins County, GA",2006,3337,2009,2158,2817.5,2,0.8443212466287084,FALSE,FALSE,FALSE,2019,3071,2020,3023,3226.5,2,1.0506349723217192,FALSE,FALSE,FALSE,25.4,28152,8442,6,24.3020571250914,29,32808,8676,6,24.97567491320694
13167,"Johnson County, GA",2006,3544,2009,3051,3673.5,2,1.0365406320541761,FALSE,FALSE,FALSE,2018,3394,2020,3245,3256,2,0.9593400117855039,FALSE,FALSE,TRUE,31.9,28310,10107,9,33.354344117035566,24.2,37771,9643,7,31.823087001145144
13169,"Jones County, GA",2008,13513,2010,12359,12643.5,2,0.9356545548730851,FALSE,FALSE,TRUE,2018,12672,2020,12135,12470.5,2,0.9840988005050505,FALSE,FALSE,TRUE,12.2,50652,28000,3,71.07645287885019,12.8,56819,28735,3,72.94220976692
13171,"Lamar County, GA",2007,7442,2009,6922,6989.5,2,0.9391964525665144,FALSE,FALSE,FALSE,2019,6817,2020,6671,7404.5,2,1.0861816048115007,FALSE,FALSE,FALSE,16.7,40923,17476,1,95.23653822050017,14.8,57402,19077,1,103.96128631451599
13173,"Lanier County, GA",2008,3918,2010,3462,3524.5,2,0.8995661051556917,FALSE,FALSE,TRUE,2018,3719,2020,3607,3771.5,2,1.0141166980371068,FALSE,FALSE,FALSE,20.3,34041,9013,3,45.85881610680886,18.5,42667,10423,3,53.03300125166634
13175,"Laurens County, GA",2006,21202,2013,17326,17354.5,2,0.8185312706348458,FALSE,FALSE,TRUE,2019,18673,2020,18086,19046.5,2,1.0200021421303487,FALSE,FALSE,FALSE,23,36092,47649,6,59.020036267427685,23.9,42018,47546,5,58.89245617685821
13177,"Lee County, GA",2008,16982,2010,13039,13253.5,2,0.780443999528913,FALSE,FALSE,TRUE,2019,16225,2020,15921,16811,2,1.0361171032357472,FALSE,FALSE,FALSE,9.6,55446,27792,3,78.10164004451389,9.3,72425,29992,3,84.28412450399614
13179,"Liberty County, GA",2008,23575,2009,23427,24823.5,2,1.0529586426299045,FALSE,FALSE,FALSE,2019,22958,2020,22278,23108.5,2,1.0065554490809303,FALSE,FALSE,FALSE,17.7,40993,63708,3,123.35443197286156,14.5,51410,61435,3,118.95334225297844
13181,"Lincoln County, GA",2007,3576,2013,3104,3011,2,0.8420022371364653,FALSE,FALSE,TRUE,2018,3016,2020,2884,3017.5,2,1.000497347480106,FALSE,FALSE,FALSE,18.2,36260,8161,8,38.79152585071846,17.3,45299,7921,2,37.65073842219592
13183,"Long County, GA",2008,6132,2010,5703,6108,2,0.9960861056751468,FALSE,FALSE,FALSE,2019,6166,2020,6031,7029.5,2,1.1400421667207266,FALSE,FALSE,FALSE,21.2,37334,12381,3,30.92165564849063,14.2,52051,19559,3,48.848773348584785
13185,"Lowndes County, GA",2008,51149,2010,46094,47277,2,0.9242995953000058,FALSE,FALSE,TRUE,2019,47729,2020,46379,47398,2,0.993065012885248,FALSE,FALSE,TRUE,20.5,38666,101752,3,204.62946204122676,20.4,46450,117406,3,236.11060834590248
13187,"Lumpkin County, GA",2007,12471,2009,11561,13640.5,2,1.0937775639483602,FALSE,FALSE,FALSE,2019,14734,2020,14142,15762,2,1.0697705986154473,FALSE,FALSE,FALSE,13.3,46582,28228,6,99.76532458719745,14.5,57078,33610,6,118.78675638995702
13189,"McDuffie County, GA",2006,9892,2013,8050,8397,2,0.8488677719369188,FALSE,FALSE,TRUE,2018,9152,2020,8656,8837.5,2,0.9656359265734266,FALSE,FALSE,TRUE,19.4,36645,21527,2,83.63930235178472,18,44473,21312,2,82.80395836490156
13191,"McIntosh County, GA",2007,5120,2009,4668,5475.5,2,1.06943359375,FALSE,FALSE,FALSE,2018,4538,2020,4101,4621,2,1.0182899955927722,FALSE,FALSE,FALSE,18.3,36026,13623,3,31.582461452148735,18.7,46682,14378,3,33.332792392203956
13193,"Macon County, GA",2006,4828,2013,4329,4053.5,2,0.8395816072908037,FALSE,FALSE,TRUE,2019,4158,2020,3964,4062.5,2,0.977032227032227,FALSE,FALSE,FALSE,28.3,27742,14402,6,35.94551018065103,29.4,34634,12947,6,32.314020296409446
13195,"Madison County, GA",2008,15229,2011,11862,11883,2,0.7802876091667214,FALSE,FALSE,TRUE,2018,12618,2020,11969,13055,2,1.0346330638770012,FALSE,FALSE,FALSE,12.2,42627,27649,3,97.93357985860217,15.6,52326,29880,3,105.83584817443787
13197,"Marion County, GA",2006,3202,2009,2941,3267,2,1.0202998126171143,FALSE,FALSE,FALSE,2018,3131,2020,2949,3000,2,0.9581603321622485,FALSE,FALSE,TRUE,21.1,34453,8255,2,22.571851219919008,21.1,41190,8359,2,22.856220999067595
13199,"Meriwether County, GA",2006,8940,2013,7864,7797,2,0.8721476510067114,FALSE,FALSE,TRUE,2019,7944,2020,7503,8137,2,1.0242950654582075,FALSE,FALSE,FALSE,20.9,35093,22506,1,44.93049608011068,22.2,43571,21167,1,42.25734517585101
13201,"Miller County, GA",2006,3537,2013,2461,2439,2,0.6895674300254453,FALSE,FALSE,TRUE,2019,2481,2020,2437,2561.5,2,1.032446594115276,FALSE,FALSE,FALSE,21.4,31895,6124,8,21.68378637717183,21.3,41769,5718,8,20.24622640507324
13205,"Mitchell County, GA",2006,9856,2013,8239,8366.5,2,0.8488737824675324,FALSE,FALSE,TRUE,2019,8791,2020,8429,8543.5,2,0.9718462063474007,FALSE,FALSE,TRUE,25.3,30732,23974,6,46.80977354644465,30.7,37383,21863,6,42.687998625424186
13207,"Monroe County, GA",2008,12952,2010,11267,11712.5,2,0.9043004941321804,FALSE,FALSE,FALSE,2019,12830,2020,12454,13562,2,1.05705378020265,FALSE,FALSE,FALSE,11.4,50423,25726,3,64.94955717358593,10.6,70488,27578,3,69.62523858093574
13209,"Montgomery County, GA",2007,4336,2011,3390,3520.5,2,0.8119234317343174,FALSE,FALSE,TRUE,2019,3336,2021,3246,3278,2,0.9826139088729017,FALSE,FALSE,TRUE,21.8,34961,9175,9,38.04764768085592,19.4,43657,9172,9,38.035207033112854
13211,"Morgan County, GA",2007,8984,2013,7672,8158,2,0.9080587711487088,FALSE,FALSE,FALSE,2019,9355,2020,9031,10184.5,2,1.0886691608765366,FALSE,FALSE,FALSE,13,47245,17648,6,50.7986218052969,11.1,67089,19276,1,55.484714070654064
13213,"Murray County, GA",2006,20319,2013,14097,16333,2,0.8038289285890053,FALSE,FALSE,TRUE,2018,18633,2020,17552,18573.5,2,0.9968067407288145,FALSE,FALSE,FALSE,15.6,35817,40138,3,116.51291459357782,14.5,50061,40096,3,116.39099665015935
13215,"Muscogee County, GA",2007,80241,2010,73441,75308.5,2,0.9385289315935743,FALSE,FALSE,FALSE,2018,83063,2020,79766,80066.5,2,0.9639249726111506,FALSE,FALSE,TRUE,18.6,41095,184704,2,853.1362586605081,18.4,47035,195769,2,904.2448036951502
13217,"Newton County, GA",2007,43498,2009,40691,42620,2,0.9798151639155823,FALSE,FALSE,FALSE,2019,51761,2020,49417,55938.5,2,1.080707482467495,FALSE,FALSE,FALSE,11.2,49995,95699,1,349.5036776790084,11.2,58222,111744,1,408.1018501610582
13219,"Oconee County, GA",2008,17831,2010,15626,16044,2,0.8997812797936179,FALSE,FALSE,FALSE,2018,19423,2020,18760,20337,2,1.0470576121093549,FALSE,FALSE,FALSE,7.1,70872,30755,3,166.83030556173347,5.6,100878,40280,3,218.4986086173508
13221,"Oglethorpe County, GA",2008,7451,2013,6227,6385.5,2,0.856999060528788,FALSE,FALSE,FALSE,2018,6809,2020,6400,6995,2,1.0273167866059627,FALSE,FALSE,FALSE,14.3,43514,14382,3,32.75619388605709,12.8,54346,15259,3,34.75363388314179
13223,"Paulding County, GA",2008,63385,2009,60118,67609,2,1.066640372327838,FALSE,FALSE,FALSE,2019,79605,2020,76797,86638.5,2,1.0883550028264557,FALSE,FALSE,FALSE,6.9,59828,131172,1,419.9049250124046,6.8,76580,168667,1,539.9330953790995
13225,"Peach County, GA",2008,11130,2013,10619,11101,2,0.9973944294699012,FALSE,FALSE,FALSE,2019,12314,2020,11864,12180,2,0.9891180769855449,FALSE,FALSE,TRUE,20.8,39506,26467,6,176.11322562614782,19.8,49815,27546,3,183.29296531899604
13227,"Pickens County, GA",2007,14419,2010,12498,12657.5,2,0.8778348013038352,FALSE,FALSE,FALSE,2019,15097,2020,14455,16436.5,2,1.0887262370007287,FALSE,FALSE,FALSE,11.3,50617,29095,1,125.37975910883195,10.3,66183,32591,1,140.44515308870743
13229,"Pierce County, GA",2007,8143,2011,7221,7467,2,0.9169839125629375,FALSE,FALSE,FALSE,2019,7871,2020,7716,8063,2,1.024393342650235,FALSE,FALSE,FALSE,17.9,37173,17933,6,52.672235537384275,16.4,46701,19465,6,57.171977066591474
13231,"Pike County, GA",2007,7648,2009,7080,7594.5,2,0.9930047071129707,FALSE,FALSE,FALSE,2019,8330,2020,7928,9048,2,1.0861944777911166,FALSE,FALSE,FALSE,11.1,51043,17220,1,79.69049359977046,8.7,74905,18962,1,87.75209870144293
13233,"Polk County, GA",2008,19816,2010,16434,16867.5,2,0.8512060960839726,FALSE,FALSE,TRUE,2019,18663,2020,18008,19035.5,2,1.0199592777152655,FALSE,FALSE,FALSE,17.6,37814,40789,6,131.43326673970486,16.2,47896,42613,4,137.31069149964557
13235,"Pulaski County, GA",2007,4415,2013,3825,3682.5,2,0.834088335220838,FALSE,FALSE,TRUE,2019,3726,2020,3596,3653.5,2,0.9805421363392378,FALSE,FALSE,FALSE,18.3,39076,11445,6,45.91572688868295,20.7,42274,11137,3,44.68007429962971
13237,"Putnam County, GA",2007,9849,2013,7301,7506.5,2,0.7621585947811961,FALSE,FALSE,TRUE,2019,8723,2020,8509,9430,2,1.08105009744354,FALSE,FALSE,FALSE,14.9,44128,20800,6,60.34547786075281,15.1,62282,22119,6,64.17219350009574
13239,"Quitman County, GA",2007,992,2013,828,702.5,2,0.7081653225806451,TRUE,FALSE,TRUE,2018,674,2022,607,636.5,2,0.9443620178041543,TRUE,FALSE,TRUE,23.6,28877,2529,9,16.722098428294665,22.8,35522,2299,9,15.201306558580242
13241,"Rabun County, GA",2006,7038,2012,6130,6000,2,0.8525149190110827,FALSE,FALSE,FALSE,2019,6661,2020,6472,7195,2,1.0801681429214833,FALSE,FALSE,FALSE,14,39188,16306,9,44.05395839918733,13,46639,17137,7,46.299073045926235
13243,"Randolph County, GA",2006,2663,2009,2380,2520,2,0.9463011641006384,FALSE,FALSE,FALSE,2019,2778,2021,2537,2510,2,0.9035277177825773,FALSE,FALSE,TRUE,25.6,26487,7758,6,18.11617892937539,25.3,33505,6778,6,15.827721163096983
13245,"Richmond County, GA",2007,84406,2010,78164,78521,2,0.9302774684264152,FALSE,FALSE,TRUE,2018,83899,2020,80537,81318,2,0.9692368204626992,FALSE,FALSE,TRUE,23.9,36944,196483,2,605.7933033236727,21.7,44810,202518,2,624.4003206511686
13247,"Rockdale County, GA",2007,37919,2009,35126,37601.5,2,0.9916268888947494,FALSE,FALSE,FALSE,2019,43513,2020,41254,45164,2,1.0379426837956474,FALSE,FALSE,FALSE,11.3,55642,82146,1,632.773322857209,12.1,60281,90896,1,700.1748588419262
13249,"Schley County, GA",2006,1743,2009,1635,1927,2,1.1055651176133103,FALSE,FALSE,FALSE,2019,2003,2020,1918,1998,2,0.9975037443834248,FALSE,FALSE,FALSE,17.8,37613,4601,8,27.565919153550738,15.9,51129,5257,8,31.496204518629913
13251,"Screven County, GA",2007,6811,2010,4815,4879.5,2,0.7164146234033182,FALSE,FALSE,TRUE,2018,5783,2020,5396,5598.5,2,0.9680961438699637,FALSE,FALSE,TRUE,20.6,32638,14865,6,23.017213748081897,24.1,42331,13966,6,21.625187164864567
13253,"Seminole County, GA",2006,3763,2013,2817,2923.5,2,0.7769067233590221,FALSE,FALSE,TRUE,2019,3204,2020,3178,3229.5,2,1.0079588014981273,FALSE,FALSE,FALSE,22,31094,8800,6,37.044676722051264,22.6,38618,8090,6,34.05584485015849
13255,"Spalding County, GA",2007,26373,2010,24395,24591,2,0.9324308952337618,FALSE,FALSE,FALSE,2019,28449,2020,27110,29864,2,1.049738127877957,FALSE,FALSE,FALSE,19.4,39310,62682,1,319.8550798591621,17.7,49237,66703,1,340.37352656018777
13257,"Stephens County, GA",2007,12788,2011,10319,10395.5,2,0.8129105411323115,FALSE,FALSE,TRUE,2018,11044,2020,10248,10748.5,2,0.9732433900760594,FALSE,FALSE,TRUE,18.1,33965,25620,7,143.238921626729,15,45416,25925,7,144.94414688419005
13259,"Stewart County, GA",2008,2107,2009,2038,2102,2,0.9976269577598481,FALSE,FALSE,FALSE,2018,1573,2022,1323,1352,2,0.859504132231405,FALSE,FALSE,TRUE,27.8,27687,5691,8,12.40501693673899,34.7,34566,6621,8,14.432194190502347
13261,"Sumter County, GA",2006,13713,2013,11901,12215,2,0.8907605921388464,FALSE,FALSE,TRUE,2019,13274,2021,12516,11994,2,0.9035708904625583,FALSE,FALSE,TRUE,25,34882,32987,6,68.31346284871717,26.7,40250,29524,6,61.141864284279436
13263,"Talbot County, GA",2008,2934,2010,2584,2609,2,0.889229720518064,FALSE,FALSE,TRUE,2018,2425,2020,2209,2272.5,2,0.9371134020618557,FALSE,FALSE,TRUE,24.4,31515,7026,8,17.952000245287792,19.6,41045,6195,8,15.828727799538552
13265,"Taliaferro County, GA",2007,772,2012,519,533.5,2,0.6910621761658031,TRUE,FALSE,TRUE,2019,679,2020,631,675,2,0.9941089837997055,TRUE,FALSE,FALSE,27.8,27021,1851,8,9.51147697667607,22.5,37046,1537,8,7.897968726715894
13267,"Tattnall County, GA",2007,8610,2009,8381,8982.5,2,1.0432636469221834,FALSE,FALSE,FALSE,2019,8467,2022,8297,8260.5,2,0.9756111964095902,FALSE,FALSE,TRUE,25.8,33003,23444,6,48.756343066300644,26.5,41457,25286,6,52.58713917311372
13269,"Taylor County, GA",2008,3139,2012,2693,2520.5,2,0.8029627269831157,FALSE,FALSE,FALSE,2019,3106,2022,2552,2822.5,2,0.9087250482936252,FALSE,FALSE,TRUE,24.3,29657,8868,8,23.5421544734872,22.9,28234,8020,8,21.29094258878748
13271,"Telfair County, GA",2006,4614,2009,3911,4639.5,2,1.0055266579973992,FALSE,FALSE,FALSE,2018,4012,2022,3180,2836.5,2,0.7070039880358924,FALSE,FALSE,TRUE,30.4,28950,15932,7,36.43207174822264,27.7,36264,15860,7,36.26742768810012
13273,"Terrell County, GA",2006,4252,2013,3306,3283,2,0.772107243650047,FALSE,FALSE,TRUE,2019,3308,2020,3193,3169.5,2,0.9581318016928658,FALSE,FALSE,TRUE,34.5,30394,9701,3,28.88999407369465,28.2,37122,8531,3,25.40568389265942
13275,"Thomas County, GA",2006,22337,2010,15865,16426,2,0.7353718046290908,FALSE,FALSE,TRUE,2019,20379,2020,19922,20776,2,1.01948083811767,FALSE,FALSE,FALSE,17.1,39665,44269,4,81.28225796086538,18,47978,44451,4,81.61642794322047
13277,"Tift County, GA",2006,18767,2010,16527,17144.5,2,0.9135450524857462,FALSE,FALSE,FALSE,2019,19035,2020,18926,19945,2,1.047806671920147,FALSE,FALSE,FALSE,28.9,37335,39720,4,152.24807390087778,21.5,47764,40644,5,155.7897964659435
13279,"Toombs County, GA",2007,13061,2011,10745,11196,2,0.8572084832708062,FALSE,FALSE,TRUE,2019,11084,2020,11007,11317.5,2,1.021066402020931,FALSE,FALSE,FALSE,22.8,32480,27185,7,74.68098842080684,19.2,41442,26830,7,73.70575388376852
13281,"Towns County, GA",2007,5738,2013,3718,4154.5,2,0.7240327640292785,FALSE,FALSE,TRUE,2019,4746,2020,4587,4963.5,2,1.0458280657395702,FALSE,FALSE,FALSE,12.3,40383,10452,9,62.78269331267006,12.7,49023,12037,9,72.30341364376287
13283,"Treutlen County, GA",2008,2602,2013,2479,2368,2,0.9100691775557264,FALSE,FALSE,TRUE,2019,2326,2020,2242,2308,2,0.9922613929492692,FALSE,FALSE,FALSE,27.2,29442,6773,7,33.96162081120789,31.6,37478,6901,7,34.60344680616353
13285,"Troup County, GA",2007,28399,2009,26504,31342,2,1.103630409521462,FALSE,FALSE,FALSE,2019,31093,2020,29503,36444,2,1.1720966133856494,FALSE,FALSE,FALSE,16.4,40867,64894,4,156.74311317222808,19.2,47296,69922,4,168.88760069079623
13287,"Turner County, GA",2006,4758,2010,2942,3025.5,2,0.6358764186633039,FALSE,FALSE,TRUE,2019,3548,2020,3477,3584,2,1.0101465614430665,FALSE,FALSE,FALSE,24.6,30582,9111,6,31.92171454398302,28,35400,7985,6,27.97660966235368
13289,"Twiggs County, GA",2008,4364,2013,2692,2751.5,2,0.6304995417048579,FALSE,FALSE,TRUE,2018,2868,2022,2653,2613.5,2,0.9112622036262203,FALSE,FALSE,TRUE,19.5,36096,9545,3,26.568501920614597,19,44079,8120,3,22.6020152535768
13291,"Union County, GA",2007,10906,2010,8451,8689.5,2,0.7967632495873831,FALSE,FALSE,TRUE,2019,8122,2020,8031,9029,2,1.1116720019699582,FALSE,FALSE,FALSE,11.6,42302,20988,9,65.16332746528069,11.6,57049,24511,9,76.1015017868065
13293,"Upson County, GA",2007,11118,2009,10210,10645,2,0.9574563770462313,FALSE,FALSE,FALSE,2019,11533,2020,11164,12051.5,2,1.0449579467614671,FALSE,FALSE,FALSE,18,35046,27423,6,84.77835451529832,19.1,40926,26320,6,81.36842398142623
13295,"Walker County, GA",2006,31893,2013,27716,27824,2,0.8724171448280187,FALSE,FALSE,TRUE,2018,29849,2020,28598,30964,2,1.0373546852490871,FALSE,FALSE,FALSE,16.1,37568,67405,2,151.03543467641825,14.7,47548,69761,2,156.31456061807899
13297,"Walton County, GA",2008,38919,2009,36589,37087,2,0.9529278758447031,FALSE,FALSE,FALSE,2019,44508,2020,42886,49639,2,1.1152826458164824,FALSE,FALSE,FALSE,12.2,53022,80440,1,246.12936784774493,10.8,67007,94593,1,289.4345511290619
13299,"Ware County, GA",2007,14249,2009,13070,13707,2,0.9619622429644186,FALSE,FALSE,TRUE,2018,13488,2020,12842,12900,2,0.9564056939501779,FALSE,FALSE,TRUE,20.4,34286,36016,4,40.05155458881435,26.3,37642,35734,5,39.73795678800233
13301,"Warren County, GA",2007,2246,2009,2116,2227.5,2,0.9917631344612645,FALSE,FALSE,FALSE,2019,2275,2020,2168,2284,2,1.003956043956044,FALSE,FALSE,FALSE,23.3,31964,5981,8,21.03260563776515,26.5,37313,5254,8,18.476059190907556
13303,"Washington County, GA",2006,7860,2009,6725,7149.5,2,0.9096055979643766,FALSE,FALSE,TRUE,2018,7493,2020,7158,7392.5,2,0.9865874816495396,FALSE,FALSE,FALSE,21.8,34760,21155,7,31.177876750485613,21.4,41674,20374,7,30.02685232400822
13305,"Wayne County, GA",2007,11292,2009,10468,11100,2,0.9829968119022316,FALSE,FALSE,FALSE,2019,11761,2020,11640,12488.5,2,1.0618569849502593,FALSE,FALSE,FALSE,17.5,38773,29421,6,45.84045508582718,18.4,47382,29927,6,46.62884672015058
13307,"Webster County, GA",2008,1220,2010,908,946,2,0.7754098360655738,FALSE,FALSE,TRUE,2019,1017,2022,984,930.5,2,0.9149459193706981,FALSE,FALSE,TRUE,20.6,33287,2735,8,13.04511654750378,18.4,41547,2607,8,12.434595553690075
13309,"Wheeler County, GA",2006,2882,2010,1643,1674,2,0.5808466342817488,FALSE,FALSE,FALSE,2018,3063,2020,2864,2888.5,2,0.9430297094351943,FALSE,FALSE,TRUE,31,31707,6918,9,23.41195979559376,34.2,35927,7855,9,26.582963890486987
13311,"White County, GA",2007,12309,2009,11003,12103,2,0.9832642781704444,FALSE,FALSE,FALSE,2019,12809,2020,12380,13520,2,1.055507846045749,FALSE,FALSE,FALSE,14.6,41325,26173,8,108.70404904204375,10.9,54786,30798,6,127.91301350234454
13313,"Whitfield County, GA",2007,44398,2009,37884,41280,2,0.9297716113338439,FALSE,FALSE,FALSE,2018,47365,2020,44158,46373.5,2,0.9790668214926633,FALSE,FALSE,TRUE,16.5,43408,98654,3,339.6649968152318,12.7,53115,104628,3,360.2334349016165
13315,"Wilcox County, GA",2007,3074,2013,2505,2618.5,2,0.8518217306441119,FALSE,FALSE,TRUE,2019,2823,2020,2821,2852.5,2,1.0104498760184202,FALSE,FALSE,FALSE,26.9,31697,8889,9,23.527636834290163,29.4,38261,8635,8,22.855343015423056
13317,"Wilkes County, GA",2006,4379,2013,3319,3706,2,0.8463119433660653,FALSE,FALSE,TRUE,2018,3818,2020,3466,3610.5,2,0.9456521739130435,FALSE,FALSE,TRUE,20.1,32461,10524,6,22.41514449291167,19.6,39716,9777,6,20.82410373500545
13319,"Wilkinson County, GA",2008,4364,2011,3282,3360.5,2,0.7700504124656279,FALSE,FALSE,TRUE,2019,3477,2022,3077,3007,2,0.8648259994247914,FALSE,FALSE,TRUE,17.9,35367,9750,8,21.70414248602587,17,43902,8954,8,19.932194032807757
13321,"Worth County, GA",2006,9763,2013,8391,8437,2,0.8641810918774967,FALSE,FALSE,TRUE,2018,8895,2020,8531,8649.5,2,0.9724002248454188,FALSE,FALSE,TRUE,18.3,37643,21646,3,37.92945744719997,20.3,43142,20247,3,35.4780432843693
15001,"Hawaii County, HI",2007,84304,2009,79102,81456.5,2,0.9662234294932625,FALSE,FALSE,FALSE,2018,85919,2020,75936,86177.5,2,1.0030086476797915,FALSE,FALSE,FALSE,13.1,55779,177733,5,44.119658497315704,13.1,64929,201513,5,50.022701145930014
15003,"Honolulu County/city, HI",2008,444925,2010,427429,432543,2,0.9721705905489689,FALSE,FALSE,FALSE,2018,470597,2020,415896,455767.5,2,0.9684878994128734,FALSE,FALSE,TRUE,7.8,64849,925335,2,1540.2073283997963,7.9,86946,974563,2,1622.1466545492074
15007,"Kauai County, HI",2007,32768,2009,30303,32793.5,2,1.0007781982421875,FALSE,FALSE,FALSE,2019,36293,2020,30045,35354.5,2,0.9741410189292701,FALSE,FALSE,FALSE,9,55786,64490,5,104.04297883324729,9.3,73029,72293,5,116.63171140939596
15009,"Maui County, HI",2007,78491,2009,72541,76035,2,0.9687097883833815,FALSE,FALSE,FALSE,2018,84231,2020,66740,80247,2,0.9527014994479467,FALSE,FALSE,TRUE,6.8,60435,148012,5,127.42738089088624,10.7,77375,167417,3,144.13365015410577
16001,"Ada County, ID",2007,191856,2009,180950,189288,2,0.9866149612209156,FALSE,FALSE,FALSE,2019,248612,2020,249512,275318.5,2,1.107422409215967,FALSE,FALSE,FALSE,7.9,55121,375368,2,356.73976305290347,9.4,72295,481587,2,457.6874754090882
16003,"Adams County, ID",2006,2006,2011,1436,1501,2,0.7482552342971087,FALSE,FALSE,TRUE,2018,1570,2019,1560,1658.5,2,1.0563694267515924,FALSE,FALSE,FALSE,12.6,37796,3949,8,2.897699964411636,12.7,50042,4294,9,3.1508543041741115
16005,"Bannock County, ID",2007,40138,2009,36680,38292.5,2,0.9540211271114655,FALSE,FALSE,FALSE,2019,37000,2020,36076,38317,2,1.0355945945945946,FALSE,FALSE,FALSE,15.3,44150,79338,3,71.31576132438163,13.5,53306,87808,3,78.9293197505773
16007,"Bear Lake County, ID",2008,3223,2010,2681,2743,2,0.8510704312752094,FALSE,FALSE,FALSE,2019,3278,2020,2933,3169,2,0.9667480170835876,FALSE,FALSE,TRUE,11.1,42360,6049,7,6.199473623796796,11.8,54550,6125,9,6.277364183460965
16009,"Benewah County, ID",2007,3818,2009,3590,3638.5,2,0.9529858564693556,FALSE,FALSE,TRUE,2019,3796,2020,3666,3749.5,2,0.9877502634351949,FALSE,FALSE,TRUE,15.2,38402,9296,6,11.965026495274355,15.4,49303,9298,6,11.967600726448037
16011,"Bingham County, ID",2007,21692,2009,20626,21340,2,0.9837728194726166,FALSE,FALSE,FALSE,2019,22407,2020,20717,22025.5,2,0.9829740706029366,FALSE,FALSE,FALSE,12.8,42714,43816,6,20.92722468778239,11.1,59959,46811,4,22.357684746662898
16013,"Blaine County, ID",2006,13739,2010,10850,10970,2,0.7984569473760826,FALSE,FALSE,TRUE,2018,12275,2020,11651,13066.5,2,1.064480651731161,FALSE,FALSE,FALSE,6.5,65857,21169,7,8.025436946353278,7.2,75778,23021,7,8.727553684255222
16015,"Boise County, ID",2006,3559,2012,2697,2814.5,2,0.7908120258499578,FALSE,FALSE,FALSE,2019,3353,2020,3299,3826.5,2,1.1412168207575306,FALSE,FALSE,FALSE,12,48991,7229,2,3.8060028388390243,11.6,64443,7831,2,4.122950370860202
16017,"Bonner County, ID",2007,19882,2011,16729,16896.5,2,0.8498390503973443,FALSE,FALSE,FALSE,2019,19294,2020,19395,21085,2,1.09282678552918,FALSE,FALSE,FALSE,14.7,42420,40738,6,23.504107074137348,12.6,56729,45739,6,26.3894730586668
16019,"Bonneville County, ID",2007,49257,2010,45861,46395,2,0.9418965832267495,FALSE,FALSE,FALSE,2019,55395,2020,56326,62143.5,2,1.1218250744652045,FALSE,FALSE,FALSE,10.8,51260,97890,3,52.46093163840597,9.3,65165,119062,3,63.80736993290317
16021,"Boundary County, ID",2007,4298,2009,3856,4761,2,1.1077245230339692,FALSE,FALSE,FALSE,2019,4920,2020,4932,5263,2,1.0697154471544716,FALSE,FALSE,FALSE,15.6,37653,10754,7,8.476533465123959,14.8,50709,12245,7,9.651771645940382
16023,"Butte County, ID",2006,1378,2013,1214,1193.5,2,0.8661103047895501,FALSE,FALSE,FALSE,2019,1220,2020,1058,1139.5,2,0.934016393442623,FALSE,FALSE,TRUE,16,38084,2838,8,1.268954391418327,14.6,51742,2597,3,1.1611961080033104
16025,"Camas County, ID",2006,613,2009,541,585.5,2,0.9551386623164764,TRUE,FALSE,FALSE,2018,648,2020,444,496,2,0.7654320987654321,TRUE,FALSE,TRUE,8,49016,1103,9,1.0267781507567253,9,56014,1106,9,1.0295708383834434
16027,"Canyon County, ID",2007,80329,2010,75493,80513.5,2,1.0022968043919382,FALSE,FALSE,FALSE,2019,108547,2020,108041,123735.5,2,1.139925562198863,FALSE,FALSE,FALSE,14.5,43132,179645,2,306.01363770315595,10.1,58670,229849,2,391.5329044083203
16029,"Caribou County, ID",2008,3791,2009,3271,3675,2,0.9694012134001583,FALSE,FALSE,TRUE,2019,3612,2021,3130,3172.5,2,0.8783222591362126,FALSE,FALSE,TRUE,10.6,48066,6873,6,3.89583005043663,10.1,61518,7155,6,4.0556764165392245
16031,"Cassia County, ID",2008,10655,2009,9691,10500,2,0.985452839042703,FALSE,FALSE,FALSE,2019,11910,2020,10773,11364,2,0.9541561712846348,FALSE,FALSE,TRUE,17.8,37837,21568,7,8.406577772927296,12,53284,24030,7,9.366193614773874
16033,"Clark County, ID",2008,580,2012,394,404,2,0.696551724137931,TRUE,FALSE,TRUE,2018,360,2021,312,320.5,2,0.8902777777777777,TRUE,FALSE,TRUE,15,37845,948,8,0.537675574045243,14.5,48726,845,9,0.4792572363588928
16035,"Clearwater County, ID",2006,3030,2013,2844,2886.5,2,0.9526402640264027,FALSE,FALSE,FALSE,2018,2805,2019,2798,3086,2,1.1001782531194295,FALSE,FALSE,FALSE,15,38785,8788,6,3.5762625370628256,13.5,49816,8756,6,3.563240188270608
16037,"Custer County, ID",2006,2422,2013,2036,1834,2,0.7572254335260116,FALSE,FALSE,FALSE,2019,1740,2020,1628,1632.5,2,0.9382183908045977,FALSE,FALSE,TRUE,12.4,41042,4200,9,0.8532809770961102,13,49055,4315,8,0.8766446228975513
16039,"Elmore County, ID",2008,10838,2012,9919,10409.5,2,0.9604631850894999,FALSE,FALSE,FALSE,2019,10199,2020,10388,10841.5,2,1.0629963721933522,FALSE,FALSE,FALSE,12,50920,26595,4,8.64855829720147,14.1,47796,27511,6,8.946436823249094
16041,"Franklin County, ID",2006,6085,2009,5536,5986.5,2,0.9838126540673788,FALSE,FALSE,FALSE,2019,7121,2020,6323,6902,2,0.9692458924308384,FALSE,FALSE,TRUE,10,45370,12277,3,18.516814751915103,8.2,55421,13876,3,20.928510344349107
16043,"Fremont County, ID",2006,5784,2009,5117,6365,2,1.1004495159059475,FALSE,FALSE,FALSE,2019,6445,2020,5974,6455.5,2,1.0016291698991466,FALSE,FALSE,FALSE,13.2,40571,13005,6,6.977081053241486,12.7,56162,13099,6,7.027511319985408
16045,"Gem County, ID",2006,6995,2009,6239,6909,2,0.9877055039313796,FALSE,FALSE,FALSE,2019,8890,2020,8528,9710,2,1.092238470191226,FALSE,FALSE,FALSE,13,41392,16833,2,30.071064393844658,12.7,53733,18112,2,32.355915065722954
16047,"Gooding County, ID",2007,8628,2012,7667,7741,2,0.8971951784886416,FALSE,FALSE,TRUE,2019,8225,2020,7570,7816,2,0.9502735562310031,FALSE,FALSE,TRUE,13.2,39039,14963,7,20.516315152977697,15.1,50205,15179,7,20.812480632697216
16049,"Idaho County, ID",2007,6729,2010,5846,5956.5,2,0.8851983950066875,FALSE,FALSE,FALSE,2019,6445,2020,6656,7091.5,2,1.1003103180760279,FALSE,FALSE,FALSE,15.7,36952,15770,6,1.8602184441425473,13.8,48866,16667,6,1.9660279523477384
16051,"Jefferson County, ID",2008,10951,2009,10817,11584,2,1.0578029403707423,FALSE,FALSE,FALSE,2019,14302,2020,14396,16360,2,1.1438959586071877,FALSE,FALSE,FALSE,12,47726,23475,3,21.46421122795404,9.2,63078,29871,3,27.312351590637487
16053,"Jerome County, ID",2006,9835,2007,9564,9988,2,1.015556685307575,FALSE,FALSE,FALSE,2019,12630,2020,11698,12232,2,0.9684877276326207,FALSE,FALSE,FALSE,12.7,41790,20572,7,34.427647884754734,14.2,56320,24412,7,40.85396364780443
16055,"Kootenai County, ID",2008,67291,2010,61584,63746.5,2,0.9473257939397542,FALSE,FALSE,FALSE,2019,77963,2020,77682,84370,2,1.0821800084655542,FALSE,FALSE,FALSE,11.3,46724,132811,3,107.29774273295739,10,62764,165697,3,133.8662767212267
16057,"Latah County, ID",2006,17010,2007,16566,17423,2,1.0242798353909466,FALSE,FALSE,FALSE,2019,20059,2020,18855,20128,2,1.0034398524353159,FALSE,FALSE,FALSE,17,42031,36179,4,33.627762539421695,11.7,54999,40108,4,37.27970092957587
16059,"Lemhi County, ID",2006,3783,2013,3133,3100.5,2,0.8195876288659794,FALSE,FALSE,TRUE,2019,3236,2020,3368,3540,2,1.0939431396786157,FALSE,FALSE,FALSE,13.5,37523,7780,7,1.7047589727183785,13.5,46062,8027,7,1.7588817832918284
16061,"Lewis County, ID",2006,1678,2011,1460,1535.5,2,0.91507747318236,FALSE,FALSE,FALSE,2019,1478,2020,1344,1392,2,0.9418132611637348,FALSE,FALSE,TRUE,13,36089,3707,8,7.741916620372497,13.2,45342,3838,8,8.015504717828337
16063,"Lincoln County, ID",2007,2481,2009,2301,2414.5,2,0.9731962918178154,FALSE,FALSE,FALSE,2019,2821,2020,2408,2556,2,0.9060616802552286,FALSE,FALSE,TRUE,15.1,40271,4938,9,4.1103279272560185,11.2,50608,5366,9,4.46658964310567
16065,"Madison County, ID",2008,16232,2009,15244,17334.5,2,1.0679213898472153,FALSE,FALSE,FALSE,2019,24999,2020,24308,26316.5,2,1.0527021080843233,FALSE,FALSE,FALSE,21.5,39543,35771,6,76.22739293408657,27.4,46177,39907,4,85.04113862683718
16067,"Minidoka County, ID",2008,9708,2009,8959,9824.5,2,1.0120004120313144,FALSE,FALSE,FALSE,2019,10385,2020,10201,10757.5,2,1.0358690418873375,FALSE,FALSE,FALSE,16.1,39490,19184,7,25.334543010220187,11.3,56173,21039,7,27.784270766890245
16069,"Nez Perce County, ID",2007,18471,2009,17636,18839,2,1.0199231227329326,FALSE,FALSE,FALSE,2019,19458,2020,19103,20103.5,2,1.0331740158289648,FALSE,FALSE,FALSE,12.7,40726,38720,3,45.64315352697095,11.1,67645,40408,3,47.63296869105997
16071,"Oneida County, ID",2007,2343,2010,1893,2008,2,0.8570209133589415,FALSE,FALSE,FALSE,2018,2425,2020,1932,2365,2,0.9752577319587629,FALSE,FALSE,FALSE,11.5,41439,4167,8,3.4755381996428545,11.3,55833,4531,8,3.7791369288653165
16073,"Owyhee County, ID",2006,4606,2009,4183,4800,2,1.0421189752496742,FALSE,FALSE,FALSE,2019,5703,2020,5328,5779,2,1.013326319480975,FALSE,FALSE,FALSE,17.5,35683,11255,2,1.4677491626461685,14.9,48395,11823,2,1.5418212661009019
16075,"Payette County, ID",2007,10095,2008,9917,10144.5,2,1.0049034175334324,FALSE,FALSE,FALSE,2019,11231,2020,10993,11530.5,2,1.0266672602617755,FALSE,FALSE,FALSE,14.5,42754,22437,6,55.14402280770743,11,53643,23951,6,58.86502162799843
16077,"Power County, ID",2006,3673,2009,3214,3690,2,1.0046283691805065,FALSE,FALSE,FALSE,2018,4145,2019,4138,4307,2,1.0390832328106152,FALSE,FALSE,FALSE,16.1,38259,7532,3,5.36533729963685,13.1,50981,7681,6,5.471475809680117
16079,"Shoshone County, ID",2008,5725,2010,4634,4875,2,0.851528384279476,FALSE,FALSE,TRUE,2019,5135,2020,5242,5497,2,1.0704965920155793,FALSE,FALSE,FALSE,17.5,35095,12949,6,4.909713072409642,19.1,39239,12882,6,4.884309506431462
16081,"Teton County, ID",2008,5197,2009,4977,5001,2,0.9622859341928035,FALSE,FALSE,FALSE,2019,6333,2020,6106,7391,2,1.1670614242854886,FALSE,FALSE,FALSE,8.7,51900,8932,9,19.889064799784453,7.7,73637,12142,9,27.036836632219305
16083,"Twin Falls County, ID",2006,36924,2010,33850,35646,2,0.9653883652908677,FALSE,FALSE,FALSE,2019,42071,2020,42475,44930,2,1.0679565496422714,FALSE,FALSE,FALSE,12.8,39977,73738,5,38.37095426270506,11,56141,86878,5,45.2086002391615
16085,"Valley County, ID",2007,4820,2010,3971,4135,2,0.8578838174273858,FALSE,FALSE,FALSE,2019,4853,2020,4762,5207.5,2,1.0730475994230373,FALSE,FALSE,FALSE,9.3,50868,9929,8,2.7090525573658044,8.8,64041,11392,8,3.108221042754683
16087,"Washington County, ID",2006,4714,2010,4255,4420.5,2,0.9377386508273229,FALSE,FALSE,TRUE,2018,4362,2020,4050,4268.5,2,0.9785648784961027,FALSE,FALSE,TRUE,15.4,37009,10027,6,6.901597685104883,13.4,45813,10194,6,7.016544011365232
17001,"Adams County, IL",2006,38009,2013,30743,32104,2,0.8446420584598384,FALSE,FALSE,TRUE,2018,33918,2020,31262,32065.5,2,0.945382982487175,FALSE,FALSE,TRUE,11.8,43602,66943,5,78.28208117630687,12.3,55942,65435,5,76.51864992264524
17003,"Alexander County, IL",2006,3034,2013,2351,2101.5,2,0.692649967040211,FALSE,FALSE,TRUE,2018,1951,2022,1594,1525,2,0.7816504356740134,FALSE,FALSE,TRUE,27.7,28443,8552,7,36.33057766977918,24,37408,5761,3,24.473860846070842
17005,"Bond County, IL",2007,8280,2013,7344,7418.5,2,0.8959541062801932,FALSE,FALSE,TRUE,2018,7555,2020,6950,7261,2,0.9610853739245533,FALSE,FALSE,TRUE,11.9,46974,18077,1,47.529026965630386,13,53447,16426,1,43.18812839173783
17007,"Boone County, IL",2007,24896,2009,22057,23954,2,0.9621625964010283,FALSE,FALSE,FALSE,2018,26752,2020,23928,25010,2,0.9348833732057417,FALSE,FALSE,TRUE,9.8,59405,53512,2,190.60441889374493,8.9,72426,53544,2,190.71839970934892
17009,"Brown County, IL",2008,3390,2010,2403,2459,2,0.7253687315634219,FALSE,FALSE,TRUE,2019,2315,2020,2259,2392.5,2,1.0334773218142548,FALSE,FALSE,FALSE,16.1,42205,6833,7,22.35000506988261,14.8,60254,6578,7,21.51592760861815
17011,"Bureau County, IL",2007,18464,2013,16117,16167.5,2,0.8756228336221837,FALSE,FALSE,TRUE,2018,16582,2020,15093,15208,2,0.9171390664576047,FALSE,FALSE,TRUE,9.9,45794,35153,6,40.4489391545685,11.2,57935,32628,7,37.54353786974827
17013,"Calhoun County, IL",2007,2470,2013,2181,2097,2,0.8489878542510122,FALSE,FALSE,TRUE,2018,1974,2020,1747,1809,2,0.9164133738601824,FALSE,FALSE,TRUE,10.9,43889,5160,1,20.32864645095714,9.7,63373,4739,1,18.670049521528274
17015,"Carroll County, IL",2007,8291,2013,7258,7280,2,0.8780605475817151,FALSE,FALSE,TRUE,2018,6761,2020,6549,6714.5,2,0.9931223191835528,FALSE,FALSE,FALSE,12.2,41515,15734,7,35.32507420196405,11.1,56468,14305,7,32.11676537810447
17017,"Cass County, IL",2007,7350,2013,5848,6134,2,0.8345578231292518,FALSE,FALSE,TRUE,2018,6179,2021,5700,5806.5,2,0.9397151642660625,FALSE,FALSE,FALSE,12,40318,13699,6,36.45736306200333,13,51011,12147,6,32.327001176301515
17019,"Champaign County, IL",2007,100263,2009,96350,99897,2,0.996349600550552,FALSE,FALSE,FALSE,2019,102807,2020,97592,103752,2,1.0091919810907817,FALSE,FALSE,FALSE,18.2,44237,196621,3,197.3900315629693,19.9,53485,209689,3,210.50914362355738
17021,"Christian County, IL",2007,17022,2013,14439,15357.5,2,0.902214780871813,FALSE,FALSE,TRUE,2018,15936,2020,14089,14645.5,2,0.9190198293172691,FALSE,FALSE,TRUE,13,41660,35034,6,49.37961868008113,12.3,51573,32304,6,45.53174635614948
17023,"Clark County, IL",2006,8487,2009,7044,7258,2,0.8551902910333451,FALSE,FALSE,TRUE,2018,7420,2020,6763,7101.5,2,0.9570754716981132,FALSE,FALSE,TRUE,11.5,44826,16682,6,33.27150521550091,10.8,58323,15441,6,30.796386046789923
17025,"Clay County, IL",2006,6633,2009,5647,5986.5,2,0.9025327905924921,FALSE,FALSE,TRUE,2018,6182,2022,5312,5512,2,0.8916208346813329,FALSE,FALSE,TRUE,13.7,36401,13975,7,29.83873206206456,13.8,49377,13184,7,28.149827800090105
17027,"Clinton County, IL",2006,18382,2009,17047,19135,2,1.040963986508541,FALSE,FALSE,FALSE,2019,18353,2020,17074,18043,2,0.9831090284967036,FALSE,FALSE,TRUE,9.5,52996,37160,1,78.40638391698545,7.5,67201,37562,1,79.2545907612973
17029,"Coles County, IL",2007,26630,2013,22288,23166,2,0.8699211415696583,FALSE,FALSE,TRUE,2018,23614,2020,21827,22485,2,0.9521893791818413,FALSE,FALSE,TRUE,20,36007,53492,5,105.24286208958983,16.8,50467,50621,5,99.59431170711746
17031,"Cook County, IL",2007,2447299,2009,2312342,2383787.5,2,0.9740483283816158,FALSE,FALSE,FALSE,2019,2588278,2020,2344460,2580534,2,0.9970080493671855,FALSE,FALSE,FALSE,14.6,52554,5154235,1,5454.655612514869,13,69375,5150233,1,5450.420351266345
17033,"Crawford County, IL",2007,9247,2009,8743,9821.5,2,1.0621282578133449,FALSE,FALSE,FALSE,2019,7784,2020,7298,7635.5,2,0.9809224049331963,FALSE,FALSE,FALSE,14.7,41724,19886,6,44.8243294721206,12.6,50352,18667,7,42.07662467344239
17035,"Cumberland County, IL",2007,5487,2009,5014,5455.5,2,0.9942591580098414,FALSE,FALSE,FALSE,2019,5803,2020,5502,5728.5,2,0.9871618128554196,FALSE,FALSE,TRUE,12.3,40875,11077,9,32.01963323543695,10.1,53991,10766,9,31.120643803621395
17037,"DeKalb County, IL",2008,56620,2010,50378,50645.5,2,0.8944807488519958,FALSE,FALSE,TRUE,2019,52476,2020,47321,50525,2,0.9628210991691439,FALSE,FALSE,TRUE,11.5,54945,103746,1,164.32745110772854,13,64676,104897,1,166.1505661793939
17039,"De Witt County, IL",2007,8153,2013,7507,7543,2,0.9251809150006133,FALSE,FALSE,TRUE,2018,7820,2020,7057,7616,2,0.9739130434782609,FALSE,FALSE,TRUE,9.5,47415,16742,6,42.11177655755972,11,59521,15638,3,39.33484421258625
17041,"Douglas County, IL",2007,10067,2013,9190,9638.5,2,0.9574351842654216,FALSE,FALSE,TRUE,2019,9671,2020,9177,9639,2,0.9966911384551753,FALSE,FALSE,FALSE,8.7,46166,20061,6,48.14832593303733,8,64283,19465,6,46.71786871474859
17043,"DuPage County, IL",2007,503187,2010,456158,474692.5,2,0.943371947208493,FALSE,FALSE,TRUE,2019,479192,2020,434075,487902,2,1.0181764303243794,FALSE,FALSE,FALSE,4.8,73818,907426,1,2767.8337761211787,6,96354,922921,1,2815.0966761934683
17045,"Edgar County, IL",2007,10024,2013,8185,8534,2,0.8513567438148444,FALSE,FALSE,TRUE,2018,7947,2020,7483,7815,2,0.9833899584748962,FALSE,FALSE,TRUE,12.9,40544,18929,6,30.367834384685978,13.2,51333,17161,6,27.531428278070475
17047,"Edwards County, IL",2006,3292,2013,2625,2852,2,0.8663426488456865,FALSE,FALSE,TRUE,2018,2816,2022,2566,2429,2,0.8625710227272727,FALSE,FALSE,TRUE,11.6,40970,6728,9,30.251798561151077,11.8,54930,6395,9,28.7544964028777
17049,"Effingham County, IL",2007,18024,2009,16662,17313.5,2,0.9605803373280071,FALSE,FALSE,FALSE,2019,17636,2020,16839,18005,2,1.0209231118167386,FALSE,FALSE,FALSE,10.1,48003,34191,7,71.41439817532046,9.2,58943,34008,7,71.03216791396268
17051,"Fayette County, IL",2007,9652,2009,8993,9918.5,2,1.0276108578532948,FALSE,FALSE,FALSE,2019,9161,2020,8626,8969,2,0.9790415893461413,FALSE,FALSE,TRUE,14.3,38527,21890,6,30.553721649873054,15.1,48913,21336,6,29.780457063576588
17053,"Ford County, IL",2006,7064,2013,6240,6322,2,0.894960362400906,FALSE,FALSE,TRUE,2019,6376,2020,6047,6246.5,2,0.979689460476788,FALSE,FALSE,TRUE,8.7,46388,14213,3,29.269126456712048,10,55369,12961,3,26.6908568216031
17055,"Franklin County, IL",2007,16769,2013,14924,15519,2,0.9254576897847218,FALSE,FALSE,TRUE,2018,16469,2020,14763,15574.5,2,0.9456858339911348,FALSE,FALSE,TRUE,17.6,33963,39473,5,96.52823120018977,16.4,43695,38469,4,94.07302525878701
17057,"Fulton County, IL",2006,16922,2013,14450,14772,2,0.8729464602292873,FALSE,FALSE,TRUE,2019,14642,2020,13540,14194,2,0.9694030870099714,FALSE,FALSE,TRUE,12.6,40668,37272,6,43.05502129532404,13.3,50461,34340,6,39.66810021682302
17059,"Gallatin County, IL",2006,2516,2013,2248,2279.5,2,0.9060015898251192,FALSE,FALSE,TRUE,2018,2212,2020,1777,1869,2,0.8449367088607594,FALSE,FALSE,TRUE,19.9,33799,5883,8,18.216949845327786,19,46515,4828,8,14.950099244134378
17061,"Greene County, IL",2006,7091,2013,5776,5687.5,2,0.8020730503455084,FALSE,FALSE,TRUE,2019,5768,2020,5481,5578,2,0.9670596393897365,FALSE,FALSE,TRUE,14,37685,14001,6,25.777694313110334,13.7,52116,12969,6,23.877645707215766
17063,"Grundy County, IL",2008,24123,2011,22377,23337,2,0.9674169879368237,FALSE,FALSE,FALSE,2019,26216,2020,23874,27382.5,2,1.0444957277998168,FALSE,FALSE,FALSE,5.4,62835,48175,1,115.21591474381052,5.6,83135,51054,1,122.10136608885318
17065,"Hamilton County, IL",2007,4053,2011,3580,3927,2,0.9689119170984456,FALSE,FALSE,FALSE,2018,3530,2020,3196,3381.5,2,0.9579320113314448,FALSE,FALSE,TRUE,12.5,37500,8416,7,19.36283926956818,12.7,51031,8116,7,18.672623991422924
17067,"Hancock County, IL",2006,9433,2013,8148,8492,2,0.9002438248701368,FALSE,FALSE,TRUE,2018,8501,2020,7848,8028.5,2,0.9444183037289731,FALSE,FALSE,TRUE,10.8,45213,19359,7,24.389352792070024,12.3,53724,17708,7,22.309347551111937
17069,"Hardin County, IL",2006,1629,2013,1538,1346.5,2,0.8265807243707797,FALSE,FALSE,TRUE,2018,1259,2020,1201,1429,2,1.1350277998411438,FALSE,FALSE,FALSE,20.9,33455,4462,9,25.153758124799168,18,44573,3821,9,21.54023079221372
17071,"Henderson County, IL",2006,3877,2013,3384,3362.5,2,0.8672942997162755,FALSE,FALSE,TRUE,2018,3161,2020,2950,3030,2,0.9585574185384372,FALSE,FALSE,TRUE,11.4,40939,7565,9,19.971329987618567,11,55535,6646,9,17.545202788858294
17073,"Henry County, IL",2006,26513,2013,23556,23880.5,2,0.9007090861087014,FALSE,FALSE,TRUE,2019,24136,2020,22066,22856,2,0.9469671859463042,FALSE,FALSE,TRUE,9.8,46209,50528,2,61.3903465235262,8.7,61680,48913,2,59.428159030740126
17075,"Iroquois County, IL",2007,15910,2013,13687,13494.5,2,0.8481772470144563,FALSE,FALSE,TRUE,2018,12893,2022,11346,11387.5,2,0.883231210734507,FALSE,FALSE,TRUE,11.9,44003,30282,6,27.100532935980564,11.6,51542,27114,6,24.265367215711542
17077,"Jackson County, IL",2006,31521,2013,26284,25709.5,2,0.8156308492750864,FALSE,FALSE,TRUE,2019,23726,2020,22076,22678.5,2,0.9558501222287785,FALSE,FALSE,TRUE,28.6,31146,59518,5,101.98947855441506,25.4,37308,56750,3,97.24626008876398
17079,"Jasper County, IL",2007,4918,2013,4357,4431,2,0.9009760065067101,FALSE,FALSE,TRUE,2019,4604,2020,4426,4818.5,2,1.0465899218071242,FALSE,FALSE,FALSE,11.1,42723,9776,7,19.764907584500236,9.9,59980,9610,7,19.429292337054754
17081,"Jefferson County, IL",2007,20223,2013,16145,16209.5,2,0.8015378529397221,FALSE,FALSE,TRUE,2018,16718,2020,15118,15455,2,0.9244526857279579,FALSE,FALSE,TRUE,15.7,41705,39412,7,68.99437184346198,14.9,50531,37684,7,65.96934711633565
17083,"Jersey County, IL",2006,11218,2013,10160,10324,2,0.9203066500267427,FALSE,FALSE,TRUE,2019,10256,2020,9516,9913,2,0.9665561622464899,FALSE,FALSE,TRUE,9.7,54031,22838,1,61.79848250332832,10.4,63351,21773,1,58.91664592105121
17085,"Jo Daviess County, IL",2007,13175,2013,10716,10997,2,0.8346869070208729,FALSE,FALSE,TRUE,2018,10940,2020,9921,10596.5,2,0.968601462522852,FALSE,FALSE,TRUE,8.6,48000,22758,6,37.871677616470635,9.3,62522,21235,6,35.33724730581571
17087,"Johnson County, IL",2006,4978,2013,3766,3867,2,0.7768179991964644,FALSE,FALSE,TRUE,2019,4070,2020,3881,4075,2,1.0012285012285012,FALSE,FALSE,FALSE,14.2,42277,12792,7,37.21449829375365,12.9,55022,12417,8,36.12354794508592
17089,"Kane County, IL",2007,256148,2010,237391,242980.5,2,0.9485941721192436,FALSE,FALSE,FALSE,2019,269632,2020,244490,260310,2,0.9654269522905293,FALSE,FALSE,TRUE,7.8,68513,495752,1,954.7058189157127,8.2,84311,532403,1,1025.2873253323883
17091,"Kankakee County, IL",2007,52146,2009,49253,49460.5,2,0.9485003643616001,FALSE,FALSE,TRUE,2019,51510,2020,47489,47691.5,2,0.9258687633469229,FALSE,FALSE,TRUE,13,47009,111499,3,164.8198790817307,12.7,60763,109862,3,162.40003547724282
17093,"Kendall County, IL",2008,55965,2009,54283,57472.5,2,1.0269364781559904,FALSE,FALSE,FALSE,2019,69395,2020,64136,71705.5,2,1.0332949059730527,FALSE,FALSE,FALSE,3.7,77938,100917,1,315.1312461356866,4,105586,128990,1,402.7941718346979
17095,"Knox County, IL",2006,24258,2013,21589,22056,2,0.9092258224091021,FALSE,FALSE,TRUE,2018,20983,2022,18770,19457,2,0.9272744602773674,FALSE,FALSE,TRUE,17.6,37880,52894,4,73.83769220568014,18.6,43404,49699,4,69.37761305497972
17097,"Lake County, IL",2007,353001,2009,327004,335804,2,0.9512834241262773,FALSE,FALSE,FALSE,2019,364922,2020,335365,348107,2,0.953921659971172,FALSE,FALSE,TRUE,6.3,77904,692995,1,1561.9287818445318,7.2,92638,696535,1,1569.9075232318862
17099,"LaSalle County, IL",2007,55446,2009,52120,53888,2,0.971900587959456,FALSE,FALSE,TRUE,2018,53521,2020,48281,49713,2,0.928850357803479,FALSE,FALSE,TRUE,10.3,48218,113794,4,100.24684223416008,12.2,59528,108669,4,95.73197267644991
17101,"Lawrence County, IL",2006,8023,2013,5686,6058.5,2,0.7551414682786988,FALSE,FALSE,TRUE,2018,6300,2022,5387,5490,2,0.8714285714285714,FALSE,FALSE,TRUE,15.3,37921,16952,7,45.54797557089465,18.4,47114,15678,7,42.1248915172538
17103,"Lee County, IL",2006,17721,2009,16369,16901,2,0.9537272162970487,FALSE,FALSE,TRUE,2018,15280,2020,14198,14428,2,0.944240837696335,FALSE,FALSE,TRUE,9.8,47602,36191,4,49.93453086431677,12,57619,34096,6,47.04395469453026
17105,"Livingston County, IL",2007,18720,2013,16282,16391,2,0.8755876068376068,FALSE,FALSE,TRUE,2019,16270,2021,14940,16001.5,2,0.9834972341733251,FALSE,FALSE,TRUE,11.3,47442,39069,4,37.435752969448885,13,54422,35648,4,34.15776502738524
17107,"Logan County, IL",2007,12830,2013,12015,12423.5,2,0.9683164458300857,FALSE,FALSE,TRUE,2018,12465,2022,11166,10566,2,0.8476534296028881,FALSE,FALSE,TRUE,11,44690,30498,6,49.34536252613049,12.8,53806,28618,6,46.30354727433937
17109,"McDonough County, IL",2006,16587,2013,13431,13164,2,0.7936335684572255,FALSE,FALSE,TRUE,2019,12736,2020,11741,12146,2,0.9536746231155779,FALSE,FALSE,TRUE,23.4,34690,32945,5,55.90483705381764,23.3,49048,29682,5,50.367806144526185
17111,"McHenry County, IL",2007,168971,2011,149661,155090.5,2,0.9178527676346828,FALSE,FALSE,FALSE,2019,162375,2020,147154,167622.5,2,1.032317167051578,FALSE,FALSE,FALSE,5.3,74115,305117,1,505.6654242563353,5.4,89379,307774,1,510.0688269911849
17113,"McLean County, IL",2007,86768,2009,84757,89064,2,1.0264613682463581,FALSE,FALSE,FALSE,2018,88000,2020,81419,89772,2,1.0201363636363636,FALSE,FALSE,FALSE,12.5,55018,165223,3,139.6351398861439,14.3,69230,171517,3,144.9543967114248
17115,"Macon County, IL",2007,51307,2013,46821,47078,2,0.9175745999571209,FALSE,FALSE,TRUE,2018,46611,2020,41890,42415,2,0.9099783312951878,FALSE,FALSE,TRUE,15.9,44752,110751,3,190.7697554724157,16.7,52259,104009,3,179.1565899805012
17117,"Macoupin County, IL",2006,23452,2013,21268,21037,2,0.8970237079993177,FALSE,FALSE,TRUE,2019,20556,2020,18942,19689,2,0.9578225335668418,FALSE,FALSE,TRUE,12,44025,48195,1,55.84756898817345,13.5,54174,44926,1,52.059505848380134
17119,"Madison County, IL",2007,132856,2013,121478,127275,2,0.9579921117601011,FALSE,FALSE,TRUE,2019,131313,2020,122187,128073.5,2,0.9753299368683984,FALSE,FALSE,TRUE,11.3,52073,267382,1,373.6895875581221,10.9,66591,262966,1,367.517843691083
17121,"Marion County, IL",2007,17626,2009,16129,17000,2,0.9644842845795983,FALSE,FALSE,TRUE,2018,16822,2020,15286,15829,2,0.9409701581262633,FALSE,FALSE,TRUE,15.6,38262,39898,4,69.68620423447875,15,52291,37205,4,64.98258630868169
17123,"Marshall County, IL",2007,6994,2013,5369,5275,2,0.7542179010580498,FALSE,FALSE,TRUE,2018,5111,2020,4690,4955.5,2,0.9695754255527294,FALSE,FALSE,TRUE,8.1,48338,12896,2,33.33833132551923,9,63628,11438,2,29.5691558391198
17125,"Mason County, IL",2006,7041,2013,6001,6156.5,2,0.8743786393978128,FALSE,FALSE,TRUE,2019,6111,2020,5557,5820,2,0.9523809523809523,FALSE,FALSE,TRUE,12.5,42946,15078,6,27.95576914519646,12.1,51967,13359,6,24.768611222355716
17127,"Massac County, IL",2007,7206,2013,5783,6026,2,0.8362475714682209,FALSE,FALSE,TRUE,2018,6090,2020,5514,5863.5,2,0.962807881773399,FALSE,FALSE,TRUE,15,38461,15471,7,65.23691656370835,15.9,54159,13772,7,58.07270473242786
17129,"Menard County, IL",2006,6697,2013,6123,6196.5,2,0.9252650440495744,FALSE,FALSE,TRUE,2018,5959,2020,5389,5707.5,2,0.9577949320355764,FALSE,FALSE,TRUE,8.7,55268,12746,3,40.54187301799352,8.2,77306,12196,3,38.79245907166553
17131,"Mercer County, IL",2006,8546,2009,7746,8053.5,2,0.9423706997425696,FALSE,FALSE,TRUE,2019,7578,2020,6881,7166.5,2,0.9456980733702824,FALSE,FALSE,TRUE,8.1,48778,16598,2,29.57380086950324,8.1,62241,15437,2,27.50516712992659
17133,"Monroe County, IL",2007,17745,2013,16557,17820.5,2,1.004254719639335,FALSE,FALSE,FALSE,2019,19059,2020,17753,18858,2,0.9894538013536912,FALSE,FALSE,TRUE,4.5,66748,32139,1,83.41270850581753,4.2,90904,34637,1,89.89595147689728
17135,"Montgomery County, IL",2006,12776,2013,11208,11532.5,2,0.9026690670006262,FALSE,FALSE,TRUE,2018,11863,2020,11033,11492,2,0.9687262918317457,FALSE,FALSE,TRUE,13.8,39530,30295,6,43.04697868325552,16,51665,28414,6,40.374215293151416
17137,"Morgan County, IL",2007,17145,2013,15991,15656.5,2,0.9131816856226305,FALSE,FALSE,TRUE,2019,14975,2020,13923,14246,2,0.9513188647746244,FALSE,FALSE,TRUE,15.2,41833,35936,4,63.16096590439734,13.8,55937,33658,4,59.15716246689129
17139,"Moultrie County, IL",2006,7895,2013,6596,6914.5,2,0.8758074730842306,FALSE,FALSE,TRUE,2019,7000,2020,6520,6701,2,0.9572857142857143,FALSE,FALSE,TRUE,8.8,46868,14666,6,43.654266307097906,8.6,65472,14501,6,43.163133486923954
17141,"Ogle County, IL",2007,26356,2013,23248,24908.5,2,0.9450789194111398,FALSE,FALSE,TRUE,2018,25428,2020,23177,24016.5,2,0.944490325625295,FALSE,FALSE,TRUE,7.9,54425,53634,4,70.69625942788149,9.4,63565,50643,4,66.75375072167286
17143,"Peoria County, IL",2007,92884,2013,84516,83854,2,0.9027819646010077,FALSE,FALSE,TRUE,2018,83208,2020,76251,79651.5,2,0.9572577156042689,FALSE,FALSE,TRUE,13.6,47150,184048,2,297.4777555984774,14.8,57717,179179,2,289.60796515245795
17145,"Perry County, IL",2006,9568,2013,8033,8359.5,2,0.8736935618729097,FALSE,FALSE,TRUE,2018,8272,2020,7591,7705,2,0.9314555125725339,FALSE,FALSE,TRUE,15.6,38983,22596,7,51.13050089607357,14.4,56880,20916,6,47.32897666588222
17147,"Piatt County, IL",2006,8917,2013,8029,8277.5,2,0.9282830548390715,FALSE,FALSE,TRUE,2019,8628,2020,8181,8599.5,2,0.9966968011126565,FALSE,FALSE,TRUE,6.8,55009,16664,3,37.94274889113546,6.5,72265,16344,3,37.21413153364846
17149,"Pike County, IL",2006,8363,2013,7120,6971,2,0.8335525529116345,FALSE,FALSE,TRUE,2018,6464,2020,5926,6096.5,2,0.9431466584158416,FALSE,FALSE,TRUE,13.7,39219,16772,7,20.174366573966264,14.4,54309,15561,7,18.71770321115484
17151,"Pope County, IL",2006,1832,2013,1664,1373,2,0.7494541484716157,FALSE,FALSE,FALSE,2018,1112,2020,992,1165.5,2,1.048111510791367,FALSE,FALSE,FALSE,21,36421,4439,9,12.034147809373026,16.9,46478,4177,8,11.323864699200524
17153,"Pulaski County, IL",2006,2733,2013,1941,1847,2,0.6758141236736187,FALSE,FALSE,TRUE,2018,1874,2020,1569,1573.5,2,0.8396478121664888,FALSE,FALSE,TRUE,24.2,31087,6359,9,31.911797177670273,22,38506,5335,8,26.772989140253326
17155,"Putnam County, IL",2007,3034,2013,2754,2928,2,0.9650626235992089,FALSE,FALSE,TRUE,2019,2935,2020,2727,2860,2,0.9744463373083475,FALSE,FALSE,TRUE,6.9,55134,5987,8,37.39607862733218,7.6,74367,5739,8,35.84701774549179
17157,"Randolph County, IL",2007,14843,2013,13184,13309,2,0.8966516202923938,FALSE,FALSE,TRUE,2019,13010,2020,11997,12193.5,2,0.9372405841660262,FALSE,FALSE,TRUE,12.8,42980,33598,6,58.39403372108585,12.7,58444,31782,6,55.23778736006758
17159,"Richland County, IL",2007,7436,2009,6534,7043.5,2,0.9472162452931684,FALSE,FALSE,FALSE,2018,7529,2021,7126,7377,2,0.9798113959357152,FALSE,FALSE,TRUE,14.3,38467,16153,7,44.86520717487793,13.1,49775,15513,7,43.087597282478875
17161,"Rock Island County, IL",2007,76405,2013,67799,67924.5,2,0.88900595510765,FALSE,FALSE,TRUE,2019,67676,2020,62190,64234.5,2,0.9491474082392576,FALSE,FALSE,TRUE,13.2,45209,147918,2,346.0102550667141,13.6,57772,141879,2,331.8838070999495
17163,"St. Clair County, IL",2007,117524,2009,110348,118751.5,2,1.010444675130186,FALSE,FALSE,FALSE,2019,120840,2020,111857,116065.5,2,0.9604890764647468,FALSE,FALSE,TRUE,15.8,46428,264764,1,402.53106052774007,13.3,57726,259686,1,394.810778596058
17165,"Saline County, IL",2007,11885,2013,10093,9793,2,0.8239798064787547,FALSE,FALSE,TRUE,2018,10080,2020,9362,9824,2,0.9746031746031746,FALSE,FALSE,TRUE,18.6,33724,25390,7,66.81649280518742,15.7,48547,23491,6,61.819071779702945
17167,"Sangamon County, IL",2007,102733,2013,94217,97064.5,2,0.944822987744931,FALSE,FALSE,TRUE,2018,94097,2020,85935,91938.5,2,0.9770609052360861,FALSE,FALSE,TRUE,12.8,48330,194025,3,223.4718910887668,12.2,61768,194672,3,224.21708533453116
17169,"Schuyler County, IL",2006,4272,2013,3188,3070.5,2,0.71875,FALSE,FALSE,TRUE,2018,2857,2020,2666,2760.5,2,0.9662233111655583,FALSE,FALSE,TRUE,12.1,41023,7545,7,17.253601646466954,11.3,56015,6768,7,15.47678938943517
17171,"Scott County, IL",2006,2645,2013,2371,2388,2,0.902835538752363,FALSE,FALSE,TRUE,2019,2398,2022,2167,2206,2,0.9199332777314428,FALSE,FALSE,TRUE,10.5,44254,5388,9,21.484110211730933,11.2,61231,4951,9,19.74161649188564
17173,"Shelby County, IL",2007,10671,2013,9415,10003,2,0.9374004310748758,FALSE,FALSE,FALSE,2018,10741,2020,9970,10067,2,0.9372497905222977,FALSE,FALSE,TRUE,12.1,41337,22314,6,29.41827904254141,9.4,61376,21634,6,28.521782235652093
17175,"Stark County, IL",2007,2838,2009,2539,2731.5,2,0.9624735729386892,FALSE,FALSE,TRUE,2018,2483,2020,2246,2345,2,0.9444220700765203,FALSE,FALSE,TRUE,9.9,43043,6143,2,21.322013425614184,11.2,54804,5342,2,18.54178670350496
17177,"Stephenson County, IL",2006,24232,2013,20613,20213,2,0.834144932320898,FALSE,FALSE,TRUE,2018,21253,2020,19624,20017,2,0.9418435044464311,FALSE,FALSE,TRUE,14.3,43450,47794,4,84.70403918851142,11.5,51786,44498,4,78.86262576495756
17179,"Tazewell County, IL",2007,70231,2013,63125,63011.5,2,0.8972035141176973,FALSE,FALSE,TRUE,2018,63342,2020,58101,61013,2,0.9632313472893183,FALSE,FALSE,TRUE,8,52745,133131,2,205.93562877724995,8.2,66206,131803,2,203.8813926112466
17181,"Union County, IL",2006,7992,2013,6587,7134,2,0.8926426426426426,FALSE,FALSE,TRUE,2019,7544,2020,7040,7192.5,2,0.9534066808059385,FALSE,FALSE,TRUE,20.9,37923,18066,7,43.699747467417495,17.2,51575,16653,6,40.281849583466375
17183,"Vermilion County, IL",2006,35628,2013,32086,32410.5,2,0.9096918154260694,FALSE,FALSE,TRUE,2018,30932,2020,28794,29763.5,2,0.9622235872235873,FALSE,FALSE,TRUE,18.6,38036,82258,3,91.56870602903197,16.8,46295,75758,3,84.33297711283284
17185,"Wabash County, IL",2006,6374,2013,5222,5186.5,2,0.8136962660809539,FALSE,FALSE,TRUE,2019,5269,2020,4887,5125.5,2,0.9727652305940406,FALSE,FALSE,TRUE,12.6,45931,12237,6,54.79507260783708,13.5,54249,11520,7,51.58447629666447
17187,"Warren County, IL",2007,8781,2013,8180,8012.5,2,0.9124814941350643,FALSE,FALSE,TRUE,2018,7938,2021,7078,7415.5,2,0.9341773746535651,FALSE,FALSE,TRUE,12.9,41477,17828,7,32.873458941366934,11.4,53621,16844,6,31.05903872607049
17189,"Washington County, IL",2006,8176,2009,7408,8343,2,1.0204256360078279,FALSE,FALSE,FALSE,2019,7435,2020,6869,7255,2,0.9757901815736382,FALSE,FALSE,TRUE,7.8,48727,14890,6,26.466547102099728,8.1,64297,13887,6,24.683743425578168
17191,"Wayne County, IL",2007,8010,2013,7275,7249,2,0.9049937578027466,FALSE,FALSE,TRUE,2019,7457,2020,6898,7352.5,2,0.9859863215770417,FALSE,FALSE,TRUE,14.7,37783,16951,7,23.746450500327107,13.1,51829,16215,7,22.71539701863041
17193,"White County, IL",2006,7634,2013,6493,6314.5,2,0.8271548336389835,FALSE,FALSE,TRUE,2018,6089,2020,5303,5522,2,0.9068812612908523,FALSE,FALSE,TRUE,14.1,39797,14796,6,29.891935682639605,14.5,51388,13537,6,27.34841398593487
17195,"Whiteside County, IL",2007,29138,2010,26777,26826,2,0.9206534422403734,FALSE,FALSE,TRUE,2019,27306,2020,25167,26153.5,2,0.9577931590126713,FALSE,FALSE,TRUE,11.2,43920,58819,4,85.98024554925529,11.4,50880,55175,4,80.65353114096058
17197,"Will County, IL",2007,339829,2010,314759,325011,2,0.956395716669266,FALSE,FALSE,FALSE,2019,352135,2020,319960,363640.5,2,1.0326735484970253,FALSE,FALSE,FALSE,5.9,71597,664048,1,794.4326737067775,6.5,90249,690743,1,826.3691906823612
17199,"Williamson County, IL",2006,33924,2013,28667,29945,2,0.8827084070274732,FALSE,FALSE,TRUE,2019,30618,2020,28291,29417,2,0.960774707688288,FALSE,FALSE,TRUE,16.3,38914,65201,5,155.16289474310466,13.4,56958,66597,3,158.48504319268937
17201,"Winnebago County, IL",2007,139674,2009,123008,129947,2,0.9303592651459828,FALSE,FALSE,TRUE,2018,134604,2020,120768,125312,2,0.9309678761403821,FALSE,FALSE,TRUE,13.8,48394,293991,2,573.0260208556672,16.1,59510,282572,2,550.7689309034208
17203,"Woodford County, IL",2008,20720,2013,18515,18584,2,0.8969111969111969,FALSE,FALSE,TRUE,2018,18575,2020,17097,18120.5,2,0.9755316285329745,FALSE,FALSE,TRUE,5.9,62349,37961,2,71.9562056801445,6.1,77117,38459,2,72.90017950666942
18001,"Adams County, IN",2006,15577,2009,13044,14891,2,0.9559607113051294,FALSE,FALSE,FALSE,2018,16033,2020,14817,15507.5,2,0.9672238508077091,FALSE,FALSE,TRUE,12.5,46601,33962,6,100.20506011654496,12.6,53532,35777,6,105.5602271889061
18003,"Allen County, IN",2006,173799,2010,157966,160738.5,2,0.9248528472545872,FALSE,FALSE,FALSE,2019,188389,2020,176972,190809,2,1.0128457606335826,FALSE,FALSE,FALSE,10.9,47947,349534,2,531.8970213620718,10.5,56838,379299,2,577.1913699543177
18005,"Bartholomew County, IN",2008,38008,2010,34916,39076,2,1.0280993475057882,FALSE,FALSE,FALSE,2019,39651,2020,36512,38381,2,0.9679705429875665,FALSE,FALSE,TRUE,10.9,53395,75265,3,184.95355580675283,11.2,71181,83779,3,205.87555905047427
18007,"Benton County, IN",2006,4401,2009,3897,4262,2,0.968416269029766,FALSE,FALSE,TRUE,2018,4257,2020,3922,4272,2,1.003523608174771,FALSE,FALSE,FALSE,10.2,44637,8805,3,21.66488688985232,8.7,55016,8748,3,21.524637196187175
18009,"Blackford County, IN",2006,6304,2012,4852,4905,2,0.7780774111675127,FALSE,FALSE,TRUE,2018,5375,2020,4770,4985,2,0.9274418604651162,FALSE,FALSE,TRUE,12.6,40996,13078,6,79.22123550720248,12.8,46811,11758,6,71.22520928992864
18011,"Boone County, IN",2008,27402,2009,26361,28219.5,2,1.0298335887891394,FALSE,FALSE,FALSE,2019,36118,2020,34751,39255,2,1.0868542001218229,FALSE,FALSE,FALSE,6.6,65106,53778,1,127.17022715556585,6.9,84137,67843,1,160.43009633893143
18013,"Brown County, IN",2006,7597,2012,6759,7010,2,0.922732657628011,FALSE,FALSE,FALSE,2018,7386,2020,6934,7488.5,2,1.0138776062821555,FALSE,FALSE,FALSE,10.3,52038,15274,1,48.957168087131834,10.5,59617,15092,1,48.37381044723017
18015,"Carroll County, IN",2006,10105,2009,9046,9306,2,0.9209302325581395,FALSE,FALSE,FALSE,2018,10120,2020,9405,10383.5,2,1.0260375494071146,FALSE,FALSE,FALSE,9.1,48013,20118,3,54.04795486600846,8.7,58965,20257,3,54.42138491503795
18017,"Cass County, IN",2006,17963,2012,16303,16845,2,0.9377609530701999,FALSE,FALSE,FALSE,2018,18174,2020,16893,17153.5,2,0.9438483547925608,FALSE,FALSE,TRUE,11.6,43794,39033,4,94.70718972009783,12.6,51777,37689,4,91.44619356341472
18019,"Clark County, IN",2008,53475,2010,50315,51898,2,0.9705095839177186,FALSE,FALSE,FALSE,2019,61662,2020,58383,64252,2,1.0420031786189226,FALSE,FALSE,FALSE,10.3,45450,105672,1,283.6931221760759,9.7,59441,118302,1,317.6003457838797
18021,"Clay County, IN",2006,12471,2013,11505,11891,2,0.953492101675888,FALSE,FALSE,TRUE,2018,12134,2020,11308,11705.5,2,0.9646860062633921,FALSE,FALSE,TRUE,10.8,42755,26983,3,75.45581655480984,11.3,54349,26225,3,73.33612975391499
18023,"Clinton County, IN",2006,16207,2010,15268,15303.5,2,0.9442524834947862,FALSE,FALSE,FALSE,2019,15828,2020,14978,16088,2,1.0164265857973211,FALSE,FALSE,FALSE,11.2,46258,33188,6,81.93212480898222,11.3,55336,32399,6,79.98429889376325
18025,"Crawford County, IN",2008,5020,2012,4296,4573,2,0.9109561752988048,FALSE,FALSE,TRUE,2018,4305,2020,4101,4246.5,2,0.9864111498257839,FALSE,FALSE,FALSE,16.6,37942,10933,8,35.77400176039632,16.5,44332,10577,8,34.609129847225084
18027,"Daviess County, IN",2008,14730,2010,13865,14015.5,2,0.9514935505770536,FALSE,FALSE,FALSE,2019,15230,2020,14775,15329.5,2,1.0065331582403152,FALSE,FALSE,FALSE,15,41174,30702,7,71.48078991604464,11.3,56611,33351,7,77.64822566901195
18029,"Dearborn County, IN",2006,25158,2012,22831,23717,2,0.9427219969790921,FALSE,FALSE,FALSE,2019,25464,2020,23942,25724.5,2,1.0102301288092994,FALSE,FALSE,FALSE,7.2,56660,49348,1,161.7505826206951,9.3,71351,49458,1,162.1111355121654
18031,"Decatur County, IN",2006,12009,2009,11175,12161.5,2,1.0126988092264135,FALSE,FALSE,FALSE,2019,13576,2020,12434,12795.5,2,0.9425088391278728,FALSE,FALSE,TRUE,10,45711,25486,6,68.40630435249405,9.6,60891,26559,6,71.28631551824097
18033,"DeKalb County, IN",2006,20274,2009,17754,18756,2,0.9251257768570583,FALSE,FALSE,FALSE,2019,21750,2020,20307,21343.5,2,0.9813103448275862,FALSE,FALSE,TRUE,8.8,49051,41876,4,115.41366024132248,9.5,59714,43475,4,119.82063422942723
18035,"Delaware County, IN",2006,53667,2010,48666,49808,2,0.9280936143253768,FALSE,FALSE,TRUE,2018,52544,2020,48997,49851.5,2,0.9487572320341048,FALSE,FALSE,TRUE,18,38501,117229,3,298.9704393421217,21.5,45912,114135,3,291.0797762866958
18037,"Dubois County, IN",2006,21657,2010,20396,20491,2,0.9461605947268782,FALSE,FALSE,FALSE,2018,22590,2022,21150,21455,2,0.9497565294378043,FALSE,FALSE,TRUE,8.8,54404,41728,7,97.6625856899784,5.9,63869,42736,5,100.02176624920718
18039,"Elkhart County, IN",2006,99675,2009,75249,87026,2,0.8730975670930524,FALSE,FALSE,FALSE,2018,103102,2020,92859,100504,2,0.9748016527322457,FALSE,FALSE,FALSE,11.1,49395,196304,3,423.8380854913442,9.6,55782,206341,3,445.50887602071
18041,"Fayette County, IN",2006,10003,2013,8124,9635,2,0.9632110366889933,FALSE,FALSE,FALSE,2018,10819,2020,9633,9904,2,0.915426564377484,FALSE,FALSE,TRUE,14.2,39948,24413,7,113.53774747582796,13.5,48499,23102,6,107.44066858585906
18043,"Floyd County, IN",2008,36666,2010,34693,35709.5,2,0.9739131620574919,FALSE,FALSE,FALSE,2019,39776,2020,37473,40190.5,2,1.0104208567980693,FALSE,FALSE,FALSE,10.8,52734,72876,1,490.7937448648358,10.6,64614,78522,1,528.8175316191425
18045,"Fountain County, IN",2006,8361,2009,7417,7839,2,0.93756727664155,FALSE,FALSE,TRUE,2018,7825,2020,7242,7890.5,2,1.008370607028754,FALSE,FALSE,FALSE,12.2,42847,17396,6,43.966153441774416,12.5,55337,16346,6,41.312413437528434
18047,"Franklin County, IN",2006,11395,2012,9585,10502,2,0.9216322948661694,FALSE,FALSE,FALSE,2019,11278,2020,10534,11400,2,1.0108175208370278,FALSE,FALSE,FALSE,9.3,51541,23276,1,60.54741354643026,9.2,67315,22758,6,59.199950055407285
18049,"Fulton County, IN",2006,9948,2009,8817,9287,2,0.9335544833132288,FALSE,FALSE,TRUE,2018,9598,2020,8965,9159,2,0.9542613044384247,FALSE,FALSE,TRUE,10.8,45944,20571,7,55.83982323225469,9.6,55011,19974,7,54.219271267369365
18051,"Gibson County, IN",2006,16571,2009,15433,16178.5,2,0.9763140426045501,FALSE,FALSE,FALSE,2019,16820,2020,16077,16901,2,1.0048156956004757,FALSE,FALSE,FALSE,10.5,47197,33290,2,68.304273069363,9.3,61872,33659,6,69.0613856185548
18053,"Grant County, IN",2006,30679,2012,29286,30620,2,0.9980768603931027,FALSE,FALSE,FALSE,2018,29901,2020,28465,29080,2,0.9725427243236012,FALSE,FALSE,FALSE,17.4,37131,70012,4,169.07476412075664,16,47509,65769,4,158.82817461946587
18055,"Greene County, IN",2006,15757,2013,12402,13288.5,2,0.8433394681728755,FALSE,FALSE,TRUE,2019,14064,2020,13258,13900,2,0.9883390216154722,FALSE,FALSE,FALSE,13.3,41419,33020,3,60.87006214202892,13.5,51918,31922,6,58.84597588424734
18057,"Hamilton County, IN",2008,140670,2010,135893,146033.5,2,1.0381282434065544,FALSE,FALSE,FALSE,2019,181054,2020,173804,196347.5,2,1.0844692743601356,FALSE,FALSE,FALSE,3.9,83059,253725,1,643.3385397121617,4.2,107710,338011,1,857.0519386999605
18059,"Hancock County, IN",2008,34930,2010,32668,33513.5,2,0.959447466361294,FALSE,FALSE,FALSE,2019,40801,2020,39121,44072.5,2,1.0801818582877871,FALSE,FALSE,FALSE,4.8,65421,67115,1,219.3608905826636,5.2,77905,78168,1,255.4868821435692
18061,"Harrison County, IN",2006,18795,2012,17181,18253,2,0.9711625432295823,FALSE,FALSE,FALSE,2019,18674,2020,17507,18810.5,2,1.007309628360287,FALSE,FALSE,FALSE,9.7,50418,38142,1,78.79259875929854,8.2,64270,40515,1,83.69467093317027
18063,"Hendricks County, IN",2008,71348,2009,68749,71673,2,1.004555138195885,FALSE,FALSE,FALSE,2019,89682,2020,86222,97125,2,1.0829932427911955,FALSE,FALSE,FALSE,5,66432,137267,1,337.3532172998373,4.9,85827,170311,1,418.5635570934936
18065,"Henry County, IN",2006,21533,2010,18526,19293.5,2,0.8959968420563785,FALSE,FALSE,FALSE,2018,20773,2020,19521,20571.5,2,0.9902999085351177,FALSE,FALSE,FALSE,10.3,42306,48030,4,122.56396777560306,12.9,49293,47972,4,122.41596215138934
18067,"Howard County, IN",2006,36447,2009,30666,32611,2,0.8947512826844459,FALSE,FALSE,FALSE,2018,38008,2022,34203,34085.5,2,0.8967980425173647,FALSE,FALSE,TRUE,13,45569,83743,3,285.7401202426691,12.2,54048,82544,3,281.6490033233927
18069,"Huntington County, IN",2006,19593,2010,16865,17083.5,2,0.8719185423365488,FALSE,FALSE,TRUE,2018,18589,2020,17545,18582.5,2,0.9996503308408199,FALSE,FALSE,FALSE,9.6,46756,37447,6,97.8650895491573,9.7,54565,36520,6,95.44244052488115
18071,"Jackson County, IN",2006,21267,2010,18423,19296.5,2,0.9073447124653219,FALSE,FALSE,FALSE,2019,22590,2020,21587,22750,2,1.0070827799911466,FALSE,FALSE,FALSE,11.8,44935,41693,4,81.75450705716717,10.1,59472,44231,4,86.73119232594347
18073,"Jasper County, IN",2008,14943,2009,14236,14717,2,0.9848758616074416,FALSE,FALSE,FALSE,2018,15987,2020,14670,15919.5,2,0.9957778194783261,FALSE,FALSE,FALSE,8.2,49945,32894,1,58.77287021154946,8.8,65352,33562,1,59.96640937678674
18075,"Jay County, IN",2006,11273,2013,9308,9772,2,0.8668499955646234,FALSE,FALSE,TRUE,2018,10033,2020,8690,9115.5,2,0.9085517791288747,FALSE,FALSE,TRUE,10.8,40623,21580,6,56.2118232375197,12.5,49447,20436,6,53.23191935504878
18077,"Jefferson County, IN",2006,16590,2011,13758,14162,2,0.8536467751657625,FALSE,FALSE,TRUE,2019,14612,2020,13808,14625,2,1.0008896797153024,FALSE,FALSE,FALSE,12.9,45106,32140,6,89.10476602374833,11.6,53378,32308,6,89.57052833526015
18079,"Jennings County, IN",2006,13075,2010,11644,11841.5,2,0.9056596558317399,FALSE,FALSE,FALSE,2019,14226,2020,13500,14225,2,0.9999297061717981,FALSE,FALSE,FALSE,11.9,42634,28502,6,75.68302455940966,11.6,55022,27735,6,73.64636468160926
18081,"Johnson County, IN",2008,72218,2010,65638,68532.5,2,0.9489670165332742,FALSE,FALSE,FALSE,2019,79690,2020,76150,83744,2,1.0508721295018195,FALSE,FALSE,FALSE,7,60381,133933,1,417.9985331523181,6,74427,158167,1,493.63169639373933
18083,"Knox County, IN",2008,19316,2010,17099,17440.5,2,0.9029043280182233,FALSE,FALSE,TRUE,2018,18067,2020,16960,17368,2,0.96131067692478,FALSE,FALSE,TRUE,17.1,40042,38325,4,74.29758971446074,12.7,48760,36594,5,70.94183947843382
18085,"Kosciusko County, IN",2006,40008,2010,35089,36570,2,0.9140671865626875,FALSE,FALSE,FALSE,2018,42250,2020,39167,39976.5,2,0.946189349112426,FALSE,FALSE,TRUE,8.6,50815,76832,4,144.57160275926435,9,64677,79456,4,149.50907524000556
18087,"LaGrange County, IN",2006,16674,2009,12971,15545.5,2,0.9323197792971093,FALSE,FALSE,FALSE,2018,18293,2020,16344,18701.5,2,1.022330946263598,FALSE,FALSE,FALSE,9,50487,36931,6,97.28105112319298,7.5,70746,39614,6,104.34842162936738
18089,"Lake County, IN",2008,215815,2009,204058,208585.5,2,0.9665014016634618,FALSE,FALSE,FALSE,2019,224762,2020,208805,224118.5,2,0.9971369715521307,FALSE,FALSE,FALSE,15,47998,493403,1,989.0015835154043,14.5,57280,485493,1,973.1463849746438
18091,"LaPorte County, IN",2006,50375,2013,44559,47400,2,0.9409429280397023,FALSE,FALSE,TRUE,2019,49528,2020,46329,49355,2,0.9965070263285414,FALSE,FALSE,FALSE,13.6,44620,110846,3,185.27197603829595,13.4,56427,109888,3,183.67074051293022
18093,"Lawrence County, IN",2006,21315,2010,18198,18504,2,0.8681210415200563,FALSE,FALSE,FALSE,2019,21129,2020,19845,20304.5,2,0.9609778030195466,FALSE,FALSE,FALSE,13.8,42018,46300,4,103.08452040093867,10.5,56261,45370,6,101.01392420282046
18095,"Madison County, IN",2006,58718,2012,52374,54419.5,2,0.9267941687387172,FALSE,FALSE,FALSE,2019,59064,2020,55738,60392,2,1.0224840850602737,FALSE,FALSE,FALSE,13.6,43094,131203,3,290.32286616466155,13.1,54145,129569,1,286.7071899734688
18097,"Marion County, IN",2008,440414,2010,407272,421580.5,2,0.9572368271671654,FALSE,FALSE,FALSE,2019,483709,2020,456805,486547.5,2,1.0058681976146815,FALSE,FALSE,FALSE,15.6,45160,883591,1,2231.3129425549755,15.2,50707,964582,1,2435.8377357347044
18099,"Marshall County, IN",2006,21891,2009,19699,21242.5,2,0.9703759535882326,FALSE,FALSE,FALSE,2018,21882,2020,20311,21695.5,2,0.9914770130701033,FALSE,FALSE,FALSE,9.4,50647,46871,6,105.65621773688173,10.9,53695,46258,6,104.27439824353385
18101,"Martin County, IN",2006,5062,2013,4656,4777,2,0.9436981430264717,FALSE,FALSE,FALSE,2019,4963,2020,4876,4949,2,0.997179125528914,FALSE,FALSE,FALSE,12.3,43574,10334,6,30.777844955191338,10.9,56735,10255,7,30.542558546108687
18103,"Miami County, IN",2006,16092,2009,13981,14254,2,0.8857817549092717,FALSE,FALSE,FALSE,2018,16330,2022,14810,15356,2,0.9403551745254134,FALSE,FALSE,TRUE,12.1,44636,37580,6,100.52375067541904,13,53658,35516,6,95.00270167610917
18105,"Monroe County, IN",2008,67142,2012,62105,63912,2,0.9518930028893986,FALSE,FALSE,FALSE,2019,71801,2020,67305,72159.5,2,1.0049929666717734,FALSE,FALSE,FALSE,26,39563,132514,3,335.88409294261675,20.8,53113,148431,3,376.2290157988254
18107,"Montgomery County, IN",2006,18974,2009,17057,17136,2,0.9031305997681037,FALSE,FALSE,FALSE,2018,19198,2020,18164,19143.5,2,0.9971611626211063,FALSE,FALSE,FALSE,10.4,48453,38172,6,75.64024317747676,12.1,54366,38338,6,75.9691827239365
18109,"Morgan County, IN",2006,36037,2010,31564,32099,2,0.8907234231484308,FALSE,FALSE,FALSE,2019,34334,2020,32509,35114,2,1.0227180054756217,FALSE,FALSE,FALSE,8.7,53617,68354,1,169.2638752349374,8.9,63414,70489,1,174.55074028492115
18111,"Newton County, IN",2006,6722,2009,6133,6306,2,0.9381136566498066,FALSE,FALSE,TRUE,2018,6480,2020,5883,6351,2,0.9800925925925926,FALSE,FALSE,FALSE,9.3,45107,14374,1,35.77802392005078,9.5,61457,13984,1,34.80728304563727
18113,"Noble County, IN",2006,22273,2009,18548,20824.5,2,0.9349661024558883,FALSE,FALSE,FALSE,2019,23137,2020,20986,21492,2,0.9289017590871764,FALSE,FALSE,TRUE,10.1,46924,47419,6,115.4187852780746,7.8,60980,47744,6,116.20984171569188
18115,"Ohio County, IN",2006,2954,2009,2784,2914.5,2,0.9866283006093433,FALSE,FALSE,FALSE,2019,2842,2020,2641,2866,2,1.00844475721323,FALSE,FALSE,FALSE,9.1,48099,5992,1,69.55310504933256,9.6,58294,5875,1,68.19500870574579
18117,"Orange County, IN",2007,9934,2011,7857,7904.5,2,0.795701630763036,FALSE,FALSE,TRUE,2019,9528,2020,8568,9070,2,0.9519311502938707,FALSE,FALSE,TRUE,14.2,38036,19868,6,49.87210671245221,14.1,47931,19646,6,49.314848423235155
18119,"Owen County, IN",2006,11122,2013,8703,9138.5,2,0.8216597734220464,FALSE,FALSE,TRUE,2019,10009,2020,9418,10231,2,1.0221800379658308,FALSE,FALSE,FALSE,13.1,42291,21838,3,56.67864882752177,12,53387,20799,3,53.98201378164783
18121,"Parke County, IN",2007,7637,2012,6295,6566,2,0.8597616865261228,FALSE,FALSE,TRUE,2018,6592,2020,6158,6607,2,1.0022754854368932,FALSE,FALSE,FALSE,16.6,37932,17449,6,39.235482601607735,15.1,51554,16937,6,38.084209342852326
18123,"Perry County, IN",2006,9294,2010,8030,8213,2,0.8836884011190015,FALSE,FALSE,TRUE,2018,8578,2020,7999,8273.5,2,0.9645022149685242,FALSE,FALSE,TRUE,12.1,42711,19379,6,50.76491853093729,12.1,53908,19169,6,50.214805888824856
18125,"Pike County, IN",2006,5916,2009,5346,5736.5,2,0.969658553076403,FALSE,FALSE,FALSE,2019,5556,2021,5211,5284,2,0.9510439164866811,FALSE,FALSE,TRUE,10.1,38325,13047,6,39.021866242362066,9.4,52378,12389,8,37.053874521087124
18127,"Porter County, IN",2008,80937,2010,74277,76927.5,2,0.9504614700322473,FALSE,FALSE,FALSE,2019,83107,2020,77141,83456,2,1.0041994055855703,FALSE,FALSE,FALSE,9.1,59992,160835,1,384.66873787708107,8.1,74064,170389,1,407.51901997785285
18129,"Posey County, IN",2006,13252,2013,12175,12557.5,2,0.94759281617869,FALSE,FALSE,TRUE,2018,12565,2020,11474,11964,2,0.9521687226422603,FALSE,FALSE,TRUE,7.8,55562,26229,2,64.06927464367283,8.6,68435,25427,2,62.1102385285245
18131,"Pulaski County, IN",2006,6575,2013,5710,6043,2,0.9190874524714829,FALSE,FALSE,FALSE,2019,6306,2020,5929,6431,2,1.0198223913732953,FALSE,FALSE,FALSE,11.7,42651,13724,6,31.64559880833245,11.2,52432,12353,6,28.48426712906811
18133,"Putnam County, IN",2006,16824,2012,14770,15392,2,0.9148834997622444,FALSE,FALSE,FALSE,2019,17120,2020,15740,16052,2,0.9376168224299065,FALSE,FALSE,TRUE,11.5,48290,38189,1,79.47167329815039,10.5,64098,37576,1,78.19601445053024
18135,"Randolph County, IN",2006,12059,2009,11429,11656.5,2,0.9666224396716145,FALSE,FALSE,FALSE,2018,11550,2020,10788,11646,2,1.0083116883116883,FALSE,FALSE,FALSE,11.3,40071,26223,6,57.96688175180545,13.3,50496,24665,6,54.522866888162355
18137,"Ripley County, IN",2006,13768,2009,12402,13120.5,2,0.9529706565950029,FALSE,FALSE,FALSE,2019,15351,2022,13896,14279.5,2,0.9301999869715328,FALSE,FALSE,TRUE,10.7,49651,28361,6,63.52829440607843,9.1,61219,28324,6,63.44541485694318
18139,"Rush County, IN",2006,9110,2012,7690,8261.5,2,0.906860592755214,FALSE,FALSE,TRUE,2019,7912,2020,7388,7878,2,0.9957027300303337,FALSE,FALSE,FALSE,11.6,45246,17756,6,43.50499954672083,11,54371,16581,6,40.626064287236886
18141,"St. Joseph County, IN",2006,128341,2009,115442,117033.5,2,0.9118948738127333,FALSE,FALSE,FALSE,2019,131879,2020,120094,125562.5,2,0.9521038224433003,FALSE,FALSE,TRUE,13.4,44706,266045,2,581.1621714313176,15.3,53881,271826,2,593.790480600986
18143,"Scott County, IN",2006,10697,2012,9163,9611.5,2,0.898522950359914,FALSE,FALSE,TRUE,2018,10268,2020,9632,9775,2,0.9519867549668874,FALSE,FALSE,TRUE,16.5,39451,24137,6,126.76796058885627,13.6,50571,23873,1,125.3814278136374
18145,"Shelby County, IN",2006,22937,2010,20333,20655,2,0.9005100928630597,FALSE,FALSE,TRUE,2019,21863,2020,20620,22098.5,2,1.0107716232904909,FALSE,FALSE,FALSE,9.8,48708,44086,1,107.22972447073474,10.1,59798,44729,1,108.79368384184308
18147,"Spencer County, IN",2006,10144,2009,9529,10142.5,2,0.9998521293375394,FALSE,FALSE,FALSE,2018,9979,2020,9145,9692,2,0.9712396031666499,FALSE,FALSE,TRUE,9.2,52269,21032,8,52.992279937917,8.7,59183,20277,8,51.089980044748145
18149,"Starke County, IN",2008,9945,2012,9066,9716.5,2,0.9770236299648064,FALSE,FALSE,TRUE,2018,9351,2020,8450,8786.5,2,0.9396321249064271,FALSE,FALSE,TRUE,14.6,40838,23260,6,75.24001759697745,13.3,54001,22995,6,74.38281189348653
18151,"Steuben County, IN",2006,15627,2009,14074,17292,2,1.1065463620656555,FALSE,FALSE,FALSE,2019,17019,2020,15708,16981.5,2,0.9977965802926141,FALSE,FALSE,FALSE,11.6,46628,34004,7,110.1229993976333,8.6,59444,34594,7,112.03373253622297
18153,"Sullivan County, IN",2006,8613,2013,7950,8693,2,1.0092882851503542,FALSE,FALSE,FALSE,2018,9261,2020,8537,8824,2,0.9528128711802181,FALSE,FALSE,TRUE,13.7,40957,21558,3,48.207050152505836,14.4,53375,20669,3,46.219107505433854
18155,"Switzerland County, IN",2007,5475,2012,4527,4571.5,2,0.8349771689497717,FALSE,FALSE,TRUE,2018,4370,2020,3856,3933.5,2,0.9001144164759726,FALSE,FALSE,TRUE,14.4,42987,10271,8,46.5450359816557,14.5,52482,10751,8,48.72024942447477
18157,"Tippecanoe County, IN",2008,80217,2009,77376,81953,2,1.0216412979792313,FALSE,FALSE,FALSE,2018,92181,2020,86297,96340.5,2,1.0451231815667004,FALSE,FALSE,FALSE,19,42325,166226,3,333.18634269930925,16.1,51228,195732,3,392.3286924381336
18159,"Tipton County, IN",2006,7619,2009,6342,7344,2,0.9639060244126526,FALSE,FALSE,FALSE,2019,7500,2020,7089,7524,2,1.0032,FALSE,FALSE,FALSE,7.9,54536,16257,3,62.39708913376398,7.8,69960,15148,6,58.140561370379324
18161,"Union County, IN",2006,3702,2009,3199,3321,2,0.8970826580226904,FALSE,FALSE,FALSE,2019,3763,2020,3481,3682,2,0.9784746213127824,FALSE,FALSE,FALSE,11.7,41103,7467,8,46.32392627379941,9.6,53866,7054,1,43.76174848471689
18163,"Vanderburgh County, IN",2006,87418,2009,84013,85426,2,0.977212930975314,FALSE,FALSE,FALSE,2018,89484,2020,83268,86867,2,0.9707545482991373,FALSE,FALSE,TRUE,13.9,42512,177789,2,761.7286912708546,14.4,51603,181451,2,777.418359739848
18165,"Vermillion County, IN",2006,7655,2013,6564,6932.5,2,0.9056172436316133,FALSE,FALSE,TRUE,2018,7131,2020,6532,6756.5,2,0.9474828214836629,FALSE,FALSE,TRUE,10.7,43637,16561,3,64.46627792007598,12.2,50723,15498,3,60.32838446985916
18167,"Vigo County, IN",2007,47540,2013,45061,47601,2,1.001283129995793,FALSE,FALSE,FALSE,2018,49187,2020,45392,46989,2,0.9553133958159676,FALSE,FALSE,TRUE,16.9,37381,106885,3,264.80869903451423,20.8,48082,107038,3,265.1877581256148
18169,"Wabash County, IN",2006,16814,2010,14210,14371,2,0.8547044129891757,FALSE,FALSE,TRUE,2019,14390,2020,13379,14138,2,0.9824878387769285,FALSE,FALSE,FALSE,9.8,45522,33361,6,80.86750586005202,10.9,59874,30996,6,75.13471453608022
18171,"Warren County, IN",2007,4838,2010,3778,3851.5,2,0.7960934270359653,FALSE,FALSE,TRUE,2018,4312,2020,3968,4371.5,2,1.0137987012987013,FALSE,FALSE,FALSE,8.3,49596,8554,8,23.455537579862348,9.4,64109,8265,8,22.663083714935972
18173,"Warrick County, IN",2008,29828,2010,28499,28853.5,2,0.9673293549684859,FALSE,FALSE,FALSE,2019,32179,2020,30076,32264.5,2,1.0026570123372385,FALSE,FALSE,FALSE,6.4,60748,57754,2,150.15469412162338,6.3,79644,62998,2,163.78857603411072
18175,"Washington County, IN",2006,13463,2012,11969,12630.5,2,0.9381638564955804,FALSE,FALSE,FALSE,2019,13377,2020,12578,13406,2,1.0021679001270838,FALSE,FALSE,FALSE,14.7,37288,28236,1,54.967110450097245,12.1,51948,28036,1,54.57776981792486
18177,"Wayne County, IN",2006,32309,2010,27458,27873.5,2,0.8627162710080782,FALSE,FALSE,TRUE,2018,31080,2020,28824,29598,2,0.9523166023166023,FALSE,FALSE,TRUE,14.9,39239,69365,5,172.65497629152097,15.2,47885,65884,5,163.99049171758907
18179,"Wells County, IN",2006,14429,2012,12770,13306,2,0.9221706285951903,FALSE,FALSE,FALSE,2019,14634,2020,13571,14503,2,0.9910482438157715,FALSE,FALSE,FALSE,8.5,45662,27836,2,75.62342598353106,7.4,61636,28296,2,76.87313053707412
18181,"White County, IN",2008,11783,2009,11167,12045,2,1.022235423915811,FALSE,FALSE,FALSE,2018,11272,2020,10697,11217.5,2,0.9951650106458482,FALSE,FALSE,FALSE,9.4,44881,24762,6,49.02007364295047,10.3,58295,24102,6,47.71350516688443
18183,"Whitley County, IN",2006,17166,2012,15609,16162.5,2,0.9415414190842363,FALSE,FALSE,FALSE,2018,17260,2020,16214,17314.5,2,1.0031575898030127,FALSE,FALSE,FALSE,7,57903,32853,2,97.88690848633283,7.7,67347,33964,2,101.19718016101447
19001,"Adair County, IA",2006,4300,2010,3871,3901,2,0.9072093023255814,FALSE,FALSE,FALSE,2019,4159,2020,3981,4170,2,1.0026448665544603,FALSE,FALSE,FALSE,11.3,45478,7871,8,13.826455238366263,10.7,57977,7152,8,12.563436394968303
19003,"Adams County, IA",2008,2036,2009,2021,2113.5,2,1.038064833005894,FALSE,FALSE,FALSE,2019,1845,2020,1678,1722.5,2,0.9336043360433605,FALSE,FALSE,TRUE,10.8,37307,4195,9,9.9071163560705,12.5,53385,3602,9,8.506658668549688
19005,"Allamakee County, IA",2006,7826,2009,6778,7181.5,2,0.9176463071811909,FALSE,FALSE,TRUE,2018,7557,2020,7004,7175,2,0.9494508402805346,FALSE,FALSE,TRUE,10.2,40272,14335,6,22.430997494801048,13,56240,13687,6,21.41702565129696
19007,"Appanoose County, IA",2006,6023,2013,5565,5477.5,2,0.9094305163539764,FALSE,FALSE,TRUE,2019,4959,2020,4743,4927,2,0.9935470861060698,FALSE,FALSE,FALSE,18.5,34349,13105,7,26.35235542400045,19.3,41672,12426,7,24.986979664145718
19009,"Audubon County, IA",2007,3164,2012,3078,3120.5,2,0.986251580278129,FALSE,FALSE,FALSE,2019,3106,2020,2930,3081,2,0.9919510624597553,FALSE,FALSE,FALSE,10.2,39422,6222,8,14.046415026187466,10.9,53197,5496,8,12.407440852447174
19011,"Benton County, IA",2006,14015,2013,13062,13564,2,0.9678201926507314,FALSE,FALSE,TRUE,2019,13959,2020,12832,13448.5,2,0.9634286123647826,FALSE,FALSE,TRUE,7.2,54417,26066,3,36.399842480540485,7.8,70023,25645,2,35.81193740556513
19013,"Black Hawk County, IA",2008,71180,2010,66478,67987.5,2,0.9551489182354594,FALSE,FALSE,TRUE,2019,69859,2020,64835,66605.5,2,0.9534276184886701,FALSE,FALSE,TRUE,16.9,41965,127756,3,225.8078770107446,13.7,60010,131228,3,231.94461382922125
19015,"Boone County, IA",2008,15198,2010,13972,14165.5,2,0.9320634293986051,FALSE,FALSE,TRUE,2018,14522,2020,13564,14052,2,0.9676353119405041,FALSE,FALSE,TRUE,10.7,49733,26553,6,46.54656497113738,8.7,63975,26234,6,45.98736811105404
19017,"Bremer County, IA",2006,13531,2009,13125,13349.5,2,0.9865863572537137,FALSE,FALSE,FALSE,2019,13306,2020,12454,12975.5,2,0.9751615812415452,FALSE,FALSE,TRUE,6.8,51838,24237,3,55.655955855506235,6.7,67229,25062,3,57.55042148989963
19019,"Buchanan County, IA",2006,10812,2009,10478,10564.5,2,0.977108768035516,FALSE,FALSE,FALSE,2019,10960,2020,10363,10644,2,0.9711678832116788,FALSE,FALSE,TRUE,10.3,47329,21069,6,36.89299647687556,9.5,67906,21175,6,37.078608400865726
19021,"Buena Vista County, IA",2008,10316,2009,10200,10844,2,1.0511826289259403,FALSE,FALSE,FALSE,2019,11081,2021,10693,11020,2,0.9944950816713293,FALSE,FALSE,FALSE,10.6,39858,19798,7,34.43735334380474,10.2,57048,19620,7,34.12773374105713
19023,"Butler County, IA",2008,8161,2010,7690,7895.5,2,0.9674672221541478,FALSE,FALSE,TRUE,2019,7156,2020,6768,7315.5,2,1.0222889882615986,FALSE,FALSE,FALSE,9.7,45525,14961,8,25.7886916561232,10.5,57080,14439,8,24.888905743116293
19025,"Calhoun County, IA",2008,5134,2013,4146,4456,2,0.8679392286716011,FALSE,FALSE,TRUE,2018,4486,2020,4167,4281,2,0.9543022737405261,FALSE,FALSE,TRUE,11,42152,9947,9,17.455593265548938,11.5,57007,9668,9,16.965987301832424
19027,"Carroll County, IA",2006,12129,2013,10923,11274.5,2,0.929549014758018,FALSE,FALSE,TRUE,2019,11321,2020,10529,10797.5,2,0.9537585018991255,FALSE,FALSE,TRUE,8.6,47285,20869,7,36.64744939441886,8.2,61379,20165,7,35.411175285756684
19029,"Cass County, IA",2006,7344,2012,6854,7141.5,2,0.9724264705882353,FALSE,FALSE,TRUE,2018,6900,2020,6385,6606.5,2,0.957463768115942,FALSE,FALSE,TRUE,13,39215,13988,6,24.790078297516384,14.3,53692,12836,6,22.74845903824137
19031,"Cedar County, IA",2008,10984,2012,10230,10580,2,0.9632192279679533,FALSE,FALSE,TRUE,2019,10081,2020,9346,9605,2,0.9527824620573356,FALSE,FALSE,TRUE,7.4,52237,18321,6,31.61725876761548,7.8,71029,18627,6,32.145334810565664
19033,"Cerro Gordo County, IA",2006,25175,2013,22137,22299.5,2,0.8857795431976166,FALSE,FALSE,TRUE,2019,23125,2022,21414,21729.5,2,0.939654054054054,FALSE,FALSE,TRUE,11.4,45039,44461,5,78.23481177261385,8.5,54589,42450,5,74.69620025972107
19035,"Cherokee County, IA",2007,6416,2009,6305,6614,2,1.030860349127182,FALSE,FALSE,FALSE,2019,6401,2021,6248,6305.5,2,0.9850804561787221,FALSE,FALSE,FALSE,8.3,42913,12152,6,21.064053651628424,10.2,59901,11235,6,19.474542690589644
19037,"Chickasaw County, IA",2008,6596,2012,5998,6182.5,2,0.937310491206792,FALSE,FALSE,FALSE,2019,6918,2020,6472,6875.5,2,0.9938566059554784,FALSE,FALSE,FALSE,8,42630,12540,6,24.86496775882171,8.5,60111,11933,6,23.661376416747963
19039,"Clarke County, IA",2008,4712,2013,4345,4610,2,0.9783531409168081,FALSE,FALSE,FALSE,2019,4758,2020,4464,4784,2,1.005464480874317,FALSE,FALSE,FALSE,11.4,42879,9149,6,21.22191268605997,11.7,57708,9395,6,21.79253138982768
19041,"Clay County, IA",2007,9499,2013,8441,8632,2,0.9087272344457311,FALSE,FALSE,TRUE,2019,8623,2020,8225,8562.5,2,0.9929838803200742,FALSE,FALSE,FALSE,10.2,43438,16725,7,29.48497808679954,10.3,57174,16016,7,28.235061825900235
19043,"Clayton County, IA",2008,9489,2009,9129,9690.5,2,1.0212351143429235,FALSE,FALSE,FALSE,2018,9357,2020,8576,8631.5,2,0.9224644651063375,FALSE,FALSE,TRUE,10.9,41407,18259,8,23.455162987626913,11,53223,17549,8,22.543110535618858
19045,"Clinton County, IA",2008,27103,2013,23556,23040.5,2,0.8501088440394052,FALSE,FALSE,TRUE,2019,22282,2020,20535,21160.5,2,0.9496678933668432,FALSE,FALSE,TRUE,11.5,42889,49342,4,70.99987193489113,13.1,56865,46429,4,66.8082577533351
19047,"Crawford County, IA",2008,9141,2012,8408,8398.5,2,0.9187725631768953,FALSE,FALSE,TRUE,2019,8472,2021,7870,7954.5,2,0.9389164305949008,FALSE,FALSE,TRUE,11.3,41713,16931,6,23.70631113500738,12.5,58077,16820,7,23.550892049543684
19049,"Dallas County, IA",2008,33064,2009,33225,37285,2,1.1276615049600773,FALSE,FALSE,FALSE,2019,54914,2020,52909,60893.5,2,1.1088884437484066,FALSE,FALSE,FALSE,5.3,65917,59164,2,100.57970521734696,4.3,97535,93453,2,158.8715298437686
19051,"Davis County, IA",2006,3958,2009,3680,3911.5,2,0.9882516422435573,FALSE,FALSE,FALSE,2019,4377,2020,4154,4414,2,1.0084532785012565,FALSE,FALSE,FALSE,12.9,40792,8676,9,17.276398480250425,11.5,57150,9000,9,17.92157518698177
19053,"Decatur County, IA",2008,4137,2009,3917,4109.5,2,0.9933526710176457,FALSE,FALSE,FALSE,2019,3751,2020,3498,3648.5,2,0.9726739536123701,FALSE,FALSE,TRUE,19.3,31964,8569,9,16.110685996732364,18.3,44873,7870,9,14.796487197372354
19055,"Delaware County, IA",2008,10483,2010,9717,9908.5,2,0.9451969855957264,FALSE,FALSE,TRUE,2019,10001,2020,9552,9749,2,0.9748025197480252,FALSE,FALSE,FALSE,9.9,43529,17981,6,31.126013529888315,8.6,70091,17011,6,29.446894842162845
19057,"Des Moines County, IA",2007,20232,2010,18675,19133.5,2,0.945704824041123,FALSE,FALSE,TRUE,2018,19627,2020,17781,17896.5,2,0.9118306414632904,FALSE,FALSE,TRUE,13.1,41553,40206,5,96.6190772572928,14.9,53547,38967,5,93.64163516601822
19059,"Dickinson County, IA",2006,9595,2010,8650,8784.5,2,0.915528921313184,FALSE,FALSE,FALSE,2019,9356,2020,8759,9787.5,2,1.0461201368106028,FALSE,FALSE,FALSE,7.3,47733,16634,7,43.71248672910557,7,66211,17258,7,45.352296258921726
19061,"Dubuque County, IA",2008,50244,2009,49359,52136,2,1.0376562375607037,FALSE,FALSE,FALSE,2019,53235,2020,49805,52076.5,2,0.9782380013149244,FALSE,FALSE,TRUE,8.8,46820,92130,3,151.455123220653,10.7,62481,97311,3,159.9723162457936
19063,"Emmet County, IA",2006,5812,2009,5380,5486.5,2,0.9439951823812801,FALSE,FALSE,TRUE,2018,4934,2022,4348,4283.5,2,0.8681597081475476,FALSE,FALSE,TRUE,11,39717,10417,7,26.312864684634622,11.4,55635,9208,7,23.258986081992475
19065,"Fayette County, IA",2006,10588,2009,10020,10329,2,0.9755383452965621,FALSE,FALSE,TRUE,2019,9980,2020,9342,9729.5,2,0.9748997995991984,FALSE,FALSE,TRUE,11.9,39567,21005,6,28.741805404088847,13.2,53142,19650,6,26.887716076664884
19067,"Floyd County, IA",2006,8409,2012,7656,8219.5,2,0.9774646212391486,FALSE,FALSE,TRUE,2018,8112,2020,7208,7519,2,0.9268984220907298,FALSE,FALSE,TRUE,12.1,43541,16497,7,32.95636383250328,11.7,55369,15642,7,31.248314424926733
19069,"Franklin County, IA",2007,5783,2009,5439,5634.5,2,0.974321286529483,FALSE,FALSE,TRUE,2018,4874,2020,4580,4672,2,0.9585556011489537,FALSE,FALSE,TRUE,10.1,44186,10759,7,18.487143711381304,11.2,55847,10070,7,17.30323795646526
19071,"Fremont County, IA",2006,3824,2009,3531,3789.5,2,0.9909780334728033,FALSE,FALSE,FALSE,2018,3376,2020,3266,3283,2,0.972452606635071,FALSE,FALSE,TRUE,11.4,46741,7642,8,14.950075122073368,11.6,60498,6960,8,13.615875798172029
19073,"Greene County, IA",2008,4913,2009,4815,4904,2,0.9981681253816406,FALSE,FALSE,FALSE,2019,4657,2020,4415,4497,2,0.9656431178870517,FALSE,FALSE,TRUE,10.3,41823,9548,6,16.763876549886053,11.2,55562,8888,6,15.605083239986095
19075,"Grundy County, IA",2006,6718,2013,6330,6626,2,0.9863054480500149,FALSE,FALSE,FALSE,2019,6801,2020,6339,6563,2,0.9650051463020144,FALSE,FALSE,TRUE,6,51745,12317,3,24.542945671558517,5.5,73683,12232,3,24.373574040310448
19077,"Guthrie County, IA",2006,5843,2013,5263,5526.5,2,0.9458326202293342,FALSE,FALSE,TRUE,2019,5658,2020,5248,5576,2,0.9855072463768116,FALSE,FALSE,FALSE,9,47685,11116,2,18.82109127111785,8.8,64965,10689,2,18.098114843197077
19079,"Hamilton County, IA",2006,8514,2012,6595,6865,2,0.8063190039934226,FALSE,FALSE,TRUE,2018,7689,2020,7281,7552,2,0.9821823384055144,FALSE,FALSE,TRUE,8.4,47603,15987,6,27.720028921628973,9.1,63234,14773,6,25.615061441122464
19081,"Hancock County, IA",2006,5924,2009,5081,5683.5,2,0.9594024307900068,FALSE,FALSE,FALSE,2018,5932,2020,5523,5559,2,0.9371207012811867,FALSE,FALSE,TRUE,8.4,46563,11580,7,20.280032574145586,9,62030,10630,7,18.616299331879755
19083,"Hardin County, IA",2008,8929,2013,8276,8858.5,2,0.9921043789898085,FALSE,FALSE,FALSE,2018,8951,2020,8182,8349.5,2,0.9328008043793989,FALSE,FALSE,TRUE,9.6,44474,17789,6,31.24676141343774,10.6,57103,16846,6,29.59036161508641
19085,"Harrison County, IA",2006,7737,2013,7190,7473.5,2,0.9659428719141786,FALSE,FALSE,TRUE,2019,7721,2020,7181,7412.5,2,0.960044035746665,FALSE,FALSE,TRUE,10.2,47193,15177,2,21.77868596044622,8.7,63901,14049,2,20.160028929189494
19087,"Henry County, IA",2006,10066,2009,8934,9148,2,0.9088019074110868,FALSE,FALSE,TRUE,2019,9815,2020,9088,9053.5,2,0.922414671421294,FALSE,FALSE,TRUE,11.8,43867,20359,7,46.87902958405482,11.7,57747,19954,6,45.9464687027963
19089,"Howard County, IA",2006,5144,2009,4644,5021.5,2,0.9761858475894246,FALSE,FALSE,FALSE,2018,5068,2020,4809,5027.5,2,0.992008681925809,FALSE,FALSE,FALSE,12,43408,9636,7,20.36146029451851,9.6,58028,9158,6,19.35141691336659
19091,"Humboldt County, IA",2007,5064,2009,4843,4947.5,2,0.9769944707740916,FALSE,FALSE,FALSE,2018,4886,2020,4524,4608,2,0.9431027425296766,FALSE,FALSE,TRUE,9.5,44788,9935,7,22.872100411628743,10.8,56695,9558,7,22.004180748298694
19093,"Ida County, IA",2008,4065,2011,3625,3715,2,0.9138991389913899,FALSE,FALSE,TRUE,2019,3723,2020,3482,3488,2,0.9368788611334945,FALSE,FALSE,TRUE,9.4,44366,7228,8,16.750364415440554,10.5,58249,6860,8,15.89755117458802
19095,"Iowa County, IA",2006,8536,2009,7975,9188,2,1.076382380506092,FALSE,FALSE,FALSE,2019,9133,2022,8402,8365,2,0.9159093397569255,FALSE,FALSE,TRUE,6.2,52444,16308,8,27.80776018620354,6.7,66861,16184,6,27.596320263276805
19097,"Jackson County, IA",2008,10790,2012,10278,10603,2,0.9826691380908248,FALSE,FALSE,TRUE,2019,10297,2020,9470,9793,2,0.9510537049626104,FALSE,FALSE,TRUE,10.8,41948,20015,6,31.467800335509796,12.3,57687,19439,6,30.562206880938042
19099,"Jasper County, IA",2006,17421,2009,16285,17481.5,2,1.0034728201595775,FALSE,FALSE,FALSE,2019,18811,2020,17499,18494.5,2,0.9831747381851045,FALSE,FALSE,TRUE,8.8,47834,37167,6,50.883865350178255,8.4,67317,37185,6,50.908508436149766
19101,"Jefferson County, IA",2008,8112,2009,7550,8334,2,1.0273668639053255,FALSE,FALSE,FALSE,2019,7798,2020,7252,7897,2,1.0126955629648628,FALSE,FALSE,FALSE,12.2,39900,16600,7,38.115006291272124,14.2,51741,18295,7,42.006869885471296
19103,"Johnson County, IA",2008,77413,2010,75777,78939.5,2,1.0197189102605506,FALSE,FALSE,FALSE,2019,86296,2020,80399,84670,2,0.9811578752201724,FALSE,FALSE,FALSE,15.5,51587,124541,3,203.16738907368227,16,67295,151140,3,246.55911856012347
19105,"Jones County, IA",2008,10144,2009,9993,10245.5,2,1.0100059148264984,FALSE,FALSE,FALSE,2019,10485,2020,9690,10191.5,2,0.9720076299475441,FALSE,FALSE,TRUE,10,44657,20803,3,36.140287482323345,9.5,63399,20681,2,35.928341365280446
19107,"Keokuk County, IA",2006,5600,2012,5153,5244.5,2,0.9365178571428572,FALSE,FALSE,TRUE,2019,5139,2020,4877,5040.5,2,0.9808328468573653,FALSE,FALSE,FALSE,12.1,42501,10688,8,18.453835196615877,11.4,54937,10246,8,17.69068070963008
19109,"Kossuth County, IA",2006,8775,2010,7941,8148,2,0.9285470085470086,FALSE,FALSE,TRUE,2018,8006,2020,7406,7609,2,0.9504121908568574,FALSE,FALSE,TRUE,9,45953,15878,7,16.323047901021347,10.3,59568,14813,7,15.22819678535264
19111,"Lee County, IA",2006,16448,2009,15632,16197,2,0.9847397859922179,FALSE,FALSE,FALSE,2019,15811,2022,14298,14059,2,0.88919106950857,FALSE,FALSE,TRUE,13.7,40048,36130,5,69.80968022413295,15,51089,33657,5,65.0313979325669
19113,"Linn County, IA",2008,117079,2010,112730,113628.5,2,0.9705284466044295,FALSE,FALSE,FALSE,2019,125618,2020,116274,120160,2,0.9565508127816077,FALSE,FALSE,TRUE,9.9,53076,205840,3,287.07987163412656,11.1,64783,226706,2,316.1811571059381
19115,"Louisa County, IA",2007,6227,2009,5482,5534,2,0.8887104544724587,FALSE,FALSE,TRUE,2019,5570,2020,5272,5379,2,0.9657091561938959,FALSE,FALSE,TRUE,10.6,47339,11892,8,29.59850862543152,9.2,60544,11035,8,27.465484584732327
19117,"Lucas County, IA",2006,4754,2010,3966,4031,2,0.8479175431215819,FALSE,FALSE,TRUE,2019,4266,2020,4116,4088,2,0.9582747304266291,FALSE,FALSE,TRUE,13.9,38997,9280,6,21.547270485579816,14.9,53085,8600,6,19.968375665515776
19119,"Lyon County, IA",2008,6694,2010,6146,6670,2,0.9964146997311025,FALSE,FALSE,FALSE,2019,6195,2020,5860,6179.5,2,0.997497982243745,FALSE,FALSE,FALSE,7,48878,11536,8,19.63210229931808,7.4,66139,11755,8,20.004799109612
19121,"Madison County, IA",2006,8089,2013,7702,8322,2,1.0288045493880578,FALSE,FALSE,FALSE,2019,9041,2020,8545,9190.5,2,1.0165357814401061,FALSE,FALSE,FALSE,7.4,55396,15418,2,27.4827720202636,6.9,72578,16338,2,29.12268317985904
19123,"Mahaska County, IA",2006,11426,2009,10858,11142,2,0.9751444074916856,FALSE,FALSE,FALSE,2019,11878,2020,11363,12015.5,2,1.0115760228994781,FALSE,FALSE,FALSE,13.5,44234,22388,7,39.21864024062321,10.8,59242,22095,7,38.70537145419733
19125,"Marion County, IA",2006,17316,2011,16300,16700.5,2,0.9644548394548395,FALSE,FALSE,FALSE,2019,17535,2020,16546,18100,2,1.0322212717422299,FALSE,FALSE,FALSE,10,54247,33279,6,60.017313206730506,8.2,66381,33253,6,59.97042327183538
19127,"Marshall County, IA",2006,20092,2012,18622,18651,2,0.9282799124029465,FALSE,FALSE,FALSE,2018,19437,2020,18202,18234,2,0.9381077326747955,FALSE,FALSE,TRUE,14.1,45565,39875,4,69.65029004214824,13,55631,39369,4,68.76645187885478
19129,"Mills County, IA",2006,8125,2012,6965,7115,2,0.8756923076923077,FALSE,FALSE,TRUE,2019,7308,2020,6632,6905.5,2,0.9449233716475096,FALSE,FALSE,TRUE,12.6,51367,15239,2,34.837494370540725,8.8,72679,15109,2,34.54030464233217
19131,"Mitchell County, IA",2008,5564,2013,5286,5514,2,0.9910136592379583,FALSE,FALSE,FALSE,2019,6462,2021,5440,5427.5,2,0.8399102445063448,FALSE,FALSE,TRUE,9,43506,10812,7,23.040728301822462,9.3,61247,10586,7,22.559114854152106
19133,"Monona County, IA",2006,4423,2009,4221,4365,2,0.9868867284648428,FALSE,FALSE,FALSE,2018,4485,2020,4259,4363,2,0.9727982162764771,FALSE,FALSE,TRUE,13.4,38362,9423,6,13.576401295542825,12.3,53104,8615,6,12.412256941642942
19135,"Monroe County, IA",2006,4055,2012,3769,3873,2,0.9551171393341553,FALSE,FALSE,TRUE,2019,3648,2020,3449,3681,2,1.009046052631579,FALSE,FALSE,FALSE,10.4,41456,7877,7,18.1619891724386,10.7,56397,7707,7,17.770020382377083
19137,"Montgomery County, IA",2006,5529,2011,4759,4922.5,2,0.8903056610598662,FALSE,FALSE,TRUE,2019,5207,2020,4885,5135,2,0.9861724601497983,FALSE,FALSE,TRUE,11.1,41225,10981,6,25.892661348700887,13.2,52715,9917,6,23.383801347333275
19139,"Muscatine County, IA",2006,23340,2010,20036,20373,2,0.872879177377892,FALSE,FALSE,TRUE,2019,21958,2021,20331,20111.5,2,0.915907641861736,FALSE,FALSE,TRUE,10.7,51826,42325,4,96.7561265544989,10.1,61767,42664,4,97.53108997805414
19141,"O'Brien County, IA",2008,7589,2009,7463,7786.5,2,1.0260245091579918,FALSE,FALSE,FALSE,2019,7633,2020,7287,7462,2,0.9775972749901742,FALSE,FALSE,FALSE,8.4,44359,14421,7,25.166002076661986,10.1,60298,13753,7,24.000279215056672
19143,"Osceola County, IA",2006,3308,2009,3116,3322.5,2,1.0043833131801694,FALSE,FALSE,FALSE,2019,3454,2020,3340,3476,2,1.0063694267515924,FALSE,FALSE,FALSE,8.3,39750,6600,7,16.554339619802,9.3,60702,5958,7,14.944053856784896
19145,"Page County, IA",2006,8059,2013,6226,6836,2,0.848244199032138,FALSE,FALSE,TRUE,2019,7466,2020,6959,7505.5,2,1.0052906509509778,FALSE,FALSE,FALSE,12.2,42029,16256,7,30.388227552790575,14.9,52179,15107,6,28.24033917568942
19147,"Palo Alto County, IA",2007,5280,2010,4544,4594,2,0.8700757575757576,FALSE,FALSE,FALSE,2018,5291,2020,4780,4805,2,0.9081459081459081,FALSE,FALSE,TRUE,9.9,42736,9577,7,16.984592029283657,11.1,55074,8886,7,15.759119220237503
19149,"Plymouth County, IA",2007,14062,2011,13672,14069.5,2,1.0005333522969706,FALSE,FALSE,FALSE,2019,13945,2020,13289,13829.5,2,0.9917174614557189,FALSE,FALSE,TRUE,6.4,50250,24886,6,28.842364874575235,7.2,69165,25177,3,29.179627921207935
19151,"Pocahontas County, IA",2008,4133,2010,3842,4029.5,2,0.9749576578756352,FALSE,FALSE,FALSE,2019,3905,2020,3572,3560.5,2,0.9117797695262484,FALSE,FALSE,TRUE,11.2,40968,7667,9,13.282147318017952,10.1,56146,6619,9,11.466614464322527
19153,"Polk County, IA",2008,232764,2009,228748,231437,2,0.9942989465724941,FALSE,FALSE,FALSE,2019,267181,2020,249655,269177.5,2,1.0074724624879763,FALSE,FALSE,FALSE,9.4,54377,413024,2,721.1621734879172,10.1,67331,490161,2,855.8475345718675
19155,"Pottawattamie County, IA",2006,47220,2009,45851,46608,2,0.9870393900889454,FALSE,FALSE,FALSE,2019,46990,2020,43813,44822.5,2,0.9538731645030858,FALSE,FALSE,TRUE,10.9,48467,91239,2,95.91242901624558,11,60322,93206,2,97.98018236596396
19157,"Poweshiek County, IA",2007,10379,2009,9587,9786,2,0.94286540129106855,FALSE,FALSE,TRUE,2018,10003,2020,9022,9583.5,2,0.9580625812256323,FALSE,FALSE,TRUE,10.6,48674,19140,7,32.72175227205897,11.6,57741,18504,7,31.63444639718805
19159,"Ringgold County, IA",2006,2380,2009,2314,2465,2,1.0357142857142858,FALSE,FALSE,FALSE,2018,2372,2020,2171,2207.5,2,0.9306492411467117,FALSE,FALSE,TRUE,14,35695,5201,9,9.712527124486922,15.1,50890,4894,9,9.139224715869831
19161,"Sac County, IA",2006,5702,2012,5297,5409,2,0.9486145212206244,FALSE,FALSE,TRUE,2019,5044,2020,4792,4949.5,2,0.981264869151467,FALSE,FALSE,TRUE,10.6,38737,10532,9,18.315820959893706,9.5,59392,9721,9,16.905440139681613
19163,"Scott County, IA",2008,87212,2010,81282,83055,2,0.9523345411181947,FALSE,FALSE,FALSE,2019,89855,2020,82751,87541.5,2,0.9742529631072283,FALSE,FALSE,TRUE,11.4,48373,160077,2,349.43604139698454,11.8,65724,172943,2,377.5215509243595
19165,"Shelby County, IA",2008,7404,2010,6300,6731,2,0.9091031874662344,FALSE,FALSE,TRUE,2019,6342,2020,5855,6021,2,0.9493850520340587,FALSE,FALSE,TRUE,9.5,45568,12496,6,21.151840968488905,8.7,60498,11454,6,19.3880590951562
19167,"Sioux County, IA",2008,19302,2012,18802,19941.5,2,1.033131281732463,FALSE,FALSE,FALSE,2019,20655,2020,20247,21934.5,2,1.0619462599854756,FALSE,FALSE,FALSE,7,53006,33150,6,43.169065165103774,7,71566,34855,7,45.389374549915296
19169,"Story County, IA",2008,47592,2009,46968,51512,2,1.0823667843335014,FALSE,FALSE,FALSE,2019,52924,2020,49915,53133,2,1.0039490590280402,FALSE,FALSE,FALSE,14.4,49104,86540,3,151.14995528727923,15.8,64151,97117,3,169.6236446456517
19171,"Tama County, IA",2007,8636,2009,8317,8626.5,2,0.9988999536822603,FALSE,FALSE,FALSE,2019,8585,2021,8009,8086,2,0.9418753640069889,FALSE,FALSE,TRUE,10.8,44734,18064,6,25.05370930540588,13.1,56281,16854,6,23.37551022106459
19173,"Taylor County, IA",2006,3274,2010,3006,3042,2,0.9291386682956628,FALSE,FALSE,TRUE,2018,3245,2020,2982,3125,2,0.963020030816641,FALSE,FALSE,TRUE,11.1,38920,6448,9,12.122533850220528,12.5,51510,6121,9,11.5077589480769
19175,"Union County, IA",2008,6447,2009,6468,6580,2,1.020629750271444,FALSE,FALSE,FALSE,2018,6046,2021,5646,5679,2,0.939298709890837,FALSE,FALSE,TRUE,13.3,40704,12319,6,29.078591745447252,12.1,52914,12241,6,28.894475327219727
19177,"Van Buren County, IA",2007,3802,2009,3507,3609.5,2,0.9493687532877433,FALSE,FALSE,TRUE,2018,3281,2020,3137,3230.5,2,0.9846083511124657,FALSE,FALSE,TRUE,13.3,38855,7690,9,15.86247297810195,12.8,50425,7044,9,14.529942738329016
19179,"Wapello County, IA",2007,18122,2012,16733,17154,2,0.9465842622227127,FALSE,FALSE,TRUE,2019,17346,2021,16118,16251.5,2,0.9369018793958261,FALSE,FALSE,TRUE,17.7,38375,35458,5,82.10854407736144,14.2,50533,34969,5,80.97618810539942
19181,"Warren County, IA",2008,24944,2009,24363,24745,2,0.9920221295702373,FALSE,FALSE,FALSE,2019,27803,2020,26179,28734,2,1.0334855950796678,FALSE,FALSE,FALSE,6.9,61688,44868,2,78.76304730206544,7.3,79557,51466,2,90.34543533137426
19183,"Washington County, IA",2006,12115,2009,11249,11743,2,0.9692942633099464,FALSE,FALSE,FALSE,2019,12279,2020,11358,11623,2,0.9465754540272009,FALSE,FALSE,TRUE,8.2,50265,21588,3,37.95171826984607,9.1,63230,21965,3,38.61448451904618
19185,"Wayne County, IA",2008,3131,2012,2654,2739,2,0.8748003832641329,FALSE,FALSE,FALSE,2019,3157,2020,3018,3256.5,2,1.0315172632245804,FALSE,FALSE,FALSE,15.6,34223,6376,9,12.133922267536239,19.1,49962,6441,9,12.257621286888474
19187,"Webster County, IA",2008,19315,2012,18151,19216,2,0.9948744499093969,FALSE,FALSE,FALSE,2019,17982,2020,16615,17023,2,0.9466688911133355,FALSE,FALSE,TRUE,13.3,42864,38393,5,53.64368509886769,12.1,53344,35904,5,50.16599040944301
19189,"Winnebago County, IA",2006,5622,2012,4868,4996,2,0.8886517253646389,FALSE,FALSE,FALSE,2019,5856,2020,5483,5551.5,2,0.9480020491803278,FALSE,FALSE,TRUE,9.3,46340,10986,7,27.43146503399594,10.2,50258,10354,7,25.853394225559256
19191,"Winneshiek County, IA",2006,12138,2013,11372,12004,2,0.9889602899983523,FALSE,FALSE,FALSE,2019,12279,2020,11050,11523,2,0.9384314683606156,FALSE,FALSE,TRUE,10.4,46946,21078,7,30.55473411379964,8.6,65482,19991,7,28.97901554554363
19193,"Woodbury County, IA",2008,54141,2011,51656,53164.5,2,0.9819637612899651,FALSE,FALSE,FALSE,2019,55357,2020,51583,54631.5,2,0.9868941597268638,FALSE,FALSE,TRUE,14.3,44494,100492,3,115.12482586699905,12.8,58419,103107,3,118.12060085050224
19195,"Worth County, IA",2006,4421,2013,3980,4294,2,0.9712734675412803,FALSE,FALSE,FALSE,2019,4515,2021,4183,4277.5,2,0.9473975636766334,FALSE,FALSE,TRUE,9,44391,7655,9,19.131617027763962,9.8,60139,7381,9,18.446827600512844
19197,"Wright County, IA",2006,6934,2011,6350,6618,2,0.9544274588981828,FALSE,FALSE,TRUE,2019,6407,2022,5919,6181,2,0.9647260808490713,FALSE,FALSE,TRUE,11.1,43560,13492,7,23.245556604618788,11,54251,12562,7,21.643246521436495
20001,"Allen County, KS",2006,7232,2012,6403,6395,2,0.8842643805309734,FALSE,FALSE,TRUE,2019,5994,2020,5814,5792.5,2,0.966383049716383,FALSE,FALSE,FALSE,15.9,36702,13545,7,27.073918092652963,17.3,46690,12369,7,24.72331435127534
20003,"Anderson County, KS",2008,4113,2013,4008,3613.5,2,0.8785557986870897,FALSE,FALSE,FALSE,2019,3331,2020,3369,3505,2,1.0522365655959172,FALSE,FALSE,FALSE,12.3,40330,8040,6,13.870654422306222,12.7,51352,7858,6,13.556666971453021
20005,"Atchison County, KS",2008,8410,2013,7137,7372.5,2,0.8766349583828775,FALSE,FALSE,TRUE,2018,7809,2020,7494,7719,2,0.9884748367268537,FALSE,FALSE,FALSE,14.3,39743,16864,6,39.111820286009824,13.8,51860,16073,6,37.27729408545042
20007,"Barber County, KS",2008,2653,2012,2637,2603.5,2,0.9813418771202412,FALSE,FALSE,FALSE,2018,2121,2022,2018,2007,2,0.9462517680339463,FALSE,FALSE,TRUE,11.6,40389,4927,9,4.344509842823446,13.6,50660,4427,9,3.903621894495514
20009,"Barton County, KS",2008,15042,2010,14113,14450.5,2,0.9606767717058902,FALSE,FALSE,FALSE,2019,12645,2022,12162,11928,2,0.9432977461447213,FALSE,FALSE,TRUE,12.4,40454,27492,7,30.708500464112543,13.4,50754,25779,7,28.7950834229724
20011,"Bourbon County, KS",2006,8807,2012,6230,6781.5,2,0.7700124900647213,FALSE,FALSE,TRUE,2018,6580,2022,5843,5744,2,0.8729483282674773,FALSE,FALSE,TRUE,16.3,37672,15038,6,23.664709557313508,15.6,47452,14534,6,22.87158456616535
20013,"Brown County, KS",2006,5466,2011,4907,5204.5,2,0.9521587998536407,FALSE,FALSE,FALSE,2018,4411,2020,4150,3959,2,0.8975289050102018,FALSE,FALSE,TRUE,12.1,38398,10036,6,17.580153835104603,15.4,47558,9564,6,16.75334707841176
20015,"Butler County, KS",2008,31163,2012,30148,30676.5,2,0.984388537688926,FALSE,FALSE,FALSE,2019,32142,2020,30754,32832,2,1.0214672391263766,FALSE,FALSE,FALSE,7.9,56372,64213,2,44.91311561177185,8.5,66199,66911,2,46.80020367681414
20017,"Chase County, KS",2006,1626,2013,1185,1175.5,2,0.722939729397294,FALSE,FALSE,TRUE,2019,1223,2021,1125,1044.5,2,0.8540474243663123,FALSE,FALSE,TRUE,10.4,39898,2840,8,3.6737455258565714,11.4,51022,2648,9,3.4253796311507747
20019,"Chautauqua County, KS",2006,1796,2013,1526,1424,2,0.7928730512249443,FALSE,FALSE,TRUE,2019,1307,2022,1312,1294.5,2,0.9904361132364193,FALSE,FALSE,FALSE,13.6,33140,3757,9,5.880594351686778,16.4,43664,3250,8,5.087019335369185
20021,"Cherokee County, KS",2008,10582,2012,9792,9937.5,2,0.9390946890946891,FALSE,FALSE,FALSE,2018,9105,2020,8674,8973.5,2,0.98555738605162,FALSE,FALSE,TRUE,13,38226,21896,6,37.26553737701403,15.4,47682,19939,6,33.93485338693289
20023,"Cheyenne County, KS",2006,1428,2013,1269,1311.5,2,0.9184173669467787,FALSE,FALSE,FALSE,2018,1263,2022,1222,1245.5,2,0.9861441013460016,FALSE,FALSE,FALSE,10.3,32477,2810,9,2.755199090097952,11.6,47323,2657,9,2.605182911882654
20025,"Clark County, KS",2008,1206,2013,1156,1059.5,2,0.8785240464344942,FALSE,FALSE,FALSE,2019,949,2022,975,1022.5,2,1.077449947312961,TRUE,FALSE,FALSE,12.1,39336,2200,9,2.257248332201289,12.4,59085,1994,9,2.0458878065497137
20027,"Clay County, KS",2008,4971,2013,3998,3995,2,0.8036612351639509,FALSE,FALSE,FALSE,2018,3886,2020,3797,3802.5,2,0.9785126093669583,FALSE,FALSE,TRUE,9.5,42035,8527,7,13.214049942817118,10,52781,8002,6,12.400472339911174
20029,"Cloud County, KS",2006,5695,2013,4275,4534,2,0.7961369622475856,FALSE,FALSE,TRUE,2019,4417,2020,4437,4396,2,0.9952456418383518,FALSE,FALSE,FALSE,13.1,35841,9525,7,13.31530932057673,13.5,46299,8786,7,12.282237027883166
20031,"Coffey County, KS",2008,5097,2012,4224,4564,2,0.8954286835393369,FALSE,FALSE,FALSE,2018,3968,2022,3777,3689.5,2,0.9298135080645161,FALSE,FALSE,TRUE,9,46571,8542,6,13.626103671327277,11.2,62715,8179,6,13.047050096907727
20033,"Comanche County, KS",2008,1072,2011,943,976.5,2,0.9109141791044776,FALSE,FALSE,TRUE,2018,873,2020,847,853.5,2,0.9776632302405498,TRUE,FALSE,FALSE,9.9,35281,1841,9,2.3354112277336743,11.6,47854,1700,9,2.1565448599387542
20035,"Cowley County, KS",2007,17472,2010,15920,16230,2,0.9289148351648352,FALSE,FALSE,TRUE,2018,15587,2020,15054,15105,2,0.9690767947648682,FALSE,FALSE,TRUE,14.7,38145,36148,4,32.110491073411396,13.5,51537,34908,4,31.008991434952
20037,"Crawford County, KS",2007,19215,2010,17688,18153.5,2,0.9447567004944054,FALSE,FALSE,TRUE,2019,18767,2020,18535,19188,2,1.0224329940853627,FALSE,FALSE,FALSE,15.6,35112,38922,4,65.99510657526396,18.5,42723,38818,4,65.81876694513633
20039,"Decatur County, KS",2008,1722,2013,1312,1421.5,2,0.825493612078978,FALSE,FALSE,FALSE,2018,1491,2022,1408,1398,2,0.937625754527163,FALSE,FALSE,TRUE,11.4,34873,3043,9,3.4056430935281585,13.2,46878,2827,9,3.1639017500506426
20041,"Dickinson County, KS",2008,10245,2013,9314,8946.5,2,0.8732552464616886,FALSE,FALSE,FALSE,2018,8952,2020,8508,8554,2,0.9555406613047364,FALSE,FALSE,FALSE,8.6,45131,19454,7,22.9662789764222,9.8,58066,18466,7,21.799902723276055
20043,"Doniphan County, KS",2007,4329,2013,4118,3970.5,2,0.9171864171864171,FALSE,FALSE,TRUE,2019,3755,2022,3623,3653,2,0.9728362183754994,FALSE,FALSE,TRUE,12.4,41417,7988,3,20.301162716818094,11.4,52596,7600,3,19.315077196772346
20045,"Douglas County, KS",2006,60275,2008,58864,60576,2,1.004993778515139,FALSE,FALSE,FALSE,2019,66845,2020,63151,67698.5,2,1.0127683446779865,FALSE,FALSE,FALSE,15.4,44580,107892,3,236.72778016692848,15.1,62559,122259,3,268.2506735942286
20047,"Edwards County, KS",2008,1699,2013,1553,1628,2,0.9582107121836374,FALSE,FALSE,FALSE,2018,1430,2022,1329,1386,2,0.9692307692307692,FALSE,FALSE,TRUE,11.9,36876,3068,9,4.93331661022618,11.7,49047,2798,9,4.499159020669117
20049,"Elk County, KS",2006,1396,2013,1253,1091,2,0.7815186246418339,FALSE,FALSE,FALSE,2018,959,2019,935,954,2,0.9947862356621481,TRUE,FALSE,FALSE,17.3,31468,2939,8,4.561794543851589,19.4,41930,2530,8,3.9269616182186184
20051,"Ellis County, KS",2008,16772,2010,16962,17516.5,2,1.0443894586215121,FALSE,FALSE,FALSE,2019,16491,2020,16267,16636.5,2,1.0088229943605602,FALSE,FALSE,FALSE,12.6,43354,27710,5,30.791146906328688,13.1,51237,28553,5,31.727882266921796
20053,"Ellsworth County, KS",2008,3729,2010,3238,3363,2,0.9018503620273531,FALSE,FALSE,TRUE,2019,2822,2022,2713,2714,2,0.9617292700212615,FALSE,FALSE,TRUE,9.7,41775,6503,7,9.08779652726828,9.6,56988,6102,7,8.52740802850854
20055,"Finney County, KS",2008,18373,2009,18817,19665.5,2,1.0703477929570566,FALSE,FALSE,FALSE,2019,19693,2021,19309,20052.5,2,1.0182552175900066,FALSE,FALSE,FALSE,15.4,51658,35663,5,27.391000132872808,13,57412,36467,5,28.00851307645102
20057,"Ford County, KS",2008,17469,2010,17377,18068,2,1.0342893124964223,FALSE,FALSE,FALSE,2018,16717,2020,16544,17171.5,2,1.0271878925644553,FALSE,FALSE,FALSE,12.7,45075,32168,5,29.28967440640789,13.8,54604,33619,5,30.610841950666092
20059,"Franklin County, KS",2007,13105,2009,12369,12960.5,2,0.988973674170164,FALSE,FALSE,FALSE,2019,12804,2020,12644,13660,2,1.0668541080912215,FALSE,FALSE,FALSE,9.7,47634,25734,1,45.007450522236134,10.4,55984,25544,6,44.67515023470894
20061,"Geary County, KS",2008,12878,2013,11612,12465.5,2,0.967968628669048,FALSE,FALSE,FALSE,2018,13262,2020,12573,12596,2,0.9497813301161212,FALSE,FALSE,TRUE,11.6,40606,27951,5,72.66568222705199,11.7,58978,31670,4,82.33416178779781
20063,"Gove County, KS",2006,1483,2013,1444,1349,2,0.9096426163182738,FALSE,FALSE,FALSE,2019,1275,2022,1177,1130,2,0.8862745098039215,FALSE,FALSE,TRUE,9.9,37717,2757,9,2.572629905213005,9.6,52986,2636,9,2.459721592361799
20065,"Graham County, KS",2008,1463,2013,1300,1224,2,0.836637047163363,FALSE,FALSE,TRUE,2018,1151,2019,1125,1182.5,2,1.027367506516073,FALSE,FALSE,FALSE,11.7,36972,2707,9,3.0127085774829245,11.8,48912,2482,9,2.7622987400489913
20067,"Grant County, KS",2008,3871,2012,3851,3800.5,2,0.9817876517695686,FALSE,FALSE,FALSE,2018,3324,2022,2816,2963,2,0.891395908543923,FALSE,FALSE,TRUE,10.8,50506,7756,7,13.49320120805556,10.5,65178,7150,7,12.438936131717025
20069,"Gray County, KS",2008,3222,2009,3360,3478,2,1.079453755431409,FALSE,FALSE,FALSE,2018,3195,2022,2961,3051,2,0.9549295774647887,FALSE,FALSE,TRUE,8.1,50370,5735,9,6.6005499115514805,7.6,69077,5988,9,6.891733717588538
20071,"Greeley County, KS",2006,712,2007,674,751,2,1.0547752808988764,TRUE,FALSE,FALSE,2018,696,2022,634,618,2,0.8879310344827587,TRUE,FALSE,TRUE,10.3,39966,1275,9,1.6379669169223179,10.9,58492,1232,9,1.5827256797241536
20073,"Greenwood County, KS",2008,3421,2010,3184,3220.5,2,0.9413914060216311,FALSE,FALSE,TRUE,2019,2934,2021,2689,2741.5,2,0.9343899113837764,FALSE,FALSE,TRUE,13.6,33714,6957,6,6.084995766655237,14.9,44876,5982,6,5.232204208154611
20075,"Hamilton County, KS",2008,1239,2009,1287,1746.5,2,1.4096045197740112,FALSE,FALSE,FALSE,2018,1290,2019,1270,1300.5,2,1.008139534883721,FALSE,FALSE,FALSE,12.2,37501,2633,9,2.6422107466628666,13.1,55857,2539,9,2.5478819163604323
20077,"Harper County, KS",2006,3329,2011,2748,2936,2,0.8819465304896366,FALSE,FALSE,TRUE,2019,2518,2020,2416,2453.5,2,0.9743844320889595,FALSE,FALSE,FALSE,12.3,39367,5998,8,7.485579215099953,14.2,47540,5436,8,6.784196167603092
20079,"Harvey County, KS",2008,17302,2013,16341,16778.5,2,0.9697433822679459,FALSE,FALSE,TRUE,2019,17107,2020,16269,16877,2,0.9865552113170047,FALSE,FALSE,FALSE,8.4,46051,33823,2,62.66349980361497,9.3,62961,34429,2,63.78622933325429
20081,"Haskell County, KS",2008,2124,2009,2215,2367.5,2,1.1146421845574388,FALSE,FALSE,FALSE,2019,1687,2022,1609,1700,2,1.007705986959099,FALSE,FALSE,FALSE,11,46383,4184,9,7.2447581992689445,9.7,62477,3968,9,6.870745825692919
20083,"Hodgeman County, KS",2006,931,2007,866,979.5,2,1.052094522019334,TRUE,FALSE,FALSE,2019,878,2020,905,893.5,2,1.0176537585421412,TRUE,FALSE,FALSE,10.3,41458,1959,9,2.2779281667736444,10.4,58360,1794,9,2.08606591689225
20085,"Jackson County, KS",2007,6556,2008,6449,7035,2,1.0730628431970715,FALSE,FALSE,FALSE,2018,6482,2020,6323,6636.5,2,1.0238352360382599,FALSE,FALSE,FALSE,10.5,47899,13348,3,20.340770383058093,10.9,60615,13171,3,20.071043355952813
20087,"Jefferson County, KS",2006,9252,2009,8959,9717.5,2,1.0503134457414613,FALSE,FALSE,FALSE,2019,9374,2020,9137,9555,2,1.019308726264135,FALSE,FALSE,FALSE,7.7,52385,19049,3,35.7643074127061,7.8,68549,19043,3,35.75304247257926
20089,"Jewell County, KS",2008,1879,2013,1375,1285.5,2,0.684140500266099,FALSE,FALSE,FALSE,2019,1233,2022,1146,1158,2,0.9391727493917275,FALSE,FALSE,TRUE,12.5,35440,3200,9,3.5165955838153082,13,46017,2879,9,3.1638370893138354
20091,"Johnson County, KS",2007,286522,2009,279270,295540,2,1.0314740229371566,FALSE,FALSE,FALSE,2019,330545,2020,323231,345306.5,2,1.0446580647113102,FALSE,FALSE,FALSE,4.3,71961,523879,1,1106.1167180440016,5.3,91913,602401,1,1271.9078586208352
20093,"Kearny County, KS",2008,2096,2013,2031,1937,2,0.9241412213740458,FALSE,FALSE,FALSE,2018,1820,2022,1721,1714,2,0.9417582417582417,FALSE,FALSE,TRUE,11.3,46208,3928,9,4.512126339537507,10.4,67301,3838,9,4.408742589395354
20095,"Kingman County, KS",2008,4322,2013,3527,3540,2,0.8190652475705692,FALSE,FALSE,FALSE,2018,3496,2019,3397,3694.5,2,1.056779176201373,FALSE,FALSE,FALSE,10.8,44859,8011,6,9.278229920814807,11.3,56907,7152,2,8.283347945782987
20097,"Kiowa County, KS",2006,1590,2011,1295,1345.5,2,0.8462264150943396,FALSE,FALSE,TRUE,2018,1232,2022,1135,1168,2,0.948051948051948,FALSE,FALSE,TRUE,11.6,36699,2837,9,3.925882873906786,12.1,49588,2475,9,3.4249418797741615
20099,"Labette County, KS",2008,10815,2012,9906,10190,2,0.9422098936662043,FALSE,FALSE,TRUE,2018,9795,2021,9016,9125.5,2,0.9316488004083716,FALSE,FALSE,TRUE,14.6,36569,21928,7,33.9761974486863,15.8,44170,19618,7,30.396982923582993
20101,"Lane County, KS",2008,1052,2013,855,797,2,0.7576045627376425,FALSE,FALSE,FALSE,2018,747,2022,677,630.5,2,0.8440428380187416,TRUE,FALSE,TRUE,9.9,43873,1763,9,2.4574545343033054,10.3,60315,1535,9,2.139644191806905
20103,"Leavenworth County, KS",2007,31062,2009,30008,32258,2,1.0385036378855192,FALSE,FALSE,FALSE,2019,34449,2020,33571,35767.5,2,1.0382739702168422,FALSE,FALSE,FALSE,8.2,58850,73791,1,159.23549010806892,8.3,75840,81758,1,176.42768359631253
20105,"Lincoln County, KS",2008,1853,2013,1702,1594,2,0.8602266594711279,FALSE,FALSE,FALSE,2018,1419,2019,1396,1401.5,2,0.9876673713883016,FALSE,FALSE,FALSE,11.2,36490,3365,9,4.6775090353072,12.1,47557,2962,9,4.117319988879622
20107,"Linn County, KS",2006,4517,2012,3968,4043.5,2,0.8951737879123312,FALSE,FALSE,FALSE,2018,4352,2020,4204,4477.5,2,1.0288373161764706,FALSE,FALSE,FALSE,11.8,41251,9858,1,16.593696819120623,12,62876,9703,1,16.33278963643005
20109,"Logan County, KS",2007,1723,2008,1606,1702,2,0.987811955890888,FALSE,FALSE,FALSE,2018,1463,2020,1401,1428,2,0.9760765550239234,FALSE,FALSE,TRUE,9.7,38708,2798,9,2.6076591366392887,10,53538,2794,9,2.6039312465225777
20111,"Lyon County, KS",2007,18873,2013,15307,16509,2,0.8747416944841837,FALSE,FALSE,TRUE,2019,17065,2020,16704,17454.5,2,1.0228244945795488,FALSE,FALSE,FALSE,20.2,38407,36018,5,42.500218294752194,15.1,49840,33195,4,39.16915837343271
20113,"McPherson County, KS",2006,16674,2010,15641,16023,2,0.9609571788413098,FALSE,FALSE,FALSE,2019,16209,2020,15939,16521.5,2,1.0192794126719724,FALSE,FALSE,FALSE,8,51464,29250,6,32.562048792977734,7.2,65834,28542,7,31.773880227322064
20115,"Marion County, KS",2006,6524,2013,5943,5871.5,2,0.8999846719803801,FALSE,FALSE,FALSE,2019,5770,2020,5610,5701.5,2,0.9881282495667244,FALSE,FALSE,FALSE,10.2,41268,12707,6,13.456542895841254,10.7,51771,11884,6,12.584996913054022
20117,"Marshall County, KS",2007,5863,2010,5613,5845,2,0.9969298993689237,FALSE,FALSE,TRUE,2019,5120,2022,4988,4869.5,2,0.95107421875,FALSE,FALSE,TRUE,9.1,40964,10150,7,11.275547725005499,9.4,55858,9707,6,10.78342283415058
20119,"Meade County, KS",2008,2322,2013,2286,2239.5,2,0.9644702842377261,FALSE,FALSE,FALSE,2018,2040,2022,1887,1879.5,2,0.9213235294117647,FALSE,FALSE,TRUE,10.7,44142,4490,9,4.590612453135368,9.7,64640,4033,9,4.123371942871924
20121,"Miami County, KS",2007,15686,2009,14775,15783.5,2,1.006215733775341,FALSE,FALSE,FALSE,2019,17053,2020,16610,17813.5,2,1.0445962587228055,FALSE,FALSE,FALSE,7.3,59153,31962,1,55.50114607209835,6.8,74428,34237,1,59.45162186566646
20123,"Mitchell County, KS",2008,3437,2009,3625,3773,2,1.0977596741344195,FALSE,FALSE,FALSE,2018,2620,2022,2554,2535,2,0.9675572519083969,FALSE,FALSE,TRUE,11,40231,6389,7,9.103837034334958,11.1,51979,5979,7,8.519618348456522
20125,"Montgomery County, KS",2006,16927,2010,16173,16881,2,0.9972824481597448,FALSE,FALSE,FALSE,2019,13936,2020,13499,13867.5,2,0.9950846727898967,FALSE,FALSE,FALSE,14.5,37300,35504,5,55.16521285158034,15.7,44240,31829,5,49.45509125318135
20127,"Morris County, KS",2007,2822,2008,2752,3088.5,2,1.0944365698086465,FALSE,FALSE,FALSE,2018,2834,2022,2811,2793.5,2,0.9857092448835568,FALSE,FALSE,FALSE,10,37227,5931,9,8.529603375600244,10.5,54775,5620,8,8.082342095915253
20129,"Morton County, KS",2008,1720,2013,1537,1357.5,2,0.7892441860465116,FALSE,FALSE,TRUE,2018,1172,2022,1132,1082,2,0.9232081911262798,FALSE,FALSE,TRUE,10.9,46371,3256,9,4.461918158883205,11.7,56175,2587,9,3.545141976975077
20131,"Nemaha County, KS",2008,5563,2010,5575,5726,2,1.0293007370124034,FALSE,FALSE,FALSE,2018,5046,2019,4946,5117,2,1.0140705509314307,FALSE,FALSE,FALSE,8.2,43405,10325,8,14.39170814591589,8.8,63373,10231,6,14.260684362311427
20133,"Neosho County, KS",2007,8902,2013,6184,6435,2,0.72287126488429565,FALSE,FALSE,TRUE,2019,7343,2021,7301,7490,2,1.0200190657769304,FALSE,FALSE,FALSE,14.3,36848,16578,7,29.008838439073216,15.7,49533,16007,7,28.00968011184974
20135,"Ness County, KS",2008,1758,2010,1555,1569.5,2,0.8927758816837316,FALSE,FALSE,FALSE,2019,1473,2021,1436,1425.5,2,0.9677528852681602,FALSE,FALSE,TRUE,9.1,46036,3150,9,2.9309441641179856,10.6,54727,2750,9,2.5587607781982413
20137,"Norton County, KS",2008,2716,2009,2763,3054,2,1.1244477172312224,FALSE,FALSE,FALSE,2018,2392,2022,2273,2310,2,0.9657190635451505,FALSE,FALSE,TRUE,12.2,36579,5698,7,6.489424220198532,11.6,49739,5361,7,6.105616575023575
20139,"Osage County, KS",2006,8248,2013,7756,7638.5,2,0.9261032977691561,FALSE,FALSE,TRUE,2018,7572,2020,7391,7731.5,2,1.0210644479661912,FALSE,FALSE,FALSE,10.9,44829,16468,3,23.342111902662772,14.2,55655,15949,3,22.606469682752522
20141,"Osborne County, KS",2006,2175,2013,2039,1925.5,2,0.8852873563218391,FALSE,FALSE,FALSE,2019,1825,2022,1702,1609,2,0.8816438356164383,FALSE,FALSE,TRUE,12.5,33038,3916,9,4.387596412837417,13.5,46351,3421,9,3.8329845067203276
20143,"Ottawa County, KS",2006,3261,2012,3061,3123,2,0.9576816927322908,FALSE,FALSE,TRUE,2019,2909,2020,2826,2915.5,2,1.002234444826401,FALSE,FALSE,FALSE,9.4,42993,6101,9,8.465028512757899,9.9,58729,5704,9,7.914198104699402
20145,"Pawnee County, KS",2007,3864,2013,3278,3227.5,2,0.8352743271221532,FALSE,FALSE,TRUE,2018,2962,2022,2748,2767,2,0.9341661039837947,FALSE,FALSE,TRUE,13.2,40481,6930,7,9.187776677365852,14,65141,6414,7,8.503665167189693
20147,"Phillips County, KS",2007,3130,2013,2850,2709,2,0.8654952076677316,FALSE,FALSE,TRUE,2018,2489,2021,2338,2318,2,0.9312977099236641,FALSE,FALSE,TRUE,10.9,41735,5588,7,6.307916163865845,11,51546,5234,7,5.9083094491184385
20149,"Pottawatomie County, KS",2007,11169,2008,10347,11167.5,2,0.9998656997045393,FALSE,FALSE,FALSE,2019,12521,2020,12016,12989.5,2,1.0374171392061338,FALSE,FALSE,FALSE,8,50282,20395,6,24.258535686036623,7.2,73685,24383,3,29.002004198707084
20151,"Pratt County, KS",2007,5525,2010,4998,5230,2,0.9466063348416289,FALSE,FALSE,FALSE,2018,4391,2020,4331,4370.5,2,0.9953313595991802,FALSE,FALSE,FALSE,10.9,42909,9698,7,13.193857740881777,11.2,53980,9164,7,12.46736567719536
20153,"Rawlins County, KS",2006,1272,2008,1186,1467,2,1.153301886792453,FALSE,FALSE,FALSE,2019,1308,2022,1347,1356,2,1.036697247706422,FALSE,FALSE,FALSE,12.6,36013,2655,9,2.4826634349962973,14.2,50768,2530,9,2.3657772092431757
20155,"Reno County, KS",2008,32849,2013,30047,29070,2,0.8849584462236293,FALSE,FALSE,FALSE,2019,28497,2020,27796,27964,2,0.9812962768010668,FALSE,FALSE,FALSE,12.6,40418,63683,4,50.73097598358331,13.4,53371,61998,4,49.38867592654552
20157,"Republic County, KS",2008,2863,2012,2524,2516,2,0.8787984631505414,FALSE,FALSE,TRUE,2018,2283,2019,2154,2256.5,2,0.9883924660534384,FALSE,FALSE,FALSE,10.8,36226,5124,9,7.142687875412789,12.2,47082,4636,9,6.462431887278238
20159,"Rice County, KS",2008,5597,2010,5023,5209,2,0.9306771484723959,FALSE,FALSE,FALSE,2018,4779,2020,4535,4777,2,0.9995815024063611,FALSE,FALSE,FALSE,11.2,43834,10103,7,13.911474935799019,11.8,56350,9537,7,13.132112883570745
20161,"Riley County, KS",2007,38209,2011,33938,35267.5,2,0.9230155199036876,FALSE,FALSE,TRUE,2018,36415,2020,34337,35625,2,0.9783056432788686,FALSE,FALSE,FALSE,19,38864,67329,5,110.43696486566283,20.9,51996,74232,3,121.75966932388545
20163,"Rooks County, KS",2006,2614,2007,2555,2602,2,0.9954093343534812,FALSE,FALSE,FALSE,2019,2410,2022,2296,2342.5,2,0.9719917012448133,FALSE,FALSE,TRUE,11.5,36657,5275,9,5.923458805853163,10.5,49485,4920,9,5.52481845019859
20165,"Rush County, KS",2006,1639,2007,1582,1650.5,2,1.0070164734594265,FALSE,FALSE,FALSE,2018,1592,2020,1494,1564.5,2,0.9827261306532663,FALSE,FALSE,TRUE,12.3,36257,3273,9,4.560001003116628,12.2,53189,3036,9,4.229808446520648
20167,"Russell County, KS",2008,3461,2009,3417,3650,2,1.054608494654724,FALSE,FALSE,FALSE,2018,3046,2020,2949,3005,2,0.9865397242284963,FALSE,FALSE,TRUE,13.7,35549,6943,7,7.834044185679146,14.4,46112,6856,7,7.735878861733577
20169,"Saline County, KS",2008,30196,2010,29053,29373,2,0.9727447344019076,FALSE,FALSE,TRUE,2019,27979,2020,26553,27911,2,0.9975696057757604,FALSE,FALSE,FALSE,10,42557,54723,5,75.97862940511662,12.3,56741,54224,5,75.28580671496525
20171,"Scott County, KS",2006,2702,2007,2514,2728,2,1.0096225018504812,FALSE,FALSE,FALSE,2018,2473,2022,2354,2312,2,0.9348968863728265,FALSE,FALSE,TRUE,7.8,47876,4707,7,6.559501661824035,7.9,62914,4823,7,6.721154985123714
20173,"Sedgwick County, KS",2008,242262,2010,230707,231446,2,0.9553541207453088,FALSE,FALSE,FALSE,2019,254181,2020,244277,258449.5,2,1.0167931513370394,FALSE,FALSE,FALSE,13,47326,478479,2,479.9182749064444,12.6,60014,516042,2,517.5942652013388
20175,"Seward County, KS",2008,10728,2010,10270,10551,2,0.9835011185682326,FALSE,FALSE,FALSE,2018,10340,2019,10322,10619.5,2,1.0270309477756285,FALSE,FALSE,FALSE,14.9,39348,22409,7,35.03305698558437,14.2,55727,21428,5,33.499412962965856
20177,"Shawnee County, KS",2008,87437,2012,86710,87839,2,1.0045975959833937,FALSE,FALSE,FALSE,2018,84747,2020,83075,86469,2,1.0203193033381712,FALSE,FALSE,FALSE,11.9,46696,174162,3,320.14367330132427,9.8,59451,176875,3,325.1306956464196
20179,"Sheridan County, KS",2008,1522,2013,1463,1462,2,0.9605781865965834,FALSE,FALSE,FALSE,2018,1433,2019,1419,1454,2,1.0146545708304258,FALSE,FALSE,FALSE,12.6,39157,2578,9,2.877370230937422,11.8,54627,2521,9,2.813751106358899
20181,"Sherman County, KS",2008,3614,2010,3006,3062,2,0.8472606530160487,FALSE,FALSE,FALSE,2018,3017,2022,2903,2892,2,0.9585681140205502,FALSE,FALSE,TRUE,15,35894,6004,7,5.685261499303072,12.5,54000,5917,7,5.602880128477062
20183,"Smith County, KS",2006,2165,2008,2076,2211,2,1.0212471131639722,FALSE,FALSE,FALSE,2019,1737,2022,1717,1734.5,2,0.9985607369027059,FALSE,FALSE,FALSE,11.9,35054,4008,9,4.475891828147195,11.6,45915,3583,9,4.001277549962924
20185,"Stafford County, KS",2006,2161,2007,2052,2199,2,1.017584451642758,FALSE,FALSE,FALSE,2019,2017,2022,1941,1956.5,2,0.9700049578582053,FALSE,FALSE,FALSE,11.9,36543,4460,9,5.6309860790913655,13.7,51007,4156,9,5.24716998760173
20187,"Stanton County, KS",2006,1129,2013,1011,1011,2,0.895482728077945,FALSE,FALSE,FALSE,2018,927,2019,908,985.5,2,1.0631067961165048,TRUE,FALSE,FALSE,12.1,46642,2176,9,3.198344386435257,10.6,63401,2006,9,2.9484737312450027
20189,"Stevens County, KS",2006,2254,2007,2178,2505,2,1.111357586512866,FALSE,FALSE,FALSE,2018,2307,2019,2292,2588,2,1.1218032076289552,FALSE,FALSE,FALSE,9.7,49856,5397,7,7.421004867585183,9.7,61264,5485,7,7.5420069851222395
20191,"Sumner County, KS",2006,11401,2013,10557,10441.5,2,0.9158407157266907,FALSE,FALSE,TRUE,2019,10274,2020,9712,10221,2,0.9948413470897411,FALSE,FALSE,FALSE,11.6,46707,24290,2,20.55568907679653,11.4,53618,22836,2,19.325225020902657
20193,"Thomas County, KS",2006,4401,2007,4011,4252,2,0.966144058168598,FALSE,FALSE,FALSE,2019,4377,2020,4260,4309,2,0.9844642449166096,FALSE,FALSE,TRUE,10.8,43373,7681,7,7.147197276974599,9.1,58652,7777,7,7.236525611643205
20195,"Trego County, KS",2008,1807,2011,1433,1444.5,2,0.7993912562257885,FALSE,FALSE,FALSE,2019,1496,2022,1451,1363,2,0.911096256684492,FALSE,FALSE,FALSE,12.1,35708,2971,9,3.3401763289314808,10.8,52597,2803,9,3.151300656342962
20197,"Wabaunsee County, KS",2008,3525,2009,3484,3609,2,1.0238297872340425,FALSE,FALSE,FALSE,2018,3265,2020,3234,3427.5,2,1.049770290964778,FALSE,FALSE,FALSE,8,48438,6998,3,8.809873907263425,6.9,66168,6931,3,8.725526729243041
20199,"Wallace County, KS",2007,878,2008,806,840,2,0.9567198177676538,TRUE,FALSE,TRUE,2018,646,2019,646,688,2,1.065015479876161,TRUE,FALSE,FALSE,14.1,37888,1481,9,1.6209672829479933,12.1,54714,1518,9,1.6614641023059107
20201,"Washington County, KS",2006,3248,2013,3022,2820.5,2,0.8683805418719212,FALSE,FALSE,FALSE,2018,2490,2019,2488,2574.5,2,1.0339357429718876,FALSE,FALSE,FALSE,11.4,36707,5880,9,6.571601962092585,9.5,46263,5406,9,6.041850375352469
20203,"Wichita County, KS",2008,1221,2009,1234,1277,2,1.0458640458640458,FALSE,FALSE,FALSE,2019,1349,2022,1060,1136.5,2,0.8424759080800593,FALSE,FALSE,TRUE,12.2,41928,2264,9,3.1507196277029528,11,54009,2119,9,2.948928838826218
20205,"Wilson County, KS",2006,5412,2013,3760,3964,2,0.7324464153732446,FALSE,FALSE,TRUE,2018,4132,2020,3826,3814.5,2,0.9231606969990319,FALSE,FALSE,TRUE,13.4,36824,9783,7,17.150430470019618,13.3,46243,8525,7,14.94504955094728
20207,"Woodson County, KS",2006,1586,2013,1532,1431.5,2,0.9025851197982345,FALSE,FALSE,FALSE,2019,1324,2022,1260,1246.5,2,0.9414652567975831,FALSE,FALSE,TRUE,14.4,30223,3363,9,6.755467348574482,14.3,43751,3138,9,6.3034958488928705
20209,"Wyandotte County, KS",2006,66417,2009,62804,68145.5,2,1.0260249634882634,FALSE,FALSE,FALSE,2019,78762,2020,76167,78691,2,0.9990985500622127,FALSE,FALSE,FALSE,19.5,37501,154267,1,1017.3373428823909,20.6,47292,165429,1,1090.9468602856803
21001,"Adair County, KY",2007,8398,2013,6816,6920.5,2,0.8240652536318172,FALSE,FALSE,TRUE,2018,7385,2020,7077,7464,2,1.0106973595125255,FALSE,FALSE,FALSE,21.4,32643,18493,7,45.62883057153855,21.4,37650,19202,7,47.37818659139584
21003,"Allen County, KY",2006,7893,2009,7459,8280,2,1.0490307867730901,FALSE,FALSE,FALSE,2019,9221,2020,8658,9164.5,2,0.9938726819217004,FALSE,FALSE,FALSE,18.1,36283,19540,6,56.847936134805835,16.8,47307,21315,3,62.011963086662554
21005,"Anderson County, KY",2007,10495,2009,9909,10701,2,1.019628394473559,FALSE,FALSE,FALSE,2019,10656,2020,10174,10734.5,2,1.0073667417417418,FALSE,FALSE,FALSE,9.3,54819,20999,6,103.82181350736676,10.2,61308,22747,6,112.46415504795807
21007,"Ballard County, KY",2007,3998,2010,3458,3509.5,2,0.8778139069534767,FALSE,FALSE,TRUE,2018,3323,2020,3094,3238,2,0.9744207041829672,FALSE,FALSE,FALSE,15.9,39118,8190,9,33.14514660353306,15.5,48053,7888,9,31.92294461644307
21009,"Barren County, KY",2007,18501,2009,16905,18153,2,0.9811902059348143,FALSE,FALSE,TRUE,2018,18190,2020,16707,17073.5,2,0.9386201209455745,FALSE,FALSE,TRUE,17.8,38817,41435,6,85.01841535604731,20.1,44859,44249,6,90.79232197634217
21011,"Bath County, KY",2006,4717,2010,4187,4367.5,2,0.9259062963748145,FALSE,FALSE,FALSE,2019,4703,2020,4480,4810,2,1.0227514352540932,FALSE,FALSE,FALSE,23.9,31740,11470,8,41.260180149069036,19.4,42248,12500,8,44.965322743100515
21013,"Bell County, KY",2006,8838,2009,8579,9033,2,1.0220638153428379,FALSE,FALSE,FALSE,2018,7124,2020,6807,6969.5,2,0.9783127456485121,FALSE,FALSE,TRUE,28.8,23528,28794,7,80.20635154972577,30.3,30940,26032,7,72.51273680428079
21015,"Boone County, KY",2008,59556,2010,57878,61444,2,1.0317012559607763,FALSE,FALSE,FALSE,2019,67757,2020,64762,69466.5,2,1.025229865548947,FALSE,FALSE,FALSE,6.2,66690,112308,1,456.03976156057627,7.1,78806,133581,1,542.4212646385239
21017,"Bourbon County, KY",2006,9317,2009,8345,9188,2,0.9861543415262424,FALSE,FALSE,FALSE,2018,9581,2020,9335,9478,2,0.9892495564137355,FALSE,FALSE,FALSE,16.1,41819,19891,2,68.648835202761,14.1,47046,19788,2,68.29335634167386
21019,"Boyd County, KY",2006,21766,2013,17907,17395,2,0.7991822107874667,FALSE,FALSE,TRUE,2019,18084,2020,17271,17976,2,0.9940278699402787,FALSE,FALSE,FALSE,16.4,39640,49154,2,307.470006130134,20.6,50017,46718,2,292.2322445047727
21021,"Boyle County, KY",2007,11945,2009,11446,11852,2,0.9922143156132273,FALSE,FALSE,FALSE,2019,12567,2020,12058,12788.5,2,1.0176255271743455,FALSE,FALSE,FALSE,15.9,41739,28112,7,155.88678910478217,15.5,53644,30060,7,166.68884748469523
21023,"Bracken County, KY",2006,4081,2010,3542,3571,2,0.8750306297476109,FALSE,FALSE,TRUE,2019,3663,2020,3459,3608.5,2,0.9851214851214851,FALSE,FALSE,FALSE,15.4,41581,8468,1,41.78323834899958,14.1,53289,8303,1,40.9690869168332
21025,"Breathitt County, KY",2007,5250,2013,3829,3821,2,0.7278095238095238,FALSE,FALSE,TRUE,2018,4201,2020,3738,3805.5,2,0.9058557486312783,FALSE,FALSE,TRUE,30,25577,14327,7,29.09496326321732,29.2,33407,12630,7,25.648732184995794
21027,"Breckinridge County, KY",2007,8557,2010,7229,7503.5,2,0.8768844221105527,FALSE,FALSE,TRUE,2019,7555,2020,7301,7721.5,2,1.0220383851753805,FALSE,FALSE,FALSE,17.2,36621,19819,8,34.786958620387026,18.3,46069,20477,8,35.941901794725524
21029,"Bullitt County, KY",2007,36762,2010,34801,36513.5,2,0.9932403024862629,FALSE,FALSE,FALSE,2019,40945,2020,38928,41688.5,2,1.018158505312004,FALSE,FALSE,FALSE,9.9,49861,71577,1,240.93104667014492,7.8,66335,81676,1,274.9246848545029
21031,"Butler County, KY",2006,5310,2009,4698,4908,2,0.9242937853107345,FALSE,FALSE,TRUE,2019,4896,2020,4496,4641.5,2,0.9480187908496732,FALSE,FALSE,TRUE,18.2,35676,12759,8,29.942831931510963,18,46305,12879,3,30.224448032442172
21033,"Caldwell County, KY",2006,6287,2011,5168,5150,2,0.8191506282805789,FALSE,FALSE,TRUE,2019,5354,2020,5367,5801,2,1.0834889802017182,FALSE,FALSE,FALSE,17.8,38009,12882,6,37.35699682456828,15.8,44144,12747,7,36.96550524163731
21035,"Calloway County, KY",2006,16933,2009,16398,17348,2,1.0245083564637099,FALSE,FALSE,FALSE,2019,17342,2020,16116,16167,2,0.9322454157536616,FALSE,FALSE,TRUE,17.5,36262,36585,7,95.06004749754457,16.5,45574,39001,7,101.3376223165706
21037,"Campbell County, KY",2006,42729,2009,40447,45213,2,1.0581338201221653,FALSE,FALSE,FALSE,2019,47069,2020,44452,46575.5,2,0.9895153922964159,FALSE,FALSE,FALSE,10,51383,88302,1,583.5448057097542,10.9,66520,93584,1,618.4509648427174
21039,"Carlisle County, KY",2006,2172,2010,2054,2185.5,2,1.0062154696132597,FALSE,FALSE,FALSE,2019,1976,2020,1847,1937.5,2,0.9805161943319838,FALSE,FALSE,FALSE,15.7,36151,5109,9,26.965687231807795,15.5,49659,4760,9,25.12363891630556
21041,"Carroll County, KY",2006,5436,2010,4291,4632.5,2,0.8521891096394407,FALSE,FALSE,TRUE,2019,4438,2020,4298,4730.5,2,1.0659080666967102,FALSE,FALSE,FALSE,15.2,42058,10595,6,82.32323232323233,15.2,51672,10631,6,82.60295260295261
21043,"Carter County, KY",2006,12638,2013,9671,9077,2,0.718230732710872,FALSE,FALSE,TRUE,2019,9372,2020,8923,9198.5,2,0.9814874093043107,FALSE,FALSE,FALSE,19.3,32281,27971,6,68.30575071368044,20,43492,26797,6,65.43881884360569
21045,"Casey County, KY",2006,6959,2010,6178,6272,2,0.9012789193849691,FALSE,FALSE,TRUE,2019,5811,2020,5634,5773.5,2,0.9935467217346412,FALSE,FALSE,FALSE,23.6,27366,15908,9,35.80802146500457,25.2,34751,16159,9,36.373008477056125
21047,"Christian County, KY",2007,27610,2011,24000,23873.5,2,0.8646685983339369,FALSE,FALSE,TRUE,2019,23365,2020,22512,22367.5,2,0.9573079392253371,FALSE,FALSE,TRUE,19,37632,73128,3,101.89783462921162,18.9,46390,70461,2,98.18159016804616
21049,"Clark County, KY",2007,16406,2009,15121,15942,2,0.9717176642691698,FALSE,FALSE,FALSE,2019,16513,2020,15801,16671.5,2,1.0095984981529704,FALSE,FALSE,FALSE,14.8,46190,35207,2,139.44360390047606,13,55428,36263,2,143.6260802750295
21051,"Clay County, KY",2006,6344,2013,4947,5213.5,2,0.8218001261034048,FALSE,FALSE,TRUE,2018,5609,2020,5464,5480,2,0.9770012479942949,FALSE,FALSE,TRUE,41.9,20999,22332,7,47.586171627288536,32.6,30175,19901,7,42.40607207391497
21053,"Clinton County, KY",2008,4414,2013,3696,3494,2,0.7915722700498414,FALSE,FALSE,TRUE,2019,3791,2022,3491,3388.5,2,0.8938274861514113,FALSE,FALSE,TRUE,24.1,25677,10120,9,51.35413547951671,23.4,34005,10218,9,51.85143837250017
21055,"Crittenden County, KY",2006,3778,2007,3568,3669.5,2,0.9712811011116993,FALSE,FALSE,FALSE,2018,3491,2020,3230,3376,2,0.967058149527356,FALSE,FALSE,TRUE,20.1,33804,9278,6,25.80332956953661,19.2,44595,8806,7,24.490635933319616
21057,"Cumberland County, KY",2006,2790,2009,2662,2786,2,0.9985663082437276,FALSE,FALSE,FALSE,2019,2359,2020,2353,2473.5,2,1.0485375158965664,FALSE,FALSE,FALSE,24,26584,6959,9,22.805401986583515,23,34897,6614,9,21.67479935899747
21059,"Daviess County, KY",2007,44866,2010,42683,44735.5,2,0.9970913386528775,FALSE,FALSE,FALSE,2019,46464,2020,44115,45214.5,2,0.9731082128099173,FALSE,FALSE,FALSE,15.3,42586,94647,3,206.47341393287056,15.4,52620,101511,3,221.44730125349585
21061,"Edmonson County, KY",2006,5031,2010,4457,4525.5,2,0.8995229576624926,FALSE,FALSE,TRUE,2018,4803,2020,4446,4647,2,0.9675202998126171,FALSE,FALSE,FALSE,17.3,34449,12055,3,39.81096807857176,16,47482,12150,3,40.1247003031644
21063,"Elliott County, KY",2008,2887,2013,1935,1812.5,2,0.6278143401454798,FALSE,FALSE,TRUE,2018,1818,2021,1714,1744,2,0.9592959295929593,FALSE,FALSE,TRUE,27.4,27215,7134,9,30.44541462352926,27.7,34262,7517,9,32.07992454794918
21065,"Estill County, KY",2007,5728,2011,4927,5015,2,0.8755237430167597,FALSE,FALSE,TRUE,2019,4800,2020,4443,4646,2,0.9679166666666666,FALSE,FALSE,TRUE,26.3,28797,14778,6,58.39237240251145,22.7,35004,14106,6,55.73709602854422
21067,"Fayette County, KY",2007,145287,2009,139900,155486,2,1.0701989854563725,FALSE,FALSE,FALSE,2019,165425,2020,157576,165809,2,1.0023212936376,FALSE,FALSE,FALSE,15.9,46726,283291,2,998.01658599139,15.4,58981,323152,2,1138.4444115636913
21069,"Fleming County, KY",2006,6188,2009,5719,5850.5,2,0.945458952811894,FALSE,FALSE,TRUE,2019,5944,2020,5680,5804,2,0.9764468371467026,FALSE,FALSE,TRUE,19.4,33815,14349,7,41.15329019823788,21.1,43943,14581,7,41.818671989721
21071,"Floyd County, KY",2008,14272,2013,11432,10552,2,0.7393497757847534,FALSE,FALSE,TRUE,2019,10940,2020,10171,10780.5,2,0.9854204753199268,FALSE,FALSE,FALSE,32.9,26293,40261,7,102.3671497584541,27.4,35828,35589,7,90.4881769641495
21073,"Franklin County, KY",2006,24105,2009,22315,22847.5,2,0.9478323999170296,FALSE,FALSE,FALSE,2019,23661,2020,22619,24007.5,2,1.0146443514644352,FALSE,FALSE,FALSE,13.6,48025,48795,4,234.69289596460007,11.5,58917,50991,4,245.2551584820355
21075,"Fulton County, KY",2006,2581,2013,2138,2078.5,2,0.8053080201472298,FALSE,FALSE,TRUE,2019,2270,2020,2192,2368,2,1.043171806167401,FALSE,FALSE,FALSE,29.4,28749,6861,7,33.31682302896102,25.6,34376,5969,9,28.985296117164893
21077,"Gallatin County, KY",2006,3774,2009,3531,3584.5,2,0.9497880233174351,FALSE,FALSE,FALSE,2019,4001,2020,3742,3949,2,0.9870032491877031,FALSE,FALSE,TRUE,15.3,42143,8337,1,84.82733359109501,13.3,55273,8869,1,90.24032884963677
21079,"Garrard County, KY",2007,7258,2009,6806,7079.5,2,0.975406448057316,FALSE,FALSE,FALSE,2019,7128,2020,6819,7488,2,1.0505050505050506,FALSE,FALSE,FALSE,16.8,40653,16887,6,73.44568881156898,15.7,51757,17666,6,76.83375013591387
21081,"Grant County, KY",2007,11905,2010,10346,10532.5,2,0.8847123057538849,FALSE,FALSE,TRUE,2019,11319,2020,10816,11456,2,1.0121035427157876,FALSE,FALSE,FALSE,15.6,42126,24544,1,95.14063323720036,13.3,55210,25069,1,97.17570626724967
21083,"Graves County, KY",2007,14960,2009,14678,15369,2,1.0273395721925134,FALSE,FALSE,FALSE,2019,15763,2020,15195,15407,2,0.9774154665989977,FALSE,FALSE,FALSE,16.5,36345,36932,7,66.93526316838754,17.9,48038,37266,7,67.54060211288666
21085,"Grayson County, KY",2006,10622,2009,9765,10100,2,0.9508567124835248,FALSE,FALSE,TRUE,2019,10350,2020,9678,9819,2,0.948695652173913,FALSE,FALSE,TRUE,19.7,32905,25444,6,50.93526792863778,20.3,43771,26427,6,52.90309407129816
21087,"Green County, KY",2007,5288,2013,4897,4321.5,2,0.8172276853252648,FALSE,FALSE,TRUE,2019,4092,2020,4039,4084,2,0.9980449657869013,FALSE,FALSE,FALSE,17.2,31546,11412,8,39.90726072953494,18.6,38896,10941,8,38.26019450068715
21089,"Greenup County, KY",2007,16547,2013,13330,12676.5,2,0.766090530005439,FALSE,FALSE,TRUE,2019,12971,2020,12364,12721,2,0.9807262354483077,FALSE,FALSE,FALSE,15.2,40642,36939,2,107.2389717089315,15.9,52179,35098,2,101.8942967876791
21091,"Hancock County, KY",2007,3977,2010,3656,3837.5,2,0.9649233090269047,FALSE,FALSE,TRUE,2019,3874,2020,3676,3614.5,2,0.9330149716055757,FALSE,FALSE,TRUE,13.7,47558,8536,3,45.482882642866656,12.2,60626,8722,3,46.47395763953643
21093,"Hardin County, KY",2006,45065,2010,42519,44030.5,2,0.9770442693886608,FALSE,FALSE,FALSE,2019,46969,2020,43988,45132.5,2,0.960899742383274,FALSE,FALSE,FALSE,11.2,47958,98728,3,158.24229368620814,10.7,57711,110958,3,177.8446684105247
21095,"Harlan County, KY",2006,9339,2013,7820,6502.5,2,0.6962736909733376,FALSE,FALSE,FALSE,2019,7177,2020,6773,6984,2,0.9731085411731921,FALSE,FALSE,FALSE,29.3,25939,29969,7,64.3346285125475,31.1,30050,26010,7,55.835819934310805
21097,"Harrison County, KY",2007,8787,2010,8044,8162.5,2,0.9289290998065324,FALSE,FALSE,FALSE,2019,8492,2020,8177,8622,2,1.01530852567122,FALSE,FALSE,FALSE,14.2,41423,18725,6,61.10135809801016,15.3,51475,18886,6,61.62671556950707
21099,"Hart County, KY",2008,7710,2010,7292,7461,2,0.967704280155642,FALSE,FALSE,FALSE,2018,7765,2020,7122,7375,2,0.9497746297488732,FALSE,FALSE,FALSE,23.3,30604,18172,8,44.03518549930937,20.1,42718,19035,8,46.12644485908837
21101,"Henderson County, KY",2006,21907,2013,20546,20179.5,2,0.9211439265988041,FALSE,FALSE,TRUE,2018,20059,2020,18418,18647,2,0.9296076574106387,FALSE,FALSE,TRUE,12.7,41692,45696,2,104.72063268715583,16.3,53199,45210,2,103.60687595820892
21103,"Henry County, KY",2006,7562,2010,7087,7188,2,0.9505421846072467,FALSE,FALSE,TRUE,2019,6961,2020,6645,6929,2,0.9954029593449217,FALSE,FALSE,FALSE,14.6,44209,15465,1,54.02601213620215,14.7,51806,16126,1,56.335174374936685
21105,"Hickman County, KY",2008,1951,2009,1932,2039.5,2,1.0453613531522297,FALSE,FALSE,FALSE,2018,1788,2020,1706,1721,2,0.9625279642058165,FALSE,FALSE,FALSE,18.1,37001,4955,9,20.44723951950019,16.9,52331,4380,9,18.074451886056675
21107,"Hopkins County, KY",2007,21933,2010,19229,19912.5,2,0.9078785391875257,FALSE,FALSE,TRUE,2019,18091,2020,17145,18152.5,2,1.0033994804046211,FALSE,FALSE,FALSE,18.2,36611,46834,4,86.37979147415928,18.1,48769,44686,5,82.41805871405991
21109,"Jackson County, KY",2006,4178,2009,3580,4583.5,2,1.097056007659167,FALSE,FALSE,FALSE,2019,3597,2020,3438,3686.5,2,1.0248818459827633,FALSE,FALSE,FALSE,34.1,25653,13606,9,39.411749370703916,27.8,34940,13329,9,38.609378756586246
21111,"Jefferson County, KY",2007,337492,2009,322853,348474,2,1.0325400305785026,FALSE,FALSE,FALSE,2019,380809,2020,360529,375869,2,0.9870276175195439,FALSE,FALSE,FALSE,14.6,43677,723040,1,1898.5899220124466,14.2,59025,766757,1,2013.3839245857732
21113,"Jessamine County, KY",2007,21826,2009,20660,23000.5,2,1.0538119673783561,FALSE,FALSE,FALSE,2019,24627,2020,23425,25521.5,2,1.0363219230925407,FALSE,FALSE,FALSE,14,47324,46044,2,267.5219187394328,11,62533,54115,2,314.41552933247345
21115,"Johnson County, KY",2007,9080,2013,7466,6754,2,0.7438325991189427,FALSE,FALSE,TRUE,2019,6994,2020,6686,6972.5,2,0.9969259365170146,FALSE,FALSE,FALSE,24.4,32706,23354,7,89.14897353091622,25.8,31202,22188,7,84.69801424612353
21117,"Kenton County, KY",2007,79584,2009,75659,77458,2,0.9732860876558103,FALSE,FALSE,FALSE,2019,86630,2020,82034,86588,2,0.9995151794990188,FALSE,FALSE,FALSE,12.9,50734,157240,1,980.4581790065722,11.2,68692,166998,1,1041.303453178196
21119,"Knott County, KY",2006,6023,2013,4745,4280.5,2,0.7106923460069733,FALSE,FALSE,TRUE,2018,4318,2020,3997,4131.5,2,0.9568087077350625,FALSE,FALSE,TRUE,31.7,27999,16640,9,47.336739454489596,30.5,32613,14806,9,42.119456992979146
21121,"Knox County, KY",2007,11783,2013,9193,8975,2,0.7616905711618434,FALSE,FALSE,TRUE,2019,9499,2020,9130,9542.5,2,1.0045794294136225,FALSE,FALSE,FALSE,31.1,24881,31668,7,81.97137162529444,31.5,31634,31145,7,80.61760670928999
21123,"Larue County, KY",2006,6715,2010,5399,5437,2,0.8096798212956069,FALSE,FALSE,TRUE,2019,6663,2020,6256,6491.5,2,0.9742608434639052,FALSE,FALSE,TRUE,15.1,39435,14008,3,53.662273980999075,15.4,49785,14398,3,55.15629788538155
21125,"Laurel County, KY",2007,25220,2010,22188,22359,2,0.886558287073751,FALSE,FALSE,TRUE,2018,23447,2020,22877,22659.5,2,0.9664136136819209,FALSE,FALSE,FALSE,22,33244,57938,7,133.58911513178373,21.4,44033,60813,5,140.21807550328222
21127,"Lawrence County, KY",2008,5378,2013,4969,4670,2,0.868352547415396,FALSE,FALSE,FALSE,2019,4968,2020,4788,4922.5,2,0.990841384863124,FALSE,FALSE,FALSE,25.3,29399,15815,6,38.05359987295415,23.4,38055,15317,6,36.855326541513676
21129,"Lee County, KY",2007,2638,2013,2083,1973,2,0.7479150871872631,FALSE,FALSE,TRUE,2018,2370,2020,2281,2366.5,2,0.9985232067510549,FALSE,FALSE,FALSE,34.9,24617,7855,9,37.61594858754627,34.9,30905,7403,9,35.45141532700255
21131,"Leslie County, KY",2006,3367,2013,2890,2984,2,0.8862488862488862,FALSE,FALSE,FALSE,2019,3456,2020,3245,3394,2,0.9820601851851852,FALSE,FALSE,TRUE,31,26114,11585,9,28.89906654892511,32.3,32202,9877,9,24.638418671017117
21133,"Letcher County, KY",2006,8410,2013,6726,6477,2,0.7701545778834721,FALSE,FALSE,TRUE,2018,7404,2020,6916,7096.5,2,0.9584683954619124,FALSE,FALSE,TRUE,27,29415,24499,9,72.49640462338799,28.9,32435,21553,9,63.77872602342469
21135,"Lewis County, KY",2007,5182,2013,4666,4206,2,0.8116557313778464,FALSE,FALSE,TRUE,2018,4063,2020,3967,3973.5,2,0.9779719419148413,FALSE,FALSE,TRUE,28.9,26534,14069,8,29.136930526158828,23.2,37410,13275,8,27.492554746944236
21137,"Lincoln County, KY",2006,10045,2013,8891,8907.5,2,0.8867595818815331,FALSE,FALSE,TRUE,2019,9481,2020,9066,9297,2,0.980592764476321,FALSE,FALSE,TRUE,20.3,32566,24875,7,74.72124095835436,19.7,43220,24549,7,73.74197966981473
21139,"Livingston County, KY",2006,4598,2013,3516,3586,2,0.7799043062200957,FALSE,FALSE,TRUE,2018,3724,2020,3448,3696,2,0.9924812030075187,FALSE,FALSE,FALSE,13.5,38732,9508,9,30.380879345603272,12.2,50521,9194,9,29.377556237218815
21141,"Logan County, KY",2007,11743,2009,11041,11328,2,0.9646597973260665,FALSE,FALSE,FALSE,2019,11892,2020,11290,11733.5,2,0.9866717120753448,FALSE,FALSE,TRUE,16.4,38323,26911,6,48.73274226027496,15.3,48902,27102,6,49.07862140901386
21143,"Lyon County, KY",2006,3077,2010,2647,2835,2,0.921351966200845,FALSE,FALSE,TRUE,2019,2992,2020,2899,3049.5,2,1.0192179144385027,FALSE,FALSE,FALSE,15,40082,8393,8,39.259068690506815,14.5,52978,8210,9,38.40306850340295
21145,"McCracken County, KY",2007,30078,2010,27981,28242.5,2,0.9389753308065696,FALSE,FALSE,TRUE,2019,28937,2020,27192,28928.5,2,0.9997062584234717,FALSE,FALSE,FALSE,14.6,40899,64925,5,260.96725699999195,15.5,48219,65418,5,262.9488797601151
21147,"McCreary County, KY",2006,5355,2013,4660,4436.5,2,0.82847805788982265,FALSE,FALSE,TRUE,2019,4844,2022,4872,4940,2,1.0198183319570602,FALSE,FALSE,FALSE,35.5,24293,18053,9,42.307521050645754,34.5,32701,17231,9,40.38114968280491
21149,"McLean County, KY",2006,4342,2009,4072,4196,2,0.9663749424228466,FALSE,FALSE,TRUE,2018,3959,2020,3733,3749,2,0.9469563020964891,FALSE,FALSE,TRUE,16,37866,9717,3,38.47935847935848,14,51184,9207,3,36.459756459756456
21151,"Madison County, KY",2007,40648,2009,39135,41206.5,2,1.0137399134028735,FALSE,FALSE,FALSE,2019,42348,2020,39702,42186.5,2,0.9961863606309626,FALSE,FALSE,FALSE,18.7,39842,80659,4,184.18072129590303,17.7,50316,92987,4,212.33108185251658
21153,"Magoffin County, KY",2007,3899,2013,3311,2977.5,2,0.7636573480379585,FALSE,FALSE,TRUE,2019,3442,2020,3305,3512,2,1.020337013364323,FALSE,FALSE,FALSE,31.6,26150,13316,9,43.17167191344917,29.4,32045,12161,9,39.427057835645485
21155,"Marion County, KY",2007,9749,2010,7991,8473,2,0.8691147810031798,FALSE,FALSE,TRUE,2019,7600,2020,6913,7458,2,0.9813157894736843,FALSE,FALSE,FALSE,17.8,38048,19458,6,56.63787909218719,16.8,48062,19273,7,56.099385535189825
21157,"Marshall County, KY",2007,13953,2009,13079,14104,2,1.010822045438257,FALSE,FALSE,FALSE,2019,12828,2021,12142,12885.5,2,1.0044823822887434,FALSE,FALSE,FALSE,12.5,41497,31443,7,104.07247307414788,11.8,57945,31100,7,102.93718514791843
21159,"Martin County, KY",2006,3324,2007,3177,3487,2,1.049037304452467,FALSE,FALSE,FALSE,2018,3197,2022,2491,2499,2,0.7816703159211761,FALSE,FALSE,TRUE,35.8,25841,13224,8,57.5847834038773,34.4,34291,11195,9,48.74936858790127
21161,"Mason County, KY",2007,8409,2011,6895,7095,2,0.8437388512308241,FALSE,FALSE,TRUE,2018,7208,2022,6640,6681,2,0.9268867924528302,FALSE,FALSE,TRUE,19.1,38035,17259,6,71.87446642818175,15.7,47861,17070,6,71.0873829265347
21163,"Meade County, KY",2006,11222,2009,9984,11413,2,1.0170201390126536,FALSE,FALSE,FALSE,2019,13481,2020,12826,13401.5,2,0.9941028113641421,FALSE,FALSE,FALSE,14.4,45490,29108,1,95.29141008894693,11.4,54946,28572,3,93.53669675214346
21165,"Menifee County, KY",2006,2421,2009,2168,2223,2,0.9182156133828996,FALSE,FALSE,TRUE,2019,2162,2020,2069,2171,2,1.0041628122109159,FALSE,FALSE,FALSE,27.2,28928,6486,9,31.866285411078028,26.1,37457,6489,9,31.881024673525335
21167,"Mercer County, KY",2007,10079,2011,9206,9369.5,2,0.9296061117174322,FALSE,FALSE,FALSE,2019,10102,2020,9649,10295.5,2,1.019154622846961,FALSE,FALSE,FALSE,12.9,49529,21255,6,85.23034850009824,13.8,55267,21933,6,87.94905827582473
21169,"Metcalfe County, KY",2006,4236,2009,3693,4094,2,0.9664778092540132,FALSE,FALSE,TRUE,2019,4004,2020,3749,4036,2,1.007992007992008,FALSE,FALSE,FALSE,23.8,30827,10187,9,35.169911376104345,22.6,38978,10071,9,34.76942941678088
21171,"Monroe County, KY",2006,4705,2009,4080,4437.5,2,0.9431455897980872,FALSE,FALSE,TRUE,2018,4456,2020,4277,4356,2,0.9775583482944344,FALSE,FALSE,TRUE,25.2,28266,11171,9,33.90545564913878,21.7,36512,10650,8,32.32415206009561
21173,"Montgomery County, KY",2007,11539,2010,10643,11202,2,0.9707946962475085,FALSE,FALSE,FALSE,2019,11644,2020,10949,11933,2,1.0248196496049466,FALSE,FALSE,FALSE,19.3,38870,25550,6,129.4483625162127,15.8,52903,28157,6,142.65665531776912
21175,"Morgan County, KY",2006,4552,2009,4392,4673,2,1.0265817223198594,FALSE,FALSE,FALSE,2019,4143,2022,3816,4361,2,1.0526188752111996,FALSE,FALSE,FALSE,27.1,28514,14191,7,37.23655485116924,26.5,37433,13309,9,34.92222595407028
21177,"Muhlenberg County, KY",2007,12479,2012,11216,11072,2,0.8872505809760397,FALSE,FALSE,TRUE,2019,11422,2020,10454,10838,2,0.9488706005953423,FALSE,FALSE,TRUE,20,34580,31627,6,67.68318781030646,18.8,45049,30622,6,65.53244307481596
21179,"Nelson County, KY",2007,20078,2009,19339,19837.5,2,0.9880217153102898,FALSE,FALSE,FALSE,2019,21677,2020,20614,21947,2,1.012455598099368,FALSE,FALSE,FALSE,11.3,46605,42020,1,100.3616075053859,10.5,64795,46233,6,110.42404092804632
21181,"Nicholas County, KY",2008,2859,2009,2764,3260,2,1.1402588317593565,FALSE,FALSE,FALSE,2019,3143,2020,3018,3175,2,1.0101813553929366,FALSE,FALSE,FALSE,19.4,36080,7143,8,36.57337716199195,17.3,38084,7269,8,37.21851863230008
21183,"Ohio County, KY",2008,11727,2013,9014,9105,2,0.7764134049629061,FALSE,FALSE,TRUE,2018,9980,2021,9215,9376.5,2,0.9395290581162324,FALSE,FALSE,TRUE,19.4,38710,23794,6,40.52836423406774,15.6,47542,23994,6,40.86902460419523
21185,"Oldham County, KY",2007,26262,2009,25647,27706,2,1.0549843880892544,FALSE,FALSE,FALSE,2019,32151,2020,30571,32933.5,2,1.0243382787471618,FALSE,FALSE,FALSE,6,73632,57991,1,309.6255085587365,4.9,101152,66799,1,356.6531762896836
21187,"Owen County, KY",2007,5003,2008,4963,5361.5,2,1.071657005796522,FALSE,FALSE,FALSE,2018,4620,2020,4452,4733,2,1.0244588744588745,FALSE,FALSE,FALSE,15.3,41246,11000,8,31.384901579801816,15.7,51494,10901,8,31.1024374655836
21189,"Owsley County, KY",2007,1433,2013,1132,1082,2,0.755059316120028,FALSE,FALSE,TRUE,2018,1172,2020,1106,1201,2,1.0247440273037542,FALSE,FALSE,FALSE,44.4,21189,4729,9,23.95619092005147,35.5,28727,4415,9,22.36552821146696
21191,"Pendleton County, KY",2006,7074,2009,6387,6447,2,0.9113655640373197,FALSE,FALSE,TRUE,2019,6666,2020,6306,6585.5,2,0.9879237923792379,FALSE,FALSE,FALSE,15.3,43822,14935,1,53.88817527097435,12.4,58962,14590,1,52.64335300994414
21193,"Perry County, KY",2006,10669,2013,8988,9005.5,2,0.8440809822851252,FALSE,FALSE,TRUE,2019,10526,2020,9986,10073,2,0.9569637089112674,FALSE,FALSE,TRUE,31.4,30089,28742,7,84.6039726366109,24.2,38000,25758,7,75.82037183125125
21195,"Pike County, KY",2008,24231,2013,20599,18596,2,0.767446659238166,FALSE,FALSE,TRUE,2019,19163,2020,17738,18290,2,0.9544434587486301,FALSE,FALSE,TRUE,20.8,32382,65431,7,83.22204161165676,24,36875,57876,7,73.61279638575364
21197,"Powell County, KY",2007,5298,2010,4485,4526,2,0.8542846357115893,FALSE,FALSE,FALSE,2019,5161,2020,5052,5422,2,1.0505715946521992,FALSE,FALSE,FALSE,25.6,31228,12926,6,72.22762374135291,21.5,41760,12359,6,69.05935338228228
21199,"Pulaski County, KY",2007,25581,2011,24678,24627,2,0.9627066963762168,FALSE,FALSE,FALSE,2019,26623,2020,24950,25429,2,0.9551515606806145,FALSE,FALSE,TRUE,21.7,32368,61440,5,93.3596717824039,22.5,43568,64979,5,98.73727397052119
21201,"Robertson County, KY",2007,1015,2013,758,743.5,2,0.732512315270936,FALSE,FALSE,TRUE,2019,785,2020,743,793,2,1.0101910828025478,TRUE,FALSE,FALSE,22.3,34719,2244,8,22.532156520167486,22,47017,2108,8,21.166571276520973
21203,"Rockcastle County, KY",2006,7005,2010,6263,6458.5,2,0.9219842969307638,FALSE,FALSE,TRUE,2019,6013,2021,5748,5907.5,2,0.982454681523366,FALSE,FALSE,TRUE,26.8,29235,17078,7,53.94750558333623,21,40790,16695,7,52.73765111335041
21205,"Rowan County, KY",2008,11613,2010,9844,10165,2,0.8753121501765263,FALSE,FALSE,TRUE,2018,10245,2020,9473,10000,2,0.9760858955588092,FALSE,FALSE,TRUE,24.5,34278,22914,7,81.87050925214646,23.3,44068,24460,7,87.39428542844996
21207,"Russell County, KY",2008,7649,2013,6238,6168,2,0.8063799189436528,FALSE,FALSE,FALSE,2019,7262,2020,6829,7392,2,1.0179014045717434,FALSE,FALSE,FALSE,22.3,28342,17297,9,68.29740187949143,22.6,44056,17923,9,70.76917002290136
21209,"Scott County, KY",2008,21581,2009,20667,23878.5,2,1.1064593855706408,FALSE,FALSE,FALSE,2019,27742,2020,26977,29571.5,2,1.06594693965828,FALSE,FALSE,FALSE,9.4,57895,43491,2,154.1173802419612,8.6,74719,57004,2,202.00287745309961
21211,"Shelby County, KY",2007,20273,2009,19826,20607,2,1.0164751146845559,FALSE,FALSE,FALSE,2019,23858,2020,22908,24266.5,2,1.0171221393243357,FALSE,FALSE,FALSE,13.3,52871,40335,1,106.20342821032675,9.4,71737,49024,1,129.0818610284631
21213,"Simpson County, KY",2007,8878,2010,7550,8215.5,2,0.9253773372381167,FALSE,FALSE,TRUE,2019,8185,2020,7630,8401,2,1.0263897373243738,FALSE,FALSE,FALSE,13.9,43432,17187,6,73.39382940108892,12.5,52931,18572,6,79.30820967225365
21215,"Spencer County, KY",2008,8517,2009,8314,8533,2,1.0018785957496772,FALSE,FALSE,FALSE,2019,9199,2020,8831,9619.5,2,1.0457114903793892,FALSE,FALSE,FALSE,7.9,59939,16346,1,87.56582436479154,7.3,79863,19351,1,103.66366495063508
21217,"Taylor County, KY",2007,13001,2013,10348,10822,2,0.8323975078840089,FALSE,FALSE,TRUE,2019,11209,2021,10777,10619.5,2,0.9474083325898831,FALSE,FALSE,TRUE,17.1,35012,24078,7,90.37813328128402,16.4,48485,25769,7,96.72539731395497
21219,"Todd County, KY",2008,4866,2009,4680,5239.5,2,1.0767570900123304,FALSE,FALSE,FALSE,2019,5427,2020,5365,5654.5,2,1.0419200294822186,FALSE,FALSE,FALSE,18.7,39375,12169,8,32.49286406613389,17.1,47742,12294,8,32.82663085126551
21221,"Trigg County, KY",2006,6304,2009,5443,5492,2,0.8711928934010152,FALSE,FALSE,TRUE,2019,5555,2020,5383,5500.5,2,0.99018901890189015,FALSE,FALSE,FALSE,17,41286,14079,3,31.893854786570103,14.6,49955,14651,2,33.189634667095575
21223,"Trimble County, KY",2006,4131,2011,3572,3627.5,2,0.8781166787702736,FALSE,FALSE,TRUE,2019,3810,2020,3633,3767,2,0.9887139107611549,FALSE,FALSE,TRUE,14.5,43994,8903,1,60.24862794458995,11.9,58998,8471,1,57.32518559121885
21225,"Union County, KY",2008,7167,2013,6350,5855.5,2,0.8170085112320358,FALSE,FALSE,TRUE,2019,6024,2020,5694,5744,2,0.953519256308101,FALSE,FALSE,TRUE,23.1,40711,15060,6,43.92232805837645,17.3,49870,14381,6,41.94203185972854
21227,"Warren County, KY",2007,55076,2009,52606,55084,2,1.0001452538310698,FALSE,FALSE,FALSE,2019,66447,2020,62537,67806.5,2,1.0204599154213132,FALSE,FALSE,FALSE,18,42303,107356,3,198.1725213667325,15.4,53238,132896,3,245.31777822900708
21229,"Washington County, KY",2007,5108,2009,4695,5665.5,2,1.1091425215348474,FALSE,FALSE,FALSE,2019,5766,2020,5416,5706.5,2,0.9896808879639265,FALSE,FALSE,FALSE,14.6,40614,11640,8,39.15447854576769,14.4,51286,12095,9,40.68500154734193
21231,"Wayne County, KY",2006,8078,2013,6595,6575.5,2,0.8140009903441446,FALSE,FALSE,TRUE,2018,7096,2022,6732,6447.5,2,0.9086104847801578,FALSE,FALSE,TRUE,27,28154,20667,7,45.12021797080187,23.8,34449,20333,7,44.39102878987344
21233,"Webster County, KY",2006,6286,2010,5563,5790,2,0.9210944957047407,FALSE,FALSE,TRUE,2018,5154,2022,4623,4728.5,2,0.9174427629026,FALSE,FALSE,TRUE,13.2,39923,13867,2,41.76480155168571,16.3,49079,12942,8,38.97887514833175
21235,"Whitley County, KY",2006,14416,2011,12271,12349,2,0.8566176470588235,FALSE,FALSE,FALSE,2019,13131,2020,13059,14314.5,2,1.0901302261823167,FALSE,FALSE,FALSE,27.7,27424,36138,7,82.52154493265924,22.6,38191,36264,7,82.80926740378423
21237,"Wolfe County, KY",2006,2101,2011,1797,1823.5,2,0.8679200380771062,FALSE,FALSE,TRUE,2019,1270,2020,1325,1413.5,2,1.112992125984252,FALSE,FALSE,FALSE,36.7,24749,7323,9,32.96287793877358,30.1,32773,7157,9,32.21566535679401
21239,"Woodford County, KY",2006,12874,2009,11880,13415.5,2,1.042061519341308,FALSE,FALSE,FALSE,2019,14073,2020,13607,14226,2,1.010871882327862,FALSE,FALSE,FALSE,10.6,56840,24214,2,127.72915974321238,8.3,67815,26734,2,141.02219197881556
22001,"Acadia Parish, LA",2008,25950,2011,24318,24934,2,0.9608477842003853,FALSE,FALSE,TRUE,2018,22918,2020,21403,22700.5,2,0.990509643075312,FALSE,FALSE,TRUE,23.5,33098,60762,4,92.73186782328415,20.3,44728,62045,2,94.68991703853831
22003,"Allen Parish, LA",2006,8378,2013,8114,8126.5,2,0.9699809023633326,FALSE,FALSE,FALSE,2019,8047,2020,7289,7543.5,2,0.9374300981732323,FALSE,FALSE,TRUE,21.6,34958,25937,6,34.0342612700683,21.6,47111,25627,6,33.627482498671405
22005,"Ascension Parish, LA",2008,48666,2009,48905,51334.5,2,1.0548329429170262,FALSE,FALSE,FALSE,2019,61582,2020,58978,65545.5,2,1.064361339352408,FALSE,FALSE,FALSE,12.2,56720,100132,2,345.2791867670335,9.6,83072,126604,2,436.56100109309216
22007,"Assumption Parish, LA",2008,10042,2011,8861,9186.5,2,0.9148078072097192,FALSE,FALSE,TRUE,2018,9454,2020,8564,8958.5,2,0.9475883224032156,FALSE,FALSE,TRUE,21.9,39643,23543,6,68.43477578403643,18.8,51763,21891,6,63.632743349969914
22009,"Avoyelles Parish, LA",2008,15473,2013,14859,14694.5,2,0.9496865507658502,FALSE,FALSE,FALSE,2018,14513,2020,13650,13918.5,2,0.9590367256942052,FALSE,FALSE,TRUE,26.7,29239,41809,6,50.28970497845105,24.4,38316,40144,6,48.28696971118512
22011,"Beauregard Parish, LA",2006,14027,2011,13235,13583,2,0.9683467598203465,FALSE,FALSE,FALSE,2019,13872,2020,13274,14147,2,1.0198241061130335,FALSE,FALSE,FALSE,15.9,40592,34623,6,29.9124475799972,14.3,55343,37497,6,32.39543213780305
22013,"Bienville Parish, LA",2007,6248,2011,5321,5445,2,0.8714788732394366,FALSE,FALSE,TRUE,2018,4649,2021,4289,4318,2,0.9288018928801893,FALSE,FALSE,TRUE,25.5,29728,14699,6,18.116853024118004,24.4,37198,13241,6,16.319834743339445
22015,"Bossier Parish, LA",2008,52297,2009,51161,54326,2,1.038797636575712,FALSE,FALSE,FALSE,2019,53802,2020,51044,56513.5,2,1.0503977547303074,FALSE,FALSE,FALSE,15,47539,112048,2,133.45068786988415,16.4,54080,127039,2,151.30517221460636
22017,"Caddo Parish, LA",2006,114260,2013,102533,101474.5,2,0.8881016978820234,FALSE,FALSE,TRUE,2018,99271,2020,91742,96849,2,0.975602139597667,FALSE,FALSE,TRUE,22.9,35547,251760,2,286.2421620515386,24.1,45613,240204,2,273.10340122905853
22019,"Calcasieu Parish, LA",2008,90173,2011,81153,86242,2,0.9564060195402171,FALSE,FALSE,FALSE,2018,96757,2020,81225,81307,2,0.840321630476348,FALSE,FALSE,TRUE,17.5,42018,187081,3,175.8139622304609,18.9,53050,203436,3,191.18397496440602
22021,"Caldwell Parish, LA",2007,4351,2013,3648,3483,2,0.8005056308894507,FALSE,FALSE,TRUE,2018,3211,2020,2957,3126.5,2,0.9736842105263158,FALSE,FALSE,TRUE,19.9,33250,10189,8,19.23287464371331,19.5,44007,9918,8,18.721331898748513
22023,"Cameron Parish, LA",2006,3588,2009,2957,3091,2,0.8614827201783724,FALSE,FALSE,TRUE,2018,2571,2022,1928,1786,2,0.6946713341112407,FALSE,FALSE,TRUE,14.1,40460,7517,3,5.851449317668233,13.7,60317,6973,3,5.427984048436954
22025,"Catahoula Parish, LA",2006,3976,2013,3583,3096.5,2,0.778797786720322,FALSE,FALSE,TRUE,2019,2991,2020,3016,3183.5,2,1.0643597459043799,FALSE,FALSE,FALSE,30,30003,10481,9,14.777540281874426,26.4,36794,9494,9,13.385933349500602
22027,"Claiborne Parish, LA",2006,6653,2013,6058,5153.5,2,0.77461295656095,FALSE,FALSE,TRUE,2018,4557,2020,4163,4232.5,2,0.9287908711871845,FALSE,FALSE,TRUE,28.9,31393,17149,7,22.720106413140538,32.5,36497,15670,6,20.76063137756792
22029,"Concordia Parish, LA",2008,7062,2009,6714,7171.5,2,1.0155055225148684,FALSE,FALSE,FALSE,2019,6078,2020,5802,6122,2,1.0072392234287595,FALSE,FALSE,FALSE,30.1,28595,20244,7,29.09849850367828,27.5,36276,19259,7,27.682670553365934
22031,"De Soto Parish, LA",2006,10930,2013,10074,10066.5,2,0.9209972552607503,FALSE,FALSE,TRUE,2018,10087,2020,9594,10606.5,2,1.0515019331813225,FALSE,FALSE,FALSE,19.9,35058,26413,2,30.136379869222285,18,47347,27463,2,31.334395954584924
22033,"East Baton Rouge Parish, LA",2007,208906,2009,206340,207887,2,0.995122208074445,FALSE,FALSE,FALSE,2018,215771,2020,202475,215418.5,2,0.9983663235559922,FALSE,FALSE,FALSE,18.1,42173,433344,2,951.3547690240657,17.7,56303,440059,2,966.0967460077014
22035,"East Carroll Parish, LA",2006,2908,2012,1768,1892,2,0.6506189821182944,FALSE,FALSE,TRUE,2018,1275,2022,1102,1089.5,2,0.8545098039215686,FALSE,FALSE,TRUE,38.6,23888,8102,7,19.249822398886163,38.4,29943,6861,7,16.301287518977777
22037,"East Feliciana Parish, LA",2008,7742,2013,7432,7343,2,0.9484629294755877,FALSE,FALSE,TRUE,2018,7046,2020,6517,6941,2,0.985097927902356,FALSE,FALSE,TRUE,22.5,35960,20432,2,45.07459854884148,18.7,50041,19135,2,42.21331456695779
22039,"Evangeline Parish, LA",2008,11900,2009,11818,12025.5,2,1.010546218487395,FALSE,FALSE,FALSE,2018,11048,2020,10536,11279,2,1.0209087617668355,FALSE,FALSE,FALSE,26.4,28629,34873,6,52.64397348554038,28.6,35146,33395,6,50.412797710252086
22041,"Franklin Parish, LA",2006,7405,2013,6951,6841,2,0.923835246455098,FALSE,FALSE,FALSE,2019,7019,2020,6767,7170,2,1.0215130360450206,FALSE,FALSE,FALSE,29.1,28282,20740,7,33.22131418008707,25.8,35484,20015,7,32.06000980301074
22043,"Grant Parish, LA",2008,8456,2013,7577,7807.5,2,0.9233088930936613,FALSE,FALSE,TRUE,2018,7740,2020,7491,7963.5,2,1.028875968992248,FALSE,FALSE,FALSE,18.9,37473,21268,3,33.03766990291262,18.6,49544,22389,3,34.779029126213594
22045,"Iberia Parish, LA",2008,33702,2011,29663,30348.5,2,0.9004955195537356,FALSE,FALSE,TRUE,2019,29046,2020,27130,27400,2,0.9433312676444261,FALSE,FALSE,TRUE,20.2,39268,73482,4,127.85259421651529,21.9,47731,69830,2,121.49841667536624
22047,"Iberville Parish, LA",2006,11701,2009,11353,12685.5,2,1.0841381078540295,FALSE,FALSE,FALSE,2018,12513,2020,11367,12131,2,0.9694717493806442,FALSE,FALSE,TRUE,20,37483,33603,2,54.43764934591552,18.7,55198,32511,2,52.66858369446357
22049,"Jackson Parish, LA",2008,6334,2009,6070,6463,2,1.0203662772339754,FALSE,FALSE,FALSE,2018,5013,2020,4836,5257,2,1.0486734490325154,FALSE,FALSE,FALSE,17.7,35137,15922,6,27.959428800213534,19.2,43232,15744,6,27.646856364185524
22051,"Jefferson Parish, LA",2007,214575,2009,199631,199838.5,2,0.9313223814517069,FALSE,FALSE,TRUE,2019,207052,2020,188526,202011,2,0.9756534590344454,FALSE,FALSE,TRUE,14.6,47366,432683,1,1438.1348383322697,14.6,55909,432493,1,1437.503323760902
22053,"Jefferson Davis Parish, LA",2008,14407,2011,12100,12556.5,2,0.8715554938571528,FALSE,FALSE,TRUE,2018,13778,2020,11496,12137.5,2,0.8809333720423864,FALSE,FALSE,TRUE,18.6,36185,31379,6,48.16275785854617,19.1,47988,31368,6,48.1458742632613
22055,"Lafayette Parish, LA",2008,109193,2009,107264,110022,2,1.007592061762201,FALSE,FALSE,FALSE,2019,115271,2020,110126,121626,2,1.0551309522776762,FALSE,FALSE,FALSE,15.2,44568,211826,3,787.9640065915999,16.6,60053,244390,2,909.0976724808148
22057,"Lafourche Parish, LA",2008,48347,2011,42096,45327,2,0.9375349039237181,FALSE,FALSE,TRUE,2019,40614,2020,38516,40428.5,2,0.995432609445019,FALSE,FALSE,FALSE,17.2,41706,94745,3,88.72974443548516,17.5,54145,97614,3,91.41659478943953
22059,"LaSalle Parish, LA",2008,6146,2009,6034,6414.5,2,1.0436869508623494,FALSE,FALSE,FALSE,2019,5876,2020,5831,5915,2,1.0066371681415929,FALSE,FALSE,FALSE,18.4,36307,14570,6,23.31744695560883,16.9,51014,14892,6,23.832767334449326
22061,"Lincoln Parish, LA",2008,18342,2012,17979,19274,2,1.0508123432559153,FALSE,FALSE,FALSE,2018,21092,2020,19720,20807,2,0.9864877678740754,FALSE,FALSE,TRUE,23.9,31767,45323,4,96.09741410748967,29.5,41608,46742,4,99.10609028996937
22063,"Livingston Parish, LA",2008,55819,2009,55860,58147.5,2,1.041715186585213,FALSE,FALSE,FALSE,2019,63171,2020,60555,68108,2,1.0781529499295563,FALSE,FALSE,FALSE,10.8,53259,119528,2,184.4195077846917,12,63852,140789,2,217.2230613872813
22065,"Madison Parish, LA",2006,4348,2012,3455,3500.5,2,0.8050827966881324,FALSE,FALSE,TRUE,2018,3031,2020,2899,3023.5,2,0.9975255691191026,FALSE,FALSE,FALSE,33.3,25855,12410,7,19.891486411758578,41.1,32229,10951,7,17.55291439928833
22067,"Morehouse Parish, LA",2006,10914,2010,9456,9822.5,2,0.8999908374564779,FALSE,FALSE,TRUE,2018,9526,2020,8777,9008,2,0.9456225068234306,FALSE,FALSE,TRUE,31,28847,28478,6,35.82363670671111,31,34922,24874,6,31.29001824014089
22069,"Natchitoches Parish, LA",2006,17275,2012,14743,15384.5,2,0.8905643994211287,FALSE,FALSE,TRUE,2018,12940,2020,12378,13647,2,1.0546367851622875,FALSE,FALSE,FALSE,28.8,30227,39114,6,31.216081621186774,19.6,49536,38158,6,30.45311761776461
22071,"Orleans Parish, LA",2008,125697,2009,135500,154999,2,1.2331161443789431,FALSE,FALSE,FALSE,2019,176317,2020,160167,169684,2,0.9623802582847939,FALSE,FALSE,TRUE,21.8,37348,268751,1,1585.551622418879,23.5,45092,390144,1,2301.734513274336
22073,"Ouachita Parish, LA",2006,69897,2011,64696,66393.5,2,0.949876246476959,FALSE,FALSE,TRUE,2018,67823,2020,64319,68119,2,1.0043643011957595,FALSE,FALSE,FALSE,20.8,37147,151157,3,247.65626280003275,23.9,43235,153279,3,251.13295650036864
22075,"Plaquemines Parish, LA",2007,8708,2009,7524,9582,2,1.100367478180983,FALSE,FALSE,FALSE,2019,10332,2020,9386,9975.5,2,0.965495547812621,FALSE,FALSE,TRUE,16.3,44896,22709,1,29.09191065789558,15.1,60795,23197,1,29.71707479550855
22077,"Pointe Coupee Parish, LA",2006,9161,2009,8937,9162,2,1.0001091583888222,FALSE,FALSE,FALSE,2018,8700,2020,7978,8354,2,0.9602298850574713,FALSE,FALSE,TRUE,21.4,38131,22848,2,41.13088326627602,20,48011,21730,2,39.11826389076409
22079,"Rapides Parish, LA",2008,59327,2013,53471,54926.5,2,0.925826352251083,FALSE,FALSE,TRUE,2018,54502,2020,52578,54877,2,1.006880481450222,FALSE,FALSE,FALSE,19.8,36938,130238,3,98.3588976746645,18.3,49687,129648,3,97.91331535899586
22081,"Red River Parish, LA",2007,3258,2009,3211,3734.5,2,1.1462553713934929,FALSE,FALSE,FALSE,2018,3079,2020,2650,2898.5,2,0.9413770704774277,FALSE,FALSE,TRUE,23.2,29651,9245,6,23.767288806622446,23.9,39806,8442,8,21.702915316982878
22083,"Richland Parish, LA",2008,8310,2013,7855,7784,2,0.9367027677496992,FALSE,FALSE,TRUE,2018,7602,2020,7184,7662,2,1.0078926598263616,FALSE,FALSE,FALSE,24.2,29394,20670,6,37.20215329734905,25.1,39586,20122,6,36.215855280563986
22085,"Sabine Parish, LA",2006,9341,2013,8599,8114,2,0.8686436141740713,FALSE,FALSE,TRUE,2019,7667,2020,7513,7900,2,1.0303899830442154,FALSE,FALSE,FALSE,19.3,35126,24090,6,27.797297811871488,18.4,45486,23884,6,27.55959572182394
22087,"St. Bernard Parish, LA",2008,16752,2010,14733,16800.5,2,1.00289517669532,FALSE,FALSE,FALSE,2019,18145,2020,16629,18684,2,1.0297051529346928,FALSE,FALSE,FALSE,18.9,33093,23613,1,62.54817663840304,19.2,45806,47244,1,125.14403324883384
22089,"St. Charles Parish, LA",2007,25409,2009,22395,23301.5,2,0.9170569483253965,FALSE,FALSE,TRUE,2019,24745,2020,22516,24064,2,0.9724792887452011,FALSE,FALSE,TRUE,10.8,54998,52765,1,189.9784692268364,11.1,71579,53100,1,191.18462457964586
22091,"St. Helena Parish, LA",2006,3945,2009,3808,4064.5,2,1.0302915082382762,FALSE,FALSE,FALSE,2018,3877,2020,3651,3922,2,1.0116069125612588,FALSE,FALSE,FALSE,21.9,32113,11070,2,27.09735219459179,19.6,43376,10132,2,24.80129832299946
22093,"St. James Parish, LA",2008,8498,2009,8548,8799,2,1.0354200988467874,FALSE,FALSE,FALSE,2018,9057,2020,8114,8614,2,0.951087556586066,FALSE,FALSE,TRUE,17.1,44195,22164,6,93.18047094731797,16.6,57250,21096,1,88.6904536683189
22095,"St. John the Baptist Parish, LA",2007,21493,2013,18425,18809,2,0.8751221327874191,FALSE,FALSE,TRUE,2018,18724,2020,16915,17552,2,0.9374065370647298,FALSE,FALSE,TRUE,16.9,43752,47386,1,220.94053358449042,16,54944,42837,1,199.7305034642894
22097,"St. Landry Parish, LA",2006,36387,2011,30788,31322.5,2,0.8608156759282162,FALSE,FALSE,TRUE,2019,30496,2020,29559,31285,2,1.0258722455403988,FALSE,FALSE,FALSE,30.5,28472,84710,4,91.7392443831237,22.6,39599,82124,4,88.93865784110082
22099,"St. Martin Parish, LA",2008,23245,2010,22305,22944.5,2,0.9870724887072488,FALSE,FALSE,TRUE,2018,22754,2020,21319,22708.5,2,0.9980003515865342,FALSE,FALSE,FALSE,17,38271,51410,3,69.70384340565847,18.7,47247,53431,2,72.44400033082547
22101,"St. Mary Parish, LA",2008,22555,2009,21520,23437,2,1.0391044114387054,FALSE,FALSE,FALSE,2018,19412,2020,17980,19048,2,0.9812487121368226,FALSE,FALSE,TRUE,22.4,36109,54104,4,96.86891257018448,23.8,40918,49348,4,88.35367251059928
22103,"St. Tammany Parish, LA",2007,113295,2011,102229,106550.5,2,0.9404695705900525,FALSE,FALSE,FALSE,2019,118402,2020,112365,123890.5,2,1.0463547913042008,FALSE,FALSE,FALSE,11.2,58891,226294,1,267.71895744184974,11.5,71526,260419,1,308.0908162746209
22105,"Tangipahoa Parish, LA",2008,50264,2011,48670,49159.5,2,0.9780260226006685,FALSE,FALSE,FALSE,2019,54325,2020,52581,57352.5,2,1.0557294063506673,FALSE,FALSE,FALSE,22.9,34132,116792,4,147.61748274728888,21.7,47860,134758,3,170.32533683864608
22107,"Tensas Parish, LA",2006,2175,2013,1606,1446,2,0.6648275862068965,FALSE,FALSE,TRUE,2018,1215,2020,1106,1113,2,0.9160493827160494,FALSE,FALSE,TRUE,37,22264,5513,9,9.13804363320526,28.9,31436,4334,9,7.183798495612479
22109,"Terrebonne Parish, LA",2008,54332,2011,47283,51178.5,2,0.9419586983729662,FALSE,FALSE,TRUE,2018,45825,2020,43114,44079,2,0.96189852700491,FALSE,FALSE,TRUE,17.7,44235,110656,3,89.97242025290109,19,51719,110461,3,89.81386923036895
22111,"Union Parish, LA",2006,10039,2013,8480,8316.5,2,0.8284191652555035,FALSE,FALSE,TRUE,2018,7763,2020,7310,7768,2,1.0006440808965607,FALSE,FALSE,FALSE,18.8,34172,22770,3,25.966087855921852,19.4,44617,22108,3,25.21116690025122
22113,"Vermilion Parish, LA",2008,23528,2009,23228,24246.5,2,1.030538082284937,FALSE,FALSE,FALSE,2018,23915,2020,22397,24129.5,2,1.0089692661509513,FALSE,FALSE,FALSE,20.5,37556,56835,4,48.491751666943955,17,50193,59511,2,50.77492097213867
22115,"Vernon Parish, LA",2006,20986,2013,16358,16438,2,0.7832840941580101,FALSE,FALSE,TRUE,2018,15980,2020,15522,16687,2,1.0442428035043805,FALSE,FALSE,FALSE,16.6,41605,49796,4,37.53293817572253,15.3,51652,47429,5,35.7488498019187
22117,"Washington Parish, LA",2007,15038,2009,14465,15184.5,2,1.009741986966352,FALSE,FALSE,FALSE,2018,16183,2020,15560,17065.5,2,1.054532534140765,FALSE,FALSE,FALSE,25.5,30160,46376,6,69.25543242084892,24.9,35505,46194,6,68.98364337693408
22119,"Webster Parish, LA",2006,19094,2013,14259,13688,2,0.7168744108096784,FALSE,FALSE,TRUE,2018,13295,2020,12592,12953.5,2,0.9743136517487777,FALSE,FALSE,TRUE,20.5,34207,41275,6,69.56628727547913,29.6,38386,38340,2,64.61953856188661
22121,"West Baton Rouge Parish, LA",2007,10248,2009,10028,11155,2,1.0885050741608118,FALSE,FALSE,FALSE,2019,12575,2020,11994,13347.5,2,1.0614314115308152,FALSE,FALSE,FALSE,16.9,43020,23184,2,120.53278986825823,14.4,65344,26465,2,137.59059195408275
22123,"West Carroll Parish, LA",2006,4785,2011,3627,3698,2,0.7728317659352142,FALSE,FALSE,TRUE,2018,3780,2020,3380,3446.5,2,0.9117724867724868,FALSE,FALSE,TRUE,25.5,28781,11708,9,32.55061359074304,21,42614,10830,9,30.109595591710548
22125,"West Feliciana Parish, LA",2006,4641,2009,4427,4858.5,2,1.0468648998060763,FALSE,FALSE,FALSE,2018,5528,2020,5171,5595.5,2,1.012210564399421,FALSE,FALSE,FALSE,22.5,47714,15655,2,38.825247943415086,22.1,65296,15568,2,38.60948323111377
22127,"Winn Parish, LA",2006,6155,2013,4955,4882.5,2,0.7932575142160845,FALSE,FALSE,TRUE,2018,4744,2020,4384,4612.5,2,0.9722807757166948,FALSE,FALSE,TRUE,26.2,32371,15588,6,16.40835196483383,23.4,43166,13904,6,14.63572784956695
23001,"Androscoggin County, ME",2007,55677,2010,51265,52418,2,0.9414659554214487,FALSE,FALSE,TRUE,2018,54529,2020,51985,52839,2,0.9690073172073576,FALSE,FALSE,TRUE,14.1,45254,107739,3,230.23416831568915,10.4,58958,108277,3,231.38385396855247
23003,"Aroostook County, ME",2006,33306,2013,30962,29931,2,0.8986669068636282,FALSE,FALSE,TRUE,2018,29438,2020,27393,27399.5,2,0.9307527685304708,FALSE,FALSE,TRUE,17.4,35438,72711,7,10.899284263694597,15.5,40675,67055,7,10.051457225207205
23005,"Cumberland County, ME",2007,152591,2010,146268,151497,2,0.9928305076970464,FALSE,FALSE,FALSE,2019,166900,2020,156786,166904.5,2,1.000026962252846,FALSE,FALSE,FALSE,9.7,54992,278781,2,333.39113463557675,7.8,75254,295003,2,352.79084618714705
23007,"Franklin County, ME",2006,13603,2009,12937,14147,2,1.0399911784165257,FALSE,FALSE,FALSE,2019,14187,2020,12985,13493.5,2,0.9511172199901318,FALSE,FALSE,TRUE,16,39929,30596,6,18.029389389672524,12.6,51136,30199,6,17.795448103631863
23009,"Hancock County, ME",2006,28284,2009,26921,27471,2,0.9712558336868902,FALSE,FALSE,TRUE,2018,27752,2020,25415,27357,2,0.9857667915825886,FALSE,FALSE,FALSE,9.9,44632,54300,6,34.212719949040064,10.6,58926,54987,6,34.64557701358869
23011,"Kennebec County, ME",2008,60424,2010,58304,59328.5,2,0.9818697868396663,FALSE,FALSE,FALSE,2018,60042,2020,57808,60162,2,1.0019986009793145,FALSE,FALSE,FALSE,13,43913,121741,4,140.34013817176597,11.5,55358,122302,4,140.9868456697688
23013,"Knox County, ME",2006,20564,2010,18938,19393,2,0.9430558257148415,FALSE,FALSE,TRUE,2018,20010,2020,18474,19355.5,2,0.9672913543228385,FALSE,FALSE,TRUE,10.6,44619,40297,7,110.43299534118937,10.9,55910,39772,7,108.99424499862977
23015,"Lincoln County, ME",2006,17752,2011,15844,16233.5,2,0.9144603424966201,FALSE,FALSE,TRUE,2019,16235,2020,15115,16208.5,2,0.998367724052972,FALSE,FALSE,FALSE,10.8,45816,34899,8,76.55522334365067,11,58619,34634,8,75.97391344405276
23017,"Oxford County, ME",2006,26946,2010,25007,25362,2,0.9412157648630595,FALSE,FALSE,TRUE,2018,25918,2020,24253,25585.5,2,0.9871710780152789,FALSE,FALSE,TRUE,14.4,38359,57966,6,27.909086269438284,13,50344,57975,6,27.913419529908644
23019,"Penobscot County, ME",2007,74825,2009,72434,73538.5,2,0.9828065486134313,FALSE,FALSE,TRUE,2019,73188,2020,68761,71532.5,2,0.9773801716128327,FALSE,FALSE,FALSE,13.5,41348,152232,3,44.8112055095011,12.4,50702,152148,3,44.78647916245975
23021,"Piscataquis County, ME",2006,7052,2009,6505,7152.5,2,1.0142512762336926,FALSE,FALSE,FALSE,2018,6680,2020,6273,6499.5,2,0.9729790419161677,FALSE,FALSE,FALSE,16.5,32989,17660,8,4.458642305547273,16.5,43509,16785,8,4.2377299602837475
23023,"Sagadahoc County, ME",2008,18265,2009,17437,17942,2,0.9823159047358335,FALSE,FALSE,FALSE,2019,18895,2020,17641,18748.5,2,0.9922466260915586,FALSE,FALSE,FALSE,9.2,52375,35890,2,141.31089578272218,8.6,65841,35856,2,141.17702644706844
23025,"Somerset County, ME",2006,23539,2010,22003,22375.5,2,0.9505713921576957,FALSE,FALSE,TRUE,2018,21952,2020,20653,21546.5,2,0.9815278790087464,FALSE,FALSE,TRUE,17.2,35683,52459,6,13.367836565781662,18.3,45333,50484,6,12.864558249050141
23027,"Waldo County, ME",2006,18567,2009,17418,18891.5,2,1.0174772445737061,FALSE,FALSE,FALSE,2018,19168,2020,17566,18363,2,0.9580029215358932,FALSE,FALSE,TRUE,14.5,40441,38751,6,53.06705996902333,13.7,51073,39715,6,54.38719740573822
23029,"Washington County, ME",2006,14071,2009,12868,13303,2,0.945419657451496,FALSE,FALSE,TRUE,2018,12382,2020,11686,11948.5,2,0.9649895008883864,FALSE,FALSE,TRUE,20.1,32624,33424,7,13.042367011677024,19.6,39068,31379,7,12.244388297612893
23031,"York County, ME",2007,108631,2010,100263,103829,2,0.9557953070486326,FALSE,FALSE,FALSE,2019,112288,2020,105288,112668.5,2,1.0033886078654888,FALSE,FALSE,FALSE,8.2,52365,197594,2,199.3492703252135,7.9,66803,207641,2,209.48552000363196
24001,"Allegany County, MD",2008,33913,2013,30942,28973,2,0.8543331465809572,FALSE,FALSE,TRUE,2019,27837,2021,25076,24153,2,0.8676581528181916,FALSE,FALSE,TRUE,14.2,37171,74449,3,176.33627744262776,16,48170,70416,3,166.7839099571529
24003,"Anne Arundel County, MD",2008,277305,2010,267224,279236.5,2,1.0069652548637782,FALSE,FALSE,FALSE,2019,310880,2020,293221,305082,2,0.9813497169325784,FALSE,FALSE,TRUE,5,80158,520503,1,1254.8106825841478,5.8,100916,579234,1,1396.397352015159
24005,"Baltimore County, MD",2008,418454,2010,397206,411881,2,0.9842921802635415,FALSE,FALSE,FALSE,2019,442963,2021,412222,430164.5,2,0.9711070676331883,FALSE,FALSE,TRUE,7.6,60828,796073,1,1330.4292747819868,8.9,76972,827370,1,1382.7340822718172
24009,"Calvert County, MD",2008,47955,2011,44654,45109.5,2,0.9406631216765717,FALSE,FALSE,TRUE,2019,47863,2020,46256,47129.5,2,0.9846750099241586,FALSE,FALSE,FALSE,5.2,89159,87445,1,410.1740231718186,5.7,111056,92525,1,434.002532951827
24011,"Caroline County, MD",2008,15863,2009,15138,16152.5,2,1.0182500157599446,FALSE,FALSE,FALSE,2019,16477,2021,14838,15643,2,0.9493839898039692,FALSE,FALSE,TRUE,11.7,48387,32720,6,102.42860988849306,12.1,60143,33406,6,104.5761045823655
24013,"Carroll County, MD",2008,93154,2010,86563,88287,2,0.9477531829014321,FALSE,FALSE,FALSE,2019,93258,2020,87663,92209.5,2,0.9887569967187801,FALSE,FALSE,FALSE,4.7,79803,167390,1,373.9597645297856,5.1,101810,168447,1,376.32116886163334
24015,"Cecil County, MD",2007,49288,2009,46971,47641,2,0.9665841584158416,FALSE,FALSE,FALSE,2019,49651,2021,46953,50248.5,2,1.012033997301162,FALSE,FALSE,FALSE,9.3,62489,99628,1,287.692751949177,10.3,75307,102855,1,297.0112619116373
24017,"Charles County, MD",2008,76157,2010,73051,75028.5,2,0.9851819268090918,FALSE,FALSE,FALSE,2019,87065,2021,82651,86513,2,0.9936599092631941,FALSE,FALSE,TRUE,5.9,81545,142721,1,311.74110292495504,6.4,102510,163257,1,356.5972578682842
24019,"Dorchester County, MD",2006,16005,2013,14479,14785.5,2,0.9238050609184629,FALSE,FALSE,TRUE,2019,15327,2021,14599,15046.5,2,0.9816989626149931,FALSE,FALSE,TRUE,13.7,42077,32172,6,59.493495326065855,16.4,48709,31929,6,59.04413192421847
24021,"Frederick County, MD",2007,121873,2009,117737,120842,2,0.9915403739958809,FALSE,FALSE,FALSE,2019,147120,2020,139724,151149.5,2,1.0273892060902665,FALSE,FALSE,FALSE,5.3,76802,227463,1,344.31485335856195,5.7,102951,259547,1,392.8809839167455
24023,"Garrett County, MD",2008,16255,2010,14452,14570,2,0.8963395878191326,FALSE,FALSE,TRUE,2019,14093,2022,12891,13236,2,0.9391896686298162,FALSE,FALSE,TRUE,12.9,42041,30148,6,46.44749390288055,12.8,59253,29014,6,44.700397641574114
24025,"Harford County, MD",2008,130064,2010,122851,127126.5,2,0.9774149649403371,FALSE,FALSE,FALSE,2019,138879,2020,130915,136510,2,0.9829419854693654,FALSE,FALSE,TRUE,5.6,72092,241634,1,552.7800972261939,6.7,91492,255441,1,584.3660280240206
24027,"Howard County, MD",2008,159087,2010,152110,162220,2,1.0196936267576862,FALSE,FALSE,FALSE,2019,177633,2020,167762,175002.5,2,0.9851913777282374,FALSE,FALSE,FALSE,4.5,100744,275196,1,1096.6168559474,5,121329,325690,1,1297.8282526399682
24029,"Kent County, MD",2007,10890,2013,9658,9623.5,2,0.8837006427915519,FALSE,FALSE,TRUE,2019,9360,2021,8316,8863,2,0.9469017094017094,FALSE,FALSE,TRUE,12.7,46693,19801,6,71.49949988986744,12.4,65615,19422,6,70.1309674693705
24031,"Montgomery County, MD",2008,508454,2009,500481,511838.5,2,1.006656452697786,FALSE,FALSE,FALSE,2019,580758,2021,535378,553711,2,0.9534281060269509,FALSE,FALSE,TRUE,5.1,91440,931694,1,1889.2901682061058,7.3,110012,1050688,1,2130.586338703627
24033,"Prince George's County, MD",2008,438453,2009,430894,449442.5,2,1.0250642600233093,FALSE,FALSE,FALSE,2019,517189,2021,479018,490331.5,2,0.9480702412464302,FALSE,FALSE,TRUE,8.1,67706,849916,1,1761.1371854246313,8.7,85357,909327,1,1884.2445528859603
24035,"Queen Anne's County, MD",2008,26025,2010,24311,25105,2,0.9646493756003842,FALSE,FALSE,FALSE,2019,26791,2020,25354,27360.5,2,1.021257138591318,FALSE,FALSE,FALSE,6.1,75902,46517,1,125.1570617942309,6,101350,50381,1,135.5534090817367
24037,"St. Mary's County, MD",2008,51102,2010,50278,51316.5,2,1.0041974873781847,FALSE,FALSE,FALSE,2019,57275,2021,55059,57230,2,0.9992143168921869,FALSE,FALSE,FALSE,7.7,72534,100599,4,280.56079249450585,7.7,89123,113510,3,316.56831137537506
24039,"Somerset County, MD",2006,10784,2013,8602,8970,2,0.8317878338278932,FALSE,FALSE,TRUE,2019,9184,2020,8609,9164.5,2,0.9978767421602788,FALSE,FALSE,FALSE,23,35553,26534,3,82.98384044985285,23.6,38731,25616,2,80.11283850770448
24041,"Talbot County, MD",2008,18734,2009,17560,18056,2,0.96380911711327,FALSE,FALSE,TRUE,2018,17758,2021,15098,16684,2,0.9395202162405676,FALSE,FALSE,TRUE,8.3,56512,37167,6,138.39571634966265,8.7,75714,37181,6,138.44784700397685
24043,"Washington County, MD",2006,66091,2009,62409,70631,2,1.068693165483954,FALSE,FALSE,FALSE,2019,70946,2021,66142,67629.5,2,0.9532531784737688,FALSE,FALSE,TRUE,10.5,50257,146173,3,319.3056113800395,12.3,59785,151049,2,329.95692291561085
24045,"Wicomico County, MD",2008,50906,2010,45608,45982.5,2,0.9032825207244726,FALSE,FALSE,FALSE,2019,50611,2020,48013,51045,2,1.0085752109225268,FALSE,FALSE,FALSE,13.2,49981,96110,3,256.68554885197915,16,54351,103609,2,276.7134848715504
24047,"Worcester County, MD",2006,26863,2011,22748,22827,2,0.8497561701969252,FALSE,FALSE,TRUE,2019,25020,2020,22497,24545,2,0.9810151878497202,FALSE,FALSE,FALSE,9.2,49067,51049,4,109.00964770295838,9.9,65821,52276,2,111.6297742036054
24510,"Baltimore city, MD",2008,264991,2009,255565,266269,2,1.0048228053028216,FALSE,FALSE,FALSE,2019,288065,2021,262054,269367,2,0.9350910384808984,FALSE,FALSE,TRUE,19.9,36894,620306,1,7663.207570479085,20.4,49780,593490,1,7331.924987028389
25001,"Barnstable County, MA",2006,115589,2010,100026,102229,2,0.8844180674631669,FALSE,FALSE,TRUE,2018,112189,2020,98563,109120.5,2,0.9726488336646195,FALSE,FALSE,FALSE,6.6,59365,218380,3,553.9827498731609,6.5,82686,212990,3,540.3094875697616
25003,"Berkshire County, MA",2006,69827,2013,60947,62954,2,0.9015710255345354,FALSE,FALSE,TRUE,2018,64801,2020,56985,61542.5,2,0.9497152821715714,FALSE,FALSE,TRUE,10.8,47136,131883,3,142.28794852374756,11.2,58805,124944,3,134.801494054208
25005,"Bristol County, MA",2007,272225,2010,256319,262562.5,2,0.9645054642299569,FALSE,FALSE,FALSE,2019,292133,2020,265334,289366.5,2,0.9905299983226817,FALSE,FALSE,FALSE,9.3,54635,545288,1,985.8528004223367,11.3,69857,565217,1,1021.8834126118893
25007,"Dukes County, MA",2008,10704,2010,8211,8576,2,0.8011958146487295,FALSE,FALSE,TRUE,2019,10172,2020,8872,10133,2,0.9961659457333858,FALSE,FALSE,FALSE,6.8,57553,15919,7,154.2508866107246,7.3,76036,17332,7,167.9424817348501
25009,"Essex County, MA",2008,355000,2009,345756,367398,2,1.034923943661972,FALSE,FALSE,FALSE,2019,427084,2020,391608,420057,2,0.9835465622687809,FALSE,FALSE,FALSE,10.4,61395,730664,1,1483.5395542055658,8.8,83253,789034,1,1602.053951765838
25011,"Franklin County, MA",2006,37734,2009,35720,37308,2,0.9887104468118938,FALSE,FALSE,FALSE,2018,36860,2020,33246,35345.5,2,0.9589120998372219,FALSE,FALSE,TRUE,10.5,51252,71577,2,102.36853358580912,9.3,60143,70180,4,100.37056159174153
25013,"Hampden County, MA",2006,210653,2010,198176,202020.5,2,0.9590202845437757,FALSE,FALSE,FALSE,2019,219625,2020,200025,212292.5,2,0.9666135458167331,FALSE,FALSE,TRUE,16.4,45858,461434,2,747.8610384032544,13.8,59918,466372,2,755.864215038776
25015,"Hampshire County, MA",2007,84658,2010,79512,80789,2,0.9542984714970824,FALSE,FALSE,TRUE,2019,83911,2020,75439,81437,2,0.9705163804507156,FALSE,FALSE,TRUE,11.6,55340,156842,2,297.4796865160953,11.1,74142,160830,2,305.04366166195024
25017,"Middlesex County, MA",2008,787161,2009,764721,786197.5,2,0.9987759810254827,FALSE,FALSE,FALSE,2019,909391,2020,831080,891004,2,0.9797809743003835,FALSE,FALSE,FALSE,6.9,74558,1463106,1,1788.9049467035425,6.9,106543,1611699,1,1970.58607763016
25019,"Nantucket County/town, MA",2007,8301,2010,5572,6034,2,0.7269003734489821,FALSE,FALSE,FALSE,2019,7799,2020,6679,8120,2,1.0411591229644825,FALSE,FALSE,FALSE,5.3,66782,9985,7,216.16297194319364,5.5,96030,11399,7,246.77433321787322
25021,"Norfolk County, MA",2008,340144,2009,329662,338822.5,2,0.9961148807563855,FALSE,FALSE,FALSE,2019,392739,2020,358224,393145,2,1.001033765426912,FALSE,FALSE,FALSE,6.4,78976,656582,1,1657.6042090062433,5.8,106851,706775,1,1784.321249775942
25023,"Plymouth County, MA",2007,246546,2010,238370,244785,2,0.9928573166873524,FALSE,FALSE,FALSE,2019,275226,2020,250668,276348.5,2,1.004078466423957,FALSE,FALSE,FALSE,6.5,70606,488251,1,741.457125414957,7.4,90584,521202,1,791.496457110229
25025,"Suffolk County, MA",2008,351624,2009,343282,375837.5,2,1.0688619093122198,FALSE,FALSE,FALSE,2019,455356,2020,411484,437601,2,0.961008529590035,FALSE,FALSE,TRUE,19.3,49853,693368,1,11901.883035515046,16.7,75843,803907,1,13799.320253360112
25027,"Worcester County, MA",2007,380050,2009,367545,389351,2,1.0244730956453099,FALSE,FALSE,FALSE,2019,443188,2020,407587,441127,2,0.99534960332861,FALSE,FALSE,FALSE,9.5,61791,788280,2,521.8054410006632,9.4,77795,830622,2,549.8339156325835
26001,"Alcona County, MI",2006,3978,2010,3167,3275.5,2,0.823403720462544,FALSE,FALSE,TRUE,2019,3482,2021,3128,3182.5,2,0.9139862148190695,FALSE,FALSE,TRUE,13.5,34121,11412,9,16.915312270716143,18,41491,10405,9,15.422697526884111
26003,"Alger County, MI",2006,4114,2013,2988,3030,2,0.7365094798249878,FALSE,FALSE,TRUE,2018,2959,2020,2734,3006.5,2,1.0160527205136871,FALSE,FALSE,FALSE,12.5,39076,9779,9,10.68703458013582,12.6,52285,9108,7,9.9537284953346
26005,"Allegan County, MI",2006,52902,2009,47288,52296.5,2,0.9885543079656723,FALSE,FALSE,FALSE,2019,57655,2020,55839,59017.5,2,1.0236319486601335,FALSE,FALSE,FALSE,10.7,51233,111427,4,135.02162367177095,10.8,66568,118081,4,143.08460556944354
26007,"Alpena County, MI",2006,13799,2013,12114,12818,2,0.9289078918762229,FALSE,FALSE,TRUE,2018,12675,2020,11832,12751,2,1.0059960552268246,FALSE,FALSE,FALSE,15.5,37508,30180,7,52.771555816673924,13.9,43676,28405,7,49.66786093348651
26009,"Antrim County, MI",2006,11031,2010,8814,8872.5,2,0.8043241773184662,FALSE,FALSE,TRUE,2019,10626,2020,9569,10330.5,2,0.9721908526256352,FALSE,FALSE,TRUE,12,43099,24248,9,50.97555284130685,9.6,58317,23324,9,49.033066416638114
26011,"Arenac County, MI",2008,7149,2013,5660,5941,2,0.8310253182263254,FALSE,FALSE,TRUE,2019,6206,2021,5767,6386.5,2,1.029084756687077,FALSE,FALSE,FALSE,17.3,36770,16811,8,46.288596776236446,17.2,44017,14883,8,40.979905170467376
26013,"Baraga County, MI",2006,3771,2013,3038,3022.5,2,0.8015115354017502,FALSE,FALSE,TRUE,2019,3110,2020,2853,3002.5,2,0.9654340836012861,FALSE,FALSE,FALSE,15.4,38949,8930,9,9.939594424477448,13.7,48371,8209,9,9.137080697708328
26015,"Barry County, MI",2006,29443,2009,25869,26810,2,0.9105729715042624,FALSE,FALSE,FALSE,2019,28490,2020,27018,29303,2,1.0285363285363285,FALSE,FALSE,FALSE,8.4,51811,59969,2,108.42264745870577,7.8,67703,61550,2,111.28106106627324
26017,"Bay County, MI",2006,51775,2010,48016,48474.5,2,0.9362530178657653,FALSE,FALSE,TRUE,2018,47201,2020,44285,46762,2,0.990699349590051,FALSE,FALSE,FALSE,11.7,42688,108132,3,244.41636585150846,13.4,50130,103126,3,233.10104450858822
26019,"Benzie County, MI",2006,8447,2009,7509,7658,2,0.9065940570616787,FALSE,FALSE,FALSE,2019,8073,2020,7588,8294.5,2,1.0274371361327883,FALSE,FALSE,FALSE,9.7,41198,17863,9,55.87478143367001,9.6,56934,17766,9,55.57136914015458
26021,"Berrien County, MI",2007,74152,2013,66347,70974,2,0.9571420865249757,FALSE,FALSE,TRUE,2019,72525,2021,67611,73427,2,1.0124370906583937,FALSE,FALSE,FALSE,15.4,42338,157378,3,277.17398004561505,15.9,50659,153401,3,270.1696915259909
26023,"Branch County, MI",2006,20932,2012,17054,18154.5,2,0.8673084272883623,FALSE,FALSE,FALSE,2019,19513,2020,19612,20799.5,2,1.0659304053707785,FALSE,FALSE,FALSE,14,42531,46788,6,92.39135800762621,13.2,52255,43517,6,85.93217761857464
26025,"Calhoun County, MI",2006,65698,2010,56994,57607.5,2,0.8768531766568236,FALSE,FALSE,TRUE,2018,59883,2021,55021,60339,2,1.007614848955463,FALSE,FALSE,FALSE,16.8,41580,137582,3,194.80388922477448,13.9,50205,134159,3,189.9572253238543
26027,"Cass County, MI",2006,25950,2010,21641,21738,2,0.8376878612716763,FALSE,FALSE,TRUE,2019,24327,2021,22655,23620,2,0.970937641303901,FALSE,FALSE,TRUE,12.8,42126,52623,2,107.36648814078042,14.8,55029,51787,2,105.66080081611834
26029,"Charlevoix County, MI",2006,13166,2011,11368,11847.5,2,0.8998556888956403,FALSE,FALSE,FALSE,2018,12479,2020,11618,12882,2,1.0322942543473035,FALSE,FALSE,FALSE,9.7,48829,26499,7,63.64902841495929,9.7,58831,26143,7,62.79393750150122
26031,"Cheboygan County, MI",2006,11581,2012,9290,9656.5,2,0.8338226405319057,FALSE,FALSE,TRUE,2018,10515,2020,9616,10511,2,0.9996195910603899,FALSE,FALSE,FALSE,14.9,38335,27093,7,37.877527510244256,14.9,47876,25276,7,35.33726000623533
26033,"Chippewa County, MI",2006,16095,2009,14982,15483,2,0.9619757688723206,FALSE,FALSE,FALSE,2018,15806,2021,15333,16478.5,2,1.042547133999747,FALSE,FALSE,FALSE,16.5,39171,39314,5,25.22532696230317,18.3,49610,37349,7,23.964509760265074
26035,"Clare County, MI",2006,11936,2013,10513,10926.5,2,0.915423927613941,FALSE,FALSE,TRUE,2019,10915,2020,9776,10523.5,2,0.9641319285387082,FALSE,FALSE,FALSE,20.1,33639,31353,7,55.55427585241519,19.6,42480,30950,6,54.840201500087716
26037,"Clinton County, MI",2006,35981,2009,33657,36282.5,2,1.0083794224729719,FALSE,FALSE,FALSE,2019,39974,2020,37627,39833,2,0.9964727072597188,FALSE,FALSE,FALSE,7.1,59622,73740,2,129.97290909122955,7.8,72666,79595,2,140.29283562674826
26039,"Crawford County, MI",2006,6276,2012,4754,4863.5,2,0.77493626513703,FALSE,FALSE,TRUE,2019,5296,2020,5018,5341.5,2,1.0085913897280967,FALSE,FALSE,FALSE,14.7,35979,14455,7,25.97881077972377,14,49114,14029,7,25.213195187045642
26041,"Delta County, MI",2006,19019,2013,15741,15822.5,2,0.8319312266680687,FALSE,FALSE,TRUE,2019,15783,2020,14911,15332,2,0.9714249508965342,FALSE,FALSE,FALSE,12.3,41312,37584,5,32.093068532500375,13.8,48880,35784,5,30.556044177495572
26043,"Dickinson County, MI",2006,13639,2011,11597,11805,2,0.8655326636850209,FALSE,FALSE,TRUE,2018,11998,2020,11304,12020.5,2,1.001875312552092,FALSE,FALSE,FALSE,11.1,41368,26881,5,35.32557986727117,9.9,53751,25239,7,33.16775083776858
26045,"Eaton County, MI",2006,55973,2011,51260,52228,2,0.9330927411430511,FALSE,FALSE,TRUE,2019,54289,2020,50857,53796.5,2,0.9909281806627493,FALSE,FALSE,FALSE,8.4,51873,108358,2,188.3802235361408,7.5,65891,110268,2,191.7007557253103
26047,"Emmet County, MI",2006,18242,2011,15706,16144.5,2,0.8850180901216972,FALSE,FALSE,TRUE,2019,17054,2020,16545,17077,2,1.0013486572065204,FALSE,FALSE,FALSE,9.4,47321,32794,7,70.1406920388582,9.2,59456,33415,7,71.46890359451262
26049,"Genesee County, MI",2006,194390,2010,159076,162716.5,2,0.8370620916713822,FALSE,FALSE,TRUE,2019,174461,2020,162656,174682,2,1.0012667587598374,FALSE,FALSE,FALSE,16.8,43518,438109,2,687.8296993142254,16.6,50554,405813,2,637.1250847798237
26051,"Gladwin County, MI",2006,9853,2009,8683,8797.5,2,0.8928752664163199,FALSE,FALSE,FALSE,2019,8980,2021,8715,9929,2,1.1056792873051224,FALSE,FALSE,FALSE,17.6,35152,26285,6,52.38278393023335,13.5,46458,25449,6,50.71673837704046
26053,"Gogebic County, MI",2006,7182,2013,6000,6136,2,0.8543581175160122,FALSE,FALSE,TRUE,2018,6167,2021,5339,5742,2,0.9310848062266904,FALSE,FALSE,TRUE,16.7,33742,16515,7,14.984539113140302,17.1,39030,13975,7,12.679923348842612
26055,"Grand Traverse County, MI",2006,46122,2010,41727,43136,2,0.9352586618099822,FALSE,FALSE,FALSE,2019,49030,2020,46077,49912.5,2,1.0179991841729554,FALSE,FALSE,FALSE,8.8,47747,85579,5,184.30403845491196,7.2,65041,93088,5,200.4755177285414
26057,"Gratiot County, MI",2006,18546,2013,16834,17408,2,0.9386390596355009,FALSE,FALSE,TRUE,2019,17559,2021,15961,16709.5,2,0.9516202517227632,FALSE,FALSE,TRUE,15.2,41497,42824,6,75.3435623514426,14.3,51046,40711,6,71.62599866639219
26059,"Hillsdale County, MI",2006,20594,2009,17313,18566.5,2,0.9015489948528698,FALSE,FALSE,FALSE,2018,19969,2020,18208,19930,2,0.9980469728078522,FALSE,FALSE,FALSE,13.7,43099,47336,6,79.13707552595326,15.3,50015,45605,6,76.24316227313459
26061,"Houghton County, MI",2006,16560,2013,15383,15759.5,2,0.9516606280193237,FALSE,FALSE,FALSE,2019,15858,2020,14761,16241,2,1.0241518476478748,FALSE,FALSE,FALSE,19,34822,35839,5,35.51570057764173,14.7,45006,35684,5,35.36209881449168
26063,"Huron County, MI",2006,15887,2009,13795,14979.5,2,0.9428778246364953,FALSE,FALSE,TRUE,2019,14210,2021,12258,13370,2,0.9408866995073891,FALSE,FALSE,TRUE,12.7,38687,34034,7,40.70964979222935,13.7,49126,30981,7,37.05781454466291
26065,"Ingham County, MI",2007,143953,2010,132279,132980,2,0.9237737317040978,FALSE,FALSE,FALSE,2019,143701,2021,129976,147421.5,2,1.0258905644358773,FALSE,FALSE,FALSE,18.1,45415,281706,2,506.591665602673,17.3,54704,292406,2,525.8334667071883
26067,"Ionia County, MI",2006,28891,2009,25118,26291.5,2,0.9100238828700979,FALSE,FALSE,FALSE,2019,30255,2020,28514,30308.5,2,1.0017683027598745,FALSE,FALSE,FALSE,14.5,48795,65189,2,114.1024294615977,11.5,59582,64697,4,113.24126584050968
26069,"Iosco County, MI",2006,10137,2010,8677,9047.5,2,0.8925224425372398,FALSE,FALSE,TRUE,2019,9495,2020,8501,9074,2,0.9556608741442865,FALSE,FALSE,TRUE,15.7,35724,26749,7,48.680836504530674,14.2,43605,25127,7,45.72893860889537
26071,"Iron County, MI",2006,5562,2013,4568,4723,2,0.8491549802229413,FALSE,FALSE,TRUE,2018,4554,2021,3973,4111.5,2,0.902832674571805,FALSE,FALSE,FALSE,14.5,33481,12183,7,10.447681837515951,13.7,46814,11066,7,9.489784717553272
26073,"Isabella County, MI",2007,36711,2010,31825,32351.5,2,0.8812481272643077,FALSE,FALSE,TRUE,2018,32310,2021,29088,29771.5,2,0.9214329928814609,FALSE,FALSE,TRUE,23.9,39261,69012,5,120.50288108957568,22.9,46677,69872,4,122.00453989872533
26075,"Jackson County, MI",2006,72370,2010,65112,66023,2,0.9122979135000691,FALSE,FALSE,TRUE,2019,70785,2020,66949,71028.5,2,1.0034399943490853,FALSE,FALSE,FALSE,14.4,44436,163316,3,232.67602503479824,13.7,56001,158510,3,225.8289250793913
26077,"Kalamazoo County, MI",2007,127450,2011,115707,118956.5,2,0.9333581796783053,FALSE,FALSE,FALSE,2019,132603,2021,124339,134787.5,2,1.0164739862597376,FALSE,FALSE,FALSE,16.2,44324,245431,2,436.7418263609979,13.3,56739,265066,2,471.6820978042883
26079,"Kalkaska County, MI",2006,8175,2012,6612,7040,2,0.8611620795107033,FALSE,FALSE,FALSE,2019,7692,2020,7175,7933.5,2,1.031396255850234,FALSE,FALSE,FALSE,14,39739,17540,7,31.335753487308484,13.9,47620,18038,7,32.225445918134
26081,"Kent County, MI",2006,305783,2009,279431,294350,2,0.9626107402962232,FALSE,FALSE,FALSE,2019,343810,2020,322864,346331,2,1.007332538320584,FALSE,FALSE,FALSE,13.1,49703,598077,2,704.5060199238807,11.2,66560,656955,2,773.861479908261
26083,"Keweenaw County, MI",2006,964,2013,855,845,2,0.8765560165975104,TRUE,FALSE,FALSE,2019,858,2020,762,832.5,2,0.9702797202797203,TRUE,FALSE,TRUE,13.1,35903,2104,9,3.895488343158456,10.3,47318,2116,9,3.917705957282934
26085,"Lake County, MI",2006,3769,2013,3149,3626,2,0.962058901565402,FALSE,FALSE,FALSE,2019,3977,2020,4338,4365,2,1.0975609756097562,FALSE,FALSE,FALSE,20.3,31195,11692,8,20.599194848439467,20.2,38044,11853,9,20.882847805213224
26087,"Lapeer County, MI",2006,41143,2010,34311,35634,2,0.8661011593709744,FALSE,FALSE,FALSE,2019,41492,2020,37085,40890.5,2,0.9855032295382242,FALSE,FALSE,TRUE,8.7,57628,91130,1,140.8537782291034,10.1,66415,87607,1,135.4085037783064
26089,"Leelanau County, MI",2006,10985,2012,9381,9964,2,0.9070550751024123,FALSE,FALSE,TRUE,2019,9869,2020,9297,10150.5,2,1.0285236599452832,FALSE,FALSE,FALSE,7.5,55292,21809,9,62.8139400921659,7.1,72888,21761,9,62.67569124423963
26091,"Lenawee County, MI",2006,46375,2009,40877,43499.5,2,0.9379946091644205,FALSE,FALSE,FALSE,2018,45676,2020,42262,45508,2,0.9963219196076715,FALSE,FALSE,FALSE,10.6,50997,101657,4,135.60812018600978,11.8,55466,98451,4,131.33138928389437
26093,"Livingston County, MI",2006,89656,2009,79169,85195,2,0.9502431516016775,FALSE,FALSE,FALSE,2019,98483,2020,88169,98378,2,0.998933826142583,FALSE,FALSE,FALSE,5.5,72700,181903,1,321.7904628469937,4.4,87827,191995,1,339.6434358658657
26095,"Luce County, MI",2006,2635,2012,2114,2288,2,0.8683111954459203,FALSE,FALSE,TRUE,2018,2379,2021,1797,1985.5,2,0.8345943673812526,FALSE,FALSE,TRUE,18.8,37718,6791,7,7.553318688652226,19.2,45464,6229,7,6.9282317937880595
26097,"Mackinac County, MI",2006,5898,2012,4578,4680,2,0.7934893184130214,FALSE,FALSE,TRUE,2019,4511,2020,4193,4753,2,1.0536466415428951,FALSE,FALSE,FALSE,12.1,38506,11448,7,11.202891927517838,14.1,44986,10799,7,10.567787379914844
26099,"Macomb County, MI",2006,388397,2009,344982,368030.5,2,0.9475626742740031,FALSE,FALSE,FALSE,2019,436044,2020,388553,427827,2,0.9811555714560916,FALSE,FALSE,TRUE,8.3,55265,835703,1,1743.408782726609,8.6,65051,873972,1,1823.2439762177949
26101,"Manistee County, MI",2006,11232,2012,9394,9632,2,0.8575498575498576,FALSE,FALSE,TRUE,2019,10115,2021,9134,10053.5,2,0.9939199209095403,FALSE,FALSE,FALSE,14.1,38949,25077,7,46.23980085741944,12.3,50047,24558,7,45.28281012308118
26103,"Marquette County, MI",2006,33712,2011,30965,31377.5,2,0.9307516611295681,FALSE,FALSE,TRUE,2019,30931,2020,29762,31165.5,2,1.007581390837671,FALSE,FALSE,FALSE,13.6,45536,66131,5,36.55528703177548,11.8,54913,66699,5,36.86926085697166
26105,"Mason County, MI",2006,13856,2010,12645,13091,2,0.944789260969977,FALSE,FALSE,TRUE,2018,12846,2020,11511,12190.5,2,0.9489724427837459,FALSE,FALSE,TRUE,15.1,38341,28685,7,57.9531243370797,13.9,49869,29144,7,58.8804551396148
26107,"Mecosta County, MI",2006,18832,2010,16757,16931.5,2,0.8990813508920985,FALSE,FALSE,TRUE,2018,17429,2020,16235,17154.5,2,0.9842503872855586,FALSE,FALSE,FALSE,22,37301,42640,6,76.80737811962425,19.9,47705,43453,6,78.27183399230846
26109,"Menominee County, MI",2007,12441,2010,10494,10858.5,2,0.8727996141789245,FALSE,FALSE,TRUE,2019,10849,2020,10251,10622.5,2,0.979122499769564,FALSE,FALSE,TRUE,14,41616,24322,7,23.296019983889522,13.5,49189,22780,7,21.81906649259943
26111,"Midland County, MI",2007,40615,2010,36941,37699,2,0.9282038655669088,FALSE,FALSE,FALSE,2018,39003,2020,36278,39542,2,1.0138194497859139,FALSE,FALSE,FALSE,10.4,51383,83600,4,161.25485597009455,9.7,69859,83156,3,160.39843065848305
26113,"Missaukee County, MI",2006,6182,2009,5328,6272.5,2,1.0146392753154319,FALSE,FALSE,FALSE,2019,6302,2020,6305,6750.5,2,1.0711678832116789,FALSE,FALSE,FALSE,13.6,39539,15009,9,26.574573114159648,10.9,51317,15118,9,26.767565883127826
26115,"Monroe County, MI",2006,73426,2009,63747,67461.5,2,0.9187685560972952,FALSE,FALSE,FALSE,2018,72428,2020,67424,72886,2,1.0063235212901087,FALSE,FALSE,FALSE,7.8,54813,153424,3,279.27668823107535,10.2,64341,150500,3,273.9541504508867
26117,"Montcalm County, MI",2006,24664,2009,22240,24367.5,2,0.9879784301005514,FALSE,FALSE,FALSE,2019,29035,2020,27288,29610,2,1.019803685207508,FALSE,FALSE,FALSE,17.8,40145,63560,6,90.11397518037683,12.4,52089,63888,2,90.5790063927614
26119,"Montmorency County, MI",2006,3818,2013,2694,2932,2,0.7679413305395495,FALSE,FALSE,TRUE,2018,3012,2019,3002,3268,2,1.0849933598937582,FALSE,FALSE,FALSE,15.9,33620,9996,9,18.285087117574427,14.4,40126,9328,9,17.063154525083462
26121,"Muskegon County, MI",2006,84078,2010,65964,68564.5,2,0.8154868098670283,FALSE,FALSE,TRUE,2018,78639,2020,72296,78436.5,2,0.9974249418227596,FALSE,FALSE,FALSE,15.7,40110,173738,3,344.7770849787861,13.5,50730,173566,3,344.43575689502575
26123,"Newaygo County, MI",2006,21694,2009,19085,20084,2,0.9257859315939891,FALSE,FALSE,FALSE,2019,21357,2020,20392,21603,2,1.0115184716954628,FALSE,FALSE,FALSE,15.3,43558,49328,2,58.80172180520142,15.7,51772,48980,6,58.386886434048925
26125,"Oakland County, MI",2006,587558,2009,519014,560040,2,0.9531654747276014,FALSE,FALSE,FALSE,2019,665655,2020,592638,657162,2,0.9872411384275638,FALSE,FALSE,TRUE,8.6,66641,1199862,1,1383.2872760978512,7.8,81257,1257584,1,1449.833352355721
26127,"Oceana County, MI",2006,13473,2010,11140,11212.5,2,0.8322199955466488,FALSE,FALSE,TRUE,2019,11295,2022,10179,11214,2,0.9928286852589642,FALSE,FALSE,TRUE,18.8,38550,27251,8,50.6425325912229,14.8,52319,26467,6,49.18556787244125
26129,"Ogemaw County, MI",2006,9015,2013,7610,7709,2,0.8551303383250138,FALSE,FALSE,TRUE,2018,7805,2020,6812,7418.5,2,0.9504804612427931,FALSE,FALSE,TRUE,16.2,34726,21941,9,38.93658630076698,18.2,41347,20997,9,37.261360127487556
26131,"Ontonagon County, MI",2006,3244,2013,2114,2084,2,0.6424167694204685,FALSE,FALSE,TRUE,2019,1925,2020,2011,2140,2,1.1116883116883116,FALSE,FALSE,FALSE,12.8,34220,7133,9,5.440976126220272,13.3,45531,5720,9,4.363154835550253
26133,"Osceola County, MI",2006,9470,2009,8075,9016,2,0.9520591341077086,FALSE,FALSE,FALSE,2019,9048,2020,8987,9794,2,1.082449160035367,FALSE,FALSE,FALSE,16.4,37996,23827,7,42.075912171588215,14.6,47343,23460,9,41.42782975386996
26135,"Oscoda County, MI",2006,3643,2013,2506,2759,2,0.7573428493000275,FALSE,FALSE,TRUE,2019,3038,2020,2056,2335.5,2,0.7687623436471362,FALSE,FALSE,TRUE,21.6,31385,9039,9,15.979168213493992,15.4,44594,8241,9,14.568461693484233
26137,"Otsego County, MI",2006,11552,2012,10026,10543,2,0.9126558171745153,FALSE,FALSE,FALSE,2019,11419,2020,10689,11647,2,1.0199667221297837,FALSE,FALSE,FALSE,12.9,44591,24719,7,47.9974990582634,10,52392,24668,7,47.898471085773764
26139,"Ottawa County, MI",2006,129733,2009,114507,130675.5,2,1.0072649210301157,FALSE,FALSE,FALSE,2019,153836,2020,145851,157285,2,1.0224199797186615,FALSE,FALSE,FALSE,7.1,55088,260037,3,461.45123509369677,7.8,69827,291830,2,517.8698182850653
26141,"Presque Isle County, MI",2006,5460,2013,4671,4795,2,0.8782051282051282,FALSE,FALSE,TRUE,2018,4713,2020,4314,4466.5,2,0.9476978569913006,FALSE,FALSE,TRUE,13.9,39969,13942,7,21.165354521965394,10.8,47339,12592,7,19.11591910347068
26143,"Roscommon County, MI",2006,9910,2013,6980,7602.5,2,0.7671543895055499,FALSE,FALSE,TRUE,2018,7940,2021,7271,8921.5,2,1.1236146095717885,FALSE,FALSE,FALSE,20.5,31676,25318,7,48.69810750975674,15.3,42546,24019,7,46.19953567725914
26145,"Saginaw County, MI",2006,91100,2010,79020,80893.5,2,0.8879637760702525,FALSE,FALSE,TRUE,2018,83027,2021,76273,80434.5,2,0.9687752177002662,FALSE,FALSE,TRUE,17,42877,203144,3,253.67410624532502,18.6,48471,190539,3,237.933734345479
26147,"St. Clair County, MI",2006,76672,2011,64407,66769,2,0.8708394198664441,FALSE,FALSE,TRUE,2019,74767,2020,66818,73610.5,2,0.9845319459119665,FALSE,FALSE,TRUE,11.9,48026,167526,1,232.1909463742947,10.4,60208,159128,1,220.55132286718938
26149,"St. Joseph County, MI",2007,29657,2010,24415,25563.5,2,0.8619718784772566,FALSE,FALSE,TRUE,2018,28555,2021,26355,27849,2,0.975275783575556,FALSE,FALSE,TRUE,14.6,42879,62243,4,124.32710995347945,12.9,54024,60964,4,121.77237490487157
26151,"Sanilac County, MI",2006,20628,2010,16806,17364.5,2,0.8417927089393058,FALSE,FALSE,TRUE,2019,18526,2020,16282,17045.5,2,0.92008528554464,FALSE,FALSE,TRUE,13.2,40541,44629,6,46.36437208268273,13.6,49917,41170,6,42.77087092796272
26153,"Schoolcraft County, MI",2006,3634,2012,3102,3125.5,2,0.8600715465052284,FALSE,FALSE,TRUE,2018,3069,2021,2838,3170.5,2,1.0330726621049202,FALSE,FALSE,FALSE,14.5,36842,8823,7,7.528953575292949,14.3,50256,8094,7,6.906874106134096
26155,"Shiawassee County, MI",2006,33709,2013,29973,31844,2,0.9446735293245128,FALSE,FALSE,TRUE,2019,32625,2020,29914,31753.5,2,0.973287356321839,FALSE,FALSE,FALSE,13.5,44885,72426,4,136.4039573080813,10.9,55633,68122,4,128.297992153938
26157,"Tuscola County, MI",2006,26745,2010,22032,22275.5,2,0.8328846513366984,FALSE,FALSE,TRUE,2019,22936,2021,21364,23567,2,1.0275113358911754,FALSE,FALSE,FALSE,13.1,42981,57169,6,71.03150936832165,11.6,52342,52245,6,64.91352318473237
26159,"Van Buren County, MI",2006,38392,2013,31556,34137.5,2,0.8891826422171286,FALSE,FALSE,TRUE,2019,36452,2020,33690,35161.5,2,0.9645972786129705,FALSE,FALSE,TRUE,16.8,44832,76639,2,126.09391684339899,13,58733,75677,2,124.51114112864083
26161,"Washtenaw County, MI",2006,181088,2010,166815,172503,2,0.9525921099134123,FALSE,FALSE,FALSE,2019,196661,2021,184028,199488,2,1.014374990465827,FALSE,FALSE,FALSE,12.7,61152,345310,2,489.1055703729304,13,76728,367601,2,520.6790905987651
26163,"Wayne County, MI",2006,812369,2010,672994,689132,2,0.8482992334764128,FALSE,FALSE,TRUE,2019,780966,2020,696513,768570.5,2,0.984127990207,FALSE,FALSE,TRUE,20.8,42529,1900992,1,3107.0083682008367,19.8,50753,1749343,1,2859.151085251046
26165,"Wexford County, MI",2006,13687,2009,11916,12906,2,0.9429385548330532,FALSE,FALSE,FALSE,2019,14374,2020,13763,14828.5,2,1.0316195909280645,FALSE,FALSE,FALSE,15.6,40098,32650,7,57.795384865928874,12.4,53146,33631,7,59.5319016363263
27001,"Aitkin County, MN",2006,7299,2013,6310,6289,2,0.8616248801205645,FALSE,FALSE,TRUE,2019,6388,2020,6431,6622.5,2,1.0367094552285536,FALSE,FALSE,FALSE,13.4,38610,16481,8,9.048946449190339,12.5,51936,15886,8,8.72225977136325
27003,"Anoka County, MN",2006,182982,2010,172615,177990.5,2,0.9727213605709851,FALSE,FALSE,FALSE,2019,192518,2020,186809,197156.5,2,1.0240938509645852,FALSE,FALSE,FALSE,6.4,65832,325767,1,772.0091095875803,6.2,83363,356921,1,845.838477817301
27005,"Becker County, MN",2006,15955,2008,15622,16370.5,2,1.0260419931056095,FALSE,FALSE,FALSE,2019,16848,2020,16570,17298.5,2,1.0267390788224122,FALSE,FALSE,FALSE,12.1,43419,32142,6,24.44189783253247,10.2,61311,34423,6,26.176449788104822
27007,"Beltrami County, MN",2006,20006,2008,19670,20744.5,2,1.0369139258222533,FALSE,FALSE,FALSE,2019,21095,2021,21032,21872.5,2,1.0368570751362882,FALSE,FALSE,FALSE,17,41039,43281,7,17.280307013813946,16.3,54638,47188,7,18.840209962058466
27009,"Benton County, MN",2007,21737,2010,19293,20053.5,2,0.9225514100381838,FALSE,FALSE,FALSE,2019,22134,2021,21488,21891,2,0.98902141501762,FALSE,FALSE,TRUE,8.7,48939,38007,3,93.08528225362048,8.6,63395,40889,3,100.14376578178461
27011,"Big Stone County, MN",2006,2686,2013,2425,2544,2,0.9471332836932241,FALSE,FALSE,FALSE,2018,2380,2022,2288,2391,2,1.0046218487394958,FALSE,FALSE,FALSE,11.8,39748,5366,9,10.750727767771458,11,52692,4991,9,9.999418987876881
27013,"Blue Earth County, MN",2008,35659,2009,35255,36468,2,1.0226871196612355,FALSE,FALSE,FALSE,2019,38723,2021,37459,39514.5,2,1.0204400485499574,FALSE,FALSE,FALSE,12.3,49783,61974,5,82.87111077829898,15.2,60408,67653,3,90.46502174273503
27015,"Brown County, MN",2006,14226,2013,13802,13987.5,2,0.9832349219738507,FALSE,FALSE,TRUE,2018,13945,2021,13103,13534,2,0.9705270706346361,FALSE,FALSE,TRUE,8.7,46497,26130,7,42.75832952877473,7.4,62904,25008,6,40.922323186207365
27017,"Carlton County, MN",2006,16251,2009,16018,16326,2,1.0046151006091932,FALSE,FALSE,FALSE,2019,16724,2020,16105,16704,2,0.9988041138483617,FALSE,FALSE,FALSE,9.8,49616,34596,2,40.172273049764804,9.1,65749,35871,2,41.65278085813716
27019,"Carver County, MN",2008,47880,2009,47056,49718,2,1.0383876357560569,FALSE,FALSE,FALSE,2019,58554,2020,57205,60915.5,2,1.0403302934043788,FALSE,FALSE,FALSE,3.9,80038,87270,1,246.60971688062867,4.3,101891,105089,1,296.96308625264567
27021,"Cass County, MN",2006,13457,2009,12589,12713,2,0.9447127888831092,FALSE,FALSE,FALSE,2019,13261,2020,12815,13718.5,2,1.0344996606590755,FALSE,FALSE,FALSE,13.4,38707,28681,9,14.188245932894114,11.4,54267,29779,9,14.731417162429965
27023,"Chippewa County, MN",2006,6866,2013,6604,6518.5,2,0.9493882901252548,FALSE,FALSE,TRUE,2018,6372,2022,5943,5961.5,2,0.9355775266792216,FALSE,FALSE,TRUE,10.3,42751,12401,7,21.335971439631813,10.4,54984,11800,7,20.301948470901973
27025,"Chisago County, MN",2006,26091,2009,24644,26807.5,2,1.027461576788931,FALSE,FALSE,FALSE,2019,29472,2020,28540,30358.5,2,1.030079397394137,FALSE,FALSE,FALSE,5.9,66090,52312,1,126.0830897009166,6.2,84811,56579,1,136.36747079423765
27027,"Clay County, MN",2008,30954,2009,31081,33114,2,1.0697809653033534,FALSE,FALSE,FALSE,2019,34224,2020,33988,34571,2,1.0101390836839645,FALSE,FALSE,FALSE,13,50506,55805,3,53.39292138357559,11.9,64874,64222,3,61.446110511531074
27029,"Clearwater County, MN",2008,3571,2009,3591,3998.5,2,1.1197143657238868,FALSE,FALSE,FALSE,2019,3614,2021,3561,3683,2,1.019092418372994,FALSE,FALSE,FALSE,16.4,34503,8541,8,8.549523875303677,11.5,54896,8818,8,8.82680031991896
27031,"Cook County, MN",2006,3031,2010,2842,2874,2,0.9482019135598813,FALSE,FALSE,TRUE,2019,2915,2020,2644,2720,2,0.9331046312178388,FALSE,FALSE,TRUE,8.4,44159,5217,9,3.5915504593219216,8.9,58664,5463,9,3.76090476505188
27033,"Cottonwood County, MN",2006,6120,2013,5435,5345.5,2,0.8734477124183007,FALSE,FALSE,FALSE,2019,5713,2020,6052,6123.5,2,1.071853667075092,FALSE,FALSE,FALSE,10.7,40476,11748,7,18.357024436968437,10.8,53725,11196,7,17.494488048714555
27035,"Crow Wing County, MN",2007,30813,2012,28606,29883.5,2,0.9698341609061111,FALSE,FALSE,FALSE,2019,31011,2020,30202,32316,2,1.042081841927058,FALSE,FALSE,FALSE,9.3,42015,61484,5,61.581915245239934,10.5,60384,65055,4,65.15860217746217
27037,"Dakota County, MN",2006,220953,2010,211748,218241,2,0.9877258964576177,FALSE,FALSE,FALSE,2019,237234,2020,229912,241399,2,1.0175565053913014,FALSE,FALSE,FALSE,5.4,74442,390767,1,694.6265000702151,6.3,89075,429021,1,762.6267204923234
27039,"Dodge County, MN",2006,10697,2009,10270,10694.5,2,0.9997662896139105,FALSE,FALSE,FALSE,2019,11453,2021,11318,11653,2,1.0174626735353183,FALSE,FALSE,FALSE,6.6,61230,19613,3,44.63627342989012,5.6,86436,20934,3,47.642673124015694
27041,"Douglas County, MN",2008,19291,2010,18500,18946,2,0.9821160126483852,FALSE,FALSE,FALSE,2019,20301,2020,20201,20696,2,1.0194571695975567,FALSE,FALSE,FALSE,10.6,44295,35903,7,56.37343415850445,6.3,67592,38141,6,59.88745097177167
27043,"Faribault County, MN",2006,7495,2009,6979,7300.5,2,0.9740493662441628,FALSE,FALSE,FALSE,2019,7272,2021,7136,7388.5,2,1.0160203520352036,FALSE,FALSE,FALSE,11.1,41391,14986,7,21.033602393895116,12.2,54193,13653,6,19.162670057643805
27045,"Fillmore County, MN",2006,10748,2008,10269,10467,2,0.9738556010420544,FALSE,FALSE,FALSE,2019,11187,2021,11012,11330,2,1.0127826941986233,FALSE,FALSE,FALSE,10.8,43776,21092,8,24.487625575706492,9.4,62716,21067,3,24.458600796672137
27047,"Freeborn County, MN",2006,15594,2009,15079,15859,2,1.0169937155316147,FALSE,FALSE,FALSE,2019,15338,2021,14795,15251,2,0.9943278132742209,FALSE,FALSE,FALSE,8.7,41944,31511,7,44.55457444025762,9.6,56716,30281,7,42.81543171036911
27049,"Goodhue County, MN",2006,23755,2008,23635,25148,2,1.058640286255525,FALSE,FALSE,FALSE,2019,24827,2020,23883,24594.5,2,0.9906351955532283,FALSE,FALSE,FALSE,7.9,55762,45866,4,60.61214753810229,7.1,71497,46340,4,61.23854089991847
27051,"Grant County, MN",2006,2880,2008,2829,3143,2,1.0913194444444445,FALSE,FALSE,FALSE,2019,3028,2021,2966,3039.5,2,1.0037978863936592,FALSE,FALSE,FALSE,11.8,39285,6138,9,11.204819277108435,8.8,55247,5972,9,10.901788974078132
27053,"Hennepin County, MN",2007,627407,2009,606226,622617,2,0.9923654023624219,FALSE,FALSE,FALSE,2019,705519,2020,681590,694802.5,2,0.9848104728575701,FALSE,FALSE,TRUE,10.6,60943,1126585,1,2033.4771912154638,9.7,82323,1265843,1,2284.836801625937
27055,"Houston County, MN",2006,10756,2011,9964,9957,2,0.9257158795091112,FALSE,FALSE,TRUE,2018,9671,2020,9467,9648.5,2,0.9976734567262951,FALSE,FALSE,FALSE,8.4,47960,19392,3,35.12311746646985,7.8,64920,18600,3,33.68863370855709
27057,"Hubbard County, MN",2006,9026,2007,8581,8692,2,0.9629957899401729,FALSE,FALSE,FALSE,2019,9671,2020,9510,9885.5,2,1.0221797125426533,FALSE,FALSE,FALSE,11.4,42231,20123,7,21.73060870109857,11.2,56064,21491,7,23.20789701313469
27059,"Isanti County, MN",2006,20392,2010,18612,19004.5,2,0.9319586112200863,FALSE,FALSE,FALSE,2019,20834,2020,20609,22087,2,1.0601420754535855,FALSE,FALSE,FALSE,7.6,56430,37711,1,86.53658603748212,6.9,77963,40596,1,93.1568838476207
27061,"Itasca County, MN",2006,20892,2010,20246,20418.5,2,0.9773358223243347,FALSE,FALSE,FALSE,2019,19604,2020,19198,19368.5,2,0.9879871454805141,FALSE,FALSE,FALSE,9.8,43622,44809,6,16.798024829091933,11.2,58660,45130,6,16.918361501861657
27063,"Jackson County, MN",2006,6406,2010,5683,5961.5,2,0.9306119263190759,FALSE,FALSE,FALSE,2018,5380,2022,5071,5222.5,2,0.970724907063197,FALSE,FALSE,TRUE,9.8,43217,10523,7,14.969301764508401,9.8,57915,9846,7,14.00624775951247
27065,"Kanabec County, MN",2007,7244,2009,7029,7913.5,2,1.0924213141910546,FALSE,FALSE,FALSE,2019,7537,2020,7354,7730.5,2,1.0256733448321613,FALSE,FALSE,FALSE,11.3,45270,16495,6,31.62324341941297,10.1,63595,16337,6,31.32033511627461
27067,"Kandiyohi County, MN",2007,22373,2010,22033,22365,2,0.9996424261386493,FALSE,FALSE,FALSE,2018,22942,2021,21427,21825,2,0.9513120041844652,FALSE,FALSE,TRUE,11,46136,41639,4,52.22055562801617,9.8,64129,43199,4,54.1769923046824
27069,"Kittson County, MN",2006,2442,2013,2279,2354,2,0.963963963963964,FALSE,FALSE,TRUE,2019,2335,2022,2184,2251,2,0.9640256959314775,FALSE,FALSE,TRUE,9.9,39591,4640,9,4.2220200181983625,9.2,62762,4298,9,3.910828025477707
27071,"Koochiching County, MN",2006,6212,2008,6011,6304.5,2,1.0148905344494528,FALSE,FALSE,FALSE,2019,5928,2021,5668,5668.5,2,0.9562246963562753,FALSE,FALSE,TRUE,13.2,41964,13577,7,4.373038864227402,13,52545,12229,6,3.9388592671898723
27073,"Lac qui Parle County, MN",2006,3940,2013,3470,3697,2,0.9383248730964467,FALSE,FALSE,FALSE,2019,3700,2021,3492,3616,2,0.9772972972972973,FALSE,FALSE,TRUE,10.6,40293,7419,9,9.697773002309741,9.5,56825,6623,9,8.657278689081737
27075,"Lake County, MN",2007,5841,2010,5324,5460,2,0.9347714432460195,FALSE,FALSE,TRUE,2019,5213,2020,4886,4954,2,0.9503165164013044,FALSE,FALSE,TRUE,8.5,46506,10938,6,5.18607866453496,9,61082,10641,6,5.045260840127675
27077,"Lake of the Woods County, MN",2006,2280,2009,2093,2206,2,0.9675438596491228,FALSE,FALSE,FALSE,2019,1965,2020,1927,1940.5,2,0.9875318066157761,FALSE,FALSE,TRUE,11.2,40436,4205,9,3.2404656714853664,9.2,56244,3740,9,2.8821264236278883
27079,"Le Sueur County, MN",2006,13406,2009,12851,14529.5,2,1.0838057586155452,FALSE,FALSE,FALSE,2019,15493,2020,14913,15606,2,1.007293616471955,FALSE,FALSE,FALSE,7.5,55984,27870,6,62.10225145729718,7.1,75519,28887,1,64.36841542328466
27081,"Lincoln County, MN",2006,3195,2007,3056,3215,2,1.0062597809076683,FALSE,FALSE,FALSE,2018,2940,2021,2719,2824.5,2,0.9607142857142857,FALSE,FALSE,TRUE,12.5,38112,5949,9,11.082628831601422,10.1,55328,5639,9,10.505117495612778
27083,"Lyon County, MN",2006,14122,2009,13855,14614,2,1.0348392578954821,FALSE,FALSE,FALSE,2018,13487,2021,12942,13099,2,0.971231556313487,FALSE,FALSE,TRUE,11.3,47244,25403,7,35.557963133266426,10.6,63849,25474,7,35.65734570156395
27085,"McLeod County, MN",2006,19652,2009,18172,18738.5,2,0.9535161815591289,FALSE,FALSE,TRUE,2018,19477,2020,18840,19237.5,2,0.9877034450890795,FALSE,FALSE,TRUE,6.2,57355,36961,6,75.19887693027609,6.3,64380,35893,6,73.02598116009847
27087,"Mahnomen County, MN",2006,2355,2008,2232,2305.5,2,0.9789808917197452,FALSE,FALSE,TRUE,2018,2160,2020,1897,2057,2,0.9523148148148148,FALSE,FALSE,FALSE,19,35104,5352,8,9.593684516201892,21.3,46702,5527,8,9.907379357445413
27089,"Marshall County, MN",2006,4935,2007,4746,4993,2,1.0117527862208713,FALSE,FALSE,FALSE,2019,4769,2021,4688,4855.5,2,1.018137974418117,FALSE,FALSE,FALSE,10.3,45145,9651,8,5.436999312699289,7.5,59793,9336,8,5.259540522573885
27091,"Martin County, MN",2008,10895,2013,9814,10451,2,0.9592473611748509,FALSE,FALSE,TRUE,2018,10666,2021,9783,10060.5,2,0.9432308269266829,FALSE,FALSE,TRUE,10.2,42997,20878,7,29.309408126278374,10.5,54602,19683,7,27.631817231034447
27093,"Meeker County, MN",2006,11765,2009,11311,11909.5,2,1.0122821929451764,FALSE,FALSE,FALSE,2019,11781,2021,11544,12295,2,1.0436295730413379,FALSE,FALSE,FALSE,9.3,49309,23407,6,38.50038159903153,7.9,63812,23222,6,38.19608926785621
27095,"Mille Lacs County, MN",2007,11314,2009,10824,11692.5,2,1.0334541276294855,FALSE,FALSE,FALSE,2019,13220,2020,12748,13561.5,2,1.0258320726172465,FALSE,FALSE,FALSE,9.5,43616,26108,6,45.6189520990519,11.4,59262,26277,1,45.914248671165424
27097,"Morrison County, MN",2006,16299,2007,16209,16567,2,1.016442726547641,FALSE,FALSE,FALSE,2019,16826,2022,16560,17565,2,1.0439201236182098,FALSE,FALSE,FALSE,10.4,45706,33024,6,29.352214126108574,8.9,61847,33386,6,29.673965019811675
27099,"Mower County, MN",2007,19473,2008,19449,19686,2,1.0109382221537513,FALSE,FALSE,FALSE,2019,19159,2021,19089,19931,2,1.0402943786210137,FALSE,FALSE,FALSE,11.4,44721,38672,4,54.37012230184472,11.5,55276,40062,4,56.324364906301795
27101,"Murray County, MN",2006,5254,2013,4589,4604.5,2,0.8763799010277884,FALSE,FALSE,FALSE,2018,4323,2022,4065,4193,2,0.9699282905389776,FALSE,FALSE,TRUE,8.3,44359,8788,9,12.471138849981623,8.5,61007,8194,9,11.628187498492196
27103,"Nicollet County, MN",2008,18919,2010,18604,18954,2,1.0018499920714625,FALSE,FALSE,FALSE,2019,19505,2021,18709,19435,2,0.9964111766213791,FALSE,FALSE,FALSE,9.2,58959,31989,5,71.32377860621087,9.9,71067,34274,3,76.41849348054866
27105,"Nobles County, MN",2006,10848,2013,10641,11127,2,1.0257190265486726,FALSE,FALSE,FALSE,2018,10991,2022,10807,10614.5,2,0.9657447002092622,FALSE,FALSE,FALSE,15,42072,20723,7,28.978474850968446,11,57300,21629,7,30.245400403010976
27107,"Norman County, MN",2006,3423,2013,3130,3348.5,2,0.9782354659655274,FALSE,FALSE,FALSE,2018,3328,2021,3114,3216,2,0.9663461538461539,FALSE,FALSE,FALSE,13.2,38124,6860,8,7.8598607452660385,10.4,53961,6375,8,7.30417088208032
27109,"Olmsted County, MN",2007,76735,2008,76173,76893,2,1.0020590343389588,FALSE,FALSE,FALSE,2019,86153,2020,85979,87929.5,2,1.0206202918064373,FALSE,FALSE,FALSE,8.4,60683,139369,3,213.26255644528231,6.7,80631,158293,3,242.2200765406444
27111,"Otter Tail County, MN",2008,27749,2009,27717,29074.5,2,1.047767487116653,FALSE,FALSE,FALSE,2018,29294,2021,29013,29726.5,2,1.0147641155185363,FALSE,FALSE,FALSE,11.3,40721,57677,6,29.25338614905903,11,59901,58746,6,29.795575753118605
27113,"Pennington County, MN",2008,8074,2010,7651,8085,2,1.0013623978201636,FALSE,FALSE,FALSE,2018,7615,2020,7417,7539.5,2,0.9900853578463559,FALSE,FALSE,TRUE,11.3,41785,13840,6,22.448582365535586,9.8,55870,14119,6,22.901122429118278
27115,"Pine County, MN",2008,12909,2009,12870,13829,2,1.071268107521884,FALSE,FALSE,FALSE,2019,12641,2020,11901,12330,2,0.9753975160193022,FALSE,FALSE,TRUE,12.3,43809,29210,6,20.696686900435544,11.6,55684,29579,6,20.95814111016717
27117,"Pipestone County, MN",2008,5349,2013,4483,4767,2,0.8911946158160404,FALSE,FALSE,TRUE,2018,4769,2021,4362,4494,2,0.9423359194799749,FALSE,FALSE,TRUE,11.5,36411,9520,6,20.470785050306095,11.1,55405,9126,6,19.623569786669478
27119,"Polk County, MN",2006,16274,2007,15869,16062.5,2,0.987003809757896,FALSE,FALSE,FALSE,2018,16022,2021,15017,15404.5,2,0.9614592435401323,FALSE,FALSE,TRUE,15.7,43188,31273,3,15.866573245344112,10.8,60582,31364,3,15.912742725896868
27121,"Pope County, MN",2006,5942,2010,5470,5702,2,0.9596095590710199,FALSE,FALSE,FALSE,2019,5982,2021,5859,5964,2,0.9969909729187563,FALSE,FALSE,FALSE,9.1,43090,11087,8,16.4359233217554,8.9,59442,11249,8,16.67608022426504
27123,"Ramsey County, MN",2007,258892,2009,249050,256524.5,2,0.9908552601084623,FALSE,FALSE,FALSE,2019,287793,2021,275042,279594,2,0.9715107733683586,FALSE,FALSE,TRUE,13.5,51803,499605,1,3281.3269669046413,12.4,68652,550321,1,3614.421668626073
27125,"Red Lake County, MN",2008,2168,2013,2109,2090.5,2,0.9642527675276753,FALSE,FALSE,FALSE,2019,1967,2022,1917,1907,2,0.9694966954753431,FALSE,FALSE,TRUE,11.1,40008,4093,8,9.465619196729008,9.9,58384,4055,8,9.3777390282766
27127,"Redwood County, MN",2007,7862,2008,7626,7959.5,2,1.0124014245738997,FALSE,FALSE,FALSE,2019,7624,2021,7476,7692,2,1.008919202518363,FALSE,FALSE,FALSE,9,46177,16053,7,18.271674636029108,9.7,60097,15170,7,17.266635783253072
27129,"Renville County, MN",2008,8156,2013,7720,7742,2,0.9492398234428642,FALSE,FALSE,FALSE,2018,7621,2022,7061,7339,2,0.9629969820233565,FALSE,FALSE,TRUE,9.5,45115,16227,9,16.509376373492213,10,59110,14548,8,14.801159023945566
27131,"Rice County, MN",2008,30708,2009,30658,32744.5,2,1.066318223264296,FALSE,FALSE,FALSE,2019,33492,2020,32880,33799.5,2,1.0091812970261556,FALSE,FALSE,FALSE,7.7,55431,62387,4,125.81956054815517,8.2,72438,66972,4,135.06640179894927
27133,"Rock County, MN",2006,4826,2008,4739,5255.5,2,1.0889970990468296,FALSE,FALSE,FALSE,2018,5288,2022,5108,5274,2,0.9973524962178517,FALSE,FALSE,FALSE,8.8,45382,9588,6,19.87319129708431,8.7,63451,9315,6,19.3073401055841
27135,"Roseau County, MN",2006,9489,2011,8099,8388,2,0.8839709136895353,FALSE,FALSE,TRUE,2018,8202,2020,8084,8276.5,2,1.0090831504511095,FALSE,FALSE,FALSE,8.2,48376,15959,7,9.546346648609621,6,62924,15165,7,9.071392125206147
27137,"St. Louis County, MN",2008,97516,2011,95079,96864,2,0.9933139177160671,FALSE,FALSE,TRUE,2018,97382,2020,93592,95913,2,0.9849150767082212,FALSE,FALSE,TRUE,14.9,42698,198903,2,31.834050588969067,12.8,60228,199070,2,31.860778624485665
27139,"Scott County, MN",2008,70423,2010,69174,72985.5,2,1.036387259844085,FALSE,FALSE,FALSE,2019,84318,2020,82106,87220.5,2,1.0344232548210346,FALSE,FALSE,FALSE,4.2,79213,124050,1,348.34742074078235,4.2,108718,149013,1,418.44654741512454
27141,"Sherburne County, MN",2008,46384,2009,44651,45629,2,0.9837228354605037,FALSE,FALSE,FALSE,2019,52022,2020,50764,54665.5,2,1.0508150397908578,FALSE,FALSE,FALSE,5,67634,85968,1,198.56426175891795,5.5,95323,97238,1,224.59510149024825
27143,"Sibley County, MN",2006,8367,2010,7849,7908,2,0.9451416278235927,FALSE,FALSE,TRUE,2018,8188,2021,7677,7683,2,0.938324377137274,FALSE,FALSE,TRUE,9,49918,15263,8,25.921818450465263,10.7,66757,14865,1,25.245877695483596
27145,"Stearns County, MN",2007,79223,2009,77439,81346.5,2,1.0268040846723805,FALSE,FALSE,FALSE,2019,84220,2021,81750,84953.5,2,1.0087093327000713,FALSE,FALSE,FALSE,11.7,51489,146591,3,109.16148998944061,11.2,66449,161075,3,119.94724778498781
27147,"Steele County, MN",2008,19679,2009,18953,20134,2,1.0231210935515016,FALSE,FALSE,FALSE,2019,19412,2022,17360,17323,2,0.8923861528951165,FALSE,FALSE,TRUE,7.1,53333,36342,5,84.60521292148957,6.3,68603,36649,5,85.3199176809111
27149,"Stevens County, MN",2006,5474,2010,5247,5348.5,2,0.9770734380708805,FALSE,FALSE,FALSE,2019,5902,2021,5588,5859,2,0.9927143341240258,FALSE,FALSE,FALSE,13.4,44888,9660,7,17.137930178014482,11.9,59045,9805,7,17.395176541970187
27151,"Swift County, MN",2006,5069,2013,4620,5104,2,1.006904714933912,FALSE,FALSE,FALSE,2018,5377,2021,4981,5314.5,2,0.9883764180769946,FALSE,FALSE,FALSE,11.7,40499,10058,7,13.554963774366053,9.5,60127,9266,7,12.487601345523547
27153,"Todd County, MN",2006,11716,2008,11360,12462.5,2,1.0637162854216455,FALSE,FALSE,FALSE,2019,11820,2021,11586,12368.5,2,1.046404399323181,FALSE,FALSE,FALSE,13.5,39655,24819,6,26.260768724513227,11.8,51746,24664,6,26.09676456833048
27155,"Traverse County, MN",2006,1820,2013,1579,1774.5,2,0.975,FALSE,FALSE,FALSE,2018,1871,2022,1707,1700.5,2,0.9088722608230893,FALSE,FALSE,TRUE,11.3,42342,3709,9,6.46311372570887,11.9,57602,3259,9,5.6789667382273405
27157,"Wabasha County, MN",2006,11969,2011,11255,11305,2,0.9445233519926477,FALSE,FALSE,TRUE,2019,11392,2021,11265,11543.5,2,1.0132988061797752,FALSE,FALSE,FALSE,8.5,49886,21708,3,41.51201014279076,8.4,63435,21627,3,41.35711458255646
27159,"Wadena County, MN",2008,5956,2013,5749,6323,2,1.0616185359301544,FALSE,FALSE,FALSE,2018,6391,2020,6368,6500.5,2,1.017133468940698,FALSE,FALSE,FALSE,14.9,35728,13840,7,25.804190197763763,12.5,50663,13682,7,25.50960478943669
27161,"Waseca County, MN",2006,10075,2013,9402,9698.5,2,0.9626302729528536,FALSE,FALSE,TRUE,2019,9672,2022,9156,9186,2,0.9497518610421837,FALSE,FALSE,TRUE,8.5,49108,19407,7,45.84031122375467,8.9,63907,18612,6,43.96248119217405
27163,"Washington County, MN",2006,122989,2009,119095,126381,2,1.0275797022497948,FALSE,FALSE,FALSE,2019,138759,2020,135296,144991,2,1.0449124020784237,FALSE,FALSE,FALSE,4.7,78113,229756,1,597.1519390362129,4.6,100857,262440,1,682.0999446398079
27165,"Watonwan County, MN",2006,5388,2009,5073,5918,2,1.0983667409057165,FALSE,FALSE,FALSE,2018,5684,2021,5658,5826,2,1.0249824067558058,FALSE,FALSE,FALSE,9.1,43502,11231,7,25.82153687690684,10.1,57290,10897,6,25.053627223546776
27167,"Wilkin County, MN",2006,3425,2008,3326,3618.5,2,1.0564963503649636,FALSE,FALSE,FALSE,2018,3459,2021,3302,3381,2,0.9774501300954033,FALSE,FALSE,TRUE,8.9,45030,6715,6,8.940959046013651,9.1,69890,6207,6,8.264561846404575
27169,"Winona County, MN",2006,27494,2009,26571,28123,2,1.0228777187750056,FALSE,FALSE,FALSE,2019,28277,2021,27277,28160,2,0.9958623616366659,FALSE,FALSE,TRUE,11.5,44485,51316,4,81.94943715256207,11,64219,50484,4,80.62076906247455
27171,"Wright County, MN",2008,63124,2009,61766,66025,2,1.0459571636778404,FALSE,FALSE,FALSE,2019,76238,2020,74479,81174.5,2,1.0647511739552453,FALSE,FALSE,FALSE,5,67391,118635,1,179.4389724477572,5.2,91374,138377,1,209.29933569691323
27173,"Yellow Medicine County, MN",2008,5532,2013,5281,5313.5,2,0.9605025307302965,FALSE,FALSE,TRUE,2018,5134,2022,4752,4751,2,0.9253992987923646,FALSE,FALSE,TRUE,11.1,44602,10574,9,13.92963518688554,9.6,61074,9709,9,12.790129376723256
28001,"Adams County, MS",2008,12551,2013,10766,10063.5,2,0.8018086208270258,FALSE,FALSE,TRUE,2018,9948,2020,8738,9374,2,0.9422999597909127,FALSE,FALSE,TRUE,33.3,28849,32889,5,71.13534511099961,27.9,34583,30693,5,66.38563493848736
28003,"Alcorn County, MS",2007,14323,2009,13210,14653.5,2,1.0230747748376736,FALSE,FALSE,FALSE,2019,14475,2020,13328,13653,2,0.9432124352331607,FALSE,FALSE,TRUE,17.7,34807,36608,7,91.50993390727021,17.3,43496,36953,7,92.3723390427053
28005,"Amite County, MS",2006,4837,2013,4147,4041,2,0.8354351870994418,FALSE,FALSE,TRUE,2019,4062,2020,3891,4081.5,2,1.0048005908419497,FALSE,FALSE,FALSE,22.3,31557,13400,8,18.353650184906176,20.9,41575,12297,8,16.84289823311875
28007,"Attala County, MS",2006,6875,2009,6057,7028,2,1.0222545454545455,FALSE,FALSE,FALSE,2019,6777,2020,6427,6774.5,2,0.9996311052087945,FALSE,FALSE,FALSE,23.6,29289,19511,6,26.547131328771616,24.1,36905,18174,6,24.72797728302472
28009,"Benton County, MS",2006,2673,2009,2412,2982.5,2,1.1157875046763936,FALSE,FALSE,FALSE,2019,3175,2020,3054,3160,2,0.9952755905511811,FALSE,FALSE,FALSE,21.7,29880,8603,8,21.157554055915163,20.7,37875,8259,1,20.311547012414664
28011,"Bolivar County, MS",2006,14353,2013,12359,11916.5,2,0.8302445481780812,FALSE,FALSE,TRUE,2018,10835,2020,9703,10024.5,2,0.9251961236732811,FALSE,FALSE,TRUE,39.5,26228,35628,5,40.64770732007845,36.6,30309,30628,7,34.943246317485205
28013,"Calhoun County, MS",2006,5740,2009,5254,6397,2,1.114459930313589,FALSE,FALSE,FALSE,2018,5413,2020,5141,5205.5,2,0.9616663587659339,FALSE,FALSE,TRUE,23.3,28855,14967,7,25.51600568045239,17.2,38648,14361,9,24.482886188078893
28015,"Carroll County, MS",2007,4668,2013,3116,3378,2,0.7236503856041131,FALSE,FALSE,TRUE,2019,3586,2020,3392,3370,2,0.939765755716676,FALSE,FALSE,TRUE,20.2,30903,10630,9,16.916300120307834,17.2,44885,9947,9,15.829392031674697
28017,"Chickasaw County, MS",2006,6960,2009,6208,7308,2,1.05,FALSE,FALSE,FALSE,2018,6425,2020,5953,5898,2,0.9179766536964981,FALSE,FALSE,TRUE,20.1,30849,17884,7,35.640975563093136,22.7,37533,17103,7,34.084522760880226
28019,"Choctaw County, MS",2007,3211,2009,2945,3433.5,2,1.0692930551230146,FALSE,FALSE,FALSE,2018,3000,2020,2829,2944.5,2,0.9815,FALSE,FALSE,FALSE,25.3,31924,8680,9,20.755768214501778,20.9,41146,8210,9,19.631895972472304
28021,"Claiborne County, MS",2008,3225,2013,2747,2651.5,2,0.8221705426356589,FALSE,FALSE,TRUE,2019,2661,2021,2492,2559,2,0.9616685456595265,FALSE,FALSE,TRUE,35.2,26621,9962,6,20.43843541950904,37.5,31221,8988,8,18.440138280520706
28023,"Clarke County, MS",2006,6634,2010,5819,6047.5,2,0.9115917998191136,FALSE,FALSE,TRUE,2019,6098,2020,5741,5881.5,2,0.9644965562479502,FALSE,FALSE,TRUE,20.3,30833,16857,9,24.37476141450831,23.2,42826,15541,9,22.47186137170752
28025,"Clay County, MS",2006,7301,2009,5922,7457.5,2,1.021435419805506,FALSE,FALSE,FALSE,2019,6978,2020,6633,7968,2,1.1418744625967325,FALSE,FALSE,FALSE,25.1,31981,21017,7,51.25122537663567,29.7,33653,19316,7,47.10323401889397
28027,"Coahoma County, MS",2006,9681,2013,8574,8208.5,2,0.8478979444272285,FALSE,FALSE,TRUE,2018,7412,2022,6873,6437.5,2,0.8685240151106314,FALSE,FALSE,TRUE,32.2,26452,27025,5,48.860788787601564,38.2,30242,22124,7,39.99985536121728
28029,"Copiah County, MS",2006,11266,2013,10301,10485,2,0.930676371382922,FALSE,FALSE,TRUE,2018,10576,2020,9920,10433,2,0.9864788199697428,FALSE,FALSE,FALSE,22.4,32223,29565,2,38.03624153302843,22.1,42299,28065,2,36.106447442057934
28031,"Covington County, MS",2007,8323,2013,7352,7150.5,2,0.8591253153910849,FALSE,FALSE,TRUE,2019,6977,2020,6918,7154,2,1.025369069800774,FALSE,FALSE,FALSE,22.3,32785,19510,8,47.146216099309115,21.3,42076,18636,8,45.03418161080086
28033,"DeSoto County, MS",2008,74585,2009,71433,78160,2,1.0479318897901724,FALSE,FALSE,FALSE,2019,89014,2020,85996,94119,2,1.0573505291302492,FALSE,FALSE,FALSE,7.9,58581,150688,1,316.30960927299674,9.4,67450,184945,1,388.2185753808822
28035,"Forrest County, MS",2007,35133,2013,30405,32026.5,2,0.9115788574844164,FALSE,FALSE,FALSE,2019,34162,2020,32574,34919.5,2,1.0221737603184826,FALSE,FALSE,FALSE,25.2,32589,74057,3,158.90627883323822,23.3,40224,74897,3,160.70869149132483
28037,"Franklin County, MS",2006,2943,2009,2683,2846,2,0.9670404349303432,FALSE,FALSE,TRUE,2018,2662,2020,2472,2587.5,2,0.9720135236664162,FALSE,FALSE,FALSE,20.8,31288,8165,9,14.47787447425722,19.6,41420,7713,9,13.676404876907036
28039,"George County, MS",2008,8816,2013,7781,7934,2,0.89995462794918335,FALSE,FALSE,TRUE,2019,7871,2020,7641,8055.5,2,1.0234404777029602,FALSE,FALSE,FALSE,16.6,42581,21764,3,45.4648954771161,16.6,51858,24500,6,51.180386840164694
28041,"Greene County, MS",2006,4557,2013,3997,3322.5,2,0.7290980908492429,FALSE,FALSE,TRUE,2018,2705,2020,2563,2707.5,2,1.0009242144177448,FALSE,FALSE,FALSE,22,35196,13776,8,19.328280518226894,21.8,48641,13586,8,19.061702897839037
28043,"Grenada County, MS",2006,9179,2009,7910,8799.5,2,0.9586556269746159,FALSE,FALSE,TRUE,2019,8637,2020,8059,7906,2,0.9153641310640268,FALSE,FALSE,TRUE,23.7,31657,22335,7,52.91124366889193,20.3,40561,20758,7,49.175356887345366
28045,"Hancock County, MS",2007,17304,2009,16778,18213.5,2,1.0525601017105872,FALSE,FALSE,FALSE,2019,20446,2020,19569,20871,2,1.020786461899638,FALSE,FALSE,FALSE,17.3,38192,41707,3,87.99594906796916,16.7,50401,47632,2,100.49687213190848
28047,"Harrison County, MS",2008,81709,2009,78874,82839,2,1.0138295658984935,FALSE,FALSE,FALSE,2019,84515,2020,80889,87271,2,1.0326095959297166,FALSE,FALSE,FALSE,15.6,40803,179054,3,312.138708170338,17.5,49619,208080,2,362.73874024642805
28049,"Hinds County, MS",2006,111571,2013,101695,101788.5,2,0.9123204058402273,FALSE,FALSE,TRUE,2018,99496,2020,91289,93197,2,0.9366909222481306,FALSE,FALSE,TRUE,23.2,38162,246546,2,283.4367042404106,20.1,44773,231840,2,266.5302438940271
28051,"Holmes County, MS",2006,6420,2013,5264,5445,2,0.8481308411214953,FALSE,FALSE,TRUE,2018,5444,2020,4939,5019,2,0.9219324026451139,FALSE,FALSE,TRUE,41.7,22700,19710,6,26.048205700209074,33.8,26348,17010,6,22.47995834401605
28053,"Humphreys County, MS",2007,3964,2013,2537,2435.5,2,0.6144046417759839,FALSE,FALSE,TRUE,2018,2608,2022,2348,2361.5,2,0.9054831288343558,FALSE,FALSE,TRUE,41,22433,9666,7,23.086844368013757,37.1,28464,8064,6,19.260533104041272
28055,"Issaquena County, MS",2006,658,2013,356,331,2,0.5030395136778115,TRUE,FALSE,TRUE,2018,310,2022,278,282,2,0.9096774193548387,TRUE,FALSE,TRUE,49.3,24724,1552,9,3.7580512373480555,35.8,30944,1327,8,3.2132306649232407
28057,"Itawamba County, MS",2006,9573,2009,8555,9615.5,2,1.0044395696228978,FALSE,FALSE,FALSE,2019,10299,2020,9830,10297,2,0.9998058063889698,FALSE,FALSE,FALSE,14.5,37891,23271,7,43.6772116855451,12.8,49214,23390,7,43.90056212989987
28059,"Jackson County, MS",2008,57762,2013,55711,57486.5,2,0.9952304283092691,FALSE,FALSE,FALSE,2019,60727,2020,58004,62931.5,2,1.0363018097386665,FALSE,FALSE,FALSE,14.8,43411,136028,3,188.18939577352748,15.1,53414,143617,2,198.68847923079582
28061,"Jasper County, MS",2007,7083,2013,5885,5931.5,2,0.837427643653819,FALSE,FALSE,TRUE,2019,6341,2021,6007,6211,2,0.9794985018135941,FALSE,FALSE,FALSE,19.2,30351,17492,9,25.863840747821637,20.5,40923,16383,9,24.224062598419955
28063,"Jefferson County, MS",2008,2423,2013,2009,2178.5,2,0.8990920346677672,FALSE,FALSE,FALSE,2018,2316,2021,2120,2141,2,0.9244386873920553,FALSE,FALSE,TRUE,35.2,23761,8127,7,15.630860130055218,28.9,30871,6990,8,13.444039905141624
28065,"Jefferson Davis County, MS",2008,5211,2013,3698,4125.5,2,0.7916906543849549,FALSE,FALSE,FALSE,2019,4532,2020,4288,4452.5,2,0.9824580759046778,FALSE,FALSE,FALSE,29,26133,12749,8,31.213428458107067,24.3,32077,11128,8,27.244727577207268
28067,"Jones County, MS",2007,29810,2013,25497,26435.5,2,0.88679973163368,FALSE,FALSE,FALSE,2019,28942,2020,27075,28305,2,0.9779904636859926,FALSE,FALSE,FALSE,21.7,34279,66760,4,96.07898164338809,23.8,41733,68098,4,98.00459095193892
28069,"Kemper County, MS",2006,3781,2010,3355,3476,2,0.9193335096535308,FALSE,FALSE,TRUE,2018,3419,2020,2985,3051.5,2,0.8925124305352442,FALSE,FALSE,TRUE,25.9,27789,10486,9,13.68604326387203,28,33472,9742,9,12.71499460963583
28071,"Lafayette County, MS",2007,21018,2010,19775,21645,2,1.029831572937482,FALSE,FALSE,FALSE,2018,25613,2020,23647,26367.5,2,1.0294576972631087,FALSE,FALSE,FALSE,18.9,38910,45027,6,71.27942668716173,17.5,54034,54019,4,85.51409932293488
28073,"Lamar County, MS",2008,22805,2009,22135,26641.5,2,1.1682306511729883,FALSE,FALSE,FALSE,2019,27678,2020,26624,29173.5,2,1.0540320832430088,FALSE,FALSE,FALSE,12.7,47134,50920,3,102.54344805364802,16,62606,63343,3,127.56106893287955
28075,"Lauderdale County, MS",2008,31152,2009,29520,31439.5,2,1.0092289419619929,FALSE,FALSE,FALSE,2018,29131,2020,27358,27871.5,2,0.956764271738011,FALSE,FALSE,TRUE,23.2,32778,78794,5,111.97482932485973,21.5,41604,74125,5,105.33967337240433
28077,"Lawrence County, MS",2008,4889,2013,4294,4286,2,0.8766618940478625,FALSE,FALSE,TRUE,2018,4225,2020,4096,4457,2,1.0549112426035503,FALSE,FALSE,FALSE,18.4,34189,13043,8,30.290151926837314,19.7,43668,12586,8,29.22884705598209
28079,"Leake County, MS",2008,7844,2013,7439,7662,2,0.9767975522692504,FALSE,FALSE,FALSE,2019,8198,2020,7859,8178.5,2,0.9976213710661137,FALSE,FALSE,FALSE,20.5,32364,23353,6,40.063681919790284,23.8,41007,22786,6,39.090954319545304
28081,"Lee County, MS",2006,35518,2009,33116,37708.5,2,1.0616729545582522,FALSE,FALSE,FALSE,2019,37373,2020,35659,37173.5,2,0.994661921708185,FALSE,FALSE,FALSE,15.4,42473,80561,5,179.03836965097287,14.6,50803,85436,5,189.87254564243887
28083,"Leflore County, MS",2007,12698,2013,9236,9599.5,2,0.7559851945188218,FALSE,FALSE,TRUE,2019,9764,2020,9342,9114,2,0.9334289225727161,FALSE,FALSE,TRUE,42.4,24568,33540,5,56.45761302464003,35.7,29687,28183,5,47.440217885313956
28085,"Lincoln County, MS",2006,13456,2009,12289,13396,2,0.9955410225921522,FALSE,FALSE,FALSE,2018,13271,2020,12781,13765,2,1.0372240223042726,FALSE,FALSE,FALSE,18.4,36726,34398,6,58.67893082136515,19.6,45062,34153,6,58.26098971864887
28087,"Lowndes County, MS",2007,24201,2009,22521,24952,2,1.031031775546465,FALSE,FALSE,FALSE,2019,23951,2020,22242,23270.5,2,0.9715878251430002,FALSE,FALSE,FALSE,21.3,35016,59355,5,117.42490187389213,17.2,49251,58595,5,115.92135667257534
28089,"Madison County, MS",2008,43643,2009,42718,47673,2,1.0923401232729189,FALSE,FALSE,FALSE,2019,51720,2020,49351,54410,2,1.0520108275328692,FALSE,FALSE,FALSE,12.7,59278,90195,2,126.28620953751762,10.1,70824,106272,2,148.79636409968484
28091,"Marion County, MS",2006,9660,2013,9028,8683.5,2,0.8989130434782608,FALSE,FALSE,FALSE,2018,8096,2020,7965,8365.5,2,1.033288043478261,FALSE,FALSE,FALSE,23.6,30948,26610,6,49.06326229208959,23.8,38402,24573,6,45.30746126657337
28093,"Marshall County, MS",2007,14233,2009,13071,13952,2,0.9802571488793649,FALSE,FALSE,TRUE,2018,13409,2020,12686,13509.5,2,1.0074949660675665,FALSE,FALSE,FALSE,22.5,32660,36950,1,52.32288102952172,20.3,43107,35294,1,49.97790969028253
28095,"Monroe County, MS",2006,15203,2009,13454,14599,2,0.9602709991449057,FALSE,FALSE,TRUE,2019,12859,2020,12306,12701,2,0.9877128859164788,FALSE,FALSE,FALSE,18.4,35083,37355,7,48.819663261292035,17.9,42464,35252,7,46.07122926748941
28097,"Montgomery County, MS",2006,4153,2013,3892,3920.5,2,0.9440163737057549,FALSE,FALSE,TRUE,2018,3846,2020,3599,3741,2,0.9726989079563183,FALSE,FALSE,TRUE,22.9,30750,11297,7,27.758052587221517,23.7,38475,9775,7,24.018320265565222
28099,"Neshoba County, MS",2006,13642,2013,10136,10492.5,2,0.7691320920686117,FALSE,FALSE,TRUE,2019,10738,2020,10245,10472,2,0.9752281616688396,FALSE,FALSE,FALSE,22.5,31036,29399,7,51.56507066759744,21.7,41795,29118,7,51.072204078339475
28101,"Newton County, MS",2006,9027,2009,8269,8602.5,2,0.9529744101030243,FALSE,FALSE,TRUE,2018,8533,2020,7649,7931.5,2,0.9295089651939529,FALSE,FALSE,TRUE,17.2,35076,21965,7,38.016857919241225,20.3,42962,21018,7,36.37779739342645
28103,"Noxubee County, MS",2006,3625,2009,3022,3734,2,1.0300689655172415,FALSE,FALSE,FALSE,2018,4195,2022,3907,3979,2,0.9485101311084625,FALSE,FALSE,TRUE,32.8,24425,11880,7,17.089640053052687,29.2,32916,10417,7,14.985082528000829
28105,"Oktibbeha County, MS",2008,19098,2009,18241,20924,2,1.0956121059796837,FALSE,FALSE,FALSE,2019,21323,2020,20052,21102.5,2,0.9896590536040895,FALSE,FALSE,FALSE,31.4,31688,46032,5,100.45412983181266,31.1,41631,49587,5,108.21209019747337
28107,"Panola County, MS",2007,13772,2013,12084,11753,2,0.8533981992448446,FALSE,FALSE,TRUE,2018,11194,2020,10579,10913,2,0.9748972663927103,FALSE,FALSE,FALSE,28.5,32514,34813,6,50.80854665927202,22.8,40655,34192,6,49.90221547622523
28109,"Pearl River County, MS",2007,20281,2009,19175,22131,2,1.0912183817366008,FALSE,FALSE,FALSE,2019,22077,2020,21037,22770,2,1.031390134529148,FALSE,FALSE,FALSE,19,37380,56053,6,69.08821988722151,18.1,45874,55535,6,68.4497581117308
28111,"Perry County, MS",2006,4774,2013,3819,3942,2,0.8257226644323419,FALSE,FALSE,TRUE,2019,3933,2020,3701,3935,2,1.0005085176709891,FALSE,FALSE,FALSE,19.4,35160,12316,3,19.02725550841828,19.9,43106,11973,3,18.497347369461842
28113,"Pike County, MS",2008,14543,2013,13248,13627.5,2,0.9370487519768961,FALSE,FALSE,TRUE,2018,13651,2020,13232,13399,2,0.9815398139330452,FALSE,FALSE,TRUE,27,27245,40141,7,98.09988147170596,26.2,35044,39288,6,96.01524982587338
28115,"Pontotoc County, MS",2006,12511,2009,11494,12962.5,2,1.0360882423467348,FALSE,FALSE,FALSE,2019,12787,2020,12053,12160,2,0.950965824665676,FALSE,FALSE,TRUE,16.2,38163,29264,7,58.78512614174399,15.9,48910,32174,7,64.630694658436
28117,"Prentiss County, MS",2006,10368,2009,9496,10569.5,2,1.019434799382716,FALSE,FALSE,FALSE,2019,10099,2020,9600,10130.5,2,1.0031191207050203,FALSE,FALSE,FALSE,17.9,32781,25370,7,61.13473980987264,15.7,43465,25126,7,60.54676675060544
28119,"Quitman County, MS",2006,3549,2013,2442,2275,2,0.6410256410256411,FALSE,FALSE,TRUE,2018,1989,2020,1880,1987,2,0.9989944695827049,FALSE,FALSE,FALSE,36.5,24680,8723,6,21.537633452835966,35,29318,6792,6,16.769873485230068
28121,"Rankin County, MS",2008,70478,2010,66489,68610.5,2,0.9735023695337552,FALSE,FALSE,FALSE,2019,73856,2020,70298,76486.5,2,1.0356166052859619,FALSE,FALSE,FALSE,9.4,53561,136694,2,176.26608966109518,11.1,67284,155271,2,200.221019267619
28123,"Scott County, MS",2008,12753,2013,11938,11632,2,0.9120991139339764,FALSE,FALSE,TRUE,2018,10988,2020,10387,10970,2,0.9983618492901347,FALSE,FALSE,FALSE,20.5,32297,28175,6,46.24682591660635,19.7,41532,28124,6,46.16311382710335
28125,"Sharkey County, MS",2007,2333,2013,1609,1647,2,0.7059579939991427,FALSE,FALSE,TRUE,2018,1661,2022,1405,1304,2,0.7850692354003612,FALSE,FALSE,TRUE,37.6,25470,5238,9,12.132863893264151,33.4,31138,4321,8,10.008802001297136
28127,"Simpson County, MS",2006,11013,2013,10169,10232,2,0.9290838100426768,FALSE,FALSE,TRUE,2019,10172,2020,9598,10148.5,2,0.9976897365316555,FALSE,FALSE,FALSE,21.7,32687,27512,2,46.69659602997463,17.8,47664,26658,2,45.247086979029646
28129,"Smith County, MS",2006,6404,2009,5752,6746.5,2,1.053482198625859,FALSE,FALSE,FALSE,2018,5404,2020,5151,5344.5,2,0.9889896373056994,FALSE,FALSE,FALSE,19.1,35037,16462,8,25.87274544688716,18.9,46296,15916,8,25.014616482362776
28131,"Stone County, MS",2008,7297,2013,5864,6296.5,2,0.8628888584349733,FALSE,FALSE,FALSE,2019,6835,2020,6542,7188,2,1.0516459400146305,FALSE,FALSE,FALSE,17.9,39842,16264,3,36.50852441720821,18.5,47187,18336,6,41.159635004545606
28133,"Sunflower County, MS",2006,10151,2013,7768,8381.5,2,0.825682198798148,FALSE,FALSE,TRUE,2018,8764,2020,8122,8451.5,2,0.9643427658603377,FALSE,FALSE,TRUE,38.5,26565,31463,5,45.091500073807715,34,32948,25110,7,35.98663722001436
28135,"Tallahatchie County, MS",2006,5695,2013,5177,5064.5,2,0.8892888498683056,FALSE,FALSE,TRUE,2019,4499,2022,3841,4695.5,2,1.0436763725272282,FALSE,FALSE,FALSE,29.3,26202,15231,7,23.59237286822906,37.9,31915,13809,7,21.389736520082405
28137,"Tate County, MS",2007,11103,2009,10300,11496,2,1.0353958389624427,FALSE,FALSE,FALSE,2019,11643,2020,11165,11896.5,2,1.0217727389847977,FALSE,FALSE,FALSE,15.8,40478,27803,1,68.68957883996315,15.1,50188,28321,1,69.96934008296213
28139,"Tippah County, MS",2006,8678,2009,7160,8233,2,0.948720903433971,FALSE,FALSE,FALSE,2019,8597,2020,8130,9011,2,1.048156333604746,FALSE,FALSE,FALSE,19.5,31716,21884,7,47.800236773243746,16.2,44696,22015,6,48.086374180358305
28141,"Tishomingo County, MS",2006,7524,2009,6654,7150.5,2,0.9503588516746412,FALSE,FALSE,FALSE,2019,7621,2020,7128,7431.5,2,0.9751344967851988,FALSE,FALSE,TRUE,17.8,33123,19581,8,46.14927751080022,17,43341,19383,8,45.68262325682246
28143,"Tunica County, MS",2007,4037,2009,3681,4386,2,1.0864503344067378,FALSE,FALSE,FALSE,2018,3904,2020,3607,3667.5,2,0.9394211065573771,FALSE,FALSE,TRUE,25.4,29894,10853,1,23.898443177063836,28.1,33993,9632,1,21.209785744170173
28145,"Union County, MS",2008,11080,2009,10427,12332.5,2,1.1130415162454874,FALSE,FALSE,FALSE,2019,12342,2020,11677,12735,2,1.0318424890617404,FALSE,FALSE,FALSE,14.4,37802,26684,7,64.20488586573373,13,49320,28815,6,69.33232597141048
28147,"Walthall County, MS",2007,5496,2013,4744,4775,2,0.8688136826783115,FALSE,FALSE,TRUE,2018,4913,2020,4743,4905,2,0.9983716670059027,FALSE,FALSE,FALSE,25.6,28991,15515,9,38.41031074845022,21.7,35465,14286,9,35.3676892911608
28149,"Warren County, MS",2006,21080,2009,19458,21345,2,1.012571157495256,FALSE,FALSE,FALSE,2018,18653,2020,17511,17978,2,0.9638127915080684,FALSE,FALSE,TRUE,19.2,40263,49163,4,83.53439721614312,20.1,46606,45381,4,77.10828224611579
28151,"Washington County, MS",2007,20152,2013,16395,16969,2,0.8420504168320763,FALSE,FALSE,TRUE,2018,17824,2022,15414,15311.5,2,0.8590383752244165,FALSE,FALSE,TRUE,32,28678,53069,5,73.2849453010857,33.7,31018,43909,5,60.635562441828036
28153,"Wayne County, MS",2007,8101,2013,7071,7043,2,0.869398839649426,FALSE,FALSE,TRUE,2019,7239,2020,6891,6911,2,0.9546898742920293,FALSE,FALSE,FALSE,23.3,32078,21276,7,26.243468736277563,22.2,39036,20183,7,24.895277754478755
28155,"Webster County, MS",2006,3138,2009,2957,3929,2,1.2520713830465264,FALSE,FALSE,FALSE,2019,4265,2020,4077,4281,2,1.003751465416178,FALSE,FALSE,FALSE,19.8,33602,10035,9,23.827162252646275,17,46110,9689,9,23.005617844134505
28157,"Wilkinson County, MS",2008,3390,2013,2622,2520.5,2,0.7435103244837759,FALSE,FALSE,FALSE,2019,2477,2020,2319,2346.5,2,0.947315300767057,FALSE,FALSE,TRUE,37.9,24509,10142,8,14.958437313793857,31.2,32612,8630,8,12.728388288112896
28159,"Winston County, MS",2007,7477,2009,6379,6949,2,0.9293834425571753,FALSE,FALSE,TRUE,2019,6957,2020,6682,6908,2,0.992956734224522,FALSE,FALSE,FALSE,21.5,33633,19606,7,32.28648450146645,25.4,37596,17955,7,29.567674651832604
28161,"Yalobusha County, MS",2008,4953,2010,4532,4743,2,0.9576014536644458,FALSE,FALSE,FALSE,2018,5124,2020,4743,4909.5,2,0.9581381733021077,FALSE,FALSE,TRUE,24.8,31485,13036,7,27.905323974475063,24.4,40515,12108,7,25.918814259200985
28163,"Yazoo County, MS",2007,9362,2013,8431,8593.5,2,0.9179128391369366,FALSE,FALSE,TRUE,2019,8844,2021,7876,7709,2,0.8716644052464948,FALSE,FALSE,TRUE,30,29461,28641,6,31.052573945154652,36.4,34817,29690,2,32.189899809072365
29001,"Adair County, MO",2006,13139,2012,9883,9810,2,0.7466321637871984,FALSE,FALSE,TRUE,2018,11378,2021,10429,10486,2,0.9216030936895764,FALSE,FALSE,TRUE,24.6,31676,24983,7,44.036564643836684,19.2,43044,25343,7,44.67112267416856
29003,"Andrew County, MO",2007,9854,2011,9003,9303.5,2,0.9441343616805358,FALSE,FALSE,TRUE,2019,8908,2022,8389,8446.5,2,0.9481926358329591,FALSE,FALSE,TRUE,8.4,48354,16834,3,38.91048784885145,8.9,62823,17712,3,40.93991688124373
29005,"Atchison County, MO",2008,3090,2011,2635,2700,2,0.8737864077669902,FALSE,FALSE,TRUE,2018,2848,2022,2663,2620.5,2,0.9201193820224719,FALSE,FALSE,TRUE,14,38114,5909,9,10.796933955799995,12.9,50516,5143,9,9.39729756890834
29007,"Audrain County, MO",2007,11759,2010,10016,10483.5,2,0.8915298919976189,FALSE,FALSE,TRUE,2018,11230,2022,10344,10055.5,2,0.8954140694568121,FALSE,FALSE,TRUE,19.1,37945,25658,6,37.06464427591188,16.3,45609,25388,6,36.674611773203324
29009,"Barry County, MO",2006,17071,2011,13781,13816,2,0.8093257571319782,FALSE,FALSE,TRUE,2018,15291,2022,14054,13814,2,0.9034072330128834,FALSE,FALSE,TRUE,17.3,34749,35844,6,46.06475591231195,18.6,47155,35789,6,45.994072908875474
29011,"Barton County, MO",2006,5771,2009,4712,5087,2,0.8814763472535089,FALSE,FALSE,TRUE,2018,5151,2020,5025,5218,2,1.0130071830712484,FALSE,FALSE,FALSE,17.2,35845,12769,6,21.56816377548435,15,46397,11754,6,19.85372362887016
29013,"Bates County, MO",2006,7492,2009,6783,7453,2,0.9947944474105713,FALSE,FALSE,FALSE,2018,7263,2020,6930,7138.5,2,0.9828583230070219,FALSE,FALSE,FALSE,15.9,37981,17189,1,20.5439012496773,16.9,48442,16172,1,19.32840601604406
29015,"Benton County, MO",2006,8062,2010,6374,6515.5,2,0.8081741503349045,FALSE,FALSE,TRUE,2018,6736,2020,6561,6889,2,1.0227137767220902,FALSE,FALSE,FALSE,18.6,31140,19025,9,27.02288102972446,16.7,42144,19443,7,27.616603198997772
29017,"Bollinger County, MO",2006,5543,2009,5047,5230,2,0.9435323831860004,FALSE,FALSE,TRUE,2018,4855,2020,4571,4700,2,0.9680741503604532,FALSE,FALSE,TRUE,15.8,35372,12554,9,20.317071907610245,14.5,45868,12133,3,19.63573629560579
29019,"Boone County, MO",2007,84675,2009,82990,89537.5,2,1.0574254502509595,FALSE,FALSE,FALSE,2019,96535,2020,92254,98372.5,2,1.019034547055472,FALSE,FALSE,FALSE,16,44936,155666,3,227.06698699294435,17.2,58029,180463,3,263.2378918563316
29021,"Buchanan County, MO",2008,46571,2010,42167,43394.5,2,0.9317923171072127,FALSE,FALSE,TRUE,2018,39296,2022,36325,36683.5,2,0.9335174063517915,FALSE,FALSE,TRUE,15.2,39638,87740,3,214.91785650424129,15.8,49216,87364,3,213.99684996166553
29023,"Butler County, MO",2008,20698,2010,16882,17056.5,2,0.8240651270654169,FALSE,FALSE,TRUE,2018,16643,2020,16333,16522.5,2,0.992759718800697,FALSE,FALSE,FALSE,18.7,32364,42109,7,60.60994251202584,22.5,41327,42478,5,61.141065758527475
29025,"Caldwell County, MO",2007,4161,2009,3780,4039.5,2,0.9708002883922134,FALSE,FALSE,TRUE,2018,3988,2020,3798,3983,2,0.9987462387161484,FALSE,FALSE,FALSE,14.5,37973,9395,1,22.033663779658674,13.6,52872,9020,1,21.15419343188092
29027,"Callaway County, MO",2007,21867,2013,20219,20281,2,0.9274706178259478,FALSE,FALSE,TRUE,2019,19975,2020,19727,20560.5,2,1.0293116395494368,FALSE,FALSE,FALSE,12.4,45255,43414,3,52.01991456627105,11.6,58720,44743,3,53.612360930544654
29029,"Camden County, MO",2006,21275,2011,16878,17077,2,0.8026792009400705,FALSE,FALSE,TRUE,2019,17970,2020,17371,18886.5,2,1.0510016694490818,FALSE,FALSE,FALSE,13.5,42191,42744,7,65.15496100823736,13.5,51460,46305,7,70.58301678566421
29031,"Cape Girardeau County, MO",2007,37544,2009,36107,37884,2,1.0090560409119966,FALSE,FALSE,FALSE,2019,40028,2020,38753,40918.5,2,1.0222469271509944,FALSE,FALSE,FALSE,12.8,45262,73510,5,127.06627462978615,14.6,57618,78871,3,136.33307232112452
29033,"Carroll County, MO",2006,5044,2012,4169,4430,2,0.8782712133227597,FALSE,FALSE,TRUE,2019,3889,2022,3562,3855,2,0.9912573926459244,FALSE,FALSE,TRUE,16,36209,9622,6,13.85213828528322,13.8,50628,8679,6,12.494565389521208
29035,"Carter County, MO",2006,2790,2012,2281,2308.5,2,0.8274193548387097,FALSE,FALSE,FALSE,2019,2216,2020,2165,2185.5,2,0.9862364620938628,FALSE,FALSE,FALSE,23.7,26947,6117,9,12.056551672484375,19.8,36383,5982,9,11.790467893542838
29037,"Cass County, MO",2007,47978,2009,45569,48476.5,2,1.0103901788319647,FALSE,FALSE,FALSE,2019,54311,2020,52381,56406.5,2,1.0385833440739445,FALSE,FALSE,FALSE,7.5,61025,96845,1,139.02227198667845,7.9,73882,105780,1,151.84858207187614
29039,"Cedar County, MO",2007,6151,2012,5309,5494,2,0.893188099496017,FALSE,FALSE,TRUE,2019,5019,2020,4911,5108,2,1.017732616058976,FALSE,FALSE,FALSE,20,32229,14169,6,29.86279427571817,17.9,38427,14349,6,30.24216494193521
29041,"Chariton County, MO",2006,3858,2013,3487,3484,2,0.9030585795749093,FALSE,FALSE,TRUE,2018,3308,2020,3245,3266,2,0.9873035066505441,FALSE,FALSE,TRUE,13.5,37754,7900,9,10.516814922694754,12.5,50589,7426,9,9.88580602733307
29043,"Christian County, MO",2007,38480,2010,37229,38303,2,0.9954002079002079,FALSE,FALSE,FALSE,2019,41991,2020,41088,45034.5,2,1.0724798171036651,FALSE,FALSE,FALSE,10.4,47431,72545,2,128.94527757583947,10.4,63400,88595,2,157.47338709534077
29045,"Clark County, MO",2007,3423,2010,3017,3059.5,2,0.8938066023955594,FALSE,FALSE,TRUE,2018,3051,2022,2897,2837,2,0.9298590626024255,FALSE,FALSE,TRUE,14.2,35538,7212,9,14.292338973377248,14.2,46001,6797,9,13.469915141714527
29047,"Clay County, MO",2007,112007,2009,111129,116463,2,1.0397832278339747,FALSE,FALSE,FALSE,2019,131609,2020,126578,135955.5,2,1.0330258568942854,FALSE,FALSE,FALSE,7.1,58287,211179,1,531.0568377852325,9.1,70705,249948,1,628.5501611937896
29049,"Clinton County, MO",2007,9917,2009,9180,9975.5,2,1.0058989613794493,FALSE,FALSE,FALSE,2019,9795,2020,9430,9976.5,2,1.0185298621745789,FALSE,FALSE,FALSE,9.3,49390,20774,1,49.587053038621285,9.9,64541,20387,1,48.663293072993746
29051,"Cole County, MO",2007,38810,2012,37430,37455.5,2,0.9650992012367946,FALSE,FALSE,FALSE,2019,37346,2020,36305,37980.5,2,1.0169897713275853,FALSE,FALSE,FALSE,10.9,49033,73977,3,188.94241083742835,10.6,61847,76745,3,196.0120756413269
29053,"Cooper County, MO",2007,8828,2013,7119,7589.5,2,0.859707748074309,FALSE,FALSE,TRUE,2018,7910,2020,7198,7426.5,2,0.9388748419721871,FALSE,FALSE,TRUE,12.7,42073,17693,6,31.3291284931633,11.8,56957,17709,6,31.357459813792396
29055,"Crawford County, MO",2006,11383,2010,9391,9800.5,2,0.860976895370289,FALSE,FALSE,TRUE,2019,9539,2020,9104,9341.5,2,0.9792955236397946,FALSE,FALSE,TRUE,18.2,34155,24689,6,33.25220848591943,15.6,48315,23920,6,32.21648616724828
29057,"Dade County, MO",2006,3700,2010,3056,3139,2,0.8483783783783784,FALSE,FALSE,TRUE,2018,3289,2022,3176,3166.5,2,0.9627546366676801,FALSE,FALSE,TRUE,16.4,33653,7969,8,16.262933409522255,15.9,42421,7561,8,15.430297340870595
29059,"Dallas County, MO",2006,7193,2013,6325,6352.5,2,0.8831502849993049,FALSE,FALSE,TRUE,2019,6416,2020,6278,6701.5,2,1.0444981296758105,FALSE,FALSE,FALSE,15.3,32713,16953,2,31.339252538584823,17.8,42389,16878,2,31.200607818453058
29061,"Daviess County, MO",2006,3917,2009,3549,3704.5,2,0.9457492979320908,FALSE,FALSE,FALSE,2019,3889,2020,3840,3865.5,2,0.9939573155052713,FALSE,FALSE,FALSE,16.6,35677,8309,8,14.751048320379489,17.6,48197,8278,8,14.696013719593383
29063,"DeKalb County, MO",2007,5016,2010,4557,4707,2,0.9383971291866029,FALSE,FALSE,TRUE,2018,4360,2022,4173,3629.5,2,0.8324541284403669,FALSE,FALSE,FALSE,16,44823,12921,3,30.66513511076092,14.6,53997,12547,3,29.777528847203566
29065,"Dent County, MO",2008,6358,2012,5459,5845.5,2,0.919392890846178,FALSE,FALSE,FALSE,2019,6376,2022,6232,6217,2,0.9750627352572145,FALSE,FALSE,FALSE,19.4,32648,15344,7,20.38362773841897,19,45540,15573,7,20.687841160740263
29067,"Douglas County, MO",2006,5686,2013,4571,4617,2,0.8119943721421035,FALSE,FALSE,FALSE,2018,4599,2020,4485,4730.5,2,1.028593172428789,FALSE,FALSE,FALSE,19.4,30173,13637,6,16.76083394889279,18.7,39773,13185,6,16.205294098126526
29069,"Dunklin County, MO",2006,13549,2010,10578,11232.5,2,0.8290279725440992,FALSE,FALSE,TRUE,2018,11738,2022,10866,11234,2,0.9570625319475209,FALSE,FALSE,TRUE,21.8,30615,32255,7,59.521063499591264,26.7,38880,29131,7,53.75625796951149
29071,"Franklin County, MO",2006,50022,2010,47156,47529.5,2,0.9501719243532846,FALSE,FALSE,FALSE,2019,50017,2020,47669,51175.5,2,1.0231621248775415,FALSE,FALSE,FALSE,9.5,50717,100265,1,108.6666724469049,9.3,61428,103967,1,112.67888031005198
29073,"Gasconade County, MO",2006,7733,2011,6901,7100,2,0.9181430234061813,FALSE,FALSE,TRUE,2018,7341,2020,6977,7257,2,0.9885574172456069,FALSE,FALSE,TRUE,11.4,40166,15450,6,29.76849934008343,11.6,53751,14706,6,28.334987138852227
29075,"Gentry County, MO",2008,3357,2010,3229,3378,2,1.0062555853440571,FALSE,FALSE,FALSE,2018,3168,2022,2839,2879,2,0.9087752525252525,FALSE,FALSE,TRUE,12.1,35656,6758,8,13.75192807810802,11.5,53663,6571,8,13.37139973383365
29077,"Greene County, MO",2007,136957,2009,128593,133371,2,0.9738165993706054,FALSE,FALSE,FALSE,2019,145065,2020,140051,148796,2,1.0257195050494605,FALSE,FALSE,FALSE,13.7,41133,267576,2,396.21577038747046,14.4,45313,293086,2,433.98995156434864
29079,"Grundy County, MO",2008,4699,2010,4427,4593.5,2,0.9775484145562886,FALSE,FALSE,TRUE,2018,4379,2022,3959,3917,2,0.894496460379082,FALSE,FALSE,TRUE,17.8,32596,10199,7,23.430195293744674,18.7,44323,9850,7,22.628436478417985
29081,"Harrison County, MO",2008,4387,2012,3641,3724.5,2,0.8489856393891042,FALSE,FALSE,TRUE,2018,3619,2020,3507,3549,2,0.9806576402321083,FALSE,FALSE,TRUE,17.5,33549,8951,7,12.388635838326294,15.4,43016,8352,7,11.55958960135194
29083,"Henry County, MO",2007,10360,2011,8892,9262,2,0.894015444015444,FALSE,FALSE,TRUE,2018,9387,2020,9042,9874.5,2,1.0519335250878874,FALSE,FALSE,FALSE,16.8,34908,22474,6,32.24686341357025,17.3,46995,21824,6,31.314209626134968
29085,"Hickory County, MO",2007,3186,2009,3059,3141.5,2,0.98603264281230385,FALSE,FALSE,FALSE,2019,2320,2020,2294,2529.5,2,1.0903017241379311,FALSE,FALSE,FALSE,19.1,28840,9594,8,24.0566889330204,18.2,32934,9544,8,23.931315319652565
29087,"Holt County, MO",2008,2646,2010,2466,2552.5,2,0.9646636432350718,FALSE,FALSE,TRUE,2018,2030,2022,1883,1886.5,2,0.9293103448275862,FALSE,FALSE,TRUE,14.6,35835,4997,8,10.799817589632868,11.8,47429,4403,8,9.516028986822796
29089,"Howard County, MO",2006,5142,2011,4429,4638.5,2,0.9020809023726176,FALSE,FALSE,TRUE,2018,4726,2020,4461,4552,2,0.9631823952602624,FALSE,FALSE,TRUE,16,40483,10079,3,21.731302864806242,13,49923,10001,6,21.56312728950563
29091,"Howell County, MO",2006,19175,2011,14826,15040,2,0.784354628422425,FALSE,FALSE,TRUE,2019,15961,2020,15243,15771.5,2,0.9881273103189023,FALSE,FALSE,TRUE,20.7,31758,39391,7,42.484876134761755,20.8,40177,40117,7,43.26789814674005
29093,"Iron County, MO",2008,5458,2010,2962,3389.5,2,0.6210150238182485,FALSE,FALSE,TRUE,2019,3770,2020,3640,3709,2,0.9838196286472148,FALSE,FALSE,TRUE,20.2,30490,10681,6,19.41071814750401,20.8,39292,10125,7,18.400292223900205
29095,"Jackson County, MO",2007,318806,2009,310669,323054,2,1.0133247178534908,FALSE,FALSE,FALSE,2019,358909,2020,342202,361615,2,1.0075395155875166,FALSE,FALSE,FALSE,15,44356,662995,1,1096.7296367365843,13.7,57907,703011,1,1162.9243035796997
29097,"Jasper County, MO",2007,54352,2009,53455,54079,2,0.9949771857521342,FALSE,FALSE,FALSE,2019,57363,2020,54482,58164,2,1.0139637048271535,FALSE,FALSE,FALSE,16.8,37055,113754,3,178.1565091009325,18.8,46021,121328,3,190.01857461010547
29099,"Jefferson County, MO",2006,111145,2010,104811,106145,2,0.9550137208151513,FALSE,FALSE,FALSE,2019,115541,2020,109834,118527,2,1.0258436399200284,FALSE,FALSE,FALSE,9.1,56755,214948,1,327.53282215693685,8.4,68779,225081,1,342.9732546658052
29101,"Johnson County, MO",2006,25523,2010,21050,21121.5,2,0.8275477020726404,FALSE,FALSE,TRUE,2019,23692,2020,23147,23939,2,1.01042546007091,FALSE,FALSE,FALSE,15.2,44191,51750,4,62.4048853076591,11.4,58396,54062,4,65.19290646381964
29103,"Knox County, MO",2008,2271,2011,1822,1867.5,2,0.8223249669749009,FALSE,FALSE,TRUE,2018,1700,2022,1473,1449,2,0.8523529411764705,FALSE,FALSE,TRUE,17.7,35168,4152,9,8.237931787067717,16.7,41755,3959,9,7.8550028769270455
29105,"Laclede County, MO",2006,16784,2010,13871,14099.5,2,0.840056005719733,FALSE,FALSE,TRUE,2019,16188,2020,15321,16340,2,1.0093896713615023,FALSE,FALSE,FALSE,14.7,37282,35333,6,46.20945899111593,15.8,43969,35723,6,46.7195116050048
29107,"Lafayette County, MO",2006,15877,2009,14406,15797,2,0.9949612647225546,FALSE,FALSE,FALSE,2019,16027,2020,15427,16146,2,1.0074249703625133,FALSE,FALSE,FALSE,13.1,43739,33186,1,52.82006226483565,10.7,62264,32708,1,52.0592598251746
29109,"Lawrence County, MO",2008,18639,2011,15819,16271,2,0.8729545576479425,FALSE,FALSE,TRUE,2018,16934,2020,15917,16197.5,2,0.9565076178103225,FALSE,FALSE,TRUE,18.3,36903,38323,6,62.64456406425469,16.1,45746,38355,6,62.6968727574691
29111,"Lewis County, MO",2006,5588,2010,4735,4800.5,2,0.8590730136005726,FALSE,FALSE,TRUE,2018,4320,2021,4064,4092.5,2,0.9473379629629629,FALSE,FALSE,TRUE,17.6,36970,10286,9,20.367590858147633,16.6,40782,9776,9,19.35772586323656
29113,"Lincoln County, MO",2008,25137,2010,23438,24046.5,2,0.9566177348132235,FALSE,FALSE,FALSE,2019,28521,2020,27493,31156,2,1.0923880649346096,FALSE,FALSE,FALSE,9.4,54938,50758,1,81.0102096676631,9.4,69178,59013,1,94.18526149804569
29115,"Linn County, MO",2006,6172,2012,4648,4799.5,2,0.7776247569669476,FALSE,FALSE,TRUE,2018,5854,2020,5673,5869.5,2,1.0026477622138708,FALSE,FALSE,FALSE,17.3,33485,12875,7,20.914962604859095,18.9,45774,11920,7,19.363600330090907
29117,"Livingston County, MO",2007,6886,2011,6499,6862,2,0.996514667441185,FALSE,FALSE,FALSE,2018,6585,2020,6315,6375,2,0.9681093394077449,FALSE,FALSE,TRUE,17.6,37266,14852,6,27.901402021029376,15,49065,15227,6,28.60588799987977
29119,"McDonald County, MO",2006,11456,2013,9288,9559.5,2,0.8344535614525139,FALSE,FALSE,TRUE,2018,9363,2020,9252,9442.5,2,1.0084908683114386,FALSE,FALSE,FALSE,19,33445,22996,2,42.628998322349815,18.5,39615,22837,2,42.33425094309892
29121,"Macon County, MO",2006,7891,2010,6754,6915,2,0.8763147890001267,FALSE,FALSE,TRUE,2018,6649,2022,6275,6081.5,2,0.914648819371334,FALSE,FALSE,TRUE,13.5,35480,15533,7,19.38697566674322,12.5,45717,15117,7,18.867759682878855
29123,"Madison County, MO",2008,5852,2011,4764,5102,2,0.8718386876281613,FALSE,FALSE,TRUE,2019,5239,2020,5058,5136,2,0.9803397594960871,FALSE,FALSE,TRUE,16.5,31312,12310,7,24.89957239889479,16.7,43919,12088,6,24.450530557095064
29125,"Maries County, MO",2006,4651,2012,3810,3699.5,2,0.79542033971189,FALSE,FALSE,TRUE,2019,3662,2020,3625,3703,2,1.011196067722556,FALSE,FALSE,FALSE,15.4,36693,9281,8,17.61164064738577,14.3,49712,8697,8,16.503441300540246
29127,"Marion County, MO",2008,14006,2011,13349,13712.5,2,0.9790446951306583,FALSE,FALSE,TRUE,2018,12876,2022,12350,12483.5,2,0.9695169307238273,FALSE,FALSE,TRUE,13.8,37592,28365,5,64.9187171429814,13.9,50803,28530,5,65.29635114011137
29129,"Mercer County, MO",2006,1772,2010,1637,1711,2,0.9655756207674944,FALSE,FALSE,FALSE,2018,1660,2022,1475,1441.5,2,0.8683734939759036,FALSE,FALSE,TRUE,15.3,34133,3684,9,8.117487633170645,12.7,44343,3617,9,7.969856886313308
29131,"Miller County, MO",2006,12863,2011,9995,10560.5,2,0.8209982119256783,FALSE,FALSE,TRUE,2019,11446,2020,11161,12192.5,2,1.0652192905818627,FALSE,FALSE,FALSE,15.7,36501,24843,6,41.92394861055094,15.1,49252,25619,6,43.23349190732619
29133,"Mississippi County, MO",2006,5546,2011,5443,5778.5,2,1.0419221060223585,FALSE,FALSE,FALSE,2018,4441,2022,3796,3736,2,0.8412519702769646,FALSE,FALSE,TRUE,28.6,27670,14058,7,34.15485087318633,27.7,36802,13180,6,32.0216911728977
29135,"Moniteau County, MO",2007,7184,2010,6737,6791,2,0.9452951002227171,FALSE,FALSE,FALSE,2019,7082,2020,6825,6990,2,0.9870093194012991,FALSE,FALSE,FALSE,13.2,43726,15416,3,37.14403432980028,11,57321,16132,3,38.86919835290206
29137,"Monroe County, MO",2006,4172,2010,3594,3748.5,2,0.8984899328859061,FALSE,FALSE,TRUE,2018,3946,2020,3665,3737,2,0.9470349721236695,FALSE,FALSE,TRUE,13.8,36474,9216,9,14.230127848804893,13.4,48399,8644,9,13.346921129022297
29139,"Montgomery County, MO",2006,5952,2013,5279,5400,2,0.907258064516129,FALSE,FALSE,TRUE,2018,5456,2020,5352,5628.5,2,1.0316165689149561,FALSE,FALSE,FALSE,14.8,40298,12299,8,22.98676564862526,13.3,50282,11551,6,21.588757623162078
29141,"Morgan County, MO",2006,8925,2010,6789,7013,2,0.7857703081232493,FALSE,FALSE,TRUE,2019,8014,2020,7979,8446.5,2,1.0539680559021711,FALSE,FALSE,FALSE,18.3,36367,20716,8,34.66329783228894,17.8,44473,20627,8,34.51437750466422
29143,"New Madrid County, MO",2007,8361,2010,7368,7497,2,0.8966630785791173,FALSE,FALSE,FALSE,2019,7085,2020,7095,7176.5,2,1.0129146083274523,FALSE,FALSE,FALSE,26.3,32039,18780,7,27.827004344450305,22.5,42115,17076,7,25.302125994985804
29145,"Newton County, MO",2006,26849,2009,25648,26868,2,1.000707661365414,FALSE,FALSE,FALSE,2019,25879,2020,24638,26535,2,1.0253487383592874,FALSE,FALSE,FALSE,16.8,40999,57470,3,91.98805931925315,13.2,53251,58236,3,93.2141399428576
29147,"Nodaway County, MO",2008,12445,2013,10557,10895.5,2,0.8754921655283247,FALSE,FALSE,TRUE,2019,11481,2020,11232,11862.5,2,1.0332288128211828,FALSE,FALSE,FALSE,16.8,38460,22804,6,26.003347913939454,17.8,47419,22092,6,25.191455977668408
29149,"Oregon County, MO",2008,4347,2010,3632,3739.5,2,0.860248447204969,FALSE,FALSE,TRUE,2018,3313,2021,3133,3296,2,0.9948686990642922,FALSE,FALSE,FALSE,25,27473,10685,9,13.527987805186847,20.6,35356,10529,9,13.330480449303913
29151,"Osage County, MO",2006,7099,2013,6811,6846.5,2,0.9644316100859276,FALSE,FALSE,TRUE,2019,6774,2020,6652,6890.5,2,1.0171981104222025,FALSE,FALSE,FALSE,10.2,46542,13648,3,22.49991757064196,9.1,60728,13615,3,22.445514194335452
29153,"Ozark County, MO",2006,4255,2011,3131,3299,2,0.7753231492361927,FALSE,FALSE,TRUE,2018,3002,2020,2938,3046.5,2,1.0148234510326448,FALSE,FALSE,FALSE,22,29663,9655,9,12.959627170787886,22.7,36019,9174,9,12.313994786619169
29155,"Pemiscot County, MO",2008,7713,2010,6289,6344.5,2,0.8225722805652794,FALSE,FALSE,TRUE,2019,5925,2022,5415,5388,2,0.909367088607595,FALSE,FALSE,TRUE,31.2,26312,18788,7,38.14009196008973,26.9,34280,15805,7,32.08453020168289
29157,"Perry County, MO",2006,10143,2010,9076,9463,2,0.9329586907226659,FALSE,FALSE,TRUE,2018,9730,2020,9082,9237,2,0.9493319630010277,FALSE,FALSE,TRUE,10.5,44053,18961,7,39.97217273982566,9.1,57032,19136,6,40.34109474971277
29159,"Pettis County, MO",2008,20111,2010,18125,18520,2,0.9208890656854458,FALSE,FALSE,TRUE,2019,19974,2020,19001,19447,2,0.9736157004105337,FALSE,FALSE,TRUE,13.3,36899,41239,4,60.4467362514786,12.9,48516,42339,4,62.05907917629798
29161,"Phelps County, MO",2006,21528,2013,17898,18429.5,2,0.8560711631363805,FALSE,FALSE,TRUE,2019,18976,2020,18669,19605,2,1.0331471332209106,FALSE,FALSE,FALSE,16.5,36318,44300,5,65.94352078858329,17,46573,44573,5,66.34989959615176
29163,"Pike County, MO",2008,8762,2010,7395,7512.5,2,0.8573955717872632,FALSE,FALSE,TRUE,2018,6824,2022,6503,6627.5,2,0.971204572098476,FALSE,FALSE,TRUE,18.2,40079,18588,6,27.725117423061608,17.6,49089,18302,6,27.298531260860422
29165,"Platte County, MO",2007,47049,2009,46290,48548,2,1.0318604008586791,FALSE,FALSE,FALSE,2019,55555,2020,53727,58874.5,2,1.0597515975159753,FALSE,FALSE,FALSE,6.2,64387,85656,1,204.02884072573443,5.3,84456,104418,1,248.71910305057133
29167,"Polk County, MO",2007,13769,2009,12830,12868.5,2,0.934599462560825,FALSE,FALSE,FALSE,2018,13640,2020,13273,14091.5,2,1.033101173020528,FALSE,FALSE,FALSE,17.3,35160,30576,2,48.11125255103245,19.6,44837,32149,2,50.58636375795206
29169,"Pulaski County, MO",2008,18719,2013,14309,15921.5,2,0.850552914151397,FALSE,FALSE,FALSE,2019,18496,2020,17956,18702,2,1.011137543252595,FALSE,FALSE,FALSE,13.9,42011,47357,5,86.55814531576716,14.6,55620,52607,5,96.15398675225549
29171,"Putnam County, MO",2006,2432,2010,2184,2241,2,0.9214638157894737,FALSE,FALSE,TRUE,2018,2253,2022,2060,1984.5,2,0.8808255659121171,FALSE,FALSE,TRUE,18.6,30791,5047,9,9.756106990491324,15.7,42434,4696,9,9.07760618730875
29173,"Ralls County, MO",2008,5440,2010,5114,5232.5,2,0.9618566176470589,FALSE,FALSE,TRUE,2019,5125,2022,4943,5003,2,0.9761951219512195,FALSE,FALSE,TRUE,10.8,42081,10148,9,21.601002994936067,10,63419,10309,9,21.94370712207291
29175,"Randolph County, MO",2006,12546,2010,9498,9628,2,0.7674159094532121,FALSE,FALSE,TRUE,2019,10975,2020,10514,10900,2,0.9931662870159453,FALSE,FALSE,FALSE,16.9,36556,25597,6,53.027368229154796,16.5,48043,24748,6,51.268559164555334
29177,"Ray County, MO",2006,11130,2009,10015,10280,2,0.9236298292902066,FALSE,FALSE,FALSE,2019,11062,2020,10497,11006.5,2,0.9949828240824444,FALSE,FALSE,FALSE,9,50761,23712,1,41.674648800746596,9.2,61678,23018,1,40.4549201288624
29179,"Reynolds County, MO",2008,2514,2011,1997,2363,2,0.9399363564041369,FALSE,FALSE,FALSE,2018,2714,2022,2518,2373,2,0.8743551952837141,FALSE,FALSE,TRUE,22.1,29820,6736,9,8.331715064250437,21.7,37415,6270,9,7.755322662240237
29181,"Ripley County, MO",2008,6336,2010,4676,4947,2,0.7807765151515151,FALSE,FALSE,TRUE,2018,4500,2020,4268,4558,2,1.012888888888889,FALSE,FALSE,FALSE,23.9,27961,14059,9,22.33303045514332,19.7,35788,13288,9,21.108280011945688
29183,"St. Charles County, MO",2007,185801,2009,180369,191289,2,1.0295369777342425,FALSE,FALSE,FALSE,2019,217138,2020,207636,226056,2,1.041070655527821,FALSE,FALSE,FALSE,4.6,67611,345395,1,616.2254839866476,4.6,89236,402022,1,717.2547417399791
29185,"St. Clair County, MO",2006,4128,2012,3568,3664.5,2,0.887718023255814,FALSE,FALSE,TRUE,2018,3720,2020,3614,3818,2,1.0263440860215054,FALSE,FALSE,FALSE,21.7,30283,9802,8,14.521890245799511,19.3,39319,9397,8,13.921873356435219
29186,"Ste. Genevieve County, MO",2008,9575,2012,8283,8463.5,2,0.8839164490861618,FALSE,FALSE,TRUE,2018,9139,2020,8906,9357,2,1.0238538133274975,FALSE,FALSE,FALSE,11.4,47393,18293,6,36.64734765998281,9.7,61662,17894,6,35.848009568016856
29187,"St. Francois County, MO",2008,28278,2012,23434,24372.5,2,0.861889101067968,FALSE,FALSE,TRUE,2019,27136,2020,25885,26247.5,2,0.9672575176886793,FALSE,FALSE,TRUE,16.4,36849,63636,4,140.8231279570511,17,43886,67215,4,148.74326710719075
29189,"St. Louis County, MO",2006,506741,2009,471288,488139.5,2,0.9632918986227679,FALSE,FALSE,TRUE,2019,506222,2020,477975,502355,2,0.9923610589820276,FALSE,FALSE,FALSE,8.6,56864,999389,1,1967.3205444935481,9.3,70161,994205,1,1957.1157196429099
29195,"Saline County, MO",2006,11441,2010,9953,10280,2,0.8985228563936719,FALSE,FALSE,TRUE,2018,11407,2022,10945,11271.5,2,0.9881213290085036,FALSE,FALSE,TRUE,17.1,37265,23029,6,30.481396672446426,15.7,47324,22761,6,30.126669402125717
29197,"Schuyler County, MO",2006,2189,2011,1720,1742,2,0.7957971676564641,FALSE,FALSE,FALSE,2018,1911,2021,1772,2111.5,2,1.1049188906331764,FALSE,FALSE,FALSE,18.5,31250,4313,9,14.0349164510828,20.8,43183,4660,9,15.164087795512602
29199,"Scotland County, MO",2007,2406,2010,2109,2220.5,2,0.9229010806317539,FALSE,FALSE,FALSE,2018,2148,2022,2043,2210.5,2,1.029096834264432,FALSE,FALSE,FALSE,17.8,32677,4830,9,11.065114648791429,14.4,46871,4902,9,11.230060457220617
29201,"Scott County, MO",2006,19427,2010,17074,18291.5,2,0.9415504195192258,FALSE,FALSE,TRUE,2018,17766,2020,17220,18012.5,2,1.0138748170663063,FALSE,FALSE,FALSE,16.2,36970,39509,5,94.0677037947077,17.9,44924,38280,4,91.14155512064114
29203,"Shannon County, MO",2006,3521,2012,2696,3063,2,0.8699233172394206,FALSE,FALSE,TRUE,2019,2576,2020,2581,2712,2,1.0527950310559007,FALSE,FALSE,FALSE,25.8,25322,8402,9,8.37002649877468,22.6,36477,8166,9,8.13492458807356
29205,"Shelby County, MO",2008,3176,2013,2875,2903.5,2,0.9142002518891688,FALSE,FALSE,TRUE,2019,2945,2021,2868,2875.5,2,0.9764006791171477,FALSE,FALSE,TRUE,16.4,34060,6500,9,12.977600661258668,15.8,45939,5930,9,11.839564910963677
29207,"Stoddard County, MO",2006,15003,2013,11995,12274,2,0.8181030460574552,FALSE,FALSE,TRUE,2018,12400,2020,12243,12464,2,1.0051612903225806,FALSE,FALSE,FALSE,19.2,32337,30253,7,36.753075411046936,18.4,42363,29025,6,35.261230747550236
29209,"Stone County, MO",2007,15407,2012,12031,12081,2,0.7841240994353216,FALSE,FALSE,TRUE,2019,12607,2020,11845,13018.5,2,1.0326405964940113,FALSE,FALSE,FALSE,14.5,39630,31966,8,68.91986874048648,15.4,50262,31952,6,68.8896842268668
29211,"Sullivan County, MO",2008,3340,2013,2526,2701,2,0.8086826347305389,FALSE,FALSE,FALSE,2018,2915,2022,2630,2547.5,2,0.8739279588336192,FALSE,FALSE,TRUE,18.6,32936,6706,9,10.349052905790593,15.6,43421,6089,9,9.396865962326114
29213,"Taney County, MO",2008,26359,2010,22330,22659,2,0.8596304867407717,FALSE,FALSE,TRUE,2019,26341,2020,22909,25264,2,0.959113169583539,FALSE,FALSE,TRUE,13,37468,48020,6,75.94940712962801,12.6,49314,55928,4,88.45686051532353
29215,"Texas County, MO",2008,10503,2010,8713,8812.5,2,0.8390459868608969,FALSE,FALSE,TRUE,2018,9315,2020,9038,9543.5,2,1.0245303274288782,FALSE,FALSE,FALSE,21.1,29587,25490,9,21.651842785026677,21,38914,25398,9,21.573695686704884
29217,"Vernon County, MO",2006,9733,2009,8674,8895,2,0.9139011609986644,FALSE,FALSE,TRUE,2018,9246,2022,8824,8938,2,0.9666882976422236,FALSE,FALSE,TRUE,18.9,34320,20746,7,25.104339229251046,17.1,46182,20563,7,24.88289441680754
29219,"Warren County, MO",2008,15447,2009,14925,15469,2,1.0014242247685634,FALSE,FALSE,FALSE,2019,17159,2020,16599,18515.5,2,1.0790547234687335,FALSE,FALSE,FALSE,9.7,50986,31152,1,72.68451114346512,10,63726,35649,1,83.17700750363983
29221,"Washington County, MO",2007,9236,2009,8709,8827.5,2,0.9557708964919879,FALSE,FALSE,FALSE,2018,9325,2020,8923,9197,2,0.9862734584450402,FALSE,FALSE,TRUE,21.7,33197,24856,1,32.711030629084604,22.4,41198,24730,6,32.5452119189436
29223,"Wayne County, MO",2008,5504,2012,4794,5268.5,2,0.9572129360465116,FALSE,FALSE,FALSE,2018,4041,2022,3594,3654,2,0.9042316258351893,FALSE,FALSE,TRUE,23.5,27931,13356,9,17.592526732579366,20.6,35397,12873,9,16.956319004828856
29225,"Webster County, MO",2006,16357,2010,14585,14703.5,2,0.8989117808889161,FALSE,FALSE,FALSE,2019,16237,2020,15666,17016.5,2,1.0480076368787337,FALSE,FALSE,FALSE,16.8,38319,35477,2,59.87042727946227,16.2,54844,39592,2,66.814836565901
29227,"Worth County, MO",2006,1121,2009,1067,1170,2,1.0437109723461195,FALSE,FALSE,FALSE,2018,1075,2019,1046,1057,2,0.9832558139534884,FALSE,FALSE,TRUE,16.7,34017,2217,9,8.314924483083235,14.9,45023,2013,9,7.549816411568133
29229,"Wright County, MO",2006,7792,2010,6672,6898.5,2,0.8853311088295688,FALSE,FALSE,TRUE,2018,6594,2020,6354,7070.5,2,1.0722626630269942,FALSE,FALSE,FALSE,24.8,28332,18713,6,27.447511932106533,19.6,39384,18289,6,26.825604965868454
29510,"St. Louis city, MO",2007,147329,2009,140728,145993,2,0.9909318599868322,FALSE,FALSE,FALSE,2019,159868,2020,149503,150674.5,2,0.9424931818750469,FALSE,FALSE,TRUE,23,33698,317959,1,5151.636422553467,20.4,46309,300576,1,4869.9935191186005
30001,"Beaverhead County, MT",2008,4990,2013,4637,4589,2,0.9196392785571142,FALSE,FALSE,TRUE,2019,4443,2020,4316,4587,2,1.0324105334233626,FALSE,FALSE,FALSE,16.4,38427,9028,7,1.6288128844367362,14.5,49771,9453,7,1.705490495855169
30003,"Big Horn County, MT",2008,4849,2009,4742,4938.5,2,1.018457413899773,FALSE,FALSE,FALSE,2018,4727,2021,4352,4402,2,0.9312460334250053,FALSE,FALSE,TRUE,26.4,33004,12549,6,2.510915851004186,26.1,43718,13319,6,2.6649843190313773
30005,"Blaine County, MT",2008,2900,2011,2322,2317.5,2,0.7991379310344827,FALSE,FALSE,TRUE,2019,2834,2022,2673,2646,2,0.9336626676076217,FALSE,FALSE,TRUE,24.1,32331,6472,9,1.5309222884260432,21.3,44090,6681,9,1.5803602918687258
30007,"Broadwater County, MT",2008,2358,2009,2229,2314.5,2,0.9815521628498728,FALSE,FALSE,FALSE,2019,3187,2020,3239,3777.5,2,1.1852839661123313,FALSE,FALSE,FALSE,12,41121,5089,9,4.268009886284249,9,60622,6237,9,5.230807164620723
30009,"Carbon County, MT",2006,5275,2009,4964,5062,2,0.9596208530805688,FALSE,FALSE,FALSE,2019,5027,2020,5006,5535.5,2,1.1011537696439229,FALSE,FALSE,FALSE,11,42454,9973,3,4.869892850637901,10.1,57585,10725,3,5.237100252992228
30011,"Carter County, MT",2008,740,2013,655,668.5,2,0.9033783783783784,TRUE,FALSE,TRUE,2018,658,2021,641,682.5,2,1.0372340425531914,TRUE,FALSE,FALSE,13,29464,1216,9,0.36401986901870603,14.2,49057,1252,9,0.3747967730357072
30013,"Cascade County, MT",2008,39089,2011,36080,36718.5,2,0.9393563406584973,FALSE,FALSE,TRUE,2019,38025,2020,36630,38578.5,2,1.0145562130177515,FALSE,FALSE,FALSE,14,41999,80099,3,29.686021008032743,14.2,51732,81366,3,30.155592271309157
30015,"Chouteau County, MT",2008,2598,2009,2494,2561,2,0.9857582755966128,FALSE,FALSE,FALSE,2019,2747,2022,2676,2710.5,2,0.986712777575537,FALSE,FALSE,TRUE,18.1,37229,5746,8,1.4464370223435,15.4,48017,5635,8,1.4184950610695477
30017,"Custer County, MT",2008,5727,2009,5576,6240.5,2,1.0896629998253886,FALSE,FALSE,FALSE,2019,6272,2020,6247,6471.5,2,1.0318080357142858,FALSE,FALSE,FALSE,14.3,36296,11480,7,3.03438074976165,13,49379,11402,7,3.013763877071632
30019,"Daniels County, MT",2008,784,2009,750,915.5,2,1.1677295918367347,TRUE,FALSE,FALSE,2019,792,2022,766,731.5,2,0.9236111111111112,TRUE,FALSE,TRUE,12.8,33137,1702,9,1.1933224424547948,11,50001,1690,9,1.1849088882189207
30021,"Dawson County, MT",2008,4295,2009,4172,4462,2,1.038882421420256,FALSE,FALSE,FALSE,2019,4585,2021,4376,4267.5,2,0.930752453653217,FALSE,FALSE,TRUE,12.2,43678,8944,7,3.770775310865516,11.8,56677,8613,7,3.631226269284961
30023,"Deer Lodge County, MT",2007,3765,2008,3645,4873,2,1.2942895086321382,FALSE,FALSE,FALSE,2018,4016,2020,3881,4258,2,1.0602589641434264,FALSE,FALSE,FALSE,19.6,32102,9264,7,12.57528679228379,15.9,41780,9140,7,12.406964732456158
30025,"Fallon County, MT",2008,1801,2009,1839,1957,2,1.0866185452526373,FALSE,FALSE,FALSE,2019,1637,2021,1504,1552.5,2,0.9483811850946854,FALSE,FALSE,TRUE,9.3,42408,2768,9,1.708014648940667,9.7,65651,2846,9,1.7561451195394284
30027,"Fergus County, MT",2008,5750,2012,5572,5507,2,0.9577391304347826,FALSE,FALSE,FALSE,2019,5848,2020,5561,5660.5,2,0.967937756497948,FALSE,FALSE,TRUE,15.2,37259,11463,7,2.6416526610450606,13.2,48703,11050,7,2.5464766557225786
30029,"Flathead County, MT",2007,44516,2010,38656,40159.5,2,0.9021363105400305,FALSE,FALSE,FALSE,2019,50743,2020,50050,56300.5,2,1.1095224957136944,FALSE,FALSE,FALSE,12.5,45122,88245,5,17.346129638067488,9.4,61334,103806,5,20.404921901628803
30031,"Gallatin County, MT",2007,49740,2009,45579,49400,2,0.9931644551668677,FALSE,FALSE,FALSE,2019,66866,2020,65213,73545,2,1.0998863398438667,FALSE,FALSE,FALSE,12.1,50511,86620,5,33.246921531584576,10.3,73731,114434,5,43.922630091726504
30033,"Garfield County, MT",2008,643,2009,630,750,2,1.166407465007776,TRUE,FALSE,FALSE,2019,669,2021,655,651.5,2,0.9738415545590433,TRUE,FALSE,TRUE,13.5,32694,1234,9,0.263869168790735,16.4,43106,1258,9,0.26900114614160836
30035,"Glacier County, MT",2006,5626,2009,5246,5576,2,0.9911126910771418,FALSE,FALSE,FALSE,2019,5697,2020,5297,5726.5,2,1.0051781639459365,FALSE,FALSE,FALSE,26.6,36054,13179,7,4.400112047773217,25.7,41808,13753,7,4.591755140224984
30037,"Golden Valley County, MT",2008,559,2011,373,377.5,2,0.6753130590339893,TRUE,FALSE,TRUE,2019,379,2020,374,416.5,2,1.0989445910290236,TRUE,FALSE,FALSE,22,32077,964,8,0.8208286111562869,19.7,40469,821,3,0.6990666906216926
30039,"Granite County, MT",2007,1238,2009,1126,1347,2,1.0880452342487883,FALSE,FALSE,FALSE,2019,1319,2020,1198,1313.5,2,0.9958301743745261,FALSE,FALSE,FALSE,14.1,35436,3039,8,1.759533848011941,12.5,49646,3379,8,1.9563885726990289
30041,"Hill County, MT",2008,7932,2013,7456,7184.5,2,0.9057614725163893,FALSE,FALSE,TRUE,2019,6892,2021,6654,6875.5,2,0.9976059199071388,FALSE,FALSE,FALSE,19.1,39155,16031,7,5.529082608929584,15.7,51881,16484,7,5.685322046384833
30043,"Jefferson County, MT",2008,5803,2010,5294,5341.5,2,0.9204721695674651,FALSE,FALSE,FALSE,2019,5568,2020,5485,5928,2,1.0646551724137931,FALSE,FALSE,FALSE,11.1,54719,11040,9,6.662655394065288,8,70929,12221,9,7.375390540839844
30045,"Judith Basin County, MT",2008,1075,2011,913,932.5,2,0.8674418604651163,FALSE,FALSE,TRUE,2019,981,2021,930,979.5,2,0.9984709480122325,TRUE,FALSE,FALSE,15.7,35732,2083,8,1.1140902193789657,14.5,49401,2007,8,1.0734417044136264
30047,"Lake County, MT",2007,11154,2009,10389,11507,2,1.031647839340147,FALSE,FALSE,FALSE,2019,13016,2020,13025,14065.5,2,1.0806315304240934,FALSE,FALSE,FALSE,21.3,34732,28235,6,18.943688903500238,17.2,49019,30458,6,20.435164746690642
30049,"Lewis and Clark County, MT",2008,33165,2009,32321,33126.5,2,0.9988391376451078,FALSE,FALSE,FALSE,2019,34478,2020,33841,35760.5,2,1.0371976332733917,FALSE,FALSE,FALSE,10.5,46647,60646,5,17.535951070746687,9.4,66075,69432,5,20.0764461752479
30051,"Liberty County, MT",2006,806,2009,721,990,2,1.228287841191067,TRUE,FALSE,FALSE,2018,897,2019,892,897,2,1,TRUE,FALSE,FALSE,16.1,36391,2236,9,1.563649485170505,19,41240,2337,9,1.6342794484988685
30053,"Lincoln County, MT",2007,7324,2009,6747,7127,2,0.9731021299836156,FALSE,FALSE,FALSE,2019,7193,2020,6877,7831.5,2,1.0887668566662032,FALSE,FALSE,FALSE,17.5,33680,19440,7,5.3812269917252555,17.4,43669,19980,7,5.530705519273179
30055,"McCone County, MT",2008,1017,2009,986,1066.5,2,1.0486725663716814,FALSE,FALSE,FALSE,2018,850,2020,834,846,2,0.9952941176470588,TRUE,FALSE,FALSE,11.8,38535,1767,9,0.6687545534540018,14.5,48551,1664,9,0.6297722563369887
30057,"Madison County, MT",2008,4421,2010,3855,3915,2,0.8855462565030536,FALSE,FALSE,TRUE,2019,4066,2020,3820,4103,2,1.0090998524348254,FALSE,FALSE,FALSE,11.2,40949,7560,9,2.1069318056405573,9.7,56579,8600,9,2.396774276257777
30059,"Meagher County, MT",2006,872,2009,786,865.5,2,0.992545871559633,TRUE,FALSE,FALSE,2019,943,2020,924,1012,2,1.0731707317073171,TRUE,FALSE,FALSE,16.1,33305,1908,9,0.7977028832694781,15.7,43946,1862,9,0.7784710527504026
30061,"Mineral County, MT",2007,1900,2010,1572,1593,2,0.838421052631579,FALSE,FALSE,FALSE,2019,1855,2020,1833,2142.5,2,1.1549865229110512,FALSE,FALSE,FALSE,17.2,34314,4156,8,3.407621560503731,15.6,43928,4397,8,3.6052242544597948
30063,"Missoula County, MT",2007,57898,2010,54450,56295,2,0.9723133787004733,FALSE,FALSE,FALSE,2019,65634,2020,63624,68753.5,2,1.0475287198707988,FALSE,FALSE,FALSE,16.3,42598,106110,3,40.92153870538922,11.8,57279,119600,3,46.12398481919282
30065,"Musselshell County, MT",2008,2060,2011,2187,2272,2,1.1029126213592233,FALSE,FALSE,FALSE,2019,1762,2020,1756,1855.5,2,1.0530646992054484,FALSE,FALSE,FALSE,19,32919,4394,8,2.3510426665553745,16.5,48290,4633,8,2.4789214096838985
30067,"Park County, MT",2006,9013,2010,7226,7524,2,0.8347941861755243,FALSE,FALSE,FALSE,2019,8760,2020,8331,9799.5,2,1.1186643835616439,FALSE,FALSE,FALSE,11.4,40173,15828,7,5.647856772521757,11.8,51740,16606,7,5.925468130180459
30069,"Petroleum County, MT",2008,239,2009,224,276.5,2,1.1569037656903767,TRUE,FALSE,FALSE,2018,233,2022,213,233.5,2,1.002145922746781,TRUE,FALSE,FALSE,18.8,28254,470,9,0.28388070970177426,14.8,42081,487,9,0.29414873537183844
30071,"Phillips County, MT",2008,2105,2012,1947,1891.5,2,0.8985748218527316,FALSE,FALSE,FALSE,2019,2113,2022,1982,1973,2,0.9337434926644581,FALSE,FALSE,TRUE,16.7,33798,4193,9,0.8156917856160448,14.3,47679,3954,9,0.7691975483724878
30073,"Pondera County, MT",2006,2653,2009,2420,2789.5,2,1.0514511873350922,FALSE,FALSE,FALSE,2018,2632,2022,2532,2456,2,0.9331306990881459,FALSE,FALSE,TRUE,18.4,35300,6169,7,3.7973195319121955,17.5,48542,5911,7,3.6385079839735757
30075,"Powder River County, MT",2008,929,2009,867,1028.5,2,1.1071044133476857,TRUE,FALSE,FALSE,2019,804,2020,795,836.5,2,1.0404228855721394,TRUE,FALSE,FALSE,13.9,31461,1761,9,0.5339282444099744,13.8,47843,1682,9,0.5099757564438256
30077,"Powell County, MT",2008,2582,2009,2478,2805.5,2,1.0865608055770721,FALSE,FALSE,FALSE,2019,2507,2020,2423,2484.5,2,0.9910251296370164,FALSE,FALSE,FALSE,16.3,37027,7117,7,3.059702679615123,16.3,49387,6890,6,2.9621120503791203
30079,"Prairie County, MT",2008,578,2013,500,554.5,2,0.9593425605536332,TRUE,FALSE,FALSE,2018,550,2020,521,650,2,1.1818181818181819,TRUE,FALSE,FALSE,13.1,32857,1083,9,0.6236313077888268,13.1,46663,1077,9,0.6201762866930438
30081,"Ravalli County, MT",2007,18052,2009,16634,17232,2,0.9545756702858409,FALSE,FALSE,FALSE,2019,18016,2020,17931,19629.5,2,1.0895592806394316,FALSE,FALSE,FALSE,12.4,42450,40023,6,16.73925236107399,11.2,57209,43806,6,18.32145738523367
30083,"Richland County, MT",2008,5468,2009,5239,6277,2,1.1479517190929043,FALSE,FALSE,FALSE,2019,6026,2022,5731,5751,2,0.95436442084301365,FALSE,FALSE,TRUE,11.3,49168,9356,7,4.488245938223775,8.8,69095,10803,7,5.1823985539366655
30085,"Roosevelt County, MT",2008,3739,2009,3729,4426.5,2,1.1838726932334849,FALSE,FALSE,FALSE,2019,3779,2022,3547,3560.5,2,0.9421804710240804,FALSE,FALSE,TRUE,30.3,29744,10166,7,4.317502490866822,24.3,38409,11004,7,4.673401279706719
30087,"Rosebud County, MT",2008,3846,2009,3779,4159.5,2,1.0815132605304212,FALSE,FALSE,FALSE,2018,3640,2021,3341,3461.5,2,0.9509615384615384,FALSE,FALSE,TRUE,19,44948,9089,9,1.814847243534769,16.3,58139,8937,9,1.7844966239927638
30089,"Sanders County, MT",2006,4454,2009,3841,4251,2,0.9544229905702739,FALSE,FALSE,FALSE,2019,4134,2020,4173,4663.5,2,1.1280841799709724,FALSE,FALSE,FALSE,16.4,31932,11364,8,4.1167946674395015,16.7,45193,12113,8,4.3881321547601795
30091,"Sheridan County, MT",2008,1809,2009,1715,1918.5,2,1.060530679933665,FALSE,FALSE,FALSE,2019,1738,2020,1696,1695.5,2,0.9755466052934407,FALSE,FALSE,TRUE,13.9,35395,3469,9,2.0686476149131066,12.3,51111,3309,9,1.9732357906449898
30093,"Silver Bow County, MT",2008,17219,2010,15906,16292,2,0.9461641210290958,FALSE,FALSE,TRUE,2019,16203,2020,15664,16795.5,2,1.0365673023514164,FALSE,FALSE,FALSE,15.3,40053,33489,5,46.642710901266035,15.3,49249,34915,5,48.62881098622543
30095,"Stillwater County, MT",2008,4475,2009,4210,4678,2,1.04536312849162,FALSE,FALSE,FALSE,2019,4308,2020,4270,4488.5,2,1.0418987929433612,FALSE,FALSE,FALSE,9.7,51722,8867,8,4.935623153733501,9.3,68186,9642,8,5.367010087774717
30097,"Sweet Grass County, MT",2007,2904,2011,1632,1719.5,2,0.5921143250688705,FALSE,FALSE,TRUE,2019,1819,2020,1832,1923.5,2,1.0574491478834525,FALSE,FALSE,FALSE,9.4,42229,3778,9,2.0360693621681283,10.3,55259,3737,9,2.013973320916436
30099,"Teton County, MT",2008,3024,2011,2789,2813.5,2,0.9303902116402116,FALSE,FALSE,TRUE,2019,2805,2020,2779,2809,2,1.0014260249554368,FALSE,FALSE,FALSE,12.9,38290,6143,8,2.7042422662985293,13.5,54458,6147,8,2.706003127289119
30101,"Toole County, MT",2008,2552,2011,2289,2297,2,0.9000783699059561,FALSE,FALSE,TRUE,2019,2271,2021,2146,2224,2,0.979304271246147,FALSE,FALSE,TRUE,14.4,37959,4969,7,2.5949623576400205,15.8,49448,4736,7,2.473282697883505
30103,"Treasure County, MT",2007,398,2013,341,376.5,2,0.9459798994974874,TRUE,FALSE,FALSE,2019,419,2022,400,386,2,0.9212410501193318,TRUE,FALSE,TRUE,13.3,36193,748,8,0.7649818316814976,12.2,51754,696,8,0.711801276537864
30105,"Valley County, MT",2007,3558,2009,3411,3825,2,1.0750421585160201,FALSE,FALSE,FALSE,2018,3765,2022,3579,3572,2,0.948738379814077,FALSE,FALSE,TRUE,14.8,37019,7332,7,1.4883939981100727,12.8,51869,7396,7,1.501385980635856
30107,"Wheatland County, MT",2008,1068,2011,774,762.5,2,0.7139513108614233,FALSE,FALSE,TRUE,2018,783,2021,718,736,2,0.9399744572158365,TRUE,FALSE,TRUE,19,28654,2080,9,1.4622339419647785,18.3,42059,2126,9,1.4945718079889996
30109,"Wibaux County, MT",2008,521,2011,507,539.5,2,1.0355086372360844,TRUE,FALSE,FALSE,2018,424,2021,381,394.5,2,0.9304245283018868,TRUE,FALSE,TRUE,13,35045,1014,9,1.139875288200717,11.3,51145,969,9,1.089289106771691
30111,"Yellowstone County, MT",2008,80581,2010,72191,75860,2,0.9414129881733907,FALSE,FALSE,FALSE,2019,81694,2020,80749,86186,2,1.0549856782627856,FALSE,FALSE,FALSE,9.7,47947,141518,3,53.73965216070479,11.3,61435,161300,3,61.25161388319283
31001,"Adams County, NE",2008,17292,2010,15718,16333,2,0.9445408281286144,FALSE,FALSE,TRUE,2019,16049,2020,15992,16500,2,1.0281014393420151,FALSE,FALSE,FALSE,11.6,41503,30892,5,54.84500940950893,10.6,55182,31363,4,55.68121293896247
31003,"Antelope County, NE",2006,3682,2010,3401,3492,2,0.9483976099945681,FALSE,FALSE,TRUE,2019,3135,2021,3193,3072,2,0.9799043062200957,FALSE,FALSE,FALSE,14.1,36761,6767,9,7.894703070732666,12.2,50771,6298,9,7.347545432167036
31005,"Arthur County, NE",2006,247,2013,204,217,2,0.8785425101214575,TRUE,FALSE,TRUE,2019,216,2020,218,216,2,1,TRUE,FALSE,FALSE,11.3,34241,457,9,0.6390249904915318,13.6,46417,463,9,0.6474148153119896
31007,"Banner County, NE",2006,412,2009,340,416.5,2,1.0109223300970873,TRUE,FALSE,FALSE,2019,320,2022,323,320,2,1,TRUE,FALSE,FALSE,13.5,37746,715,9,0.9583949364577455,11.3,54706,745,9,0.9986073114140146
31009,"Blaine County, NE",2006,264,2007,231,246.5,2,0.9337121212121212,TRUE,FALSE,FALSE,2018,253,2019,244,250,2,0.9881422924901185,TRUE,FALSE,TRUE,17.6,30647,463,9,0.6514685479990207,15.9,45411,465,9,0.6542826669968567
31011,"Boone County, NE",2008,3194,2010,2856,2961.5,2,0.9272072636192862,FALSE,FALSE,FALSE,2019,3027,2020,2990,3056.5,2,1.0097456227287744,FALSE,FALSE,FALSE,9.5,37466,5582,9,8.130744468559277,10,58204,5192,9,7.5626702401934365
31013,"Box Butte County, NE",2007,5479,2009,5286,5749,2,1.0492790655229056,FALSE,FALSE,FALSE,2018,5100,2020,4955,5007,2,0.981764705882353,FALSE,FALSE,FALSE,12.9,47560,11409,7,10.61143400848803,10.3,61522,10783,7,10.029195627445564
31015,"Boyd County, NE",2006,1091,2007,1052,1078,2,0.9880843263061412,FALSE,FALSE,FALSE,2018,925,2022,876,863,2,0.932972972972973,TRUE,FALSE,TRUE,13.8,29358,2109,9,3.9101318580264306,14.1,46548,1919,9,3.557867726672698
31017,"Brown County, NE",2006,1863,2013,1384,1480,2,0.7944176060118089,FALSE,FALSE,TRUE,2019,1606,2020,1625,1615,2,1.0056039850560399,FALSE,FALSE,FALSE,12.7,34337,3225,9,2.6404018323160625,11.6,48843,2955,9,2.419344934726811
31019,"Buffalo County, NE",2007,27648,2010,25437,26543,2,0.9600332754629629,FALSE,FALSE,FALSE,2019,27094,2020,26397,27780.5,2,1.0253377131468222,FALSE,FALSE,FALSE,10.6,46786,45060,5,46.53776003205797,11.6,64759,49659,4,51.28758600603566
31021,"Burt County, NE",2008,3825,2010,3426,3506.5,2,0.9167320261437909,FALSE,FALSE,TRUE,2019,3074,2020,3098,3129.5,2,1.0180546519193234,FALSE,FALSE,FALSE,11.8,40005,6999,8,14.237561204832511,10.1,54554,6459,8,13.139078128591684
31023,"Butler County, NE",2008,4805,2010,4470,4618,2,0.9610822060353799,FALSE,FALSE,TRUE,2019,4398,2020,4310,4464,2,1.015006821282401,FALSE,FALSE,FALSE,9.3,42679,8375,6,14.321404814386044,8.2,63310,8016,6,13.707508178163406
31025,"Cass County, NE",2006,13628,2010,12653,12749.5,2,0.9355371294393895,FALSE,FALSE,FALSE,2019,13800,2020,13463,14190,2,1.0282608695652173,FALSE,FALSE,FALSE,6.4,57090,25256,2,45.35048042132708,5.3,72915,26248,2,47.13174731149007
31027,"Cedar County, NE",2006,4834,2010,4464,4609,2,0.9534546959040132,FALSE,FALSE,TRUE,2019,4383,2020,4355,4482.5,2,1.0227013461099703,FALSE,FALSE,FALSE,9.2,42402,8941,9,12.079347301837775,8.6,60400,8402,9,11.351154907733026
31029,"Chase County, NE",2006,2065,2008,1953,2262.5,2,1.0956416464891041,FALSE,FALSE,FALSE,2019,1773,2021,1731,1742,2,0.9825155104342922,FALSE,FALSE,FALSE,10.4,39845,3913,9,4.374877714732929,9.1,57656,3924,9,4.387176118735501
31031,"Cherry County, NE",2006,3568,2010,3286,3396.5,2,0.9519338565022422,FALSE,FALSE,TRUE,2019,3158,2020,3112,3132.5,2,0.9919252691576947,FALSE,FALSE,FALSE,12.6,35901,5834,7,0.9788428011011227,10.7,50677,5689,7,0.9545143461543172
31033,"Cheyenne County, NE",2007,5160,2009,4961,5585,2,1.0823643410852712,FALSE,FALSE,FALSE,2018,5142,2020,4574,4576,2,0.8899260987942434,FALSE,FALSE,TRUE,10.6,45007,10139,7,8.477368044360906,10.1,56229,8910,7,7.449782944595688
31035,"Clay County, NE",2007,3050,2009,2910,3357,2,1.100655737704918,FALSE,FALSE,FALSE,2019,3156,2022,2989,2959.5,2,0.9377376425855514,FALSE,FALSE,TRUE,10.5,41731,6564,9,11.469729454873324,10.6,63829,6203,8,10.838929282233277
31037,"Colfax County, NE",2006,5612,2010,5438,5458.5,2,0.972647897362794,FALSE,FALSE,TRUE,2019,5069,2020,5091,5293,2,1.0441901755770369,FALSE,FALSE,FALSE,10.9,42057,9993,7,24.286686433675207,8.2,62472,10709,7,26.026831283721382
31039,"Cuming County, NE",2006,4945,2010,4687,4798.5,2,0.9703741152679474,FALSE,FALSE,FALSE,2019,5019,2020,5119,5116,2,1.019326559075513,FALSE,FALSE,FALSE,9.3,41788,9286,7,16.277235359077284,8.9,59505,8846,7,15.505968553348875
31041,"Custer County, NE",2006,6033,2010,5768,5977,2,0.9907177192110062,FALSE,FALSE,FALSE,2018,5476,2020,5389,5389,2,0.9841124908692477,FALSE,FALSE,TRUE,12.4,38706,11005,7,4.273026389869297,11.8,51004,10777,7,4.184498446489906
31043,"Dakota County, NE",2008,10623,2011,10394,10697,2,1.0069660171326367,FALSE,FALSE,FALSE,2019,10781,2020,10489,10957.5,2,1.016371394119284,FALSE,FALSE,FALSE,11.8,44002,20564,3,77.81258986816812,10.6,61010,20026,3,75.77683936490638
31045,"Dawes County, NE",2008,4720,2009,4573,5255,2,1.1133474576271187,FALSE,FALSE,FALSE,2018,4176,2020,4094,4171.5,2,0.9989224137931034,FALSE,FALSE,FALSE,18.2,34759,9181,7,6.574589473066097,16.4,46377,8589,7,6.150653412935922
31047,"Dawson County, NE",2006,12104,2008,12050,12564,2,1.0380039656311963,FALSE,FALSE,FALSE,2019,12908,2020,13066,13443.5,2,1.0414859002169197,FALSE,FALSE,FALSE,11.6,41447,24178,7,23.849214725790258,11.9,56839,23595,7,23.27414266916292
31049,"Deuel County, NE",2006,1049,2010,992,1127.5,2,1.0748331744518589,FALSE,FALSE,FALSE,2018,916,2020,910,950,2,1.037117903930131,TRUE,FALSE,FALSE,11.1,38318,1982,9,4.506337747967942,11.2,48793,1794,9,4.078895015062809
31051,"Dixon County, NE",2008,3298,2010,2967,3015.5,2,0.9143420254699818,FALSE,FALSE,TRUE,2019,3022,2020,2990,3121,2,1.0327597617471873,FALSE,FALSE,FALSE,10.3,39797,5993,3,12.600368781025228,8.7,57324,5636,3,11.84977114130789
31053,"Dodge County, NE",2008,19450,2010,17861,18469,2,0.9495629820051414,FALSE,FALSE,FALSE,2019,18168,2020,18441,19224.5,2,1.0581516952884191,FALSE,FALSE,FALSE,12.6,42320,36647,4,69.29642767999636,9.5,60853,36565,4,69.14137250304437
31055,"Douglas County, NE",2008,266043,2009,261455,271339,2,1.0199065564589183,FALSE,FALSE,FALSE,2019,302506,2020,296025,306958,2,1.0147170634632041,FALSE,FALSE,FALSE,12,50941,498743,2,1527.3237849375432,10.2,67264,571327,2,1749.6011293933184
31057,"Dundy County, NE",2008,1013,2009,1028,1244.5,2,1.2285291214215202,FALSE,FALSE,FALSE,2019,1017,2020,1016,1020,2,1.0029498525073746,FALSE,FALSE,FALSE,15.4,32494,2010,9,2.1855475503382706,13.4,45446,1693,9,1.8408616928968617
31059,"Fillmore County, NE",2006,3240,2009,3077,3219.5,2,0.9936728395061728,FALSE,FALSE,TRUE,2019,2980,2020,2964,3117,2,1.045973154362416,FALSE,FALSE,FALSE,11.7,41162,5985,9,10.402002189895198,8.5,60440,5462,8,9.493021881571858
31061,"Franklin County, NE",2006,1808,2013,1547,1473.5,2,0.8149889380530974,FALSE,FALSE,TRUE,2019,1428,2020,1415,1488.5,2,1.0423669467787116,FALSE,FALSE,FALSE,14.5,34614,3207,9,5.569487475165678,14.3,49659,2979,9,5.173527654667463
31063,"Frontier County, NE",2006,1744,2010,1537,1555.5,2,0.8919151376146789,FALSE,FALSE,TRUE,2019,1227,2020,1177,1188.5,2,0.9686226568867156,FALSE,FALSE,TRUE,13.6,38593,2860,9,2.9343716494554486,12.9,55712,2627,9,2.695312700391421
31065,"Furnas County, NE",2008,2461,2009,2476,2610.5,2,1.060747663551402,FALSE,FALSE,FALSE,2018,2396,2022,2314,2228,2,0.9298831385642737,FALSE,FALSE,TRUE,14.5,35696,4929,9,6.853410159009127,12.2,50705,4676,9,6.501632360220467
31067,"Gage County, NE",2006,12291,2011,10573,10658,2,0.8671385566674803,FALSE,FALSE,TRUE,2019,10995,2020,10761,10885.5,2,0.9900409276944065,FALSE,FALSE,FALSE,11.6,42874,22843,6,26.827784485148005,11.2,56817,21513,6,25.26577628284328
31069,"Garden County, NE",2006,992,2007,918,1069.5,2,1.078125,TRUE,FALSE,FALSE,2018,920,2020,831,845.5,2,0.9190217391304348,TRUE,FALSE,TRUE,15.6,32036,2046,9,1.2001224758421094,15,41158,1837,9,1.0775293197077003
31071,"Garfield County, NE",2008,1034,2009,1058,1177.5,2,1.1387814313346227,FALSE,FALSE,FALSE,2018,927,2022,900,871,2,0.9395900755124056,TRUE,FALSE,TRUE,14.2,32967,1977,9,3.4723441923857834,12.1,52707,1969,9,3.4582932295435547
31073,"Gosper County, NE",2007,1019,2009,941,1103.5,2,1.0829244357212955,FALSE,FALSE,FALSE,2019,1000,2020,1002,1063,2,1.063,FALSE,FALSE,FALSE,8.8,43940,2101,9,4.585343922618775,8.9,64870,1990,9,4.34309110233763
31075,"Grant County, NE",2006,405,2009,356,433,2,1.0691358024691358,TRUE,FALSE,FALSE,2018,317,2022,307,292.5,2,0.9227129337539433,TRUE,FALSE,TRUE,10.9,36829,660,9,0.8497533140379248,9.6,60773,623,9,0.8021156282509502
31077,"Greeley County, NE",2006,1309,2007,1255,1299.5,2,0.9927425515660809,FALSE,FALSE,FALSE,2019,932,2020,931,937,2,1.0053648068669527,TRUE,FALSE,FALSE,14.3,34812,2538,9,4.4539912183719235,12.5,48178,2356,8,4.1345954730040395
31079,"Hall County, NE",2008,30981,2010,30064,31443,2,1.0149123656434589,FALSE,FALSE,FALSE,2019,31992,2020,31203,33381.5,2,1.0434327331832958,FALSE,FALSE,FALSE,11.5,43686,55742,5,101.99275793233296,10.2,57371,61353,3,112.25936775541646
31081,"Hamilton County, NE",2008,5782,2010,4627,4702,2,0.813213420961605,FALSE,FALSE,TRUE,2018,4874,2020,4832,5113,2,1.0490356996306935,FALSE,FALSE,FALSE,8,49655,9204,7,16.980609929339707,6.5,68236,9324,3,17.20199988930502
31083,"Harlan County, NE",2008,1799,2013,1809,1698,2,0.9438576987215119,FALSE,FALSE,FALSE,2019,1648,2020,1594,1647,2,0.9993932038834952,FALSE,FALSE,FALSE,13,36490,3511,9,6.34365977313873,11,53362,3380,9,6.1069695338105685
31085,"Hayes County, NE",2006,484,2007,448,547,2,1.1301652892561984,TRUE,FALSE,FALSE,2019,451,2021,444,426.5,2,0.9456762749445676,TRUE,FALSE,FALSE,14.9,33607,977,9,1.3701415719464565,15,46399,922,9,1.2930097536690202
31087,"Hitchcock County, NE",2006,1444,2012,1307,1294.5,2,0.8964681440443213,FALSE,FALSE,TRUE,2019,1293,2022,1334,1252.5,2,0.968677494199536,FALSE,FALSE,FALSE,14.5,33548,2931,9,4.128453935553298,11.3,49451,2762,9,3.8904093381092495
31089,"Holt County, NE",2006,6038,2010,5622,5817,2,0.9633984763166612,FALSE,FALSE,FALSE,2019,5532,2021,5455,5524.5,2,0.9986442516268981,FALSE,FALSE,FALSE,13.6,37354,10541,7,4.370502157886204,11.1,54474,10067,7,4.173972604443641
31091,"Hooker County, NE",2006,490,2010,389,417,2,0.8510204081632653,TRUE,FALSE,TRUE,2019,345,2022,338,285.5,2,0.827536231884058,TRUE,FALSE,FALSE,9.2,36340,732,9,1.0153044665074358,8.2,50093,682,9,0.9459530685219553
31093,"Howard County, NE",2008,3651,2010,3199,3307.5,2,0.9059161873459326,FALSE,FALSE,TRUE,2018,3245,2020,3213,3463.5,2,1.0673343605546994,FALSE,FALSE,FALSE,11.5,41778,6333,9,11.124773833154743,10.1,56881,6445,3,11.321517030583028
31095,"Jefferson County, NE",2007,4489,2010,4051,4181.5,2,0.9314992203163288,FALSE,FALSE,TRUE,2018,3261,2019,3252,3289,2,1.0085863232137382,FALSE,FALSE,FALSE,10.8,39914,7765,7,13.618458667583333,9.5,56740,7046,7,12.357457794177998
31097,"Johnson County, NE",2006,3141,2013,2095,2044,2,0.6507481693728112,FALSE,FALSE,TRUE,2018,1984,2021,1873,1889,2,0.952116935483871,FALSE,FALSE,TRUE,11.1,42270,5163,8,13.728243008248112,11.2,54567,5071,8,13.483618108624091
31099,"Kearney County, NE",2006,3816,2009,3496,3810,2,0.9984276729559748,FALSE,FALSE,FALSE,2019,3453,2022,3393,3393,2,0.9826238053866203,FALSE,FALSE,TRUE,9.8,46644,6624,7,12.832409583237277,7.7,64461,6495,7,12.582503056027495
31101,"Keith County, NE",2006,4655,2009,4282,4490.5,2,0.9646616541353383,FALSE,FALSE,TRUE,2019,4315,2020,4315,4347.5,2,1.007531865585168,FALSE,FALSE,FALSE,11.6,36968,8423,7,7.930791299574507,11.1,51478,8034,7,7.564523008522093
31103,"Keya Paha County, NE",2006,418,2008,360,567,2,1.3564593301435406,TRUE,FALSE,FALSE,2018,363,2022,344,357,2,0.9834710743801653,TRUE,FALSE,FALSE,16.5,31005,857,9,1.108845403402357,18.9,46010,806,9,1.0428581040166858
31105,"Kimball County, NE",2006,1981,2009,1837,2132,2,1.0762241292276629,FALSE,FALSE,FALSE,2019,1879,2021,1804,1858.5,2,0.9890899414582225,FALSE,FALSE,FALSE,12.5,37656,3809,6,4.001294196495165,12.2,52284,3632,8,3.8153584987320657
31107,"Knox County, NE",2006,4697,2008,4552,4573,2,0.9736001703214818,FALSE,FALSE,FALSE,2018,4129,2019,4117,4176.5,2,1.0115039961249697,FALSE,FALSE,FALSE,14.9,34490,8862,9,7.996498937499719,12.2,53676,8332,9,7.5182610186467675
31109,"Lancaster County, NE",2008,156110,2009,154276,160026,2,1.02508487604894,FALSE,FALSE,FALSE,2019,174089,2020,170440,177668,2,1.0205584499882243,FALSE,FALSE,FALSE,10.9,49277,276012,2,329.54295811643345,10.7,61383,319090,2,380.9756912937581
31111,"Lincoln County, NE",2008,21491,2010,18530,18562,2,0.8637103903959797,FALSE,FALSE,TRUE,2018,17379,2020,17269,17508.5,2,1.0074515219517808,FALSE,FALSE,FALSE,12.2,44896,36011,5,14.044002800142737,10.8,60924,34914,5,13.61618154908732
31113,"Logan County, NE",2007,462,2009,445,491.5,2,1.0638528138528138,TRUE,FALSE,FALSE,2019,374,2021,364,344,2,0.9197860962566845,TRUE,FALSE,FALSE,10.6,40727,751,9,1.3159324195984567,8.9,53108,748,9,1.3106756988810195
31115,"Loup County, NE",2006,343,2009,320,370,2,1.0787172011661808,TRUE,FALSE,FALSE,2019,319,2020,309,298.5,2,0.9357366771159875,TRUE,FALSE,TRUE,15.1,29523,649,9,1.152055327057679,15.2,51559,664,9,1.1786821836152526
31117,"McPherson County, NE",2008,305,2009,282,353.5,2,1.159016393442623,TRUE,FALSE,FALSE,2018,260,2021,244,227.5,2,0.875,TRUE,FALSE,FALSE,12.8,37712,545,9,0.6342674327531047,12.6,52033,494,9,0.5749139665688692
31119,"Madison County, NE",2006,18721,2010,18157,18635.5,2,0.9954329362747717,FALSE,FALSE,FALSE,2019,18411,2020,17998,18551,2,1.0076041496931183,FALSE,FALSE,FALSE,11.6,40044,34298,5,59.89745237612904,10.2,58275,35099,5,61.2963053516168
31121,"Merrick County, NE",2006,4143,2011,4007,4019,2,0.9700699975862901,FALSE,FALSE,FALSE,2019,4128,2020,4043,4333,2,1.0496608527131783,FALSE,FALSE,FALSE,9.2,41711,7709,7,15.803802424794073,11,53411,7755,3,15.898104527730968
31123,"Morrill County, NE",2008,2812,2010,2543,2648,2,0.9416785206258891,FALSE,FALSE,TRUE,2019,2099,2020,2083,2148.5,2,1.0235826584087662,FALSE,FALSE,FALSE,16.4,36590,5122,9,3.5976528861998194,13.2,49982,4642,9,3.2605046266574704
31125,"Nance County, NE",2008,2009,2010,1903,2025,2,1.0079641612742658,FALSE,FALSE,FALSE,2018,1773,2020,1705,1709.5,2,0.964184997179921,FALSE,FALSE,TRUE,12.1,38372,3766,9,8.528176270111754,10.3,55853,3519,8,7.968840226904742
31127,"Nemaha County, NE",2006,3435,2009,3263,3741.5,2,1.0892285298398836,FALSE,FALSE,FALSE,2019,3257,2020,3225,3255.5,2,0.999539453484802,FALSE,FALSE,FALSE,13.3,41024,7220,7,17.72644800773875,11.8,55343,6972,7,17.117561704979856
31129,"Nuckolls County, NE",2006,2293,2007,2200,2278.5,2,0.9936764064544266,FALSE,FALSE,FALSE,2019,2189,2020,2238,2277.5,2,1.0404294198264048,FALSE,FALSE,FALSE,11.7,32777,4642,9,8.070867853013535,11.2,48624,4148,9,7.211968947501108
31131,"Otoe County, NE",2008,8817,2010,8051,8123,2,0.9212884200975389,FALSE,FALSE,TRUE,2019,8166,2020,8071,8288,2,1.014939995101641,FALSE,FALSE,FALSE,9.4,45018,15841,6,25.731949786880133,8.3,66293,16012,6,26.009720345150225
31133,"Pawnee County, NE",2006,1585,2009,1494,1593.5,2,1.0053627760252366,FALSE,FALSE,FALSE,2018,1159,2019,1159,1192.5,2,1.0289042277825713,FALSE,FALSE,FALSE,13.1,40497,2791,9,6.474511395928783,13.1,47006,2613,9,6.061590210520211
31135,"Perkins County, NE",2008,1648,2009,1660,1770.5,2,1.0743325242718447,FALSE,FALSE,FALSE,2018,1451,2019,1449,1478.5,2,1.0189524465885595,FALSE,FALSE,FALSE,11.4,40005,3013,9,3.411021914089343,9.5,63443,2891,9,3.2729055272593066
31137,"Phelps County, NE",2006,5098,2010,4783,4932,2,0.9674382110631621,FALSE,FALSE,TRUE,2019,4635,2020,4591,4734.5,2,1.0214670981661274,FALSE,FALSE,FALSE,10.1,43740,9222,7,17.085213009365187,10,61420,9034,7,16.736913286337572
31139,"Pierce County, NE",2006,3960,2009,3732,4071,2,1.028030303030303,FALSE,FALSE,FALSE,2019,3819,2020,3824,3924.5,2,1.0276250327310814,FALSE,FALSE,FALSE,11.2,41693,7314,9,12.758853482518068,9.3,67465,7148,9,12.46927600397035
31141,"Platte County, NE",2007,18105,2010,16915,17303.5,2,0.955730461198564,FALSE,FALSE,FALSE,2019,17462,2020,17374,18250,2,1.0451265605314397,FALSE,FALSE,FALSE,8.9,48435,31408,5,46.522237594020595,9,62804,33470,5,49.57651847528876
31143,"Polk County, NE",2006,2986,2010,2840,2907,2,0.9735432016075016,FALSE,FALSE,TRUE,2019,2728,2020,2715,2734.5,2,1.0023826979472141,FALSE,FALSE,FALSE,7.8,45297,5447,9,12.412494986691947,6.9,66462,5213,9,11.879261311845992
31145,"Red Willow County, NE",2008,5890,2009,5844,6126.5,2,1.0401528013582344,FALSE,FALSE,FALSE,2019,5238,2020,5178,5295,2,1.0108820160366552,FALSE,FALSE,FALSE,11.3,38960,11053,7,15.41196647935636,12,50260,10724,7,14.953218902073429
31147,"Richardson County, NE",2006,4217,2009,3977,4172.5,2,0.989447474507944,FALSE,FALSE,TRUE,2019,3914,2022,3852,3760.5,2,0.9607818088911599,FALSE,FALSE,FALSE,13.4,36092,8480,7,15.366745131296877,12.3,50207,7865,7,14.252293686043625
31149,"Rock County, NE",2006,935,2008,830,872,2,0.932620320855615,TRUE,FALSE,TRUE,2018,724,2019,709,719,2,0.9930939226519337,TRUE,FALSE,TRUE,18,32257,1551,9,1.5382463991050201,13.9,53905,1357,9,1.345841627069963
31151,"Saline County, NE",2008,8176,2010,6948,7082,2,0.8661937377690803,FALSE,FALSE,TRUE,2018,7154,2022,6951,7018.5,2,0.9810595471065139,FALSE,FALSE,TRUE,9.4,45645,14069,6,24.507464246520456,9.2,59937,14224,6,24.77746616266309
31153,"Sarpy County, NE",2008,77260,2009,76220,83919,2,1.0861894900336526,FALSE,FALSE,FALSE,2019,99412,2020,97663,104331,2,1.0494809479740876,FALSE,FALSE,FALSE,6.2,63776,148214,2,622.7583656868183,5.9,84016,187196,2,786.5510344711676
31155,"Saunders County, NE",2006,10710,2009,10313,10732.5,2,1.0021008403361344,FALSE,FALSE,FALSE,2019,11564,2020,11444,12216,2,1.0563818747838118,FALSE,FALSE,FALSE,7.6,56163,20483,2,27.35797772948686,6.9,71086,21578,2,28.820506929984255
31157,"Scotts Bluff County, NE",2007,19070,2010,18150,18389.5,2,0.9643156790770844,FALSE,FALSE,TRUE,2018,17022,2020,16604,16714,2,0.9819057690048173,FALSE,FALSE,TRUE,16.5,36673,36338,5,49.130568223454986,13,50263,35618,5,48.15709667518905
31159,"Seward County, NE",2006,9057,2010,8417,8687,2,0.959147620624931,FALSE,FALSE,FALSE,2019,9457,2020,9172,9418.5,2,0.9959289415247965,FALSE,FALSE,FALSE,8.6,52419,16490,2,28.857427856430363,7.2,72291,17284,2,30.246924382689045
31161,"Sheridan County, NE",2006,3178,2012,2715,2698.5,2,0.8491189427312775,FALSE,FALSE,TRUE,2018,2537,2019,2530,2576.5,2,1.0155695703586913,FALSE,FALSE,FALSE,15.3,32630,5592,9,2.291643614994037,14.5,46159,5246,9,2.1498502153538483
31163,"Sherman County, NE",2008,1896,2010,1661,1687.5,2,0.8900316455696202,FALSE,FALSE,FALSE,2018,1525,2020,1487,1488.5,2,0.9760655737704919,FALSE,FALSE,TRUE,13,36038,3145,9,5.557744880954695,12.4,48735,3001,8,5.303272619314798
31165,"Sioux County, NE",2006,731,2007,693,758,2,1.036935704514364,TRUE,FALSE,FALSE,2018,582,2019,582,600,2,1.0309278350515463,TRUE,FALSE,FALSE,14,35668,1404,9,0.6793363213164029,15.9,47983,1166,9,0.5641781699821409
31167,"Stanton County, NE",2006,3523,2009,3357,3529.5,2,1.0018450184501846,FALSE,FALSE,FALSE,2019,3092,2020,3068,3116,2,1.0077619663648125,FALSE,FALSE,FALSE,8.9,45394,6248,9,14.610659139963474,7,62045,5920,9,13.843646304190743
31169,"Thayer County, NE",2006,2849,2009,2689,2881,2,1.0112320112320112,FALSE,FALSE,FALSE,2018,2638,2021,2482,2456.5,2,0.9311978771796816,FALSE,FALSE,TRUE,12.3,37416,5308,9,9.250787310317904,10.8,52439,5003,9,8.719233028168892
31171,"Thomas County, NE",2006,383,2009,344,408.5,2,1.066579634464752,TRUE,FALSE,FALSE,2018,348,2020,334,346,2,0.9942528735632183,TRUE,FALSE,FALSE,11.2,34072,667,9,0.9360694066695296,13.9,51401,722,9,1.0132565391535238
31173,"Thurston County, NE",2006,2823,2010,2763,2876.5,2,1.0189514700673044,FALSE,FALSE,FALSE,2019,2837,2020,2851,3056.5,2,1.0773704617553754,FALSE,FALSE,FALSE,25.6,33338,6925,8,17.594361674017765,24.9,48891,7224,8,18.354031586007846
31175,"Valley County, NE",2007,2533,2010,2049,2080,2,0.8211606790367153,FALSE,FALSE,TRUE,2019,2203,2021,2183,2141,2,0.97185655923740355,FALSE,FALSE,FALSE,13.8,34631,4327,9,7.616750866940097,10.4,47981,4158,9,7.319262792867327
31177,"Washington County, NE",2007,11042,2009,10571,10809,2,0.9788987502264083,FALSE,FALSE,FALSE,2019,10900,2020,10687,11102,2,1.018532110091743,FALSE,FALSE,FALSE,6.6,59657,20203,2,51.81186366783782,6.8,75197,20729,2,53.16082373759393
31179,"Wayne County, NE",2006,5356,2009,5003,5494.5,2,1.0258588498879762,FALSE,FALSE,FALSE,2019,5778,2020,5626,5735,2,0.992557978539287,FALSE,FALSE,TRUE,14.2,41572,9506,6,21.462308880239142,11.8,57655,9385,6,21.189119381553162
31181,"Webster County, NE",2006,1955,2010,1624,1685.5,2,0.8621483375959079,FALSE,FALSE,TRUE,2019,1822,2020,1788,1828.5,2,1.0035675082327113,FALSE,FALSE,FALSE,13.6,36424,3859,9,6.712319951018676,12.3,49518,3487,9,6.065265527131931
31183,"Wheeler County, NE",2008,479,2009,446,507,2,1.058455114822547,TRUE,FALSE,FALSE,2018,409,2021,398,391.5,2,0.9572127139364304,TRUE,FALSE,TRUE,14.9,34173,837,9,1.4551890441824602,12.3,50207,783,9,1.3613058800416564
31185,"York County, NE",2006,8349,2009,6754,7274.5,2,0.8713019523296203,FALSE,FALSE,TRUE,2019,7134,2020,7031,7249.5,2,1.0161900756938604,FALSE,FALSE,FALSE,9.1,48369,14078,7,24.589705789881858,9.4,59749,13679,6,23.892782035785903
32001,"Churchill County, NV",2008,13059,2011,9742,9707,2,0.7433187839803966,FALSE,FALSE,TRUE,2019,10179,2020,9900,10151,2,0.997249238628549,FALSE,FALSE,FALSE,10.6,48810,24961,6,5.042466329855801,11.7,56335,24909,6,5.031961612530673
32003,"Clark County, NV",2008,941955,2010,855099,887118.5,2,0.9417843739881416,FALSE,FALSE,FALSE,2019,1081387,2020,931282,1100213.5,2,1.0174095860223953,FALSE,FALSE,FALSE,10.7,55960,1867817,1,236.6823663611501,13.3,62131,2266715,1,287.2291397210296
32005,"Douglas County, NV",2007,22181,2012,19939,20484.5,2,0.9235156214778414,FALSE,FALSE,FALSE,2019,22334,2020,20148,21501,2,0.9627026058923615,FALSE,FALSE,FALSE,7.7,60983,47166,4,66.38077960753627,8.1,76296,48905,4,68.82822428670147
32007,"Elko County, NV",2007,26361,2010,24667,26805,2,1.0168430636167065,FALSE,FALSE,FALSE,2019,27872,2020,25635,26416.5,2,0.9477791331802525,FALSE,FALSE,TRUE,8.7,62801,47423,5,2.7614374917531874,11,83287,52778,5,3.073258712855571
32009,"Esmeralda County, NV",2008,476,2010,348,474,2,0.9957983193277311,TRUE,FALSE,FALSE,2019,283,2020,255,278.5,2,0.9840989399293286,TRUE,FALSE,FALSE,15,41828,829,9,0.23144212453261392,13.8,50675,873,9,0.24372614561757774
32011,"Eureka County, NV",2008,833,2009,861,1006,2,1.2076830732292918,TRUE,FALSE,FALSE,2018,692,2022,622,624.5,2,0.9024566473988439,TRUE,FALSE,TRUE,9.1,54107,1683,9,0.40304735411266357,9.9,71541,2029,9,0.48590795097718026
32013,"Humboldt County, NV",2008,7982,2010,7730,8414.5,2,1.0541844149336006,FALSE,FALSE,FALSE,2019,8431,2022,7891,7915.5,2,0.9388566006404934,FALSE,FALSE,TRUE,11.4,56875,15658,7,1.6241404233179184,11,73106,16831,7,1.7458109250775249
32015,"Lander County, NV",2008,3589,2010,2769,3182,2,0.8865979381443299,FALSE,FALSE,FALSE,2019,2393,2022,2240,2331.5,2,0.9743000417885499,FALSE,FALSE,TRUE,10.5,61466,5439,7,0.9854605166248221,10.9,81239,5532,7,1.002310641288567
32017,"Lincoln County, NV",2008,1783,2009,1575,1848,2,1.0364554122265843,FALSE,FALSE,FALSE,2019,1662,2022,1585,1619,2,0.9741275571600482,FALSE,FALSE,FALSE,12.8,44450,4859,8,0.4569569843509866,13.8,58782,5183,8,0.4874270528691425
32019,"Lyon County, NV",2007,21511,2011,18909,19559,2,0.9092557296267026,FALSE,FALSE,FALSE,2019,26675,2020,24750,27564,2,1.0333270852858483,FALSE,FALSE,FALSE,10,49981,51725,6,25.82306817489693,10.2,59406,57510,4,28.711158061639875
32021,"Mineral County, NV",2008,2278,2013,1591,1438,2,0.6312554872695347,FALSE,FALSE,TRUE,2019,1542,2022,1405,1007.5,2,0.6533722438391699,FALSE,FALSE,TRUE,16.9,37390,4880,7,1.3008882560979804,15.9,43771,4505,7,1.2009224577297954
32023,"Nye County, NV",2007,17180,2010,13939,14165.5,2,0.82453434225844,FALSE,FALSE,FALSE,2019,16887,2020,16177,17449,2,1.0332800378989755,FALSE,FALSE,FALSE,12.5,42348,44279,6,2.435332165799486,16.1,48490,46523,4,2.5587515153795137
32027,"Pershing County, NV",2007,2443,2010,2083,2343.5,2,0.9592713876381498,FALSE,FALSE,TRUE,2019,2199,2020,2147,2106.5,2,0.9579354251932697,FALSE,FALSE,FALSE,15.6,57230,6715,8,1.1123831687066985,17.6,58562,6725,9,1.1140397333659786
32029,"Storey County, NV",2008,2359,2012,1643,1684.5,2,0.7140737600678253,FALSE,FALSE,TRUE,2019,1613,2020,1479,1602,2,0.9931804091754495,FALSE,FALSE,FALSE,5.2,58363,4000,2,15.16300227445034,7,88003,4123,2,15.629264594389689
32031,"Washoe County, NV",2007,219630,2011,191939,200686,2,0.9137458452852525,FALSE,FALSE,FALSE,2019,247608,2020,228972,250094.5,2,1.0100420826467642,FALSE,FALSE,FALSE,10.2,54524,408724,2,64.71377749362598,10.7,71733,471519,2,74.65618767191805
32033,"White Pine County, NV",2007,4720,2010,4247,4538.5,2,0.9615466101694915,FALSE,FALSE,FALSE,2019,3626,2020,3487,3530,2,0.9735245449531164,FALSE,FALSE,TRUE,11.4,50934,9626,7,1.0831960020997753,13.7,60086,9580,7,1.078019707055459
32510,"Carson City, NV",2007,27900,2013,22482,23965,2,0.8589605734767025,FALSE,FALSE,FALSE,2019,27791,2020,25902,27104.5,2,0.9752977582670649,FALSE,FALSE,FALSE,12.9,50884,55288,3,382.5259108583448,12.2,58126,55916,3,386.8709092670237
33001,"Belknap County, NH",2006,31281,2009,29994,30304,2,0.9687669831527125,FALSE,FALSE,FALSE,2019,32858,2020,30434,31925.5,2,0.9716203055572463,FALSE,FALSE,TRUE,7.8,54469,60109,4,149.5806893119323,8.6,68752,61303,4,152.5519472439965
33003,"Carroll County, NH",2008,24858,2013,23282,24105.5,2,0.9697280553544131,FALSE,FALSE,FALSE,2019,25623,2020,22974,24707.5,2,0.9642703820786013,FALSE,FALSE,TRUE,9.5,49111,47829,8,51.32615918202656,9,64495,48910,6,52.486199702960946
33005,"Cheshire County, NH",2006,40906,2009,39141,40435,2,0.9884857967046399,FALSE,FALSE,TRUE,2019,39943,2020,37505,39213,2,0.9817239566382094,FALSE,FALSE,TRUE,8.1,53870,77745,4,110.00991921710352,9.7,65326,76085,4,107.6610033266875
33007,"Coos County, NH",2006,16041,2009,14899,15031,2,0.9370363443675581,FALSE,FALSE,TRUE,2019,14679,2020,13382,14191,2,0.9667552285578037,FALSE,FALSE,TRUE,11.7,40857,33751,7,18.80724896270647,13.9,49156,31563,7,17.588018103460765
33009,"Grafton County, NH",2008,47026,2010,45789,46507.5,2,0.9889741844936843,FALSE,FALSE,FALSE,2019,47805,2020,44590,46614.5,2,0.9750967472021755,FALSE,FALSE,FALSE,7.7,51857,87764,5,51.366060731628664,9.2,62468,89886,5,52.6080139342233
33011,"Hillsborough County, NH",2008,219084,2010,211215,214967,2,0.9812081210859761,FALSE,FALSE,FALSE,2019,238041,2020,223606,233553,2,0.9811461050827378,FALSE,FALSE,TRUE,7,67355,398843,2,455.0212940240971,7.5,82862,417025,2,475.7642860483927
33013,"Merrimack County, NH",2008,77762,2009,76161,77134.5,2,0.991930505902626,FALSE,FALSE,FALSE,2019,82292,2020,77442,80177.5,2,0.9743049142079424,FALSE,FALSE,TRUE,8.1,59437,147024,4,157.60040562080673,6.4,75800,151391,4,162.2815527215934
33015,"Rockingham County, NH",2007,166167,2009,161061,163561.5,2,0.9843199913340194,FALSE,FALSE,FALSE,2019,180368,2020,169205,178716.5,2,0.9908437195067862,FALSE,FALSE,FALSE,4.6,75054,294132,1,422.95043778732264,5.1,91416,309769,1,445.4358388850623
33017,"Strafford County, NH",2008,66821,2009,64615,66106,2,0.9892997710300654,FALSE,FALSE,FALSE,2019,74717,2020,70125,73884.5,2,0.9888579573591016,FALSE,FALSE,FALSE,10.3,59382,121735,1,331.28505454970974,8.8,71486,130633,1,355.49973738852617
33019,"Sullivan County, NH",2008,21871,2009,21221,22912.5,2,1.0476201362534863,FALSE,FALSE,FALSE,2018,21202,2020,20013,20662,2,0.9745307046505046,FALSE,FALSE,TRUE,8.9,49836,43608,7,81.07444838587332,10.1,63518,43146,7,80.21551435646879
34001,"Atlantic County, NJ",2006,131050,2009,121638,122866,2,0.9375505532239603,FALSE,FALSE,TRUE,2019,129447,2020,112339,127473.5,2,0.9847543782397429,FALSE,FALSE,TRUE,11.9,54340,272303,2,490.12559892580344,11.3,62678,263670,2,474.58682669220167
34003,"Bergen County, NJ",2008,458678,2010,443826,452523,2,0.9865810001787747,FALSE,FALSE,FALSE,2019,489887,2020,449296,510648,2,1.042379160908536,FALSE,FALSE,FALSE,5.9,80063,890817,1,3826.632129694064,5.7,107971,932202,1,4004.4073300858267
34005,"Burlington County, NJ",2006,231204,2013,216035,221820,2,0.9594124669123372,FALSE,FALSE,FALSE,2019,226337,2020,213795,234769,2,1.0372541829219262,FALSE,FALSE,FALSE,5,73083,447560,1,559.9504557197996,5.7,88443,445349,1,557.184233408609
34007,"Camden County, NJ",2006,252260,2013,234889,243451,2,0.9650796796955522,FALSE,FALSE,FALSE,2019,250819,2020,236916,258427.5,2,1.0303346237725213,FALSE,FALSE,FALSE,10.6,58541,513546,1,2319.916517590936,10.7,73168,506471,1,2287.9555844672122
34009,"Cape May County, NJ",2006,53774,2011,42424,42961,2,0.7989176925651802,FALSE,FALSE,TRUE,2019,42789,2020,37041,41658,2,0.9735679730771928,FALSE,FALSE,TRUE,8.9,51356,97686,3,388.38108945177544,9.8,66565,92039,3,365.9296838037381
34011,"Cumberland County, NJ",2006,64612,2013,61823,61123,2,0.9460007428960565,FALSE,FALSE,TRUE,2019,60149,2020,57580,61577,2,1.0237410430763603,FALSE,FALSE,FALSE,17.4,46482,154489,3,319.6015557118623,13.8,54179,149527,3,309.33633993959205
34013,"Essex County, NJ",2007,343801,2009,331880,345172.5,2,1.0039892263256942,FALSE,FALSE,FALSE,2019,398908,2020,369223,398580,2,0.9991777552718922,FALSE,FALSE,FALSE,13.3,53319,778996,1,6178.4380130548925,13.8,64522,798975,1,6336.897123323525
34015,"Gloucester County, NJ",2008,148727,2011,137180,138137,2,0.9287957129505738,FALSE,FALSE,FALSE,2019,150101,2020,142377,156728,2,1.0441502721500857,FALSE,FALSE,FALSE,7.6,70119,284086,1,882.2299997826148,7.5,87996,291636,1,905.6765494132151
34017,"Hudson County, NJ",2007,276802,2009,270488,329630,2,1.1908512221732501,FALSE,FALSE,FALSE,2019,387549,2020,355381,396769.5,2,1.0237918301943754,FALSE,FALSE,FALSE,13.9,51247,613637,1,13284.198904595934,13.7,77738,672391,1,14556.123222133225
34019,"Hunterdon County, NJ",2008,70483,2013,63316,63892,2,0.9064880893265043,FALSE,FALSE,TRUE,2019,65164,2020,60206,65850,2,1.01052728500399,FALSE,FALSE,FALSE,3.7,100089,128568,1,300.5083735552257,4,117275,124371,1,290.69851695162856
34021,"Mercer County, NJ",2008,193152,2010,178436,181396,2,0.9391360172299537,FALSE,FALSE,TRUE,2019,184919,2020,176707,188767.5,2,1.0208118149027412,FALSE,FALSE,FALSE,9.3,69139,363088,2,1617.4481695637066,11.9,79475,367430,2,1636.7904776329506
34023,"Middlesex County, NJ",2007,406002,2010,386932,398957.5,2,0.9826491002507377,FALSE,FALSE,FALSE,2019,422673,2020,393847,430703.5,2,1.0189993209880925,FALSE,FALSE,FALSE,6.6,75069,792137,1,2561.461203161176,8.5,92770,825062,1,2667.927774113021
34025,"Monmouth County, NJ",2007,320173,2010,301917,304877.5,2,0.9522273895675151,FALSE,FALSE,FALSE,2019,319704,2020,298050,323476,2,1.0117984135325175,FALSE,FALSE,FALSE,6.1,78173,626644,1,1338.3995010721821,6.2,102579,618795,1,1321.6354409616322
34027,"Morris County, NJ",2008,265471,2010,246759,250947.5,2,0.9452915761043579,FALSE,FALSE,FALSE,2019,261608,2020,241900,264754,2,1.0120256261276415,FALSE,FALSE,FALSE,4.1,94556,488355,1,1059.2786523970449,5.3,116328,491845,1,1066.8487243669554
34029,"Ocean County, NJ",2008,247286,2010,237754,242415,2,0.9803021602516924,FALSE,FALSE,FALSE,2019,263100,2020,248535,277169,2,1.0534739642721398,FALSE,FALSE,FALSE,8.4,56243,565356,1,899.832879721148,9,75627,607186,1,966.4104155724268
34031,"Passaic County, NJ",2008,225244,2009,219676,227893,2,1.0117605796380813,FALSE,FALSE,FALSE,2019,251700,2020,230661,257393.5,2,1.0226201827572508,FALSE,FALSE,FALSE,13.4,54207,492886,1,2648.045473105108,13.3,76039,501826,1,2696.0759031225152
34033,"Salem County, NJ",2006,30046,2010,28545,28677.5,2,0.9544531718032351,FALSE,FALSE,TRUE,2019,28077,2020,26985,28544.5,2,1.016650639313317,FALSE,FALSE,FALSE,10.2,54588,65864,1,198.46863596505767,11.4,68146,62385,1,187.9853312079455
34035,"Somerset County, NJ",2008,174874,2010,161317,164792,2,0.9423470613127166,FALSE,FALSE,FALSE,2019,180393,2020,168225,184803,2,1.024446624869036,FALSE,FALSE,FALSE,3.3,96792,317128,1,1050.555377036907,5.4,112722,328934,1,1089.6653161822921
34037,"Sussex County, NJ",2008,81258,2013,73830,74284,2,0.914174604346649,FALSE,FALSE,TRUE,2019,75502,2020,69505,76185.5,2,1.0090527403247596,FALSE,FALSE,FALSE,4.6,78713,150600,1,290.4593925811348,5.2,100281,140488,1,270.9565680274798
34039,"Union County, NJ",2008,256814,2009,250280,257324.5,2,1.0019878199786616,FALSE,FALSE,FALSE,2019,285489,2020,263341,286499,2,1.0035377895470579,FALSE,FALSE,FALSE,8,61587,524960,1,5108.254595346755,9.1,79953,556341,1,5413.615265600825
34041,"Warren County, NJ",2006,56934,2010,53132,53959,2,0.9477465135068676,FALSE,FALSE,FALSE,2019,55675,2020,52391,56711,2,1.0186079928154468,FALSE,FALSE,FALSE,6.2,66237,109179,2,306.2172372882782,7.1,83998,105267,2,295.2451471219299
35001,"Bernalillo County, NM",2007,300931,2009,287047,301332.5,2,1.0013341928880708,FALSE,FALSE,FALSE,2019,320770,2020,303827,327864,2,1.0221155344951212,FALSE,FALSE,FALSE,14.9,45147,638978,2,550.252530689045,15.5,56148,679121,2,584.8214631709933
35003,"Catron County, NM",2008,1457,2011,1035,1120.5,2,0.7690459849004805,FALSE,FALSE,TRUE,2019,963,2020,956,1005,2,1.043613707165109,TRUE,FALSE,FALSE,20.8,29559,3638,9,0.5254046431732707,20.6,37190,3527,9,0.509373880283707
35005,"Chaves County, NM",2007,25743,2013,25208,26643.5,2,1.0349803830167423,FALSE,FALSE,FALSE,2019,26678,2020,25973,26948,2,1.010120698703051,FALSE,FALSE,FALSE,20.5,35221,63587,5,10.48049027076509,18.1,43687,64615,5,10.649926539158733
35006,"Cibola County, NM",2008,11809,2013,8413,8978.5,2,0.7603099331018714,FALSE,FALSE,TRUE,2019,9104,2022,8148,8687.5,2,0.9542508787346221,FALSE,FALSE,TRUE,24.5,32664,27258,6,6.003985917130985,25.5,40436,26675,6,5.875571367652396
35007,"Colfax County, NM",2008,6345,2012,5691,5773.5,2,0.9099290780141844,FALSE,FALSE,TRUE,2018,4981,2020,4485,4874.5,2,0.9786187512547682,FALSE,FALSE,TRUE,17.1,35852,13933,7,3.707580889287212,17,42754,11941,7,3.1775083183075146
35009,"Curry County, NM",2008,20392,2009,20415,20554,2,1.0079442918791683,FALSE,FALSE,FALSE,2018,19592,2020,19408,20241,2,1.03312576561862,FALSE,FALSE,FALSE,18.5,35243,46588,5,33.14635680358358,18.7,45623,48954,5,34.82971475407037
35011,"De Baca County, NM",2008,775,2011,778,794,2,1.024516129032258,TRUE,FALSE,FALSE,2019,630,2021,528,543.5,2,0.8626984126984127,TRUE,FALSE,TRUE,17.8,29321,1995,9,0.8587637160061934,18.6,34746,1748,9,0.7524405892625695
35013,"Dona Ana County, NM",2008,84848,2009,83674,87068,2,1.026164435225344,FALSE,FALSE,FALSE,2019,90589,2020,87092,94309.5,2,1.0410701078497389,FALSE,FALSE,FALSE,23.9,35267,197853,3,51.954753177306,23.8,43618,218195,3,57.29641385029433
35015,"Eddy County, NM",2008,26532,2010,24065,26212.5,2,0.9879579375848032,FALSE,FALSE,FALSE,2019,30942,2021,27089,29643.5,2,0.9580343869174585,FALSE,FALSE,FALSE,16.1,42169,51923,5,12.432632529664673,11.2,63671,58460,5,13.997875655955873
35017,"Grant County, NM",2008,11785,2009,10338,12055.5,2,1.0229529062367415,FALSE,FALSE,FALSE,2018,10474,2021,9368,10100,2,0.9642925338934505,FALSE,FALSE,TRUE,17.7,33841,29841,7,7.533309922960351,18.1,43175,26998,7,6.815599386752574
35019,"Guadalupe County, NM",2006,1759,2011,1485,1505,2,0.8555997725980671,FALSE,FALSE,TRUE,2018,1517,2022,1337,1484,2,0.978246539222149,FALSE,FALSE,FALSE,25.5,26929,4759,7,1.5707452573989067,23.5,36554,4300,7,1.4192487091437904
35021,"Harding County, NM",2008,387,2013,272,297,2,0.7674418604651163,TRUE,FALSE,TRUE,2018,328,2019,319,328,2,1,TRUE,FALSE,FALSE,13.6,30111,732,9,0.3443931200417035,15.4,38162,625,9,0.29405150276784797
35023,"Hidalgo County, NM",2008,2512,2013,2030,1808,2,0.7197452229299363,FALSE,FALSE,TRUE,2018,1620,2021,1309,1222.5,2,0.7546296296296297,FALSE,FALSE,TRUE,24,28703,5005,7,1.4555549706838724,22.9,37322,4198,9,1.2208630902958835
35025,"Lea County, NM",2008,28498,2010,24273,27731.5,2,0.973103375675486,FALSE,FALSE,FALSE,2019,33344,2021,27813,33248.5,2,0.9971359165067178,FALSE,FALSE,FALSE,18.6,40962,61058,5,13.903512926637326,15.1,63012,71070,5,16.183344749191175
35027,"Lincoln County, NM",2008,10678,2013,8320,7991,2,0.7483611163139164,FALSE,FALSE,TRUE,2019,8178,2020,7546,8146.5,2,0.9961482024944974,FALSE,FALSE,FALSE,14,40669,20442,7,4.231321340932683,13.7,47254,19572,7,4.051238689205287
35028,"Los Alamos County, NM",2006,10794,2013,8339,8867.5,2,0.821521215490087,FALSE,FALSE,FALSE,2019,10351,2020,10498,12251.5,2,1.1836054487489132,FALSE,FALSE,FALSE,3.1,101098,18281,6,167.52655260577512,3.5,122001,19369,6,177.49695297966514
35029,"Luna County, NM",2007,11058,2011,9196,9325,2,0.8432808826189184,FALSE,FALSE,TRUE,2019,8750,2021,8200,8744.5,2,0.9993714285714286,FALSE,FALSE,FALSE,32.5,25880,25328,6,8.541817233844725,23.8,32544,23709,6,7.995812728885999
35031,"McKinley County, NM",2007,25464,2013,22064,22646.5,2,0.8893535972353126,FALSE,FALSE,TRUE,2019,23417,2021,21634,22222,2,0.9489686979544775,FALSE,FALSE,TRUE,26.5,33475,69959,4,12.834008186291703,30.1,36404,71367,5,13.092306382753899
35033,"Mora County, NM",2007,1858,2009,1785,2083.5,2,1.1213670613562972,FALSE,FALSE,FALSE,2018,1676,2022,1388,1350.5,2,0.8057875894988067,FALSE,FALSE,TRUE,22.4,28271,4964,8,2.5770292418062253,21.2,36968,4521,9,2.347048590291286
35035,"Otero County, NM",2007,24983,2011,23071,23650.5,2,0.9466637313373094,FALSE,FALSE,TRUE,2019,23184,2020,22584,23483,2,1.0128968253968254,FALSE,FALSE,FALSE,20.4,36350,62466,4,9.446565491559852,20.1,43135,67490,4,10.206331524755457
35037,"Quay County, NM",2006,3745,2011,3075,3107,2,0.8296395193591455,FALSE,FALSE,TRUE,2018,3545,2021,3158,3274.5,2,0.9236953455571227,FALSE,FALSE,TRUE,23.5,26192,8996,7,3.130181231090953,21.7,34596,8253,7,2.871652478901027
35039,"Rio Arriba County, NM",2006,19590,2013,15203,14909.5,2,0.7610770801429301,FALSE,FALSE,TRUE,2019,14735,2020,14130,15029,2,1.0199524940617577,FALSE,FALSE,FALSE,21.2,37260,40268,6,6.870647620133107,22.2,44579,38921,4,6.640818417184877
35041,"Roosevelt County, NM",2007,9236,2011,7873,7853,2,0.8502598527501083,FALSE,FALSE,TRUE,2018,7952,2020,7758,8014,2,1.0077967806841046,FALSE,FALSE,FALSE,24.4,29857,19359,7,7.914389356558797,18.8,44928,18500,7,7.563211069597486
35043,"Sandoval County, NM",2008,53007,2009,51586,56162,2,1.0595204406965117,FALSE,FALSE,FALSE,2019,66090,2020,62993,70710.5,2,1.0699122408836435,FALSE,FALSE,FALSE,10.3,54705,120401,2,32.451402810742515,10,71118,146748,2,39.55264872941954
35045,"San Juan County, NM",2008,54972,2010,49817,51556.5,2,0.93786836935167,FALSE,FALSE,TRUE,2018,48103,2020,43768,46439.5,2,0.9654179572999605,FALSE,FALSE,FALSE,18.4,43245,126149,3,22.864545119726703,19.9,46201,123958,3,22.46742569462368
35047,"San Miguel County, NM",2007,12774,2011,10072,10237,2,0.8013934554563958,FALSE,FALSE,TRUE,2018,10493,2021,9682,9913.5,2,0.944772705613266,FALSE,FALSE,TRUE,24.5,31172,29259,6,6.1969516140476095,23.8,36986,27277,6,5.777171098683367
35049,"Santa Fe County, NM",2007,75613,2011,69248,69597,2,0.9204369618980863,FALSE,FALSE,TRUE,2019,71151,2020,65274,70334,2,0.9885173785329792,FALSE,FALSE,FALSE,15,51601,140210,3,73.39377506045918,12.4,61791,150358,3,78.70580722159988
35051,"Sierra County, NM",2008,5665,2011,3516,3629.5,2,0.6406884377758164,FALSE,FALSE,TRUE,2018,4027,2019,3860,3909.5,2,0.97082195182518,FALSE,FALSE,TRUE,23.9,23387,11812,6,2.82501684917347,27.6,33661,10791,6,2.580829395481791
35053,"Socorro County, NM",2008,9192,2013,6185,6155.5,2,0.6696583986074848,FALSE,FALSE,TRUE,2018,6117,2020,5693,5839,2,0.9545528854013405,FALSE,FALSE,TRUE,30.4,30225,17995,6,2.707486037150711,26,39582,16637,6,2.5031645012545916
35055,"Taos County, NM",2007,16864,2012,13532,13670.5,2,0.8106321157495257,FALSE,FALSE,TRUE,2019,14681,2020,13377,14468.5,2,0.9855255091615013,FALSE,FALSE,FALSE,17.6,33409,32485,7,14.749999205402537,18.2,43032,32723,7,14.858064460470592
35057,"Torrance County, NM",2006,7225,2013,5074,5274,2,0.7299653979238754,FALSE,FALSE,TRUE,2019,5658,2020,5174,5770.5,2,1.0198833510074232,FALSE,FALSE,FALSE,22.7,34657,16559,2,4.950058486559749,21.6,39532,15461,2,4.62182826624194
35059,"Union County, NM",2008,1896,2013,1796,1747.5,2,0.9216772151898734,FALSE,FALSE,TRUE,2019,1649,2021,1373,1357,2,0.8229229836264402,FALSE,FALSE,TRUE,16.8,36651,4286,9,1.1205082286506058,20.3,38221,4059,9,1.06116259918171
35061,"Valencia County, NM",2008,29615,2013,27661,27963,2,0.9442174573695762,FALSE,FALSE,FALSE,2019,29355,2020,27846,30949,2,1.054300800545052,FALSE,FALSE,FALSE,15.7,38862,73703,2,69.09330215980432,17.6,54867,76688,2,71.89160761476568
36001,"Albany County, NY",2006,153440,2011,147838,151321.5,2,0.9861933003128258,FALSE,FALSE,FALSE,2019,156570,2020,149567,156701.5,2,1.0008398799259117,FALSE,FALSE,FALSE,11.7,52831,303858,2,581.1148850231789,11.7,69408,305506,2,584.2666115879499
36003,"Allegany County, NY",2008,22426,2011,21619,22090,2,0.9850173905288504,FALSE,FALSE,TRUE,2018,19261,2020,18408,18589.5,2,0.9651368049426302,FALSE,FALSE,TRUE,16.7,37954,49079,7,47.67233248535464,17.9,49411,46091,7,44.76997242369406
36005,"Bronx County, NY",2008,483104,2009,468768,523072,2,1.0827316685434192,FALSE,FALSE,FALSE,2018,584930,2020,507031,557274,2,0.9527191287846409,FALSE,FALSE,TRUE,27.1,34031,1354056,1,32104.8937784522,26.2,41470,1418207,1,33625.924696509865
36007,"Broome County, NY",2006,92579,2013,85192,83414,2,0.9010034673090009,FALSE,FALSE,TRUE,2018,84576,2020,79310,82043.5,2,0.9700565172152856,FALSE,FALSE,TRUE,14.5,43399,200877,2,284.6690502812297,17.8,52179,190488,2,269.94647495716725
36009,"Cattaraugus County, NY",2006,39803,2012,34822,33857,2,0.8506142753058815,FALSE,FALSE,TRUE,2018,32863,2020,30569,31416.5,2,0.9559839332988467,FALSE,FALSE,TRUE,15.8,40830,81056,4,61.96075013969758,14.7,50783,76117,4,58.185284474725634
36011,"Cayuga County, NY",2006,39581,2012,35977,35570,2,0.8986635001642203,FALSE,FALSE,TRUE,2019,34625,2020,32758,33639.5,2,0.9715379061371842,FALSE,FALSE,TRUE,12.7,45105,80629,4,116.58513943975395,13.8,58055,76576,4,110.72472234231601
36013,"Chautauqua County, NY",2006,64150,2013,55656,54839,2,0.8548558067030397,FALSE,FALSE,TRUE,2018,54329,2020,50370,51613,2,0.9500082828691859,FALSE,FALSE,TRUE,15.1,38926,135481,4,127.7628464461859,16.3,50143,126903,4,119.673522505446
36015,"Chemung County, NY",2007,39035,2013,36656,35979,2,0.9217112847444601,FALSE,FALSE,TRUE,2019,36039,2020,34353,34556.5,2,0.9588640084353062,FALSE,FALSE,TRUE,16,40891,88634,3,217.59592274625427,14.1,58400,83456,3,204.88396471682873
36017,"Chenango County, NY",2006,23522,2010,21499,22272.5,2,0.9468795170478701,FALSE,FALSE,TRUE,2018,20910,2020,19863,20272,2,0.9694882831181253,FALSE,FALSE,TRUE,12.4,43083,51463,6,57.6007646822461,13.7,51894,47207,6,52.837170362295076
36019,"Clinton County, NY",2006,37946,2013,34251,34198.5,2,0.9012412375480947,FALSE,FALSE,TRUE,2018,35134,2020,32958,33704,2,0.9592986850344396,FALSE,FALSE,TRUE,13.2,45462,82556,5,79.55280216545202,14.8,59069,80485,5,77.55714039302299
36021,"Columbia County, NY",2006,31146,2009,29115,29422,2,0.9446477878379246,FALSE,FALSE,TRUE,2018,29483,2020,27715,28316.5,2,0.9604348268493709,FALSE,FALSE,TRUE,10,53214,63430,6,99.94280429141135,10.1,71563,59461,6,93.68909169118099
36023,"Cortland County, NY",2006,22532,2009,22085,22392,2,0.9937866145925794,FALSE,FALSE,FALSE,2019,22866,2020,21493,21572.5,2,0.9434312953730429,FALSE,FALSE,TRUE,14.8,40770,49624,4,99.49195427187463,17.3,55143,47581,4,95.39591077321593
36025,"Delaware County, NY",2006,22517,2013,19488,18612.5,2,0.8265976817515654,FALSE,FALSE,TRUE,2019,18817,2020,17870,17955,2,0.954190359781049,FALSE,FALSE,TRUE,14.2,41862,48450,6,33.58528652512554,12.6,51038,44135,6,30.59415109982282
36027,"Dutchess County, NY",2006,142023,2009,133720,135563.5,2,0.9545179301944051,FALSE,FALSE,FALSE,2019,146391,2020,136779,146124.5,2,0.9981795328947818,FALSE,FALSE,FALSE,8.7,65847,295319,2,371.1893635259841,8.6,84564,294218,1,369.80550576795935
36029,"Erie County, NY",2006,448279,2011,423580,426445.5,2,0.9512948409361135,FALSE,FALSE,FALSE,2019,450441,2020,421818,445595.5,2,0.9892427643131952,FALSE,FALSE,TRUE,13.7,45129,921887,1,884.0810423845112,13.3,60620,918702,1,881.0266570639734
36031,"Essex County, NY",2006,17709,2012,16479,16464.5,2,0.9297249985882884,FALSE,FALSE,TRUE,2019,16945,2020,15908,16700,2,0.985541457657126,FALSE,FALSE,FALSE,12.4,43132,39373,6,21.94555331242803,12.4,55091,36885,6,20.558802578642922
36033,"Franklin County, NY",2006,21432,2013,19736,18605,2,0.8680944382232176,FALSE,FALSE,TRUE,2018,18310,2020,17229,17466.5,2,0.9539322774440196,FALSE,FALSE,FALSE,15.6,39199,51782,5,31.781824788129352,18.1,48943,50022,7,30.70160363739922
36035,"Fulton County, NY",2006,26004,2013,22502,23207.5,2,0.8924588524842332,FALSE,FALSE,TRUE,2018,24100,2020,22923,23466.5,2,0.9737136929460581,FALSE,FALSE,TRUE,15.9,40259,55489,4,111.99491381746256,16.4,50061,53383,4,107.74431841117345
36037,"Genesee County, NY",2006,31625,2012,28516,28764,2,0.9095335968379447,FALSE,FALSE,TRUE,2019,28906,2020,27174,28519,2,0.9866117761018474,FALSE,FALSE,TRUE,11.9,48499,59930,4,121.56778423290383,10.5,62570,57280,4,116.19226899483951
36039,"Greene County, NY",2006,22976,2012,19456,19625,2,0.8541521587743732,FALSE,FALSE,TRUE,2018,20837,2020,19695,20443,2,0.981091327926285,FALSE,FALSE,TRUE,12.6,44966,49537,6,76.54509465187179,12.6,54746,47188,6,72.9153950871576
36041,"Hamilton County, NY",2007,3054,2012,2193,2281.5,2,0.7470530451866405,FALSE,FALSE,TRUE,2018,2275,2020,2126,2151.5,2,0.9457142857142857,FALSE,FALSE,TRUE,13.1,42188,4969,8,2.893364186568129,9.8,60148,4416,8,2.571361692067792
36043,"Herkimer County, NY",2006,29867,2013,27791,27303,2,0.914152743830984,FALSE,FALSE,TRUE,2019,27694,2020,26172,26580.5,2,0.9597927348884235,FALSE,FALSE,TRUE,12.3,38732,64343,2,45.61437586931956,13.7,55778,61319,2,43.47058598341398
36045,"Jefferson County, NY",2006,45788,2012,43760,43680.5,2,0.9539726565912466,FALSE,FALSE,TRUE,2018,43713,2020,41221,43349,2,0.9916729577013703,FALSE,FALSE,TRUE,14.7,42316,115059,4,90.74554588975731,14.6,53829,109834,3,86.62465593526456
36047,"Kings County, NY",2008,1037345,2009,1006800,1077043.5,2,1.0382693318037874,FALSE,FALSE,FALSE,2019,1260785,2020,1101562,1223236,2,0.9702177611567396,FALSE,FALSE,FALSE,21.9,41304,2441324,1,35189.24139123917,17.7,66501,2559903,1,36898.43896392176
36049,"Lewis County, NY",2006,12342,2012,11071,11051,2,0.8953978285529087,FALSE,FALSE,TRUE,2018,11519,2020,11021,11643,2,1.010764823335359,FALSE,FALSE,FALSE,15.1,41587,27086,6,21.222133511555587,12.4,56599,26296,6,20.603161146712903
36051,"Livingston County, NY",2006,31317,2009,29437,29682,2,0.947791934093304,FALSE,FALSE,TRUE,2019,28688,2020,26788,27883,2,0.9719394868934746,FALSE,FALSE,TRUE,12.8,49927,65460,1,103.63268498260123,13.8,60268,62914,1,99.601997295988
36053,"Madison County, NY",2006,34456,2012,31756,31456,2,0.9129324355700024,FALSE,FALSE,TRUE,2019,30760,2020,29052,29790,2,0.9684655396618985,FALSE,FALSE,TRUE,11,50924,72709,2,111.03153393907002,9.8,61713,70941,2,108.3316790104604
36055,"Monroe County, NY",2006,359079,2009,345866,346910.5,2,0.9661119140913281,FALSE,FALSE,FALSE,2019,363507,2020,343263,358301,2,0.9856784050926117,FALSE,FALSE,TRUE,13.3,50050,739249,1,1125.2846513553668,12.7,62159,741770,1,1129.122116953652
36057,"Montgomery County, NY",2006,23550,2012,21065,20909,2,0.8878556263269639,FALSE,FALSE,TRUE,2018,21960,2020,20791,21509,2,0.9794626593806922,FALSE,FALSE,TRUE,11,41869,49798,4,123.53421266102885,15.9,52092,49221,4,122.10284512206316
36059,"Nassau County, NY",2006,670842,2011,638882,658805,2,0.9820568777744983,FALSE,FALSE,FALSE,2019,679160,2020,633618,682990,2,1.005639319158961,FALSE,FALSE,FALSE,4.7,89360,1322048,1,4646.198830409357,5.6,117767,1356924,1,4768.766869095817
36061,"New York County, NY",2008,883946,2010,810783,840890.5,2,0.9512917078645076,FALSE,FALSE,FALSE,2019,899448,2020,781295,873350,2,0.9709844260035043,FALSE,FALSE,FALSE,17.7,63704,1581402,1,69794.42139641628,14.1,93007,1628706,1,71882.16082619825
36063,"Niagara County, NY",2006,106267,2012,96141,95580,2,0.8994325613784148,FALSE,FALSE,TRUE,2019,97652,2020,90923,95361,2,0.9765391389833286,FALSE,FALSE,TRUE,11.9,44064,215791,1,413.1173087673352,12.4,56371,209281,1,400.6543530366729
36065,"Oneida County, NY",2006,106131,2013,99762,98471,2,0.9278250464049147,FALSE,FALSE,TRUE,2019,101036,2020,95870,97215.5,2,0.9621867453185003,FALSE,FALSE,TRUE,14.5,44082,234488,2,193.40141631517218,14.6,56516,228671,2,188.60366104110548
36067,"Onondaga County, NY",2006,224339,2012,215178,213911,2,0.9535167759506817,FALSE,FALSE,TRUE,2019,222525,2020,211830,219506,2,0.9864329850578587,FALSE,FALSE,FALSE,12.8,48807,461287,2,592.614527622936,13.8,61597,460528,2,591.6394417729861
36069,"Ontario County, NY",2006,54376,2011,51984,52500.5,2,0.9655086803001324,FALSE,FALSE,TRUE,2019,53063,2020,50193,52703.5,2,0.99322503439308,FALSE,FALSE,FALSE,9.5,54107,105216,1,163.35960352504983,8.1,66754,109777,1,170.44106596115986
36071,"Orange County, NY",2006,172449,2011,165640,167372.5,2,0.9705623111760578,FALSE,FALSE,FALSE,2019,177973,2020,167456,180644,2,1.0150078944559007,FALSE,FALSE,FALSE,10.5,64799,368464,2,453.7298141311549,12.3,83188,384940,1,474.0185056115299
36073,"Orleans County, NY",2006,18818,2012,17089,16864,2,0.8961632479540865,FALSE,FALSE,TRUE,2019,18060,2021,16736,17276.5,2,0.9566168327796235,FALSE,FALSE,TRUE,13.4,43029,43342,1,110.77487719226502,13.2,53115,40352,1,103.13293905362647
36075,"Oswego County, NY",2006,56819,2012,51718,50870.5,2,0.8953079075661311,FALSE,FALSE,TRUE,2019,52063,2020,49551,51946.5,2,0.9977623264122313,FALSE,FALSE,FALSE,13.8,44854,122213,2,128.42626258380446,15.6,57640,117124,2,123.07853975326286
36077,"Otsego County, NY",2006,30596,2011,29050,28842.5,2,0.9426885867433652,FALSE,FALSE,TRUE,2019,27100,2020,24800,25382.5,2,0.9366236162361624,FALSE,FALSE,TRUE,15.7,42572,62914,6,62.80484517907876,16.2,52414,59493,7,59.38978056138431
36079,"Putnam County, NY",2006,54244,2012,48022,48598.5,2,0.8959239731583216,FALSE,FALSE,TRUE,2019,49498,2020,46323,52337,2,1.0573558527617277,FALSE,FALSE,FALSE,6.7,84622,99454,1,431.9354446432604,5.2,105600,98320,1,427.0104059899588
36081,"Queens County, NY",2008,1061882,2010,1017611,1056531.5,2,0.9949613045517298,FALSE,FALSE,FALSE,2019,1141131,2020,996000,1109508.5,2,0.9722884576792673,FALSE,FALSE,FALSE,12.2,52944,2177351,1,20026.406313233507,11,72975,2253858,1,20730.08719326
36083,"Rensselaer County, NY",2006,80503,2011,76744,77879,2,0.9674049414307542,FALSE,FALSE,TRUE,2019,79183,2020,75482,77668,2,0.9808671053130091,FALSE,FALSE,TRUE,10.6,50840,158243,2,242.53324729983035,11.5,70688,158714,2,243.2551317400787
36085,"Richmond County, NY",2008,231214,2010,197766,202020.5,2,0.8737381819439999,FALSE,FALSE,FALSE,2019,222305,2020,195492,226769,2,1.0200805200062977,FALSE,FALSE,FALSE,10.1,66384,459642,1,7990.57768197069,9.1,86624,476143,1,8277.436851346418
36087,"Rockland County, NY",2007,147774,2011,138722,142444,2,0.9639314087728559,FALSE,FALSE,FALSE,2019,146295,2020,136964,156129.5,2,1.0672237602105334,FALSE,FALSE,FALSE,8.8,80620,301668,1,1736.8684687796874,12.5,99831,325789,1,1875.7463223652014
36089,"St. Lawrence County, NY",2006,46809,2012,43739,42466,2,0.9072186972590741,FALSE,FALSE,TRUE,2018,42722,2020,41147,41045,2,0.9607462197462665,FALSE,FALSE,TRUE,15.9,39035,111586,5,41.64393254627871,18.9,51742,107740,4,40.20860405907612
36091,"Saratoga County, NY",2006,116182,2011,108346,111489.5,2,0.9596107830817167,FALSE,FALSE,FALSE,2019,119887,2020,115373,121121.5,2,1.0102971965267293,FALSE,FALSE,FALSE,6.9,62607,215798,2,266.4271516228996,6,89071,229863,2,283.79199229601096
36093,"Schenectady County, NY",2006,73076,2009,71197,71891.5,2,0.9837908478843943,FALSE,FALSE,FALSE,2019,73678,2020,71103,74069,2,1.0053068758652515,FALSE,FALSE,FALSE,11.1,53182,152275,2,744.006175825357,12.1,64960,155299,2,758.781251679541
36095,"Schoharie County, NY",2006,15050,2012,14071,13922,2,0.9250498338870432,FALSE,FALSE,TRUE,2018,13433,2020,12790,13357.5,2,0.9943795131392839,FALSE,FALSE,FALSE,12.7,44524,32894,2,52.89963799755235,12.1,58927,30999,2,49.85212738755169
36097,"Schuyler County, NY",2008,9504,2013,8138,7939.5,2,0.835385101010101,FALSE,FALSE,TRUE,2018,8021,2020,7493,7712,2,0.961476125171425,FALSE,FALSE,TRUE,11.4,44511,18707,6,56.97395711192259,15.7,52215,17807,6,54.232921061207335
36099,"Seneca County, NY",2006,16569,2011,14880,14828,2,0.8949242561409861,FALSE,FALSE,TRUE,2018,15350,2022,13557,13410,2,0.8736156351791531,FALSE,FALSE,TRUE,12.1,43440,35469,6,109.57435634449395,13.7,51064,34016,6,105.08560448319113
36101,"Steuben County, NY",2008,42841,2009,41565,41857.5,2,0.9770430195373591,FALSE,FALSE,TRUE,2019,41495,2020,39278,39362,2,0.9485962164116158,FALSE,FALSE,TRUE,15,41519,98541,4,70.86680426606065,15,53167,95379,4,68.59281846229081
36103,"Suffolk County, NY",2006,756763,2011,714390,732318,2,0.9676979450633818,FALSE,FALSE,FALSE,2019,758125,2020,708414,769031,2,1.0143854905193734,FALSE,FALSE,FALSE,5.3,82961,1475255,1,1619.4971315155653,6.8,105241,1476601,1,1620.9747358205973
36105,"Sullivan County, NY",2006,33622,2013,31932,31877.5,2,0.9481143299030397,FALSE,FALSE,FALSE,2019,34390,2020,32021,35353.5,2,1.0280168653678394,FALSE,FALSE,FALSE,14.2,45555,77991,4,80.55714794787971,16.1,58851,75432,4,77.91394884030801
36107,"Tioga County, NY",2006,25334,2013,23307,22112.5,2,0.8728388726612457,FALSE,FALSE,TRUE,2018,21940,2020,20464,20926,2,0.9537830446672744,FALSE,FALSE,TRUE,10.3,49235,51565,2,99.39915222055373,9.4,60699,48203,2,92.91840074638517
36109,"Tompkins County, NY",2008,53533,2011,51084,53037.5,2,0.9907440270487363,FALSE,FALSE,TRUE,2018,50732,2020,46386,47201.5,2,0.9304088149491445,FALSE,FALSE,TRUE,19.2,44379,99910,3,210.49460227033313,16.9,59176,102180,3,215.2771340204448
36111,"Ulster County, NY",2006,88776,2009,83000,84068.5,2,0.946973281066955,FALSE,FALSE,TRUE,2018,85108,2020,79252,84148,2,0.988720214315928,FALSE,FALSE,FALSE,11.2,55589,182818,3,162.61532276141307,12,64090,177573,3,157.94993222063692
36113,"Warren County, NY",2006,34889,2013,30585,31021,2,0.8891341110378629,FALSE,FALSE,TRUE,2018,31228,2020,29497,30864.5,2,0.9883598053029332,FALSE,FALSE,TRUE,9.7,47043,65740,3,75.80527246771877,10.1,63240,63944,3,73.73429179610297
36115,"Washington County, NY",2006,31562,2013,27353,27830,2,0.8817565426779038,FALSE,FALSE,TRUE,2018,28051,2020,26295,27022.5,2,0.9633346404762754,FALSE,FALSE,TRUE,11.6,44043,63054,3,75.85991169287406,11.9,56897,61204,3,73.63418712929655
36117,"Wayne County, NY",2006,46364,2012,42646,42208.5,2,0.9103722715900268,FALSE,FALSE,TRUE,2019,43324,2020,40649,42104,2,0.9718400886344751,FALSE,FALSE,TRUE,11.3,51853,93539,1,154.90949439411753,11.4,61989,89918,1,148.91277346272958
36119,"Westchester County, NY",2007,470898,2011,441540,450136.5,2,0.9559108341933922,FALSE,FALSE,FALSE,2019,493386,2020,461240,515407,2,1.0446323973521745,FALSE,FALSE,FALSE,7.7,77097,933414,1,2166.6136665916156,8.4,101741,967506,1,2245.7470341235376
36121,"Wyoming County, NY",2006,20775,2012,17274,17419,2,0.838459687123947,FALSE,FALSE,TRUE,2019,18773,2022,17686,17399.5,2,0.9268364139988281,FALSE,FALSE,TRUE,9.6,49050,42515,6,71.7310612451493,9.9,58214,39859,6,67.2498734604353
36123,"Yates County, NY",2006,12514,2012,11175,11202.5,2,0.8951973789355921,FALSE,FALSE,TRUE,2019,11077,2020,10050,10487.5,2,0.9467816195720863,FALSE,FALSE,TRUE,15.8,40924,25234,6,74.62611529578072,13.9,60612,24913,1,73.67680155202446
37001,"Alamance County, NC",2008,67766,2009,64149,70668,2,1.0428238349614851,FALSE,FALSE,FALSE,2019,78000,2020,72554,81359.5,2,1.0430705128205129,FALSE,FALSE,FALSE,13,41922,144712,3,341.7346970101284,14.6,57963,169509,3,400.2923513978789
37003,"Alexander County, NC",2006,17785,2011,15908,16225.5,2,0.9123137475400619,FALSE,FALSE,TRUE,2019,15657,2020,14503,15791.5,2,1.0085904068467777,FALSE,FALSE,FALSE,11.8,42197,36609,2,140.8098034916862,11.7,54960,37497,2,144.22533261022582
37005,"Alleghany County, NC",2006,4750,2013,4020,4274,2,0.8997894736842105,FALSE,FALSE,TRUE,2019,4409,2020,4032,4487,2,1.0176910864141528,FALSE,FALSE,FALSE,16.7,32949,11061,9,47.10115613090042,16.9,41420,11137,9,47.42478761683735
37007,"Anson County, NC",2006,9964,2009,8752,9805.5,2,0.9840927338418306,FALSE,FALSE,FALSE,2018,8482,2020,7830,8635.5,2,1.0180971468993163,FALSE,FALSE,FALSE,21.3,33777,26664,1,50.171132030384165,21.4,40826,24446,6,45.997730783632285
37009,"Ashe County, NC",2007,12563,2009,11233,11818.5,2,0.9407386770675794,FALSE,FALSE,TRUE,2019,11730,2020,10933,11922,2,1.0163682864450128,FALSE,FALSE,FALSE,15.2,35288,26506,9,62.181830124851615,14.6,41542,27203,7,63.81695936340219
37011,"Avery County, NC",2008,8464,2011,6918,7042,2,0.8319943289224953,FALSE,FALSE,TRUE,2018,6700,2020,6157,6982.5,2,1.0421641791044776,FALSE,FALSE,FALSE,17.6,36068,17949,8,72.56871164155933,16.4,45823,17557,8,70.98383588449813
37013,"Beaufort County, NC",2007,20350,2013,18467,18571.5,2,0.9126044226044226,FALSE,FALSE,TRUE,2018,18203,2020,17310,18535,2,1.01823875185409,FALSE,FALSE,FALSE,16.6,37343,46702,6,56.08260000768551,17.6,49410,46994,6,56.433251354570956
37015,"Bertie County, NC",2007,8419,2013,7589,7294.5,2,0.8664330680603397,FALSE,FALSE,TRUE,2019,6379,2021,5790,5828,2,0.913622824894184,FALSE,FALSE,TRUE,26,28531,20927,9,29.93094728652013,24.2,37899,18947,7,27.099042301223154
37017,"Bladen County, NC",2007,14868,2012,12623,13135.5,2,0.8834745762711864,FALSE,FALSE,TRUE,2019,11484,2020,10831,11548.5,2,1.0056165099268548,FALSE,FALSE,FALSE,23.3,32376,34285,6,39.18482757990116,21.2,42260,32722,6,37.39845203644526
37019,"Brunswick County, NC",2008,47558,2010,40992,42484.5,2,0.8933197359014257,FALSE,FALSE,FALSE,2019,51742,2020,49747,61419,2,1.1870240810173553,FALSE,FALSE,FALSE,13.8,41891,99008,2,116.47054533220245,10.2,63712,142820,2,168.0098909617925
37021,"Buncombe County, NC",2008,118529,2009,113727,116174,2,0.9801314446253659,FALSE,FALSE,FALSE,2019,131815,2020,119161,136669,2,1.0368243371391723,FALSE,FALSE,FALSE,14,43405,230766,2,351.5148745601609,12.2,55448,261191,2,397.8598303096772
37023,"Burke County, NC",2006,39553,2009,34650,36633.5,2,0.926187646954719,FALSE,FALSE,TRUE,2019,38538,2020,35520,39052,2,1.0133374850796617,FALSE,FALSE,FALSE,16,37320,90146,2,178.07074552037878,18.4,47890,90485,2,178.74039234587752
37025,"Cabarrus County, NC",2008,81431,2009,76856,81922,2,1.006029644729894,FALSE,FALSE,FALSE,2019,109129,2020,104123,118499,2,1.0858616866277524,FALSE,FALSE,FALSE,11.1,51927,165717,1,458.7550383133277,7.9,72071,216453,1,599.2077113876954
37027,"Caldwell County, NC",2006,37215,2011,32461,32748,2,0.8799677549375252,FALSE,FALSE,TRUE,2019,35696,2020,32963,35904,2,1.0058269834155087,FALSE,FALSE,FALSE,13.6,39178,81588,2,172.8980577895038,12,48512,82178,2,174.14836241880968
37029,"Camden County, NC",2007,4486,2009,4162,4187.5,2,0.933459652251449,FALSE,FALSE,FALSE,2019,4779,2020,4475,5224.5,2,1.0932203389830508,FALSE,FALSE,FALSE,8.3,55089,9570,8,39.820909930677495,7.6,69610,10867,8,45.21774589515908
37031,"Carteret County, NC",2007,32260,2011,28018,28811.5,2,0.8931029138251705,FALSE,FALSE,TRUE,2019,29848,2020,27766,30729.5,2,1.029532967032967,FALSE,FALSE,FALSE,10.7,47064,64258,4,126.59030823118718,10.4,60058,69473,4,136.86402445991575
37033,"Caswell County, NC",2007,10106,2010,8800,8927,2,0.8833366317039383,FALSE,FALSE,TRUE,2019,9324,2020,8626,9386.5,2,1.0067031317031316,FALSE,FALSE,FALSE,15.8,37763,23914,8,56.20436069126146,16.2,51240,22604,8,53.12550677700401
37035,"Catawba County, NC",2006,73983,2009,67441,68421,2,0.9248205668869875,FALSE,FALSE,FALSE,2019,73284,2020,68352,76061.5,2,1.0379004966977785,FALSE,FALSE,FALSE,11.1,43618,152448,2,379.81533432658813,13.3,53688,159551,2,397.5120461215724
37037,"Chatham County, NC",2008,32651,2010,28243,29327.5,2,0.8982113870938103,FALSE,FALSE,FALSE,2019,33920,2020,32648,37899.5,2,1.1173201650943396,FALSE,FALSE,FALSE,11.3,53164,60054,2,88.1226503414617,8.7,70258,74470,2,109.27654728958359
37039,"Cherokee County, NC",2006,10080,2009,8591,10209.5,2,1.0128472222222222,FALSE,FALSE,FALSE,2019,10939,2020,10087,11028.5,2,1.0081817350763325,FALSE,FALSE,FALSE,17.4,35221,27350,9,60.03863546560126,17.7,42764,28612,9,62.80897396496466
37041,"Chowan County, NC",2007,6763,2013,5145,5321.5,2,0.7868549460298684,FALSE,FALSE,TRUE,2018,5617,2020,5330,6116.5,2,1.088926473206338,FALSE,FALSE,FALSE,17.3,36575,14953,7,86.60523465599425,18.5,47126,13943,6,80.75548631100969
37043,"Clay County, NC",2007,4759,2011,3674,3749,2,0.7877705400294179,FALSE,FALSE,TRUE,2019,4368,2020,4085,4539.5,2,1.0392628205128205,FALSE,FALSE,FALSE,14.2,37419,10356,9,48.167217826893825,14,47116,11231,9,52.23696633969144
37045,"Cleveland County, NC",2007,46944,2010,39177,41366.5,2,0.881188224267212,FALSE,FALSE,TRUE,2019,42267,2020,39562,43363.5,2,1.0259422244304066,FALSE,FALSE,FALSE,19.8,37411,97524,4,210.06649391603287,19,46012,97947,4,210.9776350395151
37047,"Columbus County, NC",2007,23297,2012,20354,20788,2,0.8923037300940035,FALSE,FALSE,TRUE,2019,19493,2020,18315,20171.5,2,1.0348073667470374,FALSE,FALSE,FALSE,20.7,32728,55964,6,59.65052153170227,22.3,39531,55508,6,59.16448340329014
37049,"Craven County, NC",2007,41855,2011,37576,37881,2,0.9050531597180743,FALSE,FALSE,TRUE,2019,39551,2020,37104,39589,2,1.0009607848094866,FALSE,FALSE,FALSE,13.9,44227,97825,5,138.4560295070923,13.8,53372,102139,3,144.56182364247277
37051,"Cumberland County, NC",2008,127166,2013,117895,118908,2,0.9350612585124954,FALSE,FALSE,FALSE,2019,125298,2020,116852,127412,2,1.0168717776820062,FALSE,FALSE,FALSE,17.2,42683,308284,2,472.4181155622573,18,46599,335509,2,514.1380335475645
37053,"Currituck County, NC",2008,12442,2010,11185,11492.5,2,0.9236859025880083,FALSE,FALSE,FALSE,2019,13560,2020,13003,15688.5,2,1.1569690265486725,FALSE,FALSE,FALSE,10.1,52893,23216,1,88.64113626818371,8.8,70699,27763,1,106.00206177694626
37055,"Dare County, NC",2007,21804,2010,17418,18185,2,0.834021280498991,FALSE,FALSE,TRUE,2019,18117,2020,16336,18600.5,2,1.0266876414417399,FALSE,FALSE,FALSE,9.2,51748,33541,5,87.52208209712731,8.9,63033,37009,4,96.57150163479278
37057,"Davidson County, NC",2007,75780,2009,68825,71371,2,0.9418184217471628,FALSE,FALSE,FALSE,2019,76021,2020,70738,77796,2,1.0233488115126084,FALSE,FALSE,FALSE,15.1,43663,159126,4,287.7525334722132,15.2,53924,167609,2,303.0926082647976
37059,"Davie County, NC",2008,20023,2011,17912,18408.5,2,0.9193677271138191,FALSE,FALSE,FALSE,2019,19366,2020,18187,20137.5,2,1.0398378601673035,FALSE,FALSE,FALSE,9.3,49742,40260,2,152.67407157402948,10.9,63828,42846,2,162.4807071699172
37061,"Duplin County, NC",2007,23463,2009,22507,23912.5,2,1.0191578229552913,FALSE,FALSE,FALSE,2019,21319,2020,20016,21503.5,2,1.0086542520756132,FALSE,FALSE,FALSE,19.4,35040,55610,6,68.25657894736842,17.7,44929,58741,6,72.0996170463472
37063,"Durham County, NC",2008,136910,2010,132551,139180,2,1.0165802351910014,FALSE,FALSE,FALSE,2019,164441,2020,155688,177173.5,2,1.0774289866882347,FALSE,FALSE,FALSE,15.9,47885,252796,2,879.1405986457961,14,65541,321488,2,1118.0285794768893
37065,"Edgecombe County, NC",2007,22682,2013,20796,20825.5,2,0.9181509567057579,FALSE,FALSE,TRUE,2018,20638,2020,18707,19683,2,0.953726136253513,FALSE,FALSE,TRUE,22.1,34434,55911,3,110.61934646523002,21,40784,51472,3,101.8368299844095
37067,"Forsyth County, NC",2008,169813,2010,156589,162273.5,2,0.9556011612774051,FALSE,FALSE,FALSE,2019,176169,2020,163577,179107,2,1.0166771679466875,FALSE,FALSE,FALSE,14.1,46561,338638,2,829.9015307097729,15.2,53054,382295,2,936.8919190483426
37069,"Franklin County, NC",2008,26459,2011,25014,26056,2,0.9847688877130655,FALSE,FALSE,FALSE,2019,31217,2020,29842,36354,2,1.1645577730082968,FALSE,FALSE,FALSE,14,44683,57174,2,116.25410226066587,11.6,57371,69685,1,141.69320173565785
37071,"Gaston County, NC",2008,93671,2009,87576,89619.5,2,0.9567475526043279,FALSE,FALSE,FALSE,2019,105323,2020,98929,110891.5,2,1.0528706930110232,FALSE,FALSE,FALSE,14.8,42292,200377,1,563.2507006304972,11.6,56542,224529,1,631.1408822462903
37073,"Gates County, NC",2007,4828,2009,4542,4970,2,1.0294117647058822,FALSE,FALSE,FALSE,2018,4493,2020,4053,4398.5,2,0.97896728243935,FALSE,FALSE,TRUE,15.7,43925,12042,8,35.35400984110953,14.7,54204,11562,1,33.944781745798736
37075,"Graham County, NC",2007,4393,2012,2946,2813,2,0.6403368996130208,FALSE,FALSE,TRUE,2019,3540,2020,3148,3323,2,0.9387005649717514,FALSE,FALSE,TRUE,22.2,32449,8583,9,29.39705721174923,16.8,45813,8441,9,28.91070254274441
37077,"Granville County, NC",2008,24139,2009,23332,25742.5,2,1.0664277724843614,FALSE,FALSE,FALSE,2019,26839,2020,25148,27704.5,2,1.0322478482804873,FALSE,FALSE,FALSE,13.2,44923,57356,6,107.81385399377058,14.6,54300,60443,4,113.6165837391986
37079,"Greene County, NC",2008,8800,2009,8434,8742,2,0.9934090909090909,FALSE,FALSE,FALSE,2019,8128,2020,7744,8446,2,1.0391240157480315,FALSE,FALSE,FALSE,21.7,35977,21178,3,79.39745214333381,20.2,44648,21069,8,78.98880532665503
37081,"Guilford County, NC",2008,239539,2010,225674,232107,2,0.9689737370532565,FALSE,FALSE,FALSE,2019,254300,2020,234410,255221.5,2,1.0036236728273693,FALSE,FALSE,FALSE,15.5,46510,468466,2,725.193037641566,16,55820,537174,2,831.5541465166535
37083,"Halifax County, NC",2007,23050,2012,18983,18895,2,0.8197396963123644,FALSE,FALSE,TRUE,2019,18164,2020,16635,17501.5,2,0.9635267562210966,FALSE,FALSE,TRUE,25.9,29236,55616,4,76.84548828443441,23.8,38727,50010,4,69.09959128856022
37085,"Harnett County, NC",2007,46149,2009,43512,44056.5,2,0.9546577390626015,FALSE,FALSE,FALSE,2019,52806,2020,49857,56235.5,2,1.0649452713706775,FALSE,FALSE,FALSE,17,39649,105770,4,177.73513314591352,15.6,55619,135976,4,228.49307426159342
37087,"Haywood County, NC",2006,26754,2011,24787,25424.5,2,0.9503064962248635,FALSE,FALSE,FALSE,2019,28257,2020,25812,28013,2,0.9913649715114838,FALSE,FALSE,TRUE,13.4,39872,58386,2,105.47366139171906,10.6,51612,62317,2,112.57496928968857
37089,"Henderson County, NC",2008,48010,2010,44220,45433.5,2,0.9463340970631119,FALSE,FALSE,FALSE,2019,54260,2020,49127,56291.5,2,1.0374401032067821,FALSE,FALSE,FALSE,10.9,46872,102270,2,274.22053476624086,10.6,61651,117417,2,314.8347758936903
37091,"Hertford County, NC",2007,9512,2012,8549,8548.5,2,0.8987068965517241,FALSE,FALSE,TRUE,2019,8619,2021,7905,8098,2,0.9395521522218355,FALSE,FALSE,TRUE,24.9,30549,24240,7,68.63666738399158,23,42374,23677,6,67.04250716381058
37093,"Hoke County, NC",2008,18895,2010,16818,17745,2,0.9391373379200847,FALSE,FALSE,FALSE,2019,18891,2020,17618,19822.5,2,1.0493091948546927,FALSE,FALSE,FALSE,16.2,41452,42496,2,108.92137187206045,16.9,48420,55234,2,141.57010198563128
37095,"Hyde County, NC",2007,2565,2011,1835,1944.5,2,0.7580896686159844,FALSE,FALSE,TRUE,2018,1661,2020,1451,1567,2,0.9434075857916917,FALSE,FALSE,TRUE,23.1,32449,5639,9,9.20890613415379,19.2,43112,4937,9,8.062487956076833
37097,"Iredell County, NC",2007,77056,2010,69031,72015,2,0.9345800456810631,FALSE,FALSE,FALSE,2019,90061,2020,85644,98196,2,1.0903276668036108,FALSE,FALSE,FALSE,10.3,50500,151944,4,264.50942400994364,8.2,68308,181806,1,316.49423696593357
37099,"Jackson County, NC",2007,21318,2011,16092,16891,2,0.7923351158645277,FALSE,FALSE,TRUE,2019,19184,2020,17851,19751.5,2,1.0295819432860718,FALSE,FALSE,FALSE,18.6,38955,38404,6,78.19836696463113,19.3,47759,43938,6,89.46671825049377
37101,"Johnston County, NC",2008,74621,2009,71944,75658.5,2,1.0139035928223958,FALSE,FALSE,FALSE,2019,102001,2020,97927,119346.5,2,1.1700522543896628,FALSE,FALSE,FALSE,12.5,47773,155695,2,196.58037643131397,12.5,62835,209339,1,264.3112458444705
37103,"Jones County, NC",2007,4658,2011,4104,4154,2,0.8917990553885788,FALSE,FALSE,TRUE,2019,3591,2020,3379,3661,2,1.0194931773879143,FALSE,FALSE,FALSE,17.3,37870,10035,8,21.28909896301828,18.8,46275,9419,3,19.982264387909236
37105,"Lee County, NC",2007,25256,2009,22733,23976,2,0.9493189737092176,FALSE,FALSE,FALSE,2018,27416,2020,25603,28925.5,2,1.0550590895827254,FALSE,FALSE,FALSE,14.3,44038,54106,4,212.12049930999873,14.2,53114,61779,4,242.20220173127586
37107,"Lenoir County, NC",2007,26761,2010,23859,25834.5,2,0.9653787227682075,FALSE,FALSE,TRUE,2019,23261,2020,21801,23404,2,1.0061476290787155,FALSE,FALSE,FALSE,22.2,32731,59072,4,148.01785074432394,23.1,39947,55949,4,140.19248935695725
37109,"Lincoln County, NC",2007,38246,2009,34355,35775.5,2,0.9354050096742142,FALSE,FALSE,FALSE,2019,40702,2020,38473,45236.5,2,1.1114073018524888,FALSE,FALSE,FALSE,10.5,49250,74139,4,250.59573907135686,9,70479,86111,1,291.0620548857364
37111,"McDowell County, NC",2007,20474,2009,17656,18232,2,0.8904952622838722,FALSE,FALSE,TRUE,2018,18918,2020,17418,18598.5,2,0.9831113225499524,FALSE,FALSE,TRUE,14.7,36384,44345,6,100.79462852934626,13.6,46370,45756,6,104.00178200448228
37113,"Macon County, NC",2007,16144,2011,13758,13862,2,0.8586471754212092,FALSE,FALSE,FALSE,2019,15031,2020,14077,16017,2,1.0655977646197858,FALSE,FALSE,FALSE,14.7,39272,33164,7,64.32567052781033,14.3,46279,35858,7,69.55101597473835
37115,"Madison County, NC",2006,9618,2010,8476,8628,2,0.8970679975046787,FALSE,FALSE,FALSE,2019,9918,2020,8959,10379.5,2,1.0465315587820125,FALSE,FALSE,FALSE,16.2,37691,20420,2,45.41663423150918,14.6,50062,21755,2,48.385841219710194
37117,"Martin County, NC",2007,11515,2013,9026,9249,2,0.8032132001736865,FALSE,FALSE,TRUE,2018,9276,2020,8533,8819,2,0.9507330746011212,FALSE,FALSE,TRUE,19.8,32920,24391,6,53.44075090050218,20.6,39413,22440,6,49.16610430926444
37119,"Mecklenburg County, NC",2008,446573,2009,423681,472842.5,2,1.0588246490495394,FALSE,FALSE,FALSE,2019,587286,2020,552099,624115,2,1.062710502208464,FALSE,FALSE,FALSE,11,56114,862177,1,1646.5951888039235,10.3,69455,1110356,1,2120.570193196489
37121,"Mitchell County, NC",2006,7166,2012,5840,5898.5,2,0.8231230812168574,FALSE,FALSE,TRUE,2019,6324,2020,5810,6508,2,1.0290955091714105,FALSE,FALSE,FALSE,15.8,36239,15746,9,71.16803991846365,14.8,47675,14964,7,67.63359261653055
37123,"Montgomery County, NC",2006,11481,2009,9736,10253.5,2,0.893084226112708,FALSE,FALSE,TRUE,2019,10421,2020,9668,10284,2,0.986853468956914,FALSE,FALSE,TRUE,16.9,36102,27490,6,55.92661386630101,16.1,46497,27173,6,55.28169802069834
37125,"Moore County, NC",2007,35896,2010,32887,34535.5,2,0.962098841096501,FALSE,FALSE,FALSE,2019,40570,2020,37698,43022,2,1.060438747843234,FALSE,FALSE,FALSE,10.2,50342,84795,4,121.5477611961693,11.3,63942,100880,4,144.60449495217358
37127,"Nash County, NC",2007,44407,2013,40540,40391,2,0.9095638075078254,FALSE,FALSE,TRUE,2019,41269,2020,38546,41126,2,0.9965349293658678,FALSE,FALSE,TRUE,14.6,45288,93733,3,173.43702585281733,16.4,50902,94298,3,174.48246256781462
37129,"New Hanover County, NC",2008,101688,2009,96657,98471,2,0.9683640154197152,FALSE,FALSE,FALSE,2019,111567,2020,104061,119457.5,2,1.0707243181227424,FALSE,FALSE,FALSE,13.7,48106,194339,2,1010.9975289374431,13,57252,234473,2,1219.7841071660814
37131,"Northampton County, NC",2007,8638,2013,7325,6946.5,2,0.8041792081500347,FALSE,FALSE,TRUE,2019,6857,2021,6338,6320,2,0.9216858684555929,FALSE,FALSE,TRUE,21.4,34008,22293,9,41.53639768217473,21.6,39777,19483,9,36.30079558793389
37133,"Onslow County, NC",2008,60456,2011,57610,59547,2,0.9849642715363239,FALSE,FALSE,FALSE,2019,65313,2020,62196,70719.5,2,1.0827783136588427,FALSE,FALSE,FALSE,14.2,41799,163256,3,214.22282291345454,12.5,50645,197938,3,259.73218210567063
37135,"Orange County, NC",2008,68071,2011,65715,68717.5,2,1.0094974365001248,FALSE,FALSE,FALSE,2019,71483,2020,65527,75849,2,1.0610774589762602,FALSE,FALSE,FALSE,14.2,55028,127193,2,319.9477792339445,13.4,74314,148476,2,373.48412624546273
37137,"Pamlico County, NC",2006,5440,2009,4850,4924,2,0.9051470588235294,FALSE,FALSE,TRUE,2019,4439,2020,4111,4664,2,1.050687091687317,FALSE,FALSE,FALSE,14.3,40890,13013,9,38.66989584416742,15.9,52522,12726,3,37.8170363876796
37139,"Pasquotank County, NC",2007,17570,2013,15932,16413,2,0.9341491178144564,FALSE,FALSE,TRUE,2018,16901,2020,15708,17170.5,2,1.015945802023549,FALSE,FALSE,FALSE,18.2,39270,40049,7,176.52218372870001,14.3,51245,39824,4,175.53046130519488
37141,"Pender County, NC",2008,23296,2010,21807,22502.5,2,0.9659383585164835,FALSE,FALSE,FALSE,2019,26025,2020,24622,29711.5,2,1.1416522574447647,FALSE,FALSE,FALSE,12.8,45230,49181,2,56.4455411454149,11.5,60405,63060,2,72.3746126477677
37143,"Perquimans County, NC",2007,5117,2013,4710,4817,2,0.9413718975962478,FALSE,FALSE,FALSE,2019,5071,2020,4755,5366,2,1.0581739301912838,FALSE,FALSE,FALSE,15.9,39108,12901,9,52.19421215100355,15,50804,13463,8,54.46792327640964
37145,"Person County, NC",2006,18151,2012,16375,16452.5,2,0.9064238884909922,FALSE,FALSE,FALSE,2019,18401,2020,17479,19383.5,2,1.0533938372914515,FALSE,FALSE,FALSE,16.3,42140,38656,2,98.52678799000867,15.4,54553,39490,2,100.65249528470206
37147,"Pitt County, NC",2008,77061,2009,75324,78510.5,2,1.0188097740750834,FALSE,FALSE,FALSE,2019,78563,2020,73240,81671.5,2,1.0395669717296947,FALSE,FALSE,FALSE,22.5,38632,157479,3,241.39670062510922,19.2,52961,180742,3,277.0561310675296
37149,"Polk County, NC",2007,9475,2012,7644,8011,2,0.8454881266490765,FALSE,FALSE,TRUE,2019,8556,2020,8034,9081,2,1.061360448807854,FALSE,FALSE,FALSE,11.5,43116,20145,8,84.75431975665475,12.1,53405,20724,8,87.19029648234863
37151,"Randolph County, NC",2006,73676,2011,61315,61884,2,0.8399478799066181,FALSE,FALSE,TRUE,2019,64552,2020,59953,65079.5,2,1.0081717065311686,FALSE,FALSE,FALSE,16.8,38475,138855,2,177.4876779286649,14.1,50129,143667,2,183.63848781086386
37153,"Richmond County, NC",2007,19368,2013,15347,16596.5,2,0.8569031391986782,FALSE,FALSE,TRUE,2019,18195,2020,16984,18842.5,2,1.035586699642759,FALSE,FALSE,FALSE,20.6,31944,46390,4,97.93345422840724,25.8,40518,44829,5,94.63804310423083
37155,"Robeson County, NC",2007,53934,2013,45822,44634,2,0.8275670263655579,FALSE,FALSE,TRUE,2019,44270,2020,41189,42817,2,0.9671786763044952,FALSE,FALSE,TRUE,28.6,31006,130453,4,137.71120686925073,31.5,36366,130625,4,137.8927766881243
37157,"Rockingham County, NC",2006,43769,2013,37978,38281.5,2,0.8746258767620919,FALSE,FALSE,TRUE,2019,38740,2020,35803,38671,2,0.998218895198761,FALSE,FALSE,FALSE,15.1,39413,93164,2,164.70488400790603,18.4,44686,91010,2,160.8968216645864
37159,"Rowan County, NC",2007,66975,2010,55680,56656,2,0.8459275849197462,FALSE,FALSE,FALSE,2019,64928,2020,60776,67657,2,1.0420311729916214,FALSE,FALSE,FALSE,12.3,46071,135626,4,265.0964601942886,13.9,52051,142088,1,277.72717499657944
37161,"Rutherford County, NC",2007,28672,2010,22628,23120,2,0.8063616071428571,FALSE,FALSE,TRUE,2019,26557,2020,23962,26109,2,0.9831306246940543,FALSE,FALSE,TRUE,16.4,35760,66305,4,117.26328485755265,18.5,44547,67029,4,118.54371043988985
37163,"Sampson County, NC",2007,32070,2011,26841,27363,2,0.8532273152478952,FALSE,FALSE,TRUE,2019,24872,2020,22843,23706.5,2,0.9531400771952396,FALSE,FALSE,TRUE,20.6,34516,62539,6,66.11363184668666,16.8,45997,63531,6,67.16233302182398
37165,"Scotland County, NC",2006,13625,2012,10331,10481.5,2,0.7692844036697247,FALSE,FALSE,TRUE,2019,12512,2020,11344,12294,2,0.982576726342711,FALSE,FALSE,TRUE,25.5,33025,36399,6,114.05339349501787,28.5,39197,34823,6,109.11512189007959
37167,"Stanly County, NC",2007,29520,2010,25417,26170,2,0.8865176151761518,FALSE,FALSE,FALSE,2019,28322,2020,26381,30441,2,1.0748181625591413,FALSE,FALSE,FALSE,13.8,40245,59849,6,151.48577503290474,10.7,58303,62806,6,158.97033512200062
37169,"Stokes County, NC",2006,23451,2011,20204,20353.5,2,0.8679160803377255,FALSE,FALSE,TRUE,2019,19687,2020,18231,19831,2,1.0073144714786408,FALSE,FALSE,FALSE,11,45523,47079,2,104.77763212655485,13,52356,45591,2,101.46598326816121
37171,"Surry County, NC",2007,33638,2009,30045,30334.5,2,0.9017926154943814,FALSE,FALSE,TRUE,2019,31657,2020,28768,31332,2,0.9897337081846037,FALSE,FALSE,TRUE,17.5,36652,73027,4,137.10283040830274,16,48637,71783,4,134.76731175043744
37173,"Swain County, NC",2006,6916,2010,5383,5666.5,2,0.819331983805668,FALSE,FALSE,TRUE,2019,5896,2020,5411,6051.5,2,1.0263738127544098,FALSE,FALSE,FALSE,17.3,35940,13819,8,26.186185503324673,16.1,46075,14271,8,27.04269869874422
37175,"Transylvania County, NC",2007,13009,2011,12155,12425,2,0.955108002152356,FALSE,FALSE,FALSE,2019,13507,2020,12431,13885.5,2,1.0280225068483009,FALSE,FALSE,FALSE,12.9,42312,32061,6,84.73720656098193,13.1,55628,34385,6,90.87953736936974
37177,"Tyrrell County, NC",2007,2111,2013,1357,1343.5,2,0.6364282330648982,FALSE,FALSE,TRUE,2018,1301,2020,1126,1190,2,0.9146810146041506,FALSE,FALSE,TRUE,25.1,30287,4402,9,11.264736665668655,25.4,37680,4016,9,10.276961028924426
37179,"Union County, NC",2008,91882,2009,87335,94682.5,2,1.0304793104198864,FALSE,FALSE,FALSE,2019,115765,2020,109740,126037.5,2,1.0887358009761154,FALSE,FALSE,FALSE,7.9,60612,184782,1,292.0351045217696,7.3,86138,239859,1,379.08047393949164
37181,"Vance County, NC",2007,18527,2011,15899,16132.5,2,0.8707561936633023,FALSE,FALSE,TRUE,2019,18010,2020,16541,17956.5,2,0.9970294280955025,FALSE,FALSE,TRUE,22.4,33525,44676,4,177.0075595492797,18.5,40450,44535,4,176.44891361194314
37183,"Wake County, NC",2008,442518,2009,428446,458680.5,2,1.0365239380093014,FALSE,FALSE,FALSE,2019,581711,2020,549767,642058,2,1.1037405171984027,FALSE,FALSE,FALSE,8.5,61706,821607,2,984.4238066539102,8,84377,1111761,1,1332.0772531263217
37185,"Warren County, NC",2006,7459,2013,6484,7149,2,0.9584394690977343,FALSE,FALSE,FALSE,2019,7243,2020,6725,7038.5,2,0.9717658428827833,FALSE,FALSE,TRUE,24.5,30267,20724,8,48.263591310504154,21.7,37027,19731,8,45.95101911540038
37187,"Washington County, NC",2007,6067,2012,4127,4502.5,2,0.7421295533212461,FALSE,FALSE,TRUE,2018,3988,2020,3639,3816.5,2,0.9569959879638916,FALSE,FALSE,TRUE,23.6,32831,13176,7,38.02487662693717,21.3,40157,11580,7,33.41894894808231
37189,"Watauga County, NC",2007,24175,2009,21578,25001.5,2,1.0341882109617373,FALSE,FALSE,FALSE,2019,25934,2020,23259,26556,2,1.0239839592812525,FALSE,FALSE,FALSE,18.6,37949,48765,6,156.07796696965818,21.4,51630,56177,5,179.80092177698117
37191,"Wayne County, NC",2008,51295,2011,50025,50227.5,2,0.979189004776294,FALSE,FALSE,TRUE,2018,48678,2020,45669,48408.5,2,0.9944636180615473,FALSE,FALSE,FALSE,17.3,39955,118942,3,214.7269832214644,18.6,45634,123131,3,222.28941981000935
37193,"Wilkes County, NC",2006,30010,2009,26798,27459.5,2,0.9150116627790736,FALSE,FALSE,TRUE,2018,28423,2020,25396,25702.5,2,0.9042852619357562,FALSE,FALSE,TRUE,15.1,38135,68966,6,91.50592162700782,15.2,45250,68412,6,90.77085970401153
37195,"Wilson County, NC",2007,38604,2011,33002,33698,2,0.8729147238628121,FALSE,FALSE,TRUE,2019,33669,2020,31514,33712,2,1.0012771392081736,FALSE,FALSE,FALSE,17.8,38500,78474,4,213.49170507163183,21.5,42414,81801,4,222.54294373377877
37197,"Yadkin County, NC",2006,18911,2011,16146,16436.5,2,0.8691502300248533,FALSE,FALSE,TRUE,2019,16769,2020,15531,16829,2,1.0035780308903333,FALSE,FALSE,FALSE,15.5,41132,37965,2,113.3476442260325,13.9,50929,37667,2,112.45794060481933
37199,"Yancey County, NC",2007,7695,2010,6934,7087,2,0.9209876543209876,FALSE,FALSE,FALSE,2019,7828,2020,7167,7877,2,1.0062595809913133,FALSE,FALSE,FALSE,15.5,35913,18000,8,57.58304755080105,14.2,47664,18069,8,57.80378256641245
38001,"Adams County, ND",2006,1295,2013,1075,1095.5,2,0.845945945945946,FALSE,FALSE,TRUE,2018,1059,2022,921,953.5,2,0.9003777148253069,FALSE,FALSE,TRUE,10.2,36100,2362,9,2.3917848973264055,10.7,55880,2216,9,2.2439438325467043
38003,"Barnes County, ND",2008,6228,2013,5492,5712.5,2,0.9172286448298009,FALSE,FALSE,TRUE,2018,5681,2020,5471,5605.5,2,0.9867100862524203,FALSE,FALSE,TRUE,10.5,39387,11057,6,7.413049031248512,9.9,60689,10415,6,6.982626902455753
38005,"Benson County, ND",2006,2637,2013,2339,2204.5,2,0.835987864998104,FALSE,FALSE,FALSE,2018,1953,2020,1876,1954,2,1.0005120327700974,FALSE,FALSE,FALSE,27.4,30030,6683,9,4.812917025252871,23.3,45709,6832,9,4.920222821566305
38007,"Billings County, ND",2008,525,2010,418,458,2,0.8723809523809524,TRUE,FALSE,FALSE,2019,522,2020,500,556,2,1.0651340996168583,TRUE,FALSE,FALSE,11.4,44819,762,9,0.6634810289702635,9.7,69528,928,9,0.8080188909244154
38009,"Bottineau County, ND",2008,3563,2013,3113,3168,2,0.8891383665450463,FALSE,FALSE,FALSE,2018,3076,2020,2936,3042.5,2,0.989109232769831,FALSE,FALSE,FALSE,11,38751,6428,9,3.8517357378518726,9.7,62904,6282,9,3.7642507630966806
38011,"Bowman County, ND",2006,1768,2009,1733,1863.5,2,1.0540158371040724,FALSE,FALSE,FALSE,2019,1574,2022,1403,1486,2,0.9440914866581956,FALSE,FALSE,TRUE,8.3,44510,3050,9,2.6252163651684572,8,65411,3024,9,2.6028374715637423
38013,"Burke County, ND",2008,1057,2009,1097,1280,2,1.2109744560075686,FALSE,FALSE,FALSE,2018,1099,2020,1006,1059,2,0.9636032757051866,FALSE,FALSE,FALSE,11.4,38162,1933,9,1.7515102585221893,8.8,67545,2115,9,1.9164222435460065
38015,"Burleigh County, ND",2008,47138,2010,45274,45590,2,0.9671602528745386,FALSE,FALSE,FALSE,2019,49802,2020,49033,51157,2,1.0272077426609374,FALSE,FALSE,FALSE,7.8,52122,77473,3,47.45102266560666,6.9,73565,95626,3,58.569456370881504
38017,"Cass County, ND",2008,88472,2009,86666,87039.5,2,0.9838084365675016,FALSE,FALSE,FALSE,2019,106232,2020,104281,113242.5,2,1.065992356352135,FALSE,FALSE,FALSE,11.5,44747,141316,3,80.06867108420424,11.4,63977,181923,3,103.07631725814265
38019,"Cavalier County, ND",2006,2112,2009,1966,2135.5,2,1.011126893939394,FALSE,FALSE,FALSE,2018,1807,2022,1639,1650.5,2,0.9133923630326508,FALSE,FALSE,TRUE,10.4,39134,4056,9,2.723747166960463,9.1,63484,3762,9,2.526315789473684
38021,"Dickey County, ND",2006,2998,2013,2582,2638,2,0.8799199466310874,FALSE,FALSE,FALSE,2018,2688,2022,2445,2931.5,2,1.0905877976190477,FALSE,FALSE,FALSE,13.5,39811,5412,9,4.783060964583961,10.6,57490,4872,9,4.3058154137939875
38023,"Divide County, ND",2006,941,2009,871,1659,2,1.7630180658873538,TRUE,FALSE,FALSE,2018,1073,2020,976,1021.5,2,0.9520037278657968,FALSE,FALSE,TRUE,11.9,36651,2041,9,1.6183898567158024,10.8,61506,2264,9,1.795215402060057
38025,"Dunn County, ND",2008,1735,2009,1755,3252,2,1.8743515850144092,FALSE,FALSE,FALSE,2019,2049,2021,1889,1984,2,0.9682772083943387,FALSE,FALSE,TRUE,13.5,37632,3429,9,1.7072510122021896,9.8,75723,4424,9,2.2026475584667504
38027,"Eddy County, ND",2006,1279,2009,1154,1201,2,0.9390148553557467,FALSE,FALSE,TRUE,2018,1218,2020,1166,1172,2,0.9622331691297209,FALSE,FALSE,TRUE,10.9,35347,2503,9,3.971509221105009,10,54465,2287,9,3.6287820969505216
38029,"Emmons County, ND",2006,1771,2013,1496,1558.5,2,0.8800112930547713,FALSE,FALSE,TRUE,2018,1554,2022,1511,1526.5,2,0.9823037323037324,FALSE,FALSE,TRUE,14,31833,3640,8,2.4131514100030427,13.7,53073,3241,8,2.1486328900604015
38031,"Foster County, ND",2008,1755,2013,1567,1679,2,0.9566951566951567,FALSE,FALSE,FALSE,2018,1730,2021,1627,1636.5,2,0.9459537572254335,FALSE,FALSE,TRUE,8.6,41954,3500,9,5.519808226091345,8.8,54917,3210,9,5.0624526873580615
38033,"Golden Valley County, ND",2007,870,2008,864,964.5,2,1.1086206896551725,TRUE,FALSE,FALSE,2018,953,2021,902,935.5,2,0.9816369359916055,TRUE,FALSE,TRUE,14.1,36502,1670,9,1.6685233568292062,12.1,58370,1761,9,1.75944289303966
38035,"Grand Forks County, ND",2007,39016,2013,35841,37824.5,2,0.9694612466680337,FALSE,FALSE,FALSE,2018,39028,2020,36706,38373.5,2,0.9832299887260428,FALSE,FALSE,FALSE,15.5,43541,66333,3,46.185949745720706,13.2,57388,69451,3,48.35693238342979
38037,"Grant County, ND",2006,1224,2008,1177,1368.5,2,1.1180555555555556,FALSE,FALSE,FALSE,2018,1069,2020,1056,1092.5,2,1.0219831618334891,FALSE,FALSE,FALSE,17.4,30880,2478,8,1.4934611353559144,14.9,41841,2274,8,1.3705127610166867
38039,"Griggs County, ND",2006,1307,2013,1166,1220,2,0.9334353481254782,FALSE,FALSE,FALSE,2018,1220,2022,1149,1141.5,2,0.9356557377049181,FALSE,FALSE,TRUE,10.6,36410,2430,9,3.4288858942971845,9.5,56527,2231,9,3.1480841276448635
38041,"Hettinger County, ND",2006,1180,2008,1107,1452,2,1.230508474576271,FALSE,FALSE,FALSE,2018,1261,2020,1191,1188,2,0.9421094369547978,FALSE,FALSE,TRUE,12.5,35422,2524,9,2.2292113237576165,12.5,54600,2499,9,2.2071311799010633
38043,"Kidder County, ND",2006,1234,2009,1185,1245.5,2,1.0093192868719612,FALSE,FALSE,FALSE,2018,1083,2020,1057,1103,2,1.0184672206832872,FALSE,FALSE,FALSE,15.2,31981,2450,8,1.8133882826990917,14.1,50570,2480,8,1.8355930371811213
38045,"LaMoure County, ND",2006,2244,2007,2161,2330.5,2,1.0385472370766489,FALSE,FALSE,FALSE,2018,2161,2020,2056,2110.5,2,0.9766311892642295,FALSE,FALSE,FALSE,10.8,44181,4320,9,3.7696170610075868,12.2,56059,4046,9,3.530525608527013
38047,"Logan County, ND",2006,945,2012,881,907.5,2,0.9603174603174603,TRUE,FALSE,FALSE,2018,935,2020,877,884.5,2,0.9459893048128343,TRUE,FALSE,TRUE,13.4,33796,2023,9,2.038083858637778,13.2,51496,1850,9,1.8637939389421105
38049,"McHenry County, ND",2006,2716,2009,2613,3164.5,2,1.1651325478645067,FALSE,FALSE,FALSE,2018,2757,2020,2541,2606,2,0.9452303228146536,FALSE,FALSE,TRUE,14.8,36053,5370,9,2.865616972136811,12.1,59661,5745,9,3.065729889185471
38051,"McIntosh County, ND",2006,1452,2013,1204,1310.5,2,0.9025482093663911,FALSE,FALSE,TRUE,2018,1339,2022,1227,1262,2,0.9424943988050785,FALSE,FALSE,TRUE,14.3,32245,2966,9,3.0434153564212885,13.9,47349,2497,9,2.5621740205610104
38053,"McKenzie County, ND",2008,3105,2009,2897,5280,2,1.7004830917874396,FALSE,FALSE,FALSE,2019,8277,2021,6472,7700.5,2,0.9303491603237888,FALSE,FALSE,TRUE,13.8,41333,5812,9,2.1056956313337074,7.4,86890,15024,9,5.443215960969997
38055,"McLean County, ND",2008,4720,2012,4549,4699,2,0.9955508474576271,FALSE,FALSE,FALSE,2018,4534,2021,4427,4487.5,2,0.9897441552712837,FALSE,FALSE,FALSE,10.4,44421,8811,8,4.175291147302338,9.4,67453,9450,8,4.478095714675644
38057,"Mercer County, ND",2008,4724,2012,3824,4041.5,2,0.8555249788314987,FALSE,FALSE,FALSE,2018,3954,2020,3531,3637,2,0.9198280222559434,FALSE,FALSE,TRUE,7.7,57841,8351,6,8.00839294156683,7.7,83341,8187,7,7.851121184601561
38059,"Morton County, ND",2007,14806,2009,14728,15108.5,2,1.0204309063893016,FALSE,FALSE,FALSE,2019,18435,2020,18200,18855.5,2,1.022809872525088,FALSE,FALSE,FALSE,9.1,46265,26310,3,13.661230559617174,7.9,68051,31364,3,16.285474544729496
38061,"Mountrail County, ND",2008,2929,2009,3662,6840,2,2.335268009559577,FALSE,FALSE,FALSE,2019,4683,2021,3936,3984.5,2,0.8508434764040145,FALSE,FALSE,TRUE,15.9,35981,6991,9,3.830342824175156,9.5,69040,10545,9,5.777566168062798
38063,"Nelson County, ND",2008,1712,2013,1478,1517,2,0.8860981308411215,FALSE,FALSE,TRUE,2018,1489,2020,1451,1547,2,1.0389523169912693,FALSE,FALSE,FALSE,10.8,35093,3222,8,3.281677301731996,11.2,56098,2879,8,2.932324317717696
38065,"Oliver County, ND",2008,1121,2012,832,824.5,2,0.7355040142729705,FALSE,FALSE,FALSE,2018,895,2020,853,864.5,2,0.9659217877094972,TRUE,FALSE,TRUE,10.2,49069,1865,8,2.5816579088709366,10.6,72919,1959,3,2.711779004545933
38067,"Pembina County, ND",2006,3930,2013,3384,3389,2,0.8623409669211196,FALSE,FALSE,TRUE,2018,3177,2022,3008,3050.5,2,0.960182562165565,FALSE,FALSE,TRUE,8.7,42646,7585,9,6.781191469198549,8.8,59970,6801,9,6.080274644959701
38069,"Pierce County, ND",2008,1891,2013,1742,1878.5,2,0.9933897408778424,FALSE,FALSE,FALSE,2018,1917,2021,1794,1814.5,2,0.9465310380803339,FALSE,FALSE,TRUE,12.8,31442,4368,7,4.2895652985166235,11.6,56753,3975,7,3.903622266850636
38071,"Ramsey County, ND",2006,5847,2013,5499,5921.5,2,1.012741576877031,FALSE,FALSE,FALSE,2018,5940,2020,5800,5868.5,2,0.9879629629629629,FALSE,FALSE,TRUE,13.3,41916,11320,7,9.549785003294339,12.3,60710,11519,7,9.717665499376986
38073,"Ransom County, ND",2006,3124,2013,2670,2813.5,2,0.9006081946222791,FALSE,FALSE,TRUE,2018,2909,2022,2706,2682,2,0.9219663114472327,FALSE,FALSE,TRUE,8.3,47913,5766,8,6.685434425697298,8.7,66422,5218,8,6.050051479932102
38075,"Renville County, ND",2006,1324,2009,1228,1412,2,1.066465256797583,FALSE,FALSE,FALSE,2018,1214,2020,1123,1194.5,2,0.9839373970345964,FALSE,FALSE,FALSE,9,42993,2415,9,2.7529398890160546,8.9,84986,2327,9,2.6526257232879336
38077,"Richland County, ND",2006,8875,2013,8235,8535,2,0.9616901408450704,FALSE,FALSE,TRUE,2018,8655,2020,8297,8680,2,1.0028885037550548,FALSE,FALSE,FALSE,10.1,44007,16659,6,11.603609175899264,12.4,62837,16177,6,11.267878362358028
38079,"Rolette County, ND",2007,4784,2013,4262,4559.5,2,0.9530727424749164,FALSE,FALSE,FALSE,2018,4567,2020,4355,4677.5,2,1.0241953142106415,FALSE,FALSE,FALSE,29.8,30543,13679,9,15.147689697710627,25.9,45296,14176,9,15.698051696377355
38081,"Sargent County, ND",2006,2494,2009,1840,2073,2,0.8311948676824379,FALSE,FALSE,TRUE,2019,2182,2022,1835,1714.5,2,0.7857470210815766,FALSE,FALSE,FALSE,7,50097,4057,9,4.725777912899848,7.5,67551,3898,9,4.540567489396995
38083,"Sheridan County, ND",2006,678,2007,615,716.5,2,1.0567846607669618,TRUE,FALSE,FALSE,2018,589,2021,560,557,2,0.9456706281833617,TRUE,FALSE,TRUE,18.3,28573,1406,9,1.4461658091842844,16.7,58725,1315,9,1.3525661728857281
38085,"Sioux County, ND",2006,1266,2007,1234,1257.5,2,0.9932859399684044,FALSE,FALSE,FALSE,2018,1264,2022,1151,1231,2,0.9738924050632911,FALSE,FALSE,TRUE,32.7,28536,4094,8,3.7420524801380557,32.1,37133,4230,3,3.8663610139189
38087,"Slope County, ND",2008,767,2010,465,513,2,0.6688396349413298,TRUE,FALSE,TRUE,2018,365,2022,296,315,2,0.863013698630137,TRUE,FALSE,TRUE,12.2,30669,711,9,0.5850580614582511,13.5,52695,750,9,0.6171498538589146
38089,"Stark County, ND",2008,14293,2010,14334,18480,2,1.2929406002938502,FALSE,FALSE,FALSE,2019,16731,2021,15034,16413.5,2,0.9810232502540195,FALSE,FALSE,FALSE,11,43007,23176,7,17.361431044569947,8.5,68759,31489,7,23.588803165449733
38091,"Steele County, ND",2008,1169,2013,1010,1012.5,2,0.8661248930710008,FALSE,FALSE,TRUE,2018,925,2021,841,845,2,0.9135135135135135,TRUE,FALSE,TRUE,7.4,45295,1985,8,2.7873615271090215,7.4,67661,1890,8,2.653961353267532
38093,"Stutsman County, ND",2006,11805,2012,10074,10252.5,2,0.8684879288437103,FALSE,FALSE,TRUE,2018,10741,2021,10433,10842.5,2,1.0094497719020576,FALSE,FALSE,FALSE,11.4,41664,20876,7,9.39554544210731,10.8,60297,20704,7,9.318134356839899
38095,"Towner County, ND",2006,1161,2009,1073,1266,2,1.0904392764857882,FALSE,FALSE,FALSE,2018,1097,2022,1010,1021,2,0.9307201458523245,FALSE,FALSE,TRUE,11.6,37817,2320,9,2.2631651339901064,10.7,53024,2189,9,2.1353743440966997
38097,"Traill County, ND",2006,4177,2009,3975,4424,2,1.0591333492937516,FALSE,FALSE,FALSE,2018,3967,2020,3870,3972,2,1.0012603982858583,FALSE,FALSE,FALSE,9.7,48126,8318,8,9.651096277749222,8,69443,8036,8,9.323901140657942
38099,"Walsh County, ND",2006,5681,2013,5312,5417.5,2,0.9536173208942088,FALSE,FALSE,FALSE,2018,5261,2020,4971,5077.5,2,0.9651206994867896,FALSE,FALSE,TRUE,10.6,42238,11355,6,8.859970334119586,11.7,59153,10641,6,8.302857272159095
38101,"Ward County, ND",2008,29492,2009,29559,32327.5,2,1.0961447172114471,FALSE,FALSE,FALSE,2019,34831,2020,33414,34930,2,1.0028422956561684,FALSE,FALSE,FALSE,9.9,45267,58297,5,28.95984111505597,9,68634,67641,5,33.60160236141655
38103,"Wells County, ND",2006,2138,2009,1988,2180,2,1.019644527595884,FALSE,FALSE,FALSE,2018,2030,2020,1905,1911,2,0.9413793103448276,FALSE,FALSE,TRUE,12.3,38457,4317,9,3.3977865982229507,12.4,56167,3834,9,3.017631183133378
38105,"Williams County, ND",2008,14752,2010,14279,27767.5,2,1.882287147505423,FALSE,FALSE,FALSE,2019,21567,2021,17169,19832.5,2,0.9195762043863309,FALSE,FALSE,TRUE,10.2,48919,20547,7,9.889776665383135,6.4,84606,37589,7,18.092510589141316
39001,"Adams County, OH",2007,12575,2013,9328,9909.5,2,0.7880318091451293,FALSE,FALSE,TRUE,2018,9974,2020,9643,10360,2,1.038700621616202,FALSE,FALSE,FALSE,19.6,36062,28538,6,48.877151156417845,19.1,43145,27698,6,47.43847966677628
39003,"Allen County, OH",2006,49671,2009,45377,46023.5,2,0.9265668096072155,FALSE,FALSE,TRUE,2019,46684,2020,44088,45509,2,0.9748307771399195,FALSE,FALSE,TRUE,14.5,43840,106717,3,265.1057645729049,12.9,58271,102351,3,254.25977219938142
39005,"Ashland County, OH",2007,26144,2010,23442,23600,2,0.9026927784577723,FALSE,FALSE,TRUE,2019,25528,2020,24204,24624,2,0.9645879034785334,FALSE,FALSE,TRUE,10,46805,53544,4,126.58574988297485,12.6,52554,53484,4,126.44390121658873
39007,"Ashtabula County, OH",2006,46824,2013,41983,42076,2,0.8985990090551854,FALSE,FALSE,TRUE,2019,42759,2020,38296,41552.5,2,0.9717837180476625,FALSE,FALSE,TRUE,15.5,40107,102156,4,145.434976659164,18.7,47388,97241,4,138.43770865454565
39009,"Athens County, OH",2007,28906,2011,25002,25401,2,0.8787448972531654,FALSE,FALSE,TRUE,2019,27495,2021,24862,25930,2,0.9430805601018367,FALSE,FALSE,TRUE,29.4,33556,64102,4,127.27666223892719,26.6,43621,65327,4,129.70894065836316
39011,"Auglaize County, OH",2007,26095,2010,22081,22504,2,0.8623874305422494,FALSE,FALSE,TRUE,2019,23564,2020,22042,22929.5,2,0.9730733322016636,FALSE,FALSE,TRUE,7.2,51308,45977,4,114.54502875023668,7.3,64227,45656,4,113.74530379582848
39013,"Belmont County, OH",2008,31450,2011,29101,29543,2,0.9393640699523053,FALSE,FALSE,TRUE,2018,29016,2020,25683,26409,2,0.9101530190239868,FALSE,FALSE,TRUE,15.3,35780,70430,3,132.35562187222226,11.6,50166,67006,3,125.92106771503796
39015,"Brown County, OH",2006,20598,2013,18034,18616,2,0.9037770657345373,FALSE,FALSE,TRUE,2019,19172,2020,18100,19279,2,1.0055810557062383,FALSE,FALSE,FALSE,13.6,43642,44490,1,90.88067851036578,12.1,58441,43432,1,88.71947918773223
39017,"Butler County, OH",2007,181862,2009,170557,171710,2,0.9441774532337707,FALSE,FALSE,FALSE,2019,183839,2020,174186,186614,2,1.0150947296275545,FALSE,FALSE,FALSE,11.9,53335,361192,1,774.2328237402361,11.7,68611,383134,1,821.2665803530854
39019,"Carroll County, OH",2006,13210,2009,12139,12663.5,2,0.9586298258894776,FALSE,FALSE,TRUE,2018,11762,2020,11115,11528,2,0.980105424247577,FALSE,FALSE,TRUE,11.5,43371,29062,2,73.64702543257681,11.3,56999,26914,2,68.20370389141739
39021,"Champaign County, OH",2007,19910,2011,17620,18800.5,2,0.9442742340532396,FALSE,FALSE,TRUE,2019,18367,2020,17381,17834.5,2,0.9710077857026188,FALSE,FALSE,FALSE,11,47384,40127,6,93.54114556258261,7.7,62077,38885,6,90.64588544374175
39023,"Clark County, OH",2007,67291,2010,60689,60849.5,2,0.9042739742313236,FALSE,FALSE,TRUE,2019,59803,2020,56252,59354.5,2,0.992500376235306,FALSE,FALSE,TRUE,15.5,43407,139829,3,353.21146107775354,14.6,50832,134083,3,338.69692507053924
39025,"Clermont County, OH",2007,101260,2011,93811,96077.5,2,0.9488198696425044,FALSE,FALSE,FALSE,2019,103185,2020,97537,105183,2,1.0193632795464458,FALSE,FALSE,FALSE,9,54037,194346,1,429.4369807318367,8.2,68724,206428,1,456.13399328265865
39027,"Clinton County, OH",2007,23415,2013,15299,17360,2,0.7414050822122571,FALSE,FALSE,TRUE,2019,19890,2020,18980,20366.5,2,1.0239567621920562,FALSE,FALSE,FALSE,13,47577,42576,6,104.16630987128454,14.8,52870,41968,6,102.67877895241614
39029,"Columbiana County, OH",2007,50485,2009,45834,46569.5,2,0.92244230959691,FALSE,FALSE,TRUE,2019,45524,2020,42783,43236.5,2,0.9497517792812582,FALSE,FALSE,TRUE,15.1,39580,109153,4,205.20682738096355,13.2,52693,101883,4,191.53928150444523
39031,"Coshocton County, OH",2006,16438,2012,14580,14758,2,0.8977977856186884,FALSE,FALSE,TRUE,2019,15078,2020,14133,14524.5,2,0.9632908873855949,FALSE,FALSE,TRUE,12.8,38111,37184,6,65.9394833581895,12.5,49679,36600,6,64.90385894227991
39033,"Crawford County, OH",2006,21239,2013,17901,18641.5,2,0.8777013983709214,FALSE,FALSE,TRUE,2019,18574,2020,17795,18072,2,0.972972972972973,FALSE,FALSE,TRUE,12.8,40022,44634,4,111.08898767005321,14.7,49484,41494,4,103.27388211635049
39035,"Cuyahoga County, OH",2006,617265,2013,579178,591125.5,2,0.9576527099381951,FALSE,FALSE,TRUE,2019,616373,2020,550012,589652.5,2,0.9566488149221332,FALSE,FALSE,TRUE,15.7,44400,1301540,1,2846.688188411503,16.2,52503,1235072,1,2701.3114266467196
39037,"Darke County, OH",2007,26869,2010,23989,24592,2,0.9152554989020805,FALSE,FALSE,TRUE,2019,24721,2020,23624,24665,2,0.9977347194692772,FALSE,FALSE,FALSE,9.1,46556,52996,6,88.60696001685332,12.1,56824,51113,6,85.45866758512763
39039,"Defiance County, OH",2007,19733,2011,17328,17737,2,0.8988496427304515,FALSE,FALSE,TRUE,2018,18980,2020,17599,18398.5,2,0.9693624868282402,FALSE,FALSE,TRUE,9.5,47553,39123,4,95.0882147778893,8.8,60918,38087,4,92.57022304642972
39041,"Delaware County, OH",2008,88418,2009,85129,89973,2,1.0175869166911715,FALSE,FALSE,FALSE,2019,109327,2020,105854,118787.5,2,1.086533976053491,FALSE,FALSE,FALSE,4.5,81309,161796,1,365.1076620346342,4.8,110252,209177,1,472.02727769177653
39043,"Erie County, OH",2006,40570,2013,35405,35488.5,2,0.8747473502588119,FALSE,FALSE,TRUE,2019,35907,2020,32966,35275.5,2,0.982412899991645,FALSE,FALSE,TRUE,11.1,48689,77668,3,309.0796217885454,11.6,60790,74266,4,295.54137085734294
39045,"Fairfield County, OH",2007,72130,2010,67376,68776.5,2,0.9535075558020242,FALSE,FALSE,FALSE,2019,75369,2020,72547,78580,2,1.042603723016094,FALSE,FALSE,FALSE,8.9,58287,142915,1,283.3562995053186,8.1,71782,157574,1,312.4205684375403
39047,"Fayette County, OH",2007,16173,2011,12812,13298,2,0.822234588511717,FALSE,FALSE,TRUE,2018,12373,2020,11712,11980,2,0.968237290875293,FALSE,FALSE,FALSE,13.6,41992,28908,6,71.1387165599061,13.6,51023,28525,6,70.19620485233574
39049,"Franklin County, OH",2007,596064,2009,569940,583258,2,0.9785157298545123,FALSE,FALSE,FALSE,2019,678176,2020,646638,684161,2,1.008825142735809,FALSE,FALSE,FALSE,16.2,48076,1127174,1,2117.0807202597953,13.5,64648,1316756,1,2473.1574192506278
39051,"Fulton County, OH",2006,22166,2009,19185,20537.5,2,0.9265316250112785,FALSE,FALSE,TRUE,2019,20968,2020,19380,20156,2,0.9612743227775659,FALSE,FALSE,TRUE,8.1,50356,42800,2,105.5617215439635,6.9,64334,42126,2,103.8993710691824
39053,"Gallia County, OH",2006,13856,2013,11295,11428,2,0.8247690531177829,FALSE,FALSE,TRUE,2019,11732,2020,11291,11750,2,1.0015342652574155,FALSE,FALSE,FALSE,23.1,36050,30977,6,66.3987310569524,16.5,48094,29898,6,64.08591087389878
39055,"Geauga County, OH",2006,49017,2013,46498,46884.5,2,0.9564946855172696,FALSE,FALSE,FALSE,2019,48170,2020,43251,47172,2,0.9792817106082624,FALSE,FALSE,FALSE,5.4,68185,93742,1,234.10333891067103,5.5,79865,93649,1,233.87108857977674
39057,"Greene County, OH",2008,76458,2009,72101,74937,2,0.9801067252609276,FALSE,FALSE,FALSE,2019,78771,2020,74634,78570,2,0.9974482995010854,FALSE,FALSE,FALSE,9.2,55362,159055,2,384.5326280365155,9.9,69709,168937,2,408.42342952189387
39059,"Guernsey County, OH",2007,18716,2011,16417,17393.5,2,0.9293385338747595,FALSE,FALSE,TRUE,2018,16363,2020,15330,15736.5,2,0.9617123999266638,FALSE,FALSE,TRUE,15.5,35599,40531,6,77.60961393377018,15.5,48283,38875,6,74.43867019504368
39061,"Hamilton County, OH",2007,417741,2011,370119,376760,2,0.9018985447921081,FALSE,FALSE,TRUE,2019,411338,2020,387495,412208.5,2,1.002116264483223,FALSE,FALSE,FALSE,13,48435,801815,1,1977.5732882151858,14.6,60251,817473,1,2016.191725818465
39063,"Hancock County, OH",2007,39947,2009,35664,37041,2,0.9272536110346209,FALSE,FALSE,TRUE,2019,37673,2020,35604,35969,2,0.954768667215247,FALSE,FALSE,TRUE,8.9,49715,74712,4,140.61476613140007,9.3,62720,75783,4,142.63048535356958
39065,"Hardin County, OH",2006,15087,2009,13184,13698,2,0.9079339828991847,FALSE,FALSE,TRUE,2018,13929,2022,12901,12782.5,2,0.9176897121114223,FALSE,FALSE,TRUE,15,41546,32132,6,68.32452661683872,13.9,51155,31365,6,66.69360068894393
39067,"Harrison County, OH",2006,7022,2011,6255,6819,2,0.971090857305611,FALSE,FALSE,TRUE,2018,5848,2020,5363,5549,2,0.9488714090287278,FALSE,FALSE,TRUE,17,36275,15901,6,39.522184470001065,14.5,50137,15040,6,37.3821554888885
39069,"Henry County, OH",2006,15202,2010,12715,12833.5,2,0.8441981318247599,FALSE,FALSE,TRUE,2018,13422,2020,12644,13015,2,0.9696766502756669,FALSE,FALSE,TRUE,8.1,49464,28671,6,68.91851937319267,7.5,61351,27006,6,64.91624059825054
39071,"Highland County, OH",2007,20399,2011,15619,15846.5,2,0.7768272954556595,FALSE,FALSE,TRUE,2019,18192,2020,17708,18614.5,2,1.0232244942832014,FALSE,FALSE,FALSE,14.1,40556,43845,6,79.27367271517528,15.6,47126,43161,6,78.03697087603331
39073,"Hocking County, OH",2007,13395,2013,12123,12341,2,0.9213139231056364,FALSE,FALSE,TRUE,2019,12410,2020,11730,12169,2,0.98058017727639,FALSE,FALSE,TRUE,16,39219,29418,6,69.81860642840022,15,51016,28264,1,67.07978421688435
39075,"Holmes County, OH",2007,19047,2009,17604,18512.5,2,0.9719378379797343,FALSE,FALSE,FALSE,2019,19739,2020,19419,20610,2,1.0441258422412483,FALSE,FALSE,FALSE,10.7,43597,41826,7,98.96974544146669,9.2,62596,43960,7,104.01927054001997
39077,"Huron County, OH",2006,27984,2009,24143,26161.5,2,0.9348734991423671,FALSE,FALSE,TRUE,2019,27352,2020,25603,27437,2,1.0031076338110558,FALSE,FALSE,FALSE,11.1,46846,60086,4,122.06547972143895,10,56704,58266,4,118.36812637634993
39079,"Jackson County, OH",2006,14876,2013,12167,12778.5,2,0.8590010755579457,FALSE,FALSE,TRUE,2019,13697,2022,13328,13461,2,0.9827699496240052,FALSE,FALSE,TRUE,17.2,36833,33144,7,78.85608241536009,17.2,50671,32413,7,77.11688991458685
39081,"Jefferson County, OH",2008,30731,2013,27254,27777,2,0.903875565389997,FALSE,FALSE,TRUE,2019,28355,2020,26569,27620,2,0.9740786457414918,FALSE,FALSE,TRUE,16.9,37930,70114,3,171.79582675853416,17.1,47652,65325,3,160.0616479305309
39083,"Knox County, OH",2007,29613,2009,26941,27899,2,0.9421200148583393,FALSE,FALSE,FALSE,2019,29284,2020,27754,28992,2,0.9900286846059282,FALSE,FALSE,FALSE,11.3,44381,59843,4,113.87842793230814,11.3,59957,62322,4,118.59584889790466
39085,"Lake County, OH",2007,126032,2013,117969,118037,2,0.9365637298463882,FALSE,FALSE,TRUE,2019,121497,2020,108951,118714,2,0.9770940846276039,FALSE,FALSE,FALSE,6.8,55591,228930,1,997.97292879095,8.3,65040,230149,1,1003.2869068637067
39087,"Lawrence County, OH",2007,28206,2013,23818,23341,2,0.827518967595547,FALSE,FALSE,TRUE,2019,23121,2020,21923,22711.5,2,0.9822888283378747,FALSE,FALSE,TRUE,21.9,32824,62748,2,138.39649046191715,16.2,46433,59463,2,131.15112055104512
39089,"Licking County, OH",2007,79644,2009,74744,79740,2,1.001205363869218,FALSE,FALSE,FALSE,2019,84875,2020,81159,87105,2,1.0262739322533136,FALSE,FALSE,FALSE,11,53357,162375,1,237.93753764138873,9.3,66321,176862,1,259.166181877329
39091,"Logan County, OH",2007,24200,2011,20548,21722.5,2,0.8976239669421487,FALSE,FALSE,TRUE,2018,21974,2020,20438,21703.5,2,0.9876899972695004,FALSE,FALSE,FALSE,12.1,48482,46154,4,100.66193389385067,10.5,60624,45672,6,99.61069126836131
39093,"Lorain County, OH",2007,148942,2010,140027,140080,2,0.9405003289871225,FALSE,FALSE,FALSE,2019,146530,2020,132185,146445,2,0.9994199140107828,FALSE,FALSE,FALSE,11.2,50832,298609,1,608.7402351713228,13.9,59201,309833,1,631.6213285059608
39095,"Lucas County, OH",2006,212370,2011,191600,194196,2,0.9144229410933747,FALSE,FALSE,TRUE,2019,200399,2020,185034,193658.5,2,0.9663646026177776,FALSE,FALSE,TRUE,16.9,44618,445482,2,1311.5450065064683,18,49924,428348,2,1261.1007413251998
39097,"Madison County, OH",2007,19148,2009,18246,18731.5,2,0.9782483810319615,FALSE,FALSE,FALSE,2019,19731,2020,18730,19756.5,2,1.0012923825452333,FALSE,FALSE,FALSE,10.1,52349,42392,1,90.8358475041141,9.6,65696,44731,1,95.84776124520022
39099,"Mahoning County, OH",2006,112538,2013,100145,102680,2,0.9124029216797882,FALSE,FALSE,TRUE,2018,102492,2020,93226,98414,2,0.9602115287046794,FALSE,FALSE,TRUE,16.6,39141,243453,2,591.6420202825362,18.4,48018,228683,2,555.7478122030586
39101,"Marion County, OH",2007,31337,2013,25896,26222.5,2,0.8367903755943453,FALSE,FALSE,TRUE,2019,27019,2020,25615,25777.5,2,0.9540508531033717,FALSE,FALSE,TRUE,14.6,42447,66487,4,164.650439442605,14.8,51479,65093,4,161.19829522519422
39103,"Medina County, OH",2008,90546,2010,88788,89508,2,0.9885362136372673,FALSE,FALSE,FALSE,2019,95641,2020,86167,94705.5,2,0.9902186300854237,FALSE,FALSE,FALSE,6.7,61812,168775,1,400.45413670131614,5.5,78540,179746,1,426.48513853067556
39105,"Meigs County, OH",2007,8492,2009,7956,8451,2,0.9951719265190768,FALSE,FALSE,FALSE,2019,8421,2022,7867,7831,2,0.9299370621066382,FALSE,FALSE,TRUE,19.8,33356,23612,6,54.89860544708,15.8,43754,22907,6,53.25945938405309
39107,"Mercer County, OH",2007,23779,2010,20419,21121.5,2,0.8882417258925943,FALSE,FALSE,TRUE,2018,22222,2021,21299,21967.5,2,0.9885473854738548,FALSE,FALSE,TRUE,8.4,48788,41055,7,88.7777410168084,6.7,67075,41172,7,89.03074298243907
39109,"Miami County, OH",2006,52815,2013,48096,50249,2,0.9514153176181009,FALSE,FALSE,FALSE,2019,52163,2020,49632,52466,2,1.005808714989552,FALSE,FALSE,FALSE,9,50392,102130,2,251.19225935299485,8.8,63524,106987,2,263.1382184607741
39111,"Monroe County, OH",2008,5254,2009,4926,5938,2,1.1301865245527218,FALSE,FALSE,FALSE,2019,5324,2022,5196,5058,2,0.950037565740045,FALSE,FALSE,FALSE,15.9,35762,14774,8,32.41881581574772,14,48231,13654,8,29.961182560458873
39113,"Montgomery County, OH",2006,256878,2013,230347,239545,2,0.9325243890095688,FALSE,FALSE,TRUE,2019,246268,2020,232446,241243.5,2,0.9795974304416327,FALSE,FALSE,TRUE,14.8,44131,540667,2,1171.9211619786236,15.3,54704,531687,2,1152.4565894514155
39115,"Morgan County, OH",2007,5249,2009,5110,6015.5,2,1.1460278148218708,FALSE,FALSE,FALSE,2018,5752,2020,5478,5938.5,2,1.032423504867872,FALSE,FALSE,FALSE,20.2,33087,15175,6,36.44104834952669,15.7,46883,14508,6,34.839323193076325
39117,"Morrow County, OH",2007,17056,2010,15322,15529,2,0.9104713883677298,FALSE,FALSE,TRUE,2019,16378,2020,15625,16598,2,1.0134326535596532,FALSE,FALSE,FALSE,10.2,48900,34937,1,86.02333220070223,8.5,59498,35328,1,86.98606863744479
39119,"Muskingum County, OH",2006,36576,2009,33644,36674.5,2,1.0026930227471567,FALSE,FALSE,FALSE,2019,37993,2020,37012,39382.5,2,1.0365725265180428,FALSE,FALSE,FALSE,16.4,40447,85939,4,129.3198664953216,15.3,52105,86215,4,129.73518763185692
39121,"Noble County, OH",2006,5474,2012,4255,4668,2,0.8527584947022288,FALSE,FALSE,TRUE,2018,4155,2020,3903,4073.5,2,0.9803850782190132,FALSE,FALSE,TRUE,16.4,37043,14614,6,36.71748590494759,14.2,50788,14424,7,36.24011336341618
39123,"Ottawa County, OH",2006,20470,2009,17758,19909.5,2,0.9726184660478749,FALSE,FALSE,TRUE,2018,19111,2020,17413,18743.5,2,0.9807702370362619,FALSE,FALSE,TRUE,8.5,51067,41690,2,163.68147874771302,8.1,63352,40525,4,159.10750602665075
39125,"Paulding County, OH",2007,10480,2013,8327,8528.5,2,0.8137881679389313,FALSE,FALSE,TRUE,2018,8449,2020,8063,8516,2,1.0079299325363948,FALSE,FALSE,FALSE,9.4,45541,19735,6,47.390349034062936,9.8,58100,18672,6,44.83772977775643
39127,"Perry County, OH",2006,15415,2010,14402,14518,2,0.9418099253973402,FALSE,FALSE,TRUE,2019,14914,2020,14190,14940,2,1.0017433284162531,FALSE,FALSE,FALSE,14.8,41463,35582,6,87.22361131538952,15,51875,36134,1,88.57675148306123
39129,"Pickaway County, OH",2008,23187,2009,21913,23604.5,2,1.018005779100358,FALSE,FALSE,FALSE,2019,25759,2020,24641,26699,2,1.0364920998485967,FALSE,FALSE,FALSE,11.9,49408,55044,1,109.81018024398273,11.5,63931,58457,1,116.61895404626296
39131,"Pike County, OH",2007,9941,2012,9191,9657.5,2,0.9714817422794487,FALSE,FALSE,FALSE,2019,10321,2020,9926,10782,2,1.0446662145140975,FALSE,FALSE,FALSE,22.9,35434,28645,7,65.06057481341504,19.1,46255,27772,7,63.077754711752924
39133,"Portage County, OH",2007,87774,2013,80911,81992.5,2,0.9341319753002028,FALSE,FALSE,TRUE,2019,81780,2020,77007,81292.5,2,0.9940388848129127,FALSE,FALSE,FALSE,10.8,50629,159148,2,326.5190559038834,11.9,57439,162466,2,333.32649443587303
39135,"Preble County, OH",2006,20837,2009,18743,19698.5,2,0.9453616163555214,FALSE,FALSE,TRUE,2019,19724,2020,18845,20419.5,2,1.0352616102210506,FALSE,FALSE,FALSE,9.1,48323,42561,2,100.32624120162366,8.9,62128,40882,6,96.36844512123255
39137,"Putnam County, OH",2007,17502,2009,16215,17730.5,2,1.0130556507827677,FALSE,FALSE,FALSE,2019,17734,2020,16849,17757.5,2,1.001325138152701,FALSE,FALSE,FALSE,6.4,56101,34752,6,72.0183029941311,7.2,73454,33861,6,70.17183925196458
39139,"Richland County, OH",2006,59036,2013,50188,51590,2,0.8738735686699641,FALSE,FALSE,TRUE,2018,52137,2020,48599,50332.5,2,0.9653892629035042,FALSE,FALSE,TRUE,11.9,43320,126995,3,256.43795673499227,13.5,51883,121154,3,244.64336556770937
39141,"Ross County, OH",2007,32822,2010,29993,30881.5,2,0.9408780695874718,FALSE,FALSE,TRUE,2019,31502,2020,29909,31609,2,1.003396609739064,FALSE,FALSE,FALSE,13.8,42660,77419,4,112.33723079780488,15.2,54728,76666,4,111.24460579889315
39143,"Sandusky County, OH",2007,32063,2009,28867,29497.5,2,0.9199856532451736,FALSE,FALSE,TRUE,2018,27833,2020,25867,27187.5,2,0.9768081054862933,FALSE,FALSE,TRUE,9.7,45888,61571,4,150.81874854560374,9.6,58415,58518,4,143.34039608568384
39145,"Scioto County, OH",2007,30062,2013,26716,27231,2,0.9058279555585124,FALSE,FALSE,TRUE,2019,26606,2020,25921,27435.5,2,1.0311771780801322,FALSE,FALSE,FALSE,20.6,33044,78775,4,129.10653850251165,21.9,45410,75314,4,123.43420934024961
39147,"Seneca County, OH",2006,29889,2013,25272,26019.5,2,0.8705376559938439,FALSE,FALSE,TRUE,2019,26769,2020,25183,25714.5,2,0.9606074190294744,FALSE,FALSE,TRUE,12,43712,57289,4,103.96787084456996,12.1,55664,55178,4,100.1368356484086
39149,"Shelby County, OH",2007,27226,2011,21818,22333.5,2,0.8203004481010798,FALSE,FALSE,TRUE,2019,24122,2020,22703,23594.5,2,0.978131995688583,FALSE,FALSE,TRUE,9.5,51841,49284,4,120.88478123298356,9.1,64304,48590,4,119.18252414801296
39151,"Stark County, OH",2007,181924,2009,168194,172415.5,2,0.9477336690046393,FALSE,FALSE,TRUE,2019,176124,2020,165855,171539.5,2,0.9739700438327542,FALSE,FALSE,TRUE,10.9,44950,376877,2,655.2035270842098,13,55623,370606,2,644.3013459525804
39153,"Summit County, OH",2007,282946,2013,250355,261403,2,0.9238617969506548,FALSE,FALSE,TRUE,2019,267165,2020,250102,261697.5,2,0.9795351187468418,FALSE,FALSE,TRUE,14,47575,544275,2,1318.4924455124867,14.2,57753,541013,2,1310.5903328722557
39155,"Trumbull County, OH",2007,100241,2013,85667,87064.5,2,0.8685517901856525,FALSE,FALSE,TRUE,2018,86423,2020,78964,83553,2,0.9667912477002649,FALSE,FALSE,TRUE,14.6,41829,214296,2,346.9869217653755,15.4,47966,197974,2,320.5584278268304
39157,"Tuscarawas County, OH",2007,45910,2010,40857,41712.5,2,0.9085711174036157,FALSE,FALSE,TRUE,2019,43788,2020,41599,43691.5,2,0.9977961998721111,FALSE,FALSE,FALSE,12,41138,92511,4,162.9963087928255,11.2,54150,91987,4,162.0730665210152
39159,"Union County, OH",2008,24696,2009,23587,24772,2,1.0030774214447684,FALSE,FALSE,FALSE,2019,31874,2020,30950,35208,2,1.1045993599799209,FALSE,FALSE,FALSE,5.1,64094,49906,1,115.60048273034506,5.4,91597,58988,1,136.63770439020547
39161,"Van Wert County, OH",2006,14884,2009,12861,13114,2,0.8810803547433486,FALSE,FALSE,TRUE,2019,14567,2020,13657,14090,2,0.9672547538957919,FALSE,FALSE,TRUE,7,42208,29182,6,71.32347549798362,8.5,55361,28275,6,69.10668459000367
39163,"Vinton County, OH",2007,5462,2012,4950,5102.5,2,0.9341816184547784,FALSE,FALSE,FALSE,2019,5581,2020,5351,5434,2,0.9736606342949292,FALSE,FALSE,TRUE,18.9,37627,13566,9,32.89843825783296,18.7,46301,13085,8,31.731981763507612
39165,"Warren County, OH",2008,103863,2009,98856,101287.5,2,0.9752029115276855,FALSE,FALSE,FALSE,2019,120114,2020,114716,126528.5,2,1.053403433404932,FALSE,FALSE,FALSE,5.1,71178,205258,1,511.3336007194514,4.5,91645,234602,1,584.4346402867841
39167,"Washington County, OH",2007,31636,2013,25914,26454,2,0.8361992666582374,FALSE,FALSE,TRUE,2019,26885,2020,25169,26331,2,0.979393713966896,FALSE,FALSE,TRUE,13.5,39502,62253,3,98.50563472547921,11,52565,59911,4,94.79978606714832
39169,"Wayne County, OH",2007,57615,2009,52006,54955.5,2,0.9538401457953658,FALSE,FALSE,FALSE,2019,55358,2020,51742,53712,2,0.9702662668449005,FALSE,FALSE,TRUE,8.8,46928,114224,4,205.88728327346072,9.9,58747,115710,4,208.56577906194968
39171,"Williams County, OH",2006,18735,2011,16836,17533,2,0.9358420069388844,FALSE,FALSE,TRUE,2019,17546,2020,16412,16612,2,0.9467684942437022,FALSE,FALSE,TRUE,8.9,45377,38532,7,91.59891598915989,9.3,54239,36692,6,87.2248371606523
39173,"Wood County, OH",2007,66077,2009,57971,63224,2,0.9568231003223512,FALSE,FALSE,FALSE,2019,67932,2020,62917,66526,2,0.9793028322440087,FALSE,FALSE,TRUE,10.8,50857,125285,2,203.00016041039135,11.2,64723,130817,2,211.96369864234478
39175,"Wyandot County, OH",2006,11650,2009,9570,11135,2,0.955793991416309,FALSE,FALSE,FALSE,2019,11209,2020,10533,11434.5,2,1.0201177625122668,FALSE,FALSE,FALSE,7.4,46926,22716,7,55.829865881502855,7.5,61733,21772,7,53.50976580260962
40001,"Adair County, OK",2007,10452,2013,7435,7429,2,0.7107730577879832,FALSE,FALSE,TRUE,2018,7368,2020,7246,7696.5,2,1.044584690553746,FALSE,FALSE,FALSE,25.4,30668,22345,6,38.936643659574024,23.6,39589,22194,6,38.67352290805934
40003,"Alfalfa County, OK",2008,2427,2010,2386,2828,2,1.165224557066337,FALSE,FALSE,FALSE,2018,2437,2021,2296,2294,2,0.9413212966762413,FALSE,FALSE,TRUE,15.3,38470,5618,9,6.483068206078021,15.8,57497,5702,9,6.580002654157506
40005,"Atoka County, OK",2008,5825,2013,4561,4786.5,2,0.8217167381974249,FALSE,FALSE,TRUE,2018,5143,2019,4971,5218.5,2,1.0146801477736729,FALSE,FALSE,FALSE,23.6,29810,14118,7,14.473275493539925,19.2,41872,13758,9,14.104216194937122
40007,"Beaver County, OK",2008,3229,2010,2788,2969,2,0.9194797150820687,FALSE,FALSE,FALSE,2018,2597,2020,2239,2430,2,0.9356950327300732,FALSE,FALSE,TRUE,12.7,44529,5571,9,3.0696971683958396,10.6,55397,5311,9,2.926433613597254
40009,"Beckham County, OK",2008,12312,2010,9790,12136,2,0.9857050032488629,FALSE,FALSE,FALSE,2018,9117,2020,7589,8513,2,0.9337501371065043,FALSE,FALSE,TRUE,15.6,40947,21855,7,24.238223306623784,20.8,50512,21859,7,24.24265949482907
40011,"Blaine County, OK",2008,4863,2011,4120,4223.5,2,0.8684968126670779,FALSE,FALSE,TRUE,2019,3678,2020,3319,3498,2,0.9510603588907015,FALSE,FALSE,TRUE,19,35117,12010,6,12.935356605486703,14.9,50574,9429,6,10.155493541476613
40013,"Bryan County, OK",2007,20129,2011,16462,16825,2,0.8358587113120374,FALSE,FALSE,FALSE,2019,19598,2020,20090,22042.5,2,1.124732115521992,FALSE,FALSE,FALSE,21.7,33584,40350,6,44.61777988119618,17.3,44074,47995,6,53.071384024733845
40015,"Caddo County, OK",2008,12095,2013,10636,11089.5,2,0.9168664737494833,FALSE,FALSE,FALSE,2018,11313,2020,10860,11239.5,2,0.9935030495889684,FALSE,FALSE,FALSE,19.6,34378,27932,6,21.860232877377022,20.6,45755,28762,6,22.509810182554702
40017,"Canadian County, OK",2008,50814,2009,50992,59799.5,2,1.1768311882552052,FALSE,FALSE,FALSE,2019,75153,2020,74282,89058,2,1.1850225539898607,FALSE,FALSE,FALSE,8,58044,106804,1,119.12471154049922,8.1,75111,148306,1,165.4143053605228
40019,"Carter County, OK",2008,26175,2010,19778,20722,2,0.7916714422158548,FALSE,FALSE,FALSE,2018,21356,2020,19800,21340,2,0.999250796029219,FALSE,FALSE,FALSE,16.4,36379,46582,5,56.64835625883952,14.3,51895,48111,5,58.50777270123714
40021,"Cherokee County, OK",2007,22443,2013,17377,18731.5,2,0.8346254957002184,FALSE,FALSE,FALSE,2019,19190,2020,19449,21117.5,2,1.100442939030745,FALSE,FALSE,FALSE,31.8,30535,45546,6,60.79876976800997,21.4,45544,48657,6,64.951603666668
40023,"Choctaw County, OK",2008,6627,2012,5320,5381,2,0.811981288667572,FALSE,FALSE,FALSE,2018,5603,2020,5352,6482,2,1.1568802427271105,FALSE,FALSE,FALSE,26.8,28392,15210,7,19.743426321712704,22.5,37131,14672,7,19.0450723860729
40025,"Cimarron County, OK",2006,1240,2013,1190,1338.5,2,1.0794354838709677,FALSE,FALSE,FALSE,2018,1301,2019,1258,1478.5,2,1.136433512682552,FALSE,FALSE,FALSE,15.5,33233,2530,9,1.3788908703253964,17.8,47602,2137,9,1.164699521693823
40027,"Cleveland County, OK",2008,116332,2009,115192,128626.5,2,1.1056845923735517,FALSE,FALSE,FALSE,2019,144871,2020,140081,153267.5,2,1.057958459595088,FALSE,FALSE,FALSE,10,51052,241409,1,447.95957751601384,11.7,64706,284014,1,527.0175985511441
40029,"Coal County, OK",2008,2396,2013,2076,2080,2,0.8681135225375626,FALSE,FALSE,FALSE,2019,2164,2020,1991,2151.5,2,0.9942236598890942,FALSE,FALSE,FALSE,24.4,30241,5718,9,11.064840974356194,18.1,41273,5495,9,10.633316046535027
40031,"Comanche County, OK",2008,44606,2009,45685,47706.5,2,1.06950858628884,FALSE,FALSE,FALSE,2019,46770,2020,45099,47141,2,1.0079324353217876,FALSE,FALSE,FALSE,18.8,42972,119534,3,111.78485058756858,17.6,51184,120749,3,112.92108457508591
40033,"Cotton County, OK",2007,3892,2013,2693,2720,2,0.6988694758478932,FALSE,FALSE,TRUE,2018,2605,2020,2469,2548.5,2,0.9783109404990403,FALSE,FALSE,FALSE,14.3,36718,6280,6,9.926703623088756,18.6,46450,5666,3,8.95616285484409
40035,"Craig County, OK",2008,7215,2013,5822,5921,2,0.8206514206514206,FALSE,FALSE,TRUE,2018,5846,2020,5466,5753,2,0.9840916866233322,FALSE,FALSE,TRUE,21.5,36260,14978,6,19.675404430841176,18.2,42978,14142,6,18.577217883626382
40037,"Creek County, OK",2006,30534,2009,29013,29340,2,0.9608960503045785,FALSE,FALSE,FALSE,2018,31019,2020,29669,31879,2,1.0277249427770077,FALSE,FALSE,FALSE,16.4,41745,68292,2,71.89433768399421,13.7,54737,71522,2,75.29471709474952
40039,"Custer County, OK",2008,14508,2010,13492,15228,2,1.0496277915632755,FALSE,FALSE,FALSE,2018,14688,2020,13773,14458,2,0.9843409586056645,FALSE,FALSE,FALSE,19.5,40287,26356,7,26.65509684166027,15.8,51803,29003,7,29.332135896899103
40041,"Delaware County, OK",2008,18316,2013,15769,16264.5,2,0.8879941035160516,FALSE,FALSE,FALSE,2019,16077,2020,16002,17907,2,1.1138272065683896,FALSE,FALSE,FALSE,20.2,33139,40984,6,55.55239280302106,17.5,44602,43009,6,58.2972101811715
40043,"Dewey County, OK",2008,2601,2010,2199,2397.5,2,0.921760861207228,FALSE,FALSE,FALSE,2019,2129,2020,1923,2236,2,1.050258337247534,FALSE,FALSE,FALSE,14.9,36735,4660,9,4.66173416510942,11.6,56316,4891,9,4.892820129088021
40045,"Ellis County, OK",2008,2509,2010,1961,2230,2,0.8888003188521323,FALSE,FALSE,TRUE,2018,1852,2020,1758,1790,2,0.9665226781857451,FALSE,FALSE,TRUE,12.7,36924,3982,9,3.2335155264775546,13,54013,3859,9,3.1336354637561237
40047,"Garfield County, OK",2008,31031,2010,27078,28191.5,2,0.9084947310753763,FALSE,FALSE,TRUE,2018,27643,2020,26746,27735,2,1.0033281481749448,FALSE,FALSE,FALSE,15.6,39904,58153,5,54.938701397345504,12.7,58381,61056,5,57.681243487289166
40049,"Garvin County, OK",2008,14571,2010,11303,11827.5,2,0.8117150504426601,FALSE,FALSE,TRUE,2018,10731,2020,10422,11004.5,2,1.0254869070916037,FALSE,FALSE,FALSE,16.6,38360,27399,6,34.15712351616788,15.6,46786,27711,6,34.54608014002439
40051,"Grady County, OK",2006,22638,2009,21798,24098.5,2,1.064515416556233,FALSE,FALSE,FALSE,2019,24932,2020,24015,26941,2,1.080579175356971,FALSE,FALSE,FALSE,14.1,43341,50931,1,46.27819070638051,12.1,63647,55834,1,50.733276391589584
40053,"Grant County, OK",2008,2563,2011,2449,2644.5,2,1.0317986734295748,FALSE,FALSE,FALSE,2018,1970,2019,1917,1964.5,2,0.9972081218274111,FALSE,FALSE,FALSE,15.1,36667,4633,9,4.629574115154785,11.2,60303,4333,9,4.329795950996263
40055,"Greer County, OK",2006,1987,2013,1886,2084.5,2,1.04906894816306,FALSE,FALSE,FALSE,2018,2004,2020,1763,1842.5,2,0.9194111776447106,FALSE,FALSE,TRUE,24.5,30911,6160,7,9.635764956161962,24.1,38641,5712,7,8.934982050259274
40057,"Harmon County, OK",2006,1391,2010,1244,1315.5,2,0.9457225017972681,FALSE,FALSE,FALSE,2018,1360,2019,1318,1376.5,2,1.0121323529411765,FALSE,FALSE,FALSE,27.6,27635,2829,9,5.26562657047452,23.7,37988,2653,9,4.938037218617498
40059,"Harper County, OK",2008,2018,2010,1790,1851,2,0.9172447968285431,FALSE,FALSE,TRUE,2018,1609,2019,1548,1623,2,1.0087010565568677,FALSE,FALSE,FALSE,10.6,43201,3522,9,3.391155650385525,11.1,40265,3688,9,3.5509886537824573
40061,"Haskell County, OK",2008,5797,2013,4051,4411.5,2,0.7609970674486803,FALSE,FALSE,TRUE,2019,4538,2020,4429,4770,2,1.0511238431026884,FALSE,FALSE,FALSE,16.9,31592,12411,6,21.51978846070484,20.2,41643,12627,6,21.894317048853438
40063,"Hughes County, OK",2008,4869,2011,4959,5246.5,2,1.0775313205997126,FALSE,FALSE,FALSE,2018,4271,2020,4055,4148.5,2,0.971318192460782,FALSE,FALSE,TRUE,25.7,28689,13456,7,16.72647807943834,21.4,37631,13279,7,16.506458265224563
40065,"Jackson County, OK",2007,12261,2013,10215,10871.5,2,0.8866731914199494,FALSE,FALSE,TRUE,2018,11206,2020,10984,11602,2,1.0353382116723184,FALSE,FALSE,FALSE,17.9,38313,26335,5,32.80994402313328,17.3,48430,24530,7,30.56115158106928
40067,"Jefferson County, OK",2008,2321,2009,2362,2481,2,1.06893580353296,FALSE,FALSE,FALSE,2018,2207,2020,2117,2181.5,2,0.988445854100589,FALSE,FALSE,TRUE,19.2,28843,6385,8,8.412872419481499,20.8,39785,6002,8,7.908231834256531
40069,"Johnston County, OK",2008,5004,2013,3284,3784.5,2,0.7562949640287769,FALSE,FALSE,TRUE,2018,4612,2020,3424,3863,2,0.8375975715524718,FALSE,FALSE,TRUE,19.9,32556,10779,7,16.76230464194075,21,41805,11085,9,17.238161884767905
40071,"Kay County, OK",2008,23313,2013,18551,18315,2,0.7856131771972719,FALSE,FALSE,TRUE,2018,18924,2020,17919,18880,2,0.9976749101669837,FALSE,FALSE,FALSE,18.1,38080,46461,5,50.52250410500103,16.1,48522,43538,5,47.34398277530692
40073,"Kingfisher County, OK",2008,8414,2010,7040,7455,2,0.8860232945091514,FALSE,FALSE,TRUE,2019,7806,2020,7291,7824.5,2,1.0023699718165513,FALSE,FALSE,FALSE,10.8,49242,14705,6,16.373710312820823,8.9,68839,15765,6,17.553998169440344
40075,"Kiowa County, OK",2008,3924,2013,3935,3870.5,2,0.9863659531090724,FALSE,FALSE,FALSE,2018,3314,2019,3256,3456,2,1.0428485214242607,FALSE,FALSE,FALSE,20.4,31731,9543,6,9.40124798291363,21.9,39788,8708,6,8.5786510987333
40077,"Latimer County, OK",2008,4535,2013,3766,3764.5,2,0.8300992282249173,FALSE,FALSE,TRUE,2018,3553,2020,3359,3925.5,2,1.1048409794539826,FALSE,FALSE,FALSE,18.7,34060,10875,7,15.059969838515578,18.5,42014,10073,7,13.949340338700452
40079,"Le Flore County, OK",2006,20769,2013,17954,18514,2,0.8914247195339208,FALSE,FALSE,TRUE,2018,18615,2020,18204,18643.5,2,1.0015310233682515,FALSE,FALSE,FALSE,21.5,33925,49589,2,31.19950975704284,20.5,42378,49853,2,31.365608500229015
40081,"Lincoln County, OK",2006,14051,2009,13046,14693,2,1.0456906981709486,FALSE,FALSE,FALSE,2019,14223,2020,13679,15140.5,2,1.064508190958307,FALSE,FALSE,FALSE,16.4,38204,33636,1,35.31813199044071,13.9,51012,34877,1,36.62119423922585
40083,"Logan County, OK",2006,17282,2007,16480,18033,2,1.0434556185626664,FALSE,FALSE,FALSE,2019,22088,2020,21527,24477,2,1.1081582759869613,FALSE,FALSE,FALSE,12.7,48003,38709,1,52.04669398818936,12.4,66625,48011,1,64.55382017274947
40085,"Love County, OK",2008,5210,2010,4523,4943,2,0.9487523992322456,FALSE,FALSE,FALSE,2018,4103,2022,3850,3941.5,2,0.9606385571533025,FALSE,FALSE,TRUE,13.5,38921,9252,9,18.003012177134696,13.4,51481,10253,9,19.95080889020342
40087,"McClain County, OK",2008,14560,2009,14484,16609,2,1.140728021978022,FALSE,FALSE,FALSE,2019,19449,2020,19138,22795.5,2,1.172065401820145,FALSE,FALSE,FALSE,10,48654,32470,1,56.89304737874965,7.1,75009,40474,1,70.91743762265209
40089,"McCurtain County, OK",2008,13329,2010,12945,12998.5,2,0.9752044414434691,FALSE,FALSE,FALSE,2019,12443,2020,12784,14323,2,1.1510889656835168,FALSE,FALSE,FALSE,25.2,29249,33128,7,17.899460876537596,21.9,40803,32832,7,17.739528480393695
40091,"McIntosh County, OK",2008,8264,2011,6607,6509,2,0.7876331074540174,FALSE,FALSE,FALSE,2019,6605,2020,6433,7003,2,1.0602573807721423,FALSE,FALSE,FALSE,19.6,31251,19952,6,32.26964692943441,19.7,40614,19596,6,31.693865338271685
40093,"Major County, OK",2008,4237,2010,3761,3949,2,0.9320273778616947,FALSE,FALSE,TRUE,2018,3668,2020,3296,3519,2,0.9593784078516903,FALSE,FALSE,TRUE,11.1,41007,7465,9,7.816753926701571,13.4,59690,7629,9,7.98848167539267
40095,"Marshall County, OK",2008,6359,2010,6072,6466.5,2,1.0169051737694605,FALSE,FALSE,FALSE,2019,6247,2020,5981,6933,2,1.1098127101008484,FALSE,FALSE,FALSE,16.5,34819,15318,6,41.23394976984576,18.2,45005,16931,6,45.57592398180301
40097,"Mayes County, OK",2008,17939,2010,16597,17504,2,0.9757511566976977,FALSE,FALSE,FALSE,2018,17089,2020,16341,17624.5,2,1.031335947100474,FALSE,FALSE,FALSE,16.8,38040,40569,6,61.90659305444923,17.7,49293,41100,6,62.716876791093284
40099,"Murray County, OK",2008,8384,2010,5958,6239.5,2,0.7442151717557252,FALSE,FALSE,FALSE,2018,6088,2020,5545,5641.5,2,0.9266590013140604,FALSE,FALSE,TRUE,15.9,37934,12966,7,31.140198138697087,14.9,50965,14073,7,33.79885920144101
40101,"Muskogee County, OK",2008,28608,2010,27543,27854.5,2,0.9736612136465325,FALSE,FALSE,FALSE,2019,25851,2020,24860,25414.5,2,0.9831147731228966,FALSE,FALSE,TRUE,16.8,36490,70119,4,86.49832231323398,22.7,43392,67997,4,83.88063752097109
40103,"Noble County, OK",2007,5783,2010,4918,5224,2,0.90333736814802,FALSE,FALSE,TRUE,2018,5086,2020,4809,5331,2,1.0481714510420763,FALSE,FALSE,FALSE,14.6,39414,11460,6,15.661899763841511,12.3,56307,11131,6,15.212269308143094
40105,"Nowata County, OK",2008,4861,2010,4471,4524,2,0.9306727010903106,FALSE,FALSE,TRUE,2018,4097,2020,4013,4289.5,2,1.0469855992189407,FALSE,FALSE,FALSE,16.3,35578,10771,6,19.036190146284046,15,47456,10076,6,17.80787781208412
40107,"Okfuskee County, OK",2007,4473,2010,3948,4080.5,2,0.9122512854907221,FALSE,FALSE,TRUE,2019,3971,2020,3726,3998,2,1.0067992948879376,FALSE,FALSE,FALSE,21.9,29516,11981,6,19.37237451856068,27.4,39265,11993,6,19.391777614648046
40109,"Oklahoma County, OK",2006,317364,2009,309715,342627,2,1.0796026014292737,FALSE,FALSE,FALSE,2019,376072,2020,362543,395307,2,1.051147120764109,FALSE,FALSE,FALSE,15.9,41598,695706,1,981.388066017774,14.9,56272,797434,1,1124.8892650585415
40111,"Okmulgee County, OK",2006,15774,2009,14613,15109.5,2,0.9578737162419171,FALSE,FALSE,TRUE,2019,14604,2020,13838,14735,2,1.008970145165708,FALSE,FALSE,FALSE,18.1,35018,39552,2,56.710010710552694,18.7,41725,38465,2,55.151460406083366
40113,"Osage County, OK",2006,19894,2009,18404,19911,2,1.0008545290037196,FALSE,FALSE,FALSE,2018,19326,2020,18288,19378,2,1.0026906757735692,FALSE,FALSE,FALSE,13.3,42245,47185,2,21.002082181634965,14.9,50667,46963,2,20.90326979964232
40115,"Ottawa County, OK",2008,17256,2013,12966,12976,2,0.7519703291608716,FALSE,FALSE,FALSE,2018,12470,2020,12113,13429,2,1.0769045709703289,FALSE,FALSE,FALSE,16.1,33841,32441,6,68.90362922324385,18.5,41530,31127,6,66.11273594623813
40117,"Pawnee County, OK",2006,7426,2009,6770,6996.5,2,0.942162671694048,FALSE,FALSE,TRUE,2018,6597,2020,6288,6768.5,2,1.025996665150826,FALSE,FALSE,FALSE,16.1,40255,16611,2,29.226554623623,15.2,47646,16376,2,28.81307919549998
40119,"Payne County, OK",2007,36607,2009,33549,35486,2,0.9693774414729424,FALSE,FALSE,FALSE,2018,36708,2020,34879,38170.5,2,1.0398414514547238,FALSE,FALSE,FALSE,21.8,33840,74164,4,108.28426298107318,23,43025,81784,4,119.40995851955248
40121,"Pittsburg County, OK",2008,23326,2013,16624,16952.5,2,0.72676412586813,FALSE,FALSE,TRUE,2018,18188,2020,16294,16838.5,2,0.9258027270727952,FALSE,FALSE,TRUE,16.5,37113,45062,5,34.516726004816505,19.7,47215,43654,5,33.43822193897873
40123,"Pontotoc County, OK",2008,19853,2010,16719,17013,2,0.8569485720042311,FALSE,FALSE,FALSE,2019,16973,2020,16794,17833,2,1.0506687091262594,FALSE,FALSE,FALSE,16.1,35895,36157,7,50.193446823987685,13.9,49510,38284,7,53.1461658381377
40125,"Pottawatomie County, OK",2008,32054,2010,28985,30263,2,0.9441255381543645,FALSE,FALSE,TRUE,2018,29604,2020,28620,30988.5,2,1.0467673287393595,FALSE,FALSE,FALSE,18.8,38614,68698,4,87.20311046175836,14.8,52747,72592,4,92.1460332853935
40127,"Pushmataha County, OK",2006,5321,2013,4278,4368.5,2,0.8209922946814509,FALSE,FALSE,TRUE,2018,3985,2019,3802,4170.5,2,1.0465495608531994,FALSE,FALSE,FALSE,22.4,28348,11468,9,8.217607521102943,23.9,37718,11096,9,7.951044040299813
40129,"Roger Mills County, OK",2008,1917,2010,1723,1925.5,2,1.004434011476265,FALSE,FALSE,FALSE,2018,1690,2020,1559,1642.5,2,0.9718934911242604,FALSE,FALSE,TRUE,12.7,41268,3438,9,3.012789897777213,13.4,59286,3583,9,3.139856371069155
40131,"Rogers County, OK",2008,39228,2009,38068,41027.5,2,1.045872845926379,FALSE,FALSE,FALSE,2019,45395,2020,43614,48177.5,2,1.061295296838859,FALSE,FALSE,FALSE,9.8,52866,84030,2,124.3512734795715,10.4,67054,92459,2,136.8248767660086
40133,"Seminole County, OK",2008,10646,2013,8916,8721.5,2,0.8192278790155927,FALSE,FALSE,TRUE,2018,8785,2020,8256,8858,2,1.0083096186681844,FALSE,FALSE,FALSE,22.8,33207,25030,7,39.55317397233648,22,40725,24258,7,38.333235885774606
40135,"Sequoyah County, OK",2006,17532,2013,15407,15731.5,2,0.8973020762035135,FALSE,FALSE,TRUE,2018,15483,2020,14990,16102,2,1.039979332170768,FALSE,FALSE,FALSE,19.2,36370,41560,2,61.70044404722845,21.6,43038,41569,2,61.71380554858613
40137,"Stephens County, OK",2008,21655,2010,18509,19468,2,0.8990071577003002,FALSE,FALSE,TRUE,2019,17427,2020,16675,18712.5,2,1.073764847650198,FALSE,FALSE,FALSE,14.3,40866,44196,4,50.787624165145964,14.8,47826,43143,4,49.57757420030981
40139,"Texas County, OK",2008,9583,2009,7379,8512.5,2,0.8882917666701451,FALSE,FALSE,FALSE,2019,12536,2020,12538,13559,2,1.0816049776643268,FALSE,FALSE,FALSE,12.7,42069,19258,7,9.43421645006376,14.7,56014,19983,7,9.789383493697377
40141,"Tillman County, OK",2008,3412,2011,3158,3153.5,2,0.9242379835873388,FALSE,FALSE,TRUE,2018,2864,2021,2680,2687,2,0.9381983240223464,FALSE,FALSE,TRUE,23.7,26120,8271,6,9.49452093478156,20.4,41251,7250,6,8.322485404082494
40143,"Tulsa County, OK",2008,286052,2009,277810,289174,2,1.0109140995343504,FALSE,FALSE,FALSE,2019,318550,2020,306512,329688,2,1.0349646837231203,FALSE,FALSE,FALSE,14.2,45313,582094,2,1020.7841583047198,14.3,57668,651552,2,1142.588585197162
40145,"Wagoner County, OK",2008,32393,2009,31582,33530,2,1.0351001759639429,FALSE,FALSE,FALSE,2019,37937,2020,36823,42116.5,2,1.1101694915254237,FALSE,FALSE,FALSE,11.1,53455,68677,2,122.21933527431145,8.2,65191,81289,2,144.6639711273571
40147,"Washington County, OK",2008,26861,2010,22632,23346,2,0.8691411339860765,FALSE,FALSE,FALSE,2018,22334,2020,21258,22658,2,1.0145070296409062,FALSE,FALSE,FALSE,11.4,46298,50038,4,120.42144376738769,12.9,62515,51527,4,124.00487095811553
40149,"Washita County, OK",2008,6035,2010,5152,5365.5,2,0.8890637945318972,FALSE,FALSE,TRUE,2018,5118,2020,4754,5158.5,2,1.007913247362251,FALSE,FALSE,FALSE,15.3,39151,11555,7,11.519416522362421,12.6,50823,10916,7,10.882384314851423
40151,"Woods County, OK",2008,4264,2010,4128,4936.5,2,1.1577157598499062,FALSE,FALSE,FALSE,2018,4183,2020,4117,4270,2,1.0207984699976094,FALSE,FALSE,FALSE,15.1,38183,8593,7,6.679456067010654,15.2,40684,8793,7,6.834918794044534
40153,"Woodward County, OK",2008,12448,2010,8752,10253.5,2,0.8237066195372751,FALSE,FALSE,TRUE,2018,9877,2020,9069,9363,2,0.947959906854308,FALSE,FALSE,TRUE,13.3,45700,19939,7,16.043791931997944,12.2,73253,20211,7,16.262655034736472
41001,"Baker County, OR",2008,6898,2013,6194,6113.5,2,0.886271383009568,FALSE,FALSE,TRUE,2019,6309,2020,6290,6477.5,2,1.0267078776351244,FALSE,FALSE,FALSE,17.7,36942,16139,7,5.260486830529794,13.6,48530,16124,7,5.255597599322287
41003,"Benton County, OR",2008,41002,2009,40081,42725.5,2,1.0420345349007365,FALSE,FALSE,FALSE,2018,45717,2020,43329,46941.5,2,1.0267843471793863,FALSE,FALSE,FALSE,17.6,49061,83718,3,123.98845985237142,16.5,69148,93053,3,137.81382922003294
41005,"Clackamas County, OR",2008,188407,2009,180825,185531.5,2,0.9847378282123276,FALSE,FALSE,FALSE,2019,207791,2020,199990,216470.5,2,1.0417703365400812,FALSE,FALSE,FALSE,9.2,61325,366808,1,196.07945855880465,7.2,80539,418187,1,223.54441706923197
41007,"Clatsop County, OR",2008,19268,2013,16608,17625,2,0.9147290844924226,FALSE,FALSE,TRUE,2019,18457,2020,17367,18811.5,2,1.0192068050062306,FALSE,FALSE,FALSE,13.6,42091,36818,4,44.45335223286998,12,59339,40224,4,48.565691787032485
41009,"Columbia County, OR",2008,22439,2013,20320,21838.5,2,0.9732385578679977,FALSE,FALSE,FALSE,2019,23667,2020,22716,25016,2,1.0569991971944057,FALSE,FALSE,FALSE,8.8,53657,48898,1,74.2359006746786,8.6,72285,52354,1,79.48272616307668
41011,"Coos County, OR",2006,26568,2013,23839,24447.5,2,0.9201859379704909,FALSE,FALSE,TRUE,2019,25170,2020,24633,25644.5,2,1.0188518077075883,FALSE,FALSE,FALSE,14.7,37523,63420,5,39.73574663355145,15.6,49504,64487,5,40.404274568871536
41013,"Crook County, OR",2007,9114,2009,7794,8053.5,2,0.8836405529953917,FALSE,FALSE,FALSE,2019,10350,2020,10307,11726,2,1.1329468599033816,FALSE,FALSE,FALSE,12.8,45244,21818,6,7.324108765264294,10.9,58739,24404,6,8.192205990810791
41015,"Curry County, OR",2006,8856,2013,7787,7862.5,2,0.887816169828365,FALSE,FALSE,TRUE,2019,7764,2020,7578,8010.5,2,1.0317490984028852,FALSE,FALSE,FALSE,14.1,36467,22447,7,13.784738960755837,13.4,51267,22925,7,14.078279532914312
41017,"Deschutes County, OR",2007,77042,2009,69404,70400.5,2,0.9137937748241219,FALSE,FALSE,FALSE,2019,92561,2020,91342,101376.5,2,1.095239895852465,FALSE,FALSE,FALSE,8.9,54754,152633,3,50.58075761944055,9.2,71880,197692,3,65.51277335374684
41019,"Douglas County, OR",2006,43536,2009,39670,40926.5,2,0.940061098860713,FALSE,FALSE,FALSE,2019,42996,2020,42615,43999,2,1.0233277514187367,FALSE,FALSE,FALSE,14.9,39224,107057,4,21.25970773338078,11.8,48940,110980,4,22.038749117298252
41021,"Gilliam County, OR",2008,1146,2013,775,758,2,0.6614310645724258,FALSE,FALSE,TRUE,2019,876,2021,869,915.5,2,1.0450913242009132,TRUE,FALSE,FALSE,11.1,42274,1816,9,1.507402958859354,10.9,61205,1912,9,1.5870894588871614
41023,"Grant County, OR",2006,3207,2013,2817,2773.5,2,0.8648269410664172,FALSE,FALSE,TRUE,2019,2835,2020,2818,2924.5,2,1.0315696649029982,FALSE,FALSE,FALSE,14.2,36011,7267,9,1.604976553693279,15.3,49792,7199,9,1.5899581959595315
41025,"Harney County, OR",2006,3053,2009,2952,3172,2,1.038978054372748,FALSE,FALSE,FALSE,2019,3279,2020,3325,3475,2,1.0597743214394633,FALSE,FALSE,FALSE,16.1,37432,7327,7,0.7229803961502355,14.2,39874,7393,7,0.7294928441024554
41027,"Hood River County, OR",2008,12613,2009,12786,13132.5,2,1.0411876635217632,FALSE,FALSE,FALSE,2019,13410,2020,12716,13337.5,2,0.9945935868754661,FALSE,FALSE,TRUE,12.7,47159,21276,6,40.7434784773475,8.4,68835,23382,6,44.7764623875418
41029,"Jackson County, OR",2007,95034,2013,87324,92509,2,0.9734305616937097,FALSE,FALSE,FALSE,2019,97170,2020,95382,100046.5,2,1.029602758052897,FALSE,FALSE,FALSE,13.4,44344,199152,3,71.55373338588578,13.6,56367,220944,3,79.38342607260358
41031,"Jefferson County, OR",2006,8643,2009,7927,8432.5,2,0.9756450306606502,FALSE,FALSE,FALSE,2019,9686,2020,9464,10258,2,1.059054305182738,FALSE,FALSE,FALSE,18.8,39443,21861,6,12.269769927080715,15,52543,24658,6,13.839622472071555
41033,"Josephine County, OR",2006,32591,2013,28878,30774,2,0.9442484121383204,FALSE,FALSE,FALSE,2019,32508,2020,31921,33010,2,1.015442352651655,FALSE,FALSE,FALSE,17.5,37209,81746,4,49.88621724359518,15.9,47533,87487,3,53.38971311122761
41035,"Klamath County, OR",2007,28245,2013,25957,26133,2,0.9252257036643654,FALSE,FALSE,TRUE,2019,26306,2020,25796,27131.5,2,1.031380673610583,FALSE,FALSE,FALSE,15.9,41724,66767,5,11.221538793024484,16.7,53030,68238,5,11.468769963580883
41037,"Lake County, OR",2006,3390,2013,3098,3158.5,2,0.9317109144542773,FALSE,FALSE,FALSE,2019,3344,2020,3386,3411,2,1.020035885167464,FALSE,FALSE,FALSE,15.6,37129,7880,7,0.9682243036587329,17,47867,7869,7,0.9668727215089555
41039,"Lane County, OR",2008,171180,2013,155424,167070.5,2,0.9759931066713401,FALSE,FALSE,FALSE,2019,175142,2020,167629,178179.5,2,1.0173430701944708,FALSE,FALSE,FALSE,14.3,43250,344844,2,75.72179042496288,13.9,57212,382067,2,83.89531875948049
41041,"Lincoln County, OR",2008,21300,2013,18949,19081.5,2,0.8958450704225353,FALSE,FALSE,TRUE,2019,19264,2020,17977,19598.5,2,1.0173639950166113,FALSE,FALSE,FALSE,15.7,39346,45798,4,46.68582432111464,14.6,52276,49962,5,50.9305461970289
41043,"Linn County, OR",2008,50844,2009,48238,49869.5,2,0.9808335300133743,FALSE,FALSE,FALSE,2019,55541,2020,54293,58446,2,1.0523037035703355,FALSE,FALSE,FALSE,13.8,44580,112932,4,49.325881368398804,12.6,61084,129749,3,56.67112759597259
41045,"Malheur County, OR",2007,11913,2013,11379,11296,2,0.9482078401745991,FALSE,FALSE,FALSE,2019,11482,2020,11675,12092.5,2,1.0531701794112525,FALSE,FALSE,FALSE,17.6,36100,31434,6,3.179099057041233,21,42019,30571,6,3.0918189626775954
41047,"Marion County, OR",2008,144811,2013,135437,146841.5,2,1.0140217248689671,FALSE,FALSE,FALSE,2019,156039,2020,152354,164361.5,2,1.053336024968117,FALSE,FALSE,FALSE,15.2,43874,306964,2,259.953931099895,12.2,64058,347818,2,294.551336336845
41049,"Morrow County, OR",2006,5154,2007,4998,5223.5,2,1.0134846720993402,FALSE,FALSE,FALSE,2018,5322,2019,5308,5612,2,1.054490792934987,FALSE,FALSE,FALSE,15.1,46205,11048,6,5.4409466695624635,12.7,59781,11603,6,5.714274457542837
41051,"Multnomah County, OR",2008,364857,2009,351061,389207,2,1.066738475621956,FALSE,FALSE,FALSE,2019,444888,2020,425696,447974.5,2,1.0069377011742282,FALSE,FALSE,FALSE,15,48876,697799,1,1618.9518327498324,12,72469,812855,1,1885.8913412169766
41053,"Polk County, OR",2008,37398,2013,32158,35686.5,2,0.9542355206160757,FALSE,FALSE,FALSE,2019,38974,2020,38742,42399,2,1.087879098886437,FALSE,FALSE,FALSE,10.8,47540,72791,2,98.24354454707905,9.4,69757,86085,2,116.18600558221897
41055,"Sherman County, OR",2008,915,2013,791,828.5,2,0.905464480874317,TRUE,FALSE,FALSE,2019,865,2020,888,907,2,1.0485549132947978,TRUE,FALSE,FALSE,15.5,39954,1713,9,2.079857797463375,12.5,60035,1780,9,2.161206584637949
41057,"Tillamook County, OR",2008,11889,2013,10094,10500,2,0.8831693161746151,FALSE,FALSE,TRUE,2019,10660,2020,10223,10953.5,2,1.027532833020638,FALSE,FALSE,FALSE,13.8,41891,25243,6,22.881969718532645,12,52298,27036,6,24.50726670008512
41059,"Umatilla County, OR",2008,35101,2013,32377,32571.5,2,0.9279365260248996,FALSE,FALSE,FALSE,2019,32941,2020,32441,34356,2,1.0429555872620746,FALSE,FALSE,FALSE,15.1,40773,74269,5,23.097544667153898,13.9,58286,77950,4,24.2423300004665
41061,"Union County, OR",2007,11476,2013,10835,10951,2,0.954252352736145,FALSE,FALSE,TRUE,2019,11103,2020,10831,11337,2,1.0210753850310728,FALSE,FALSE,FALSE,16.7,39873,25263,7,12.40242108141571,13.6,54264,26835,7,13.174166556616024
41063,"Wallowa County, OR",2007,3401,2013,2887,3033,2,0.8917965304322258,FALSE,FALSE,FALSE,2019,3239,2020,3248,3464.5,2,1.0696202531645569,FALSE,FALSE,FALSE,14.4,38677,6884,9,2.188247104085099,12.3,52106,7208,9,2.291238397188465
41065,"Wasco County, OR",2008,12504,2010,12381,12731,2,1.018154190658989,FALSE,FALSE,FALSE,2019,12500,2020,12216,12485.5,2,0.99884,FALSE,FALSE,FALSE,14.6,40048,24451,6,10.268701396276288,12.2,56993,26682,6,11.205655828205142
41067,"Washington County, OR",2008,273520,2009,262689,271555.5,2,0.9928177098566833,FALSE,FALSE,FALSE,2019,314370,2020,300987,325570.5,2,1.0356283996564557,FALSE,FALSE,FALSE,8.6,61721,508842,1,702.5564981112068,8.2,85665,601592,1,830.6161221198665
41069,"Wheeler County, OR",2006,591,2007,573,648.5,2,1.0972927241962775,TRUE,FALSE,FALSE,2018,569,2020,549,628,2,1.1036906854130053,TRUE,FALSE,FALSE,17.3,32522,1419,9,0.8269129573589135,17.7,42747,1332,9,0.7762142770980076
41071,"Yamhill County, OR",2008,44705,2009,42662,46548.5,2,1.0412369980986467,FALSE,FALSE,FALSE,2019,50866,2020,48978,53182.5,2,1.0455412259662642,FALSE,FALSE,FALSE,11.7,51728,95875,1,133.91522729621838,10.6,71815,107100,1,149.5939592534549
42001,"Adams County, PA",2007,54264,2010,50404,51865,2,0.9557902108211705,FALSE,FALSE,TRUE,2019,51284,2020,48297,50536.5,2,0.9854243038764527,FALSE,FALSE,TRUE,7.4,53036,100502,4,193.8038011786122,7.6,67706,103009,3,198.63819382308475
42003,"Allegheny County, PA",2008,615114,2010,588211,610337,2,0.9922339598838589,FALSE,FALSE,FALSE,2019,641890,2020,599959,618398.5,2,0.963402607923476,FALSE,FALSE,TRUE,11.6,46402,1222482,1,1674.7429967997896,10.8,64799,1216045,1,1665.9246087413967
42005,"Armstrong County, PA",2008,31569,2009,30250,31089.5,2,0.9848110488137096,FALSE,FALSE,TRUE,2018,30213,2020,28106,28907,2,0.9567735742892133,FALSE,FALSE,TRUE,13.1,40217,69845,1,106.90763039914529,11.1,56259,64735,1,99.08605417551249
42007,"Beaver County, PA",2008,85970,2010,78305,80584.5,2,0.9373560544375945,FALSE,FALSE,TRUE,2019,81769,2020,76146,78563,2,0.9607919871834069,FALSE,FALSE,TRUE,9.9,44817,172161,1,396.05010409597537,11.7,60323,163929,1,377.1126882066736
42009,"Bedford County, PA",2008,22901,2009,21760,22854.5,2,0.9979695209816165,FALSE,FALSE,FALSE,2018,21395,2020,20450,22055,2,1.0308483290488433,FALSE,FALSE,FALSE,12.6,38257,49889,6,49.29801539148685,10.4,54251,47888,6,47.32071921801444
42011,"Berks County, PA",2008,196327,2009,187138,194956.5,2,0.9930192994341074,FALSE,FALSE,FALSE,2019,210351,2020,196945,208898.5,2,0.9930948747569539,FALSE,FALSE,FALSE,11.1,52620,405223,2,473.1680375150046,10.2,67418,421164,2,491.781916011602
42013,"Blair County, PA",2007,62637,2010,56862,57433,2,0.9169181154908441,FALSE,FALSE,TRUE,2019,55842,2020,53308,54878,2,0.98273700798682,FALSE,FALSE,TRUE,13.8,41646,127048,3,241.96531109363187,14.9,51004,121829,3,232.0256272056709
42015,"Bradford County, PA",2008,29639,2010,28606,30064,2,1.0143392152231856,FALSE,FALSE,FALSE,2018,26066,2020,24751,25641,2,0.9836952351722551,FALSE,FALSE,TRUE,14,37830,62343,6,54.335283289871846,14.3,51356,60323,6,52.574744460403565
42017,"Bucks County, PA",2008,338303,2010,311597,315728,2,0.9332698793684951,FALSE,FALSE,TRUE,2019,335887,2020,316354,336234,2,1.0010330855317413,FALSE,FALSE,FALSE,5.2,70688,621336,1,1027.9412421601894,5.7,93587,628270,1,1039.4128848352295
42019,"Butler County, PA",2008,95052,2010,88774,92073.5,2,0.9686645204730042,FALSE,FALSE,FALSE,2019,95596,2020,90199,96198.5,2,1.006302564960877,FALSE,FALSE,FALSE,8.8,54023,181690,1,230.13824254384522,7.8,72576,187853,1,237.94462698326245
42021,"Cambria County, PA",2008,65601,2013,59227,59148.5,2,0.9016402188991022,FALSE,FALSE,TRUE,2018,57448,2020,53408,54477,2,0.9482836652276841,FALSE,FALSE,TRUE,13.9,37260,145283,3,211.1785081465137,14.9,48798,130192,3,189.24273543780697
42023,"Cameron County, PA",2006,2457,2009,1971,2226.5,2,0.9061864061864062,FALSE,FALSE,TRUE,2018,1956,2020,1727,1734.5,2,0.8867586912065439,FALSE,FALSE,TRUE,12.1,37781,5274,7,13.310316631081633,14,43704,4447,7,11.22316610891544
42025,"Carbon County, PA",2008,29605,2009,28440,28936.5,2,0.9774193548387097,FALSE,FALSE,FALSE,2019,30331,2020,28616,30649,2,1.0104843229698988,FALSE,FALSE,FALSE,10.6,43733,64339,2,168.71112556246658,9.8,59985,64182,2,168.29943674676682
42027,"Centre County, PA",2008,72612,2009,71340,73399.5,2,1.010845314823996,FALSE,FALSE,FALSE,2019,75261,2021,70409,74234,2,0.9863541542100158,FALSE,FALSE,TRUE,14.7,44968,149498,3,135.0162879687589,15.9,61036,162385,3,146.65493800456804
42029,"Chester County, PA",2008,264650,2009,252792,256544,2,0.969370867183072,FALSE,FALSE,FALSE,2019,281127,2020,266325,291615.5,2,1.0373087608091716,FALSE,FALSE,FALSE,5.5,82979,486156,1,647.732132793108,5.9,102233,524989,1,699.4714549710812
42031,"Clarion County, PA",2006,19733,2011,17226,17292.5,2,0.8763239243906147,FALSE,FALSE,TRUE,2018,16860,2022,15497,15472,2,0.9176749703440095,FALSE,FALSE,TRUE,16.5,36023,40399,6,67.2379817454347,14.1,49173,38438,6,63.97419595363793
42033,"Clearfield County, PA",2006,38925,2010,34121,34634.5,2,0.8897752087347464,FALSE,FALSE,TRUE,2019,34711,2020,33244,34008.5,2,0.9797614589035176,FALSE,FALSE,TRUE,15.3,36666,82558,4,72.0992786404206,13.7,46967,79255,4,69.21471363945994
42035,"Clinton County, PA",2008,18338,2010,16997,17702,2,0.9653179190751445,FALSE,FALSE,TRUE,2018,17616,2022,16086,16506,2,0.9369891008174387,FALSE,FALSE,TRUE,13.3,36983,38859,6,43.679956835987994,13.4,50777,38632,4,43.42479457752099
42037,"Columbia County, PA",2008,34424,2010,31514,32693,2,0.9497153148965838,FALSE,FALSE,TRUE,2019,30368,2020,28921,30367,2,0.9999670706006323,FALSE,FALSE,FALSE,13.1,42119,66196,4,136.97830769835636,14.7,54377,64964,3,134.42895010749928
42039,"Crawford County, PA",2008,41297,2010,37769,38905,2,0.9420781170545076,FALSE,FALSE,TRUE,2018,37341,2020,35309,36239,2,0.9704882033153905,FALSE,FALSE,TRUE,14.1,36672,89544,4,88.45118560188867,12.6,49741,84629,4,83.59616932795313
42041,"Cumberland County, PA",2008,121028,2010,116004,118684.5,2,0.9806367121657799,FALSE,FALSE,FALSE,2019,129933,2020,124724,134094.5,2,1.0320280452233075,FALSE,FALSE,FALSE,6.4,58336,228718,2,419.29522880681674,7.2,75269,253370,2,464.4882874228664
42043,"Dauphin County, PA",2008,132210,2009,127559,130514.5,2,0.9871757053172983,FALSE,FALSE,FALSE,2019,142038,2020,135726,142217,2,1.0012602261366677,FALSE,FALSE,FALSE,11,49998,263096,2,501.2593594604378,11.3,60763,278299,2,530.2246270505077
42045,"Delaware County, PA",2008,274381,2009,260253,266493,2,0.9712516537223788,FALSE,FALSE,FALSE,2019,279384,2020,262514,287772,2,1.030023193883687,FALSE,FALSE,FALSE,9.7,60069,554916,1,3018.9980849582175,9.9,76783,566747,1,3083.364162604457
42047,"Elk County, PA",2006,16792,2009,15028,15697,2,0.9347903763696999,FALSE,FALSE,TRUE,2018,15738,2020,13901,14330.5,2,0.9105667810395222,FALSE,FALSE,TRUE,9.6,42201,32833,7,39.70608331589876,9.8,55462,29910,7,36.17119824501361
42049,"Erie County, PA",2008,134524,2010,123741,126720,2,0.9419880467425887,FALSE,FALSE,TRUE,2019,124648,2020,116584,120815,2,0.9692494063282203,FALSE,FALSE,TRUE,14.4,42365,278573,2,348.69527012733744,16.6,51923,269728,2,337.6238107099628
42051,"Fayette County, PA",2008,62637,2010,53163,54308,2,0.8670274757731053,FALSE,FALSE,TRUE,2019,54295,2020,50391,51279,2,0.9444516069619671,FALSE,FALSE,TRUE,19.5,31867,140159,1,177.24638890785803,17.5,48055,129274,1,163.48111558782838
42053,"Forest County, PA",2007,2246,2013,1786,1667,2,0.7422083704363313,FALSE,FALSE,TRUE,2018,1540,2022,1440,1426.5,2,0.9262987012987013,FALSE,FALSE,TRUE,21,30501,7512,9,17.581841459161772,26,41267,7247,9,16.96160876657952
42055,"Franklin County, PA",2008,79566,2010,69296,71506,2,0.8987004499409296,FALSE,FALSE,TRUE,2019,74546,2020,71829,74312,2,0.9968609985780592,FALSE,FALSE,FALSE,7.9,47728,144840,4,187.54880036877864,8.1,62699,155027,3,200.73962907187686
42057,"Fulton County, PA",2006,7931,2010,6526,6761.5,2,0.8525406632202749,FALSE,FALSE,TRUE,2018,7288,2020,6351,6739.5,2,0.9247392974753018,FALSE,FALSE,TRUE,12.3,44479,14900,8,34.053173230092035,12.2,56357,14530,8,33.207557519009214
42059,"Greene County, PA",2008,17623,2010,15963,17605.5,2,0.999006979515406,FALSE,FALSE,FALSE,2019,14006,2020,12863,13069,2,0.9331000999571613,FALSE,FALSE,TRUE,18.1,37609,39096,6,67.88301396692665,14.2,56599,36233,6,62.911940993033895
42061,"Huntingdon County, PA",2008,21241,2013,18409,18274.5,2,0.8603408502424557,FALSE,FALSE,TRUE,2019,18525,2020,17461,18067,2,0.97527665317139,FALSE,FALSE,TRUE,12.1,39886,45802,6,52.369562035783545,13,54323,45144,6,51.617211225348505
42063,"Indiana County, PA",2008,44693,2010,40274,41044,2,0.9183541046696351,FALSE,FALSE,TRUE,2019,36305,2022,33630,33848,2,0.9323233714364413,FALSE,FALSE,TRUE,18.9,34463,88520,4,106.98651428460927,14,51299,84073,4,101.611807675666
42065,"Jefferson County, PA",2007,22123,2013,19438,19781,2,0.8941373231478552,FALSE,FALSE,TRUE,2019,20084,2021,18768,18664.5,2,0.9293218482374029,FALSE,FALSE,TRUE,13.2,36268,45335,7,69.4853166574704,16.4,50789,43425,7,66.557844399485
42067,"Juniata County, PA",2006,12151,2010,11132,11211.5,2,0.9226812608015801,FALSE,FALSE,TRUE,2019,11495,2020,11206,11392,2,0.9910395824271422,FALSE,FALSE,FALSE,8.5,42264,24238,6,61.92784197899287,10.4,57837,24763,6,63.26921160680751
42069,"Lackawanna County, PA",2008,102681,2010,97462,98741.5,2,0.9616336031008658,FALSE,FALSE,TRUE,2018,100900,2020,95068,100412.5,2,0.9951684836471755,FALSE,FALSE,FALSE,12.6,41536,213513,2,465.285495744041,14.2,53655,209674,2,456.91958351311655
42071,"Lancaster County, PA",2008,264035,2011,247988,258112.5,2,0.9775692616509175,FALSE,FALSE,FALSE,2019,278193,2020,264593,281495.5,2,1.011871254848253,FALSE,FALSE,FALSE,8.6,52854,506639,2,536.7370678147818,10.5,67515,545724,2,578.1440031188952
42073,"Lawrence County, PA",2007,41951,2010,39175,39989,2,0.9532311506281137,FALSE,FALSE,TRUE,2019,38796,2020,36205,37297.5,2,0.9613748840086607,FALSE,FALSE,TRUE,14.3,40600,92007,4,257.44145051624275,12.3,50979,85512,4,239.26802652564427
42075,"Lebanon County, PA",2008,70633,2010,64862,66478.5,2,0.9411818838220095,FALSE,FALSE,FALSE,2019,68311,2020,65413,69812.5,2,1.0219803545549033,FALSE,FALSE,FALSE,8.8,47236,130182,3,359.78277391628785,10.4,61560,141793,3,391.871985849904
42077,"Lehigh County, PA",2008,169638,2010,161002,168716.5,2,0.9945678444688101,FALSE,FALSE,FALSE,2019,181525,2020,171752,183893,2,1.0130450351191296,FALSE,FALSE,FALSE,9.1,51725,340848,2,987.0039613593717,11.5,65436,369318,2,1069.445409687956
42079,"Luzerne County, PA",2008,152310,2010,143947,145879,2,0.9577769023701661,FALSE,FALSE,FALSE,2019,152354,2020,143834,152795.5,2,1.0028978563083346,FALSE,FALSE,FALSE,11.7,41679,318232,2,357.64160093143795,15.2,53439,317417,2,356.72567197156235
42081,"Lycoming County, PA",2008,57388,2010,54202,57612,2,1.003903255035896,FALSE,FALSE,FALSE,2018,52176,2020,49184,50264.5,2,0.963364382091383,FALSE,FALSE,TRUE,13,41497,116524,3,94.81821436708654,13.6,53762,113299,3,92.19395892328222
42083,"McKean County, PA",2008,20685,2010,18042,18389,2,0.8890016920473773,FALSE,FALSE,TRUE,2018,17582,2020,16065,16371.5,2,0.9311511773404618,FALSE,FALSE,TRUE,13.7,37949,44045,7,44.95791543073654,14.6,53266,40625,7,41.46702950104829
42085,"Mercer County, PA",2007,52588,2010,48545,50023.5,2,0.9512341218528942,FALSE,FALSE,TRUE,2018,47730,2020,43888,44748,2,0.9375235700817096,FALSE,FALSE,TRUE,11.2,40945,117794,2,175.14846744719256,13.1,54099,109424,2,162.7030740270438
42087,"Mifflin County, PA",2006,21433,2010,19098,19538,2,0.9115849391125834,FALSE,FALSE,FALSE,2019,21780,2020,21058,22012,2,1.010651974288338,FALSE,FALSE,FALSE,13.9,37143,46551,4,113.25257823504941,13.3,50571,46138,4,112.24780250926317
42089,"Monroe County, PA",2008,79339,2013,74233,76812,2,0.96814933387111,FALSE,FALSE,FALSE,2019,79453,2020,73285,77499,2,0.9754068442978868,FALSE,FALSE,TRUE,9.1,55928,167352,4,275.0866672912958,12.2,63012,170271,3,279.8848052389946
42091,"Montgomery County, PA",2008,420971,2009,398324,405956,2,0.964332459955674,FALSE,FALSE,FALSE,2019,447351,2020,423130,455693,2,1.018647549686935,FALSE,FALSE,FALSE,5.3,73985,785170,1,1625.8261964318253,6,92340,830915,1,1720.5488926068879
42093,"Montour County, PA",2008,9027,2010,8473,8950,2,0.9914700343414202,FALSE,FALSE,FALSE,2019,8655,2020,8568,9051.5,2,1.0458116695551705,FALSE,FALSE,FALSE,10.4,46705,18107,6,138.9308760003376,9.1,65534,18230,3,139.87462691147925
42095,"Northampton County, PA",2008,146041,2010,138631,144025,2,0.9861956573838854,FALSE,FALSE,FALSE,2019,154112,2020,145594,157372.5,2,1.0211566912375416,FALSE,FALSE,FALSE,7.9,57975,293212,2,792.9213303874934,7.9,73780,305285,2,825.5698550787346
42097,"Northumberland County, PA",2007,45100,2011,40878,41059.5,2,0.910410199556541,FALSE,FALSE,TRUE,2019,41667,2020,39568,41393,2,0.9934240526075792,FALSE,FALSE,FALSE,12.9,36996,93728,4,204.7902673932328,13.3,47967,90843,4,198.48670899628124
42099,"Perry County, PA",2008,23804,2013,22759,22782.5,2,0.9570870441942531,FALSE,FALSE,TRUE,2019,22623,2020,21504,22513.5,2,0.9951597931308845,FALSE,FALSE,FALSE,8.6,49740,45454,2,82.42648005527258,8.9,65401,46272,2,83.90984479072408
42101,"Philadelphia County/city, PA",2008,588603,2009,592114,621449.5,2,1.0558041668153237,FALSE,FALSE,FALSE,2019,740897,2020,692852,740452,2,0.9993993767014848,FALSE,FALSE,FALSE,23.5,35431,1493309,1,11117.13381723432,23,47598,1584064,1,11792.77126372604
42103,"Pike County, PA",2008,26854,2013,23479,24550.5,2,0.9142213450510166,FALSE,FALSE,FALSE,2019,26198,2020,24205,26974.5,2,1.0296396671501642,FALSE,FALSE,FALSE,8.7,54614,56627,1,103.92258339206015,9.2,66595,55809,1,102.42137949260044
42105,"Potter County, PA",2006,7796,2009,6898,7176,2,0.9204720369420215,FALSE,FALSE,TRUE,2019,6768,2022,6348,6021,2,0.8896276595744681,FALSE,FALSE,TRUE,15,37520,17659,9,16.33203822616252,11.7,49054,16526,9,15.284175985365072
42107,"Schuylkill County, PA",2007,70211,2010,63233,64142.5,2,0.9135676745809062,FALSE,FALSE,TRUE,2019,63497,2020,60799,63012.5,2,0.9923697182544057,FALSE,FALSE,FALSE,11.9,40655,148387,4,190.58695392503523,11.7,55951,141359,4,181.56025271680846
42109,"Snyder County, PA",2006,19300,2009,17733,18344,2,0.9504663212435234,FALSE,FALSE,FALSE,2018,19677,2020,18175,18991,2,0.9651369619352543,FALSE,FALSE,TRUE,10.7,41354,39295,7,119.51615650396613,10.3,56873,40372,7,122.79186335101465
42111,"Somerset County, PA",2008,37105,2013,32625,32567.5,2,0.877711898665948,FALSE,FALSE,TRUE,2018,32881,2020,30805,31688.5,2,0.9637328548401812,FALSE,FALSE,TRUE,11.4,37435,78490,4,73.01076138996713,12.5,49082,73447,4,68.31980369230368
42113,"Sullivan County, PA",2006,2873,2010,2724,2842,2,0.989209885137487,FALSE,FALSE,FALSE,2018,2621,2021,2407,2586.5,2,0.9868370850820297,FALSE,FALSE,TRUE,12.6,36241,6525,8,14.501965822033652,12.9,51718,6066,8,13.48182753662163
42115,"Susquehanna County, PA",2008,20875,2010,19749,20842,2,0.9984191616766467,FALSE,FALSE,TRUE,2019,17320,2020,16208,17075.5,2,0.9858833718244804,FALSE,FALSE,TRUE,11.3,42149,43310,6,52.59297578367298,11.3,60235,40328,6,48.97182007397746
42117,"Tioga County, PA",2008,19459,2010,18526,19823.5,2,1.0187316922760676,FALSE,FALSE,FALSE,2019,18201,2020,17422,18111,2,0.9950552167463326,FALSE,FALSE,TRUE,14.4,38453,41371,6,36.485838157425924,13.4,51324,40591,6,35.79794195567126
42119,"Union County, PA",2006,17013,2009,16171,17872.5,2,1.0505201904426027,FALSE,FALSE,FALSE,2019,17336,2020,16375,17094,2,0.9860406091370558,FALSE,FALSE,TRUE,13.2,43629,44846,4,141.93703573587544,12,61306,44923,4,142.18073978421114
42121,"Venango County, PA",2006,25313,2013,23395,22805.5,2,0.9009402283411686,FALSE,FALSE,TRUE,2019,21781,2022,20487,19543,2,0.8972498966989578,FALSE,FALSE,TRUE,14.4,36510,55510,4,82.3266816459404,12.5,53619,50668,4,75.14552883510193
42123,"Warren County, PA",2008,20781,2011,18930,19192.5,2,0.9235599826764833,FALSE,FALSE,TRUE,2018,17174,2022,15669,15310,2,0.8914638406894142,FALSE,FALSE,TRUE,12.9,39931,41963,6,47.454318871129345,13.5,52592,39191,6,44.319572263146824
42125,"Washington County, PA",2008,101319,2010,96817,99980.5,2,0.9867892497952013,FALSE,FALSE,FALSE,2019,101720,2020,95368,100055,2,0.98363153755407,FALSE,FALSE,TRUE,9.6,47122,206259,1,240.67280428466412,9.9,65558,206865,1,241.37991388665245
42127,"Wayne County, PA",2007,24687,2013,21009,20810,2,0.842953781342407,FALSE,FALSE,TRUE,2019,20599,2020,19381,20764,2,1.0080100975775523,FALSE,FALSE,FALSE,11.2,41756,52341,6,72.11798795484513,12.4,56265,51361,6,70.76769605756101
42129,"Westmoreland County, PA",2008,179811,2010,170117,174150,2,0.9685169427899294,FALSE,FALSE,TRUE,2019,172588,2020,161077,167080,2,0.9680858460611398,FALSE,FALSE,TRUE,9.5,45974,366318,1,356.4410193537087,10.5,59407,348899,1,339.4916853976316
42131,"Wyoming County, PA",2008,13732,2011,13083,13259.5,2,0.965591319545587,FALSE,FALSE,TRUE,2018,12262,2020,11337,11904.5,2,0.9708448866416571,FALSE,FALSE,TRUE,10.9,45895,28287,2,71.20561448731051,9.9,60419,26794,2,67.447351595185
42133,"York County, PA",2008,219421,2009,209451,215063.5,2,0.9801409163206803,FALSE,FALSE,FALSE,2019,227161,2020,216041,229806.5,2,1.0116459251367973,FALSE,FALSE,FALSE,8.6,55047,424919,2,469.86018718375146,9.2,69101,449058,2,496.5522274512579
44001,"Bristol County, RI",2006,27161,2011,23953,24621,2,0.9064835609881816,FALSE,FALSE,TRUE,2019,25948,2020,24264,25990.5,2,1.0016378911669492,FALSE,FALSE,FALSE,6.7,62575,50914,1,2109.812696834079,6.8,87926,48479,1,2008.9093320072932
44003,"Kent County, RI",2007,92458,2011,83531,85501.5,2,0.9247604317636116,FALSE,FALSE,FALSE,2019,89957,2020,84404,91691,2,1.0192758762519871,FALSE,FALSE,FALSE,6.6,57986,167515,1,993.7532627782259,8.1,74230,164292,1,974.6333823738787
44005,"Newport County, RI",2007,43102,2009,39116,40458,2,0.9386571388798663,FALSE,FALSE,TRUE,2019,41754,2020,38883,41409.5,2,0.9917492934808642,FALSE,FALSE,TRUE,8.3,62046,82881,1,809.1398111899719,8.5,80862,82082,1,801.3394382559967
44007,"Providence County, RI",2007,308218,2009,287459,292166,2,0.9479199787163631,FALSE,FALSE,FALSE,2019,329831,2020,308335,334926.5,2,1.0154488207597223,FALSE,FALSE,FALSE,15.4,47337,629110,1,1536.3481845444512,14,62165,638931,1,1560.332027625011
44009,"Washington County, RI",2007,70691,2011,63889,65108.5,2,0.9210295511451245,FALSE,FALSE,TRUE,2019,65870,2020,61605,66799.5,2,1.0141111279793533,FALSE,FALSE,FALSE,6.3,66583,126895,1,385.372283079091,8,86450,125577,1,381.3695984256512
45001,"Abbeville County, SC",2006,11217,2011,9450,9601,2,0.8559329589016671,FALSE,FALSE,TRUE,2019,9576,2020,9283,9477,2,0.9896616541353384,FALSE,FALSE,FALSE,17.4,35993,25745,6,52.4129928032655,14.8,46499,24527,6,49.93332586854508
45003,"Aiken County, SC",2007,71968,2010,66139,66769,2,0.9277595598043575,FALSE,FALSE,FALSE,2019,70759,2020,69621,73198,2,1.0344691134696646,FALSE,FALSE,FALSE,15.4,45105,154814,2,144.59490003493127,12.5,56824,170872,2,159.59292931368466
45005,"Allendale County, SC",2006,3555,2012,2596,2454.5,2,0.690436005625879,FALSE,FALSE,TRUE,2018,2683,2022,2365,2533,2,0.9440924338427134,FALSE,FALSE,TRUE,36.8,25417,10787,6,26.43257084747424,30.2,32147,8688,6,21.289160612112376
45007,"Anderson County, SC",2007,81656,2010,75953,78663,2,0.9633462329773684,FALSE,FALSE,FALSE,2019,89228,2020,86261,94207,2,1.0558008696821626,FALSE,FALSE,FALSE,13.8,41691,181543,3,254.31390732558756,12.9,54496,202558,2,283.7527001319597
45009,"Bamberg County, SC",2006,5981,2013,4816,5028.5,2,0.8407456946998829,FALSE,FALSE,TRUE,2018,5030,2021,4748,5066.5,2,1.0072564612326045,FALSE,FALSE,FALSE,27.4,27421,16226,7,41.24901173713097,24.2,35364,14066,7,35.757956310519184
45011,"Barnwell County, SC",2006,8513,2009,7561,7755,2,0.9109597086808411,FALSE,FALSE,TRUE,2018,8327,2021,7607,7838,2,0.9412753692806533,FALSE,FALSE,TRUE,21.8,30601,22851,6,41.66978188601762,24.9,36675,20866,6,38.05004896213048
45013,"Beaufort County, SC",2007,62325,2009,58204,60324,2,0.9678941034897713,FALSE,FALSE,FALSE,2019,76781,2020,73922,79698,2,1.0379911696904183,FALSE,FALSE,FALSE,10.4,54209,151411,5,262.8562797948689,10.2,73890,192122,3,333.53239980417413
45015,"Berkeley County, SC",2008,76054,2009,73223,79229,2,1.0417466536934283,FALSE,FALSE,FALSE,2019,103187,2020,100829,117196.5,2,1.1357680715594018,FALSE,FALSE,FALSE,10.6,48746,164913,2,149.4305053415609,10.7,68690,227907,2,206.5104520618697
45017,"Calhoun County, SC",2006,6722,2009,5986,6190.5,2,0.9209312704552216,FALSE,FALSE,TRUE,2019,6098,2020,5926,6137.5,2,1.0064775336175795,FALSE,FALSE,FALSE,17.4,39141,15260,2,40.037151117944305,18.2,47090,14553,2,38.182218887250556
45019,"Charleston County, SC",2007,169250,2009,160603,170377,2,1.006658788774003,FALSE,FALSE,FALSE,2019,202979,2020,194991,216204,2,1.0651545233743391,FALSE,FALSE,FALSE,15.2,47297,337147,2,367.1965278571934,11.7,70980,411406,2,448.07414789280796
45021,"Cherokee County, SC",2007,24007,2010,20109,20923.5,2,0.8715582954971467,FALSE,FALSE,TRUE,2019,23334,2020,22327,22651,2,0.9707294077312076,FALSE,FALSE,TRUE,16.8,37815,54467,4,138.6069828990228,16,46905,57300,4,145.8163680781759
45023,"Chester County, SC",2006,14836,2011,11931,12008.5,2,0.8094162847128606,FALSE,FALSE,TRUE,2019,13252,2020,12908,13241.5,2,0.9992076667672805,FALSE,FALSE,FALSE,20.1,36522,33247,6,57.237051638504646,17.7,45400,32244,1,55.510316510721076
45025,"Chesterfield County, SC",2007,17374,2009,16103,18539,2,1.0670542189478531,FALSE,FALSE,FALSE,2019,18506,2020,17712,18158,2,0.9811952880146979,FALSE,FALSE,TRUE,21,33458,45708,6,57.20751051958357,19.9,42441,45650,6,57.13491850921042
45027,"Clarendon County, SC",2006,12001,2009,10993,11614,2,0.9677526872760603,FALSE,FALSE,FALSE,2019,11419,2022,11042,11088,2,0.9710132235747438,FALSE,FALSE,TRUE,23.7,31814,34250,6,56.40580559842031,25.1,39900,33745,6,55.57412875675017
45029,"Colleton County, SC",2006,16146,2011,14330,14969.5,2,0.927133655394525,FALSE,FALSE,TRUE,2019,15173,2022,14483,15201.5,2,1.0018783365188164,FALSE,FALSE,FALSE,21.7,34703,38765,6,36.69329648069969,21,40808,37677,6,35.66344206122333
45031,"Darlington County, SC",2007,29331,2011,26556,27189,2,0.9269714636391531,FALSE,FALSE,TRUE,2019,26350,2020,25641,26848,2,1.0188994307400379,FALSE,FALSE,FALSE,18.7,39434,68489,3,122.16456872548513,19.6,44007,66618,3,118.8272458256708
45033,"Dillon County, SC",2006,12426,2013,11223,11109.5,2,0.8940527925317882,FALSE,FALSE,TRUE,2019,11243,2020,11253,11520.5,2,1.0246820243707195,FALSE,FALSE,FALSE,27.7,28979,31433,6,77.59778411952324,26.8,35483,30479,6,75.24267051121271
45035,"Dorchester County, SC",2008,60806,2009,58612,61896.5,2,1.0179340854520935,FALSE,FALSE,FALSE,2019,73970,2020,71111,79201,2,1.0707178585913208,FALSE,FALSE,FALSE,10.7,53613,126324,2,222.24763499902355,9.3,68051,162809,2,286.4373769557331
45037,"Edgefield County, SC",2007,10485,2012,9614,9820.5,2,0.936623748211731,FALSE,FALSE,FALSE,2019,10756,2020,10382,11379.5,2,1.0579676459650427,FALSE,FALSE,FALSE,18.7,41360,26493,2,52.91319144856677,15.7,52591,27260,2,54.44508356501454
45039,"Fairfield County, SC",2006,10617,2013,8991,9473,2,0.8922482810586795,FALSE,FALSE,TRUE,2019,9439,2020,9041,9193,2,0.9739379171522407,FALSE,FALSE,TRUE,17.8,34174,23917,2,34.848886648229794,19.1,42496,22347,2,32.561277331103035
45041,"Florence County, SC",2007,59945,2011,57280,59563,2,0.9936274918675453,FALSE,FALSE,FALSE,2019,59247,2020,57776,61198,2,1.0329299373807956,FALSE,FALSE,FALSE,17.8,40371,133757,3,167.09014775617482,17,49770,138293,3,172.7565495910097
45043,"Georgetown County, SC",2008,28525,2012,21664,22686,2,0.7953023663453112,FALSE,FALSE,TRUE,2019,24965,2020,24385,26346.5,2,1.055337472461446,FALSE,FALSE,FALSE,17.7,41421,60277,4,74.08085637209417,17.5,53747,62680,4,77.03416025022584
45045,"Greenville County, SC",2007,214640,2010,200518,212869.5,2,0.991751304509877,FALSE,FALSE,FALSE,2019,250275,2020,242965,268867.5,2,1.0742882828888223,FALSE,FALSE,FALSE,12.2,47867,427970,2,544.5347400618624,10.7,64399,523542,2,666.1373621549819
45047,"Greenwood County, SC",2006,29798,2009,27503,28585,2,0.959292569971139,FALSE,FALSE,TRUE,2019,28346,2022,27171,27791,2,0.9804205178861215,FALSE,FALSE,TRUE,15,40428,68198,4,149.68635180397098,18,43958,70811,4,155.42157039196147
45049,"Hampton County, SC",2006,7565,2009,6874,7494.5,2,0.990680766688698,FALSE,FALSE,FALSE,2019,7448,2020,7112,7238.5,2,0.9718716433941997,FALSE,FALSE,FALSE,21.3,33300,21295,6,38.02848341443814,23.2,37560,19222,6,34.32653243448368
45051,"Horry County, SC",2007,126184,2010,115725,119872.5,2,0.9499817726494643,FALSE,FALSE,FALSE,2019,147117,2020,138514,158426,2,1.0768707899155094,FALSE,FALSE,FALSE,14,42960,252464,3,222.79682091994235,12.7,53648,354081,2,312.4727531376913
45053,"Jasper County, SC",2006,9907,2009,9181,9962.5,2,1.0056020995255879,FALSE,FALSE,FALSE,2019,11538,2020,11370,13024.5,2,1.1288351534061363,FALSE,FALSE,FALSE,20.8,36522,22971,6,35.063002281972416,17.2,50790,30073,3,45.90351606920711
45055,"Kershaw County, SC",2007,28600,2010,25088,25539,2,0.892972027972028,FALSE,FALSE,FALSE,2019,28008,2020,27464,29946,2,1.0691945158526135,FALSE,FALSE,FALSE,14.2,46459,59380,2,81.72174420460989,13.8,56318,66551,2,91.5908352738463
45057,"Lancaster County, SC",2006,28410,2009,25422,30022,2,1.0567405843013025,FALSE,FALSE,FALSE,2019,40197,2020,40112,46122.5,2,1.1474114983705253,FALSE,FALSE,FALSE,17.9,37169,69504,4,126.56098067279224,11.8,63842,98012,1,178.47166836011903
45059,"Laurens County, SC",2006,31877,2010,26683,27069.5,2,0.8491859334316278,FALSE,FALSE,TRUE,2019,28366,2020,27316,29137.5,2,1.0271980540083199,FALSE,FALSE,FALSE,20.2,35832,67172,2,94.22742684160248,19.1,47038,67493,2,94.67771868963669
45061,"Lee County, SC",2006,7741,2012,5768,5832.5,2,0.7534556258881282,FALSE,FALSE,TRUE,2019,5525,2020,5494,5614.5,2,1.0161990950226245,FALSE,FALSE,FALSE,26.2,30448,19836,6,48.358431642153455,25.4,37710,16828,6,41.02519094949377
45063,"Lexington County, SC",2007,128627,2010,122962,127969,2,0.9948844332838362,FALSE,FALSE,FALSE,2019,136902,2020,134977,146312.5,2,1.0687389519510306,FALSE,FALSE,FALSE,10.9,51040,246461,2,352.79979845001185,11.9,62059,298750,2,427.6495664098622
45065,"McCormick County, SC",2006,3270,2009,2913,3142.5,2,0.9610091743119266,FALSE,FALSE,FALSE,2019,3047,2020,2914,3140,2,1.0305218247456516,FALSE,FALSE,FALSE,19.6,36573,10162,8,28.315082615843295,18.1,48645,9463,8,26.367410627211683
45067,"Marion County, SC",2006,12045,2009,10431,11501.5,2,0.9548775425487754,FALSE,FALSE,TRUE,2019,10841,2020,10683,10809,2,0.9970482427820312,FALSE,FALSE,FALSE,24.3,30364,33842,6,69.15393606499758,24.9,35138,30657,6,62.64559476226674
45069,"Marlboro County, SC",2006,11485,2010,8632,8959.5,2,0.7801044841097083,FALSE,FALSE,TRUE,2019,8919,2022,8173,7724.5,2,0.866072429644579,FALSE,FALSE,TRUE,26,29229,29221,6,60.89306776362128,28.9,34532,26118,6,54.426787031595794
45071,"Newberry County, SC",2008,17543,2012,16580,17521,2,0.998745938550989,FALSE,FALSE,FALSE,2019,17224,2020,17066,18028,2,1.0466790524849048,FALSE,FALSE,FALSE,16.7,39766,37061,6,58.798424892036564,14,50773,38440,6,60.98625112247067
45073,"Oconee County, SC",2008,28785,2009,27463,30177.5,2,1.048375890220601,FALSE,FALSE,FALSE,2019,32825,2020,32094,34181.5,2,1.0413252094440213,FALSE,FALSE,FALSE,13.9,42279,72407,6,115.56164873293476,13.1,52240,79546,4,126.9555002984522
45075,"Orangeburg County, SC",2007,37765,2012,33677,32921,2,0.8717330861909175,FALSE,FALSE,TRUE,2019,33670,2020,32344,33267.5,2,0.988045738045738,FALSE,FALSE,TRUE,23.2,33192,92626,4,83.71995491599172,26.3,38736,86175,4,77.88922240931906
45077,"Pickens County, SC",2007,56276,2010,48878,50109,2,0.890415097021821,FALSE,FALSE,FALSE,2019,58636,2020,56733,61432,2,1.0476840166450645,FALSE,FALSE,FALSE,16.4,42453,116815,2,235.07003905927712,15.3,52949,126884,2,255.332164841821
45079,"Richland County, SC",2007,173451,2009,165526,171477,2,0.9886192642302437,FALSE,FALSE,FALSE,2019,189441,2020,184770,195498,2,1.031973015345147,FALSE,FALSE,FALSE,12.7,47787,366111,2,483.4367477476169,16.2,52905,415759,2,548.9951921870729
45081,"Saluda County, SC",2006,8973,2011,7837,8029,2,0.8947954976039229,FALSE,FALSE,TRUE,2019,8354,2020,7976,8240,2,0.9863538424706727,FALSE,FALSE,FALSE,16.8,38968,19417,2,42.84743339085457,16.1,49493,20473,2,45.17770530004458
45083,"Spartanburg County, SC",2007,129174,2010,117089,123284,2,0.9544025887562513,FALSE,FALSE,FALSE,2019,147854,2020,146271,155757,2,1.0534513777104442,FALSE,FALSE,FALSE,13.7,41160,274215,2,339.2041385094389,12.9,55588,319785,2,395.5742590056741
45085,"Sumter County, SC",2006,43199,2010,39183,40052,2,0.9271510914604505,FALSE,FALSE,TRUE,2019,40823,2020,39903,40178,2,0.9842000832863826,FALSE,FALSE,TRUE,18.5,38616,106014,3,159.40085223086615,17.8,49611,106721,3,160.46388543900113
45087,"Union County, SC",2006,11192,2009,9900,10296,2,0.9199428162973553,FALSE,FALSE,TRUE,2019,10821,2022,10151,10106.5,2,0.9339709823491359,FALSE,FALSE,TRUE,17.7,35887,29060,6,56.58055622619761,19.9,42851,27316,2,53.18494404249188
45089,"Williamsburg County, SC",2006,14436,2012,10444,11398,2,0.7895538930451649,FALSE,FALSE,TRUE,2019,11773,2022,10812,9847.5,2,0.8364478042979699,FALSE,FALSE,TRUE,36.3,26745,35444,6,37.94186472211577,27.8,34409,30368,6,32.508140951394076
45091,"York County, SC",2008,101595,2009,98496,105841.5,2,1.0417983168463014,FALSE,FALSE,FALSE,2019,133580,2020,133518,144843,2,1.0843165144482707,FALSE,FALSE,FALSE,12.1,54092,208640,1,306.5733114884176,8.6,68468,280979,1,412.8674390754605
46003,"Aurora County, SD",2008,1396,2009,1446,1631.5,2,1.1686962750716332,FALSE,FALSE,FALSE,2018,1515,2020,1432,1468.5,2,0.9693069306930693,FALSE,FALSE,TRUE,10.5,37680,2745,9,3.874601247776868,10.2,56360,2751,9,3.8830703215425006
46005,"Beadle County, SD",2008,9214,2010,9042,9206.5,2,0.9991860212719774,FALSE,FALSE,FALSE,2019,8931,2021,8640,8735.5,2,0.9781099540924868,FALSE,FALSE,TRUE,12.8,37632,16489,7,13.100044649312224,12.9,51844,18453,7,14.660387161972132
46007,"Bennett County, SD",2006,1403,2013,1063,1202.5,2,0.8570919458303635,FALSE,FALSE,TRUE,2018,1265,2021,1224,1263,2,0.9984189723320158,FALSE,FALSE,FALSE,34.6,30635,3466,9,2.925778420822493,31.6,36345,3365,9,2.840520596095698
46009,"Bon Homme County, SD",2006,3061,2008,2890,3017.5,2,0.9857889578569095,FALSE,FALSE,TRUE,2019,2590,2020,2563,2590,2,1,FALSE,FALSE,FALSE,14.2,37978,7060,9,12.527748252592055,14.1,52660,6901,9,12.245607746620081
46011,"Brookings County, SD",2007,18871,2010,17031,17112.5,2,0.9068146892056594,FALSE,FALSE,FALSE,2019,18640,2020,17840,18895,2,1.0136802575107295,FALSE,FALSE,FALSE,14.4,45120,30831,7,38.917367337484556,11.9,59036,35077,5,44.27700996065472
46013,"Brown County, SD",2007,20316,2011,20070,20339.5,2,1.0011567237645205,FALSE,FALSE,FALSE,2018,20711,2022,19953,19830.5,2,0.9574863599053643,FALSE,FALSE,TRUE,10.8,43777,35821,5,20.910900567999395,9.4,61447,38839,5,22.672691079549104
46015,"Brule County, SD",2007,2682,2013,2516,2698,2,1.005965697240865,FALSE,FALSE,FALSE,2018,2949,2019,2866,3094.5,2,1.0493387589013226,FALSE,FALSE,FALSE,12.6,38576,5079,9,6.214957502367778,12.6,65008,5297,9,6.481714882859248
46017,"Buffalo County, SD",2006,467,2008,422,639,2,1.36830835117773,TRUE,FALSE,FALSE,2018,610,2019,587,614.5,2,1.0073770491803278,TRUE,FALSE,FALSE,50.3,17488,1937,9,4.108993328454302,39.8,26671,1962,9,4.162026283132339
46019,"Butte County, SD",2006,5210,2012,4762,4918.5,2,0.9440499040307102,FALSE,FALSE,FALSE,2019,5042,2020,4875,5224,2,1.0360967869892899,FALSE,FALSE,FALSE,14,38513,9817,6,4.363091719592357,12.9,50105,10429,6,4.6350905107088405
46021,"Campbell County, SD",2006,849,2007,792,840.5,2,0.9899882214369847,TRUE,FALSE,FALSE,2019,685,2022,682,657,2,0.9591240875912409,TRUE,FALSE,FALSE,11.4,34594,1474,9,2.0090584821385975,10.5,56043,1376,9,1.8754847160262622
46023,"Charles Mix County, SD",2006,3933,2008,3809,3944,2,1.0027968471904398,FALSE,FALSE,FALSE,2018,3911,2020,3755,3946.5,2,1.009076962413705,FALSE,FALSE,FALSE,23.9,32550,9034,9,8.234128521311298,21.2,51340,9292,9,8.469285169362916
46025,"Clark County, SD",2006,1784,2008,1699,1869,2,1.0476457399103138,FALSE,FALSE,FALSE,2019,1670,2021,1696,1820,2,1.089820359281437,FALSE,FALSE,FALSE,14.4,36697,3711,9,3.8756694433072383,12.1,54158,3736,9,3.9017787766628516
46027,"Clay County, SD",2008,7292,2013,6824,7176.5,2,0.9841607240811848,FALSE,FALSE,FALSE,2019,8061,2020,7664,7987,2,0.9908199975189182,FALSE,FALSE,TRUE,19.6,36538,13785,6,33.456951327841715,19,51039,14070,6,34.148661964652376
46029,"Codington County, SD",2007,15986,2010,14287,14923.5,2,0.9335355936444388,FALSE,FALSE,FALSE,2019,15391,2020,15058,16021,2,1.040933012799688,FALSE,FALSE,FALSE,12.1,43084,27036,7,39.320229498898314,9.7,63442,28009,5,40.7353272686286
46031,"Corson County, SD",2006,1344,2007,1249,1371.5,2,1.0204613095238095,FALSE,FALSE,FALSE,2018,1169,2022,1055,1100,2,0.9409751924721984,FALSE,FALSE,TRUE,36.1,25204,4118,9,1.667413047932254,40.3,32848,4086,9,1.6544559771372487
46033,"Custer County, SD",2008,4640,2012,3817,3794.5,2,0.8177801724137931,FALSE,FALSE,FALSE,2019,3882,2020,3820,4270.5,2,1.1000772797527048,FALSE,FALSE,FALSE,10,48539,8028,8,5.156258128910307,9.6,63665,8972,3,5.762574480889795
46035,"Davison County, SD",2007,10774,2010,10449,10879.5,2,1.0097920920735104,FALSE,FALSE,FALSE,2019,10727,2020,10467,10791,2,1.0059662533793232,FALSE,FALSE,FALSE,11.8,42373,19351,7,44.42041810422994,11.7,57367,19775,7,45.39371443393866
46037,"Day County, SD",2006,2762,2007,2678,2779.5,2,1.0063359884141927,FALSE,FALSE,FALSE,2018,2672,2020,2575,2606.5,2,0.9754865269461078,FALSE,FALSE,FALSE,12.9,35848,5752,9,5.592664974866066,13.2,51516,5424,9,5.2737508386080565
46039,"Deuel County, SD",2008,2598,2013,2249,2250.5,2,0.8662432640492687,FALSE,FALSE,TRUE,2019,2261,2021,2383,2455.5,2,1.0860238832375055,FALSE,FALSE,FALSE,8.8,41097,4344,9,6.975635057383591,8.7,65217,4351,9,6.986875721610498
46041,"Dewey County, SD",2006,2441,2010,2008,2040.5,2,0.8359278984022941,FALSE,FALSE,TRUE,2019,1931,2022,2030,2058,2,1.0657690315898498,FALSE,FALSE,FALSE,29.1,29394,5402,9,2.3462718513396594,27.6,47640,5892,9,2.559095473545589
46043,"Douglas County, SD",2006,1648,2007,1599,1684.5,2,1.0221480582524272,FALSE,FALSE,FALSE,2019,1382,2022,1327,1360.5,2,0.9844428364688856,FALSE,FALSE,TRUE,13.3,35923,3080,9,7.132915393896726,11.2,56030,2921,9,6.764690216094914
46045,"Edmunds County, SD",2006,1997,2009,1919,2266,2,1.1347020530796195,FALSE,FALSE,FALSE,2019,1891,2022,1860,1896.5,2,1.0029085140137493,FALSE,FALSE,FALSE,12.3,40699,4026,9,3.5755519636227997,10.7,59905,3829,9,3.400593260981545
46047,"Fall River County, SD",2006,3628,2013,2887,3005,2,0.8282800441014333,FALSE,FALSE,TRUE,2018,3152,2020,3108,3256.5,2,1.0331535532994924,FALSE,FALSE,FALSE,13,39107,7083,7,4.070949353665665,13.9,49965,6713,6,3.858292109439166
46049,"Faulk County, SD",2006,1099,2007,1061,1113.5,2,1.0131938125568698,FALSE,FALSE,FALSE,2018,1041,2020,979,1032.5,2,0.9918347742555236,FALSE,FALSE,FALSE,13.7,35208,2406,9,2.4508181107920546,15.7,49198,2299,9,2.3418249529139374
46051,"Grant County, SD",2006,4048,2009,3961,4377,2,1.0812747035573123,FALSE,FALSE,FALSE,2019,4038,2021,3972,4026.5,2,0.9971520554730064,FALSE,FALSE,FALSE,9.9,41730,7401,7,10.860728509669144,9.1,60057,7052,7,10.34858227944694
46053,"Gregory County, SD",2006,2265,2013,2018,1945.5,2,0.8589403973509934,FALSE,FALSE,TRUE,2018,1866,2019,1859,1939,2,1.0391211146838157,FALSE,FALSE,FALSE,18.7,28817,4267,9,4.204147987585595,15.5,42868,4185,9,4.12335583033647
46055,"Haakon County, SD",2006,1128,2013,1049,999,2,0.8856382978723404,FALSE,FALSE,TRUE,2018,888,2021,866,893.5,2,1.0061936936936937,TRUE,FALSE,FALSE,12,40461,1957,8,1.0808923962506234,11.4,50747,1899,8,1.048857772345393
46057,"Hamlin County, SD",2007,2856,2009,2779,2994.5,2,1.0484943977591037,FALSE,FALSE,FALSE,2019,3009,2020,3058,3370,2,1.119973413094051,FALSE,FALSE,FALSE,9.5,40584,5696,9,11.23320738046968,8.9,60864,6164,9,12.156160514960519
46059,"Hand County, SD",2006,1823,2013,1777,1827.5,2,1.0024684585847503,FALSE,FALSE,FALSE,2018,1790,2021,1709,1806.5,2,1.009217877094972,FALSE,FALSE,FALSE,10.1,39871,3389,9,2.358987994846283,10.3,56239,3191,9,2.2211657396147797
46061,"Hanson County, SD",2007,1877,2010,1677,1731.5,2,0.9224826851358551,FALSE,FALSE,TRUE,2018,1671,2020,1657,1700.5,2,1.0176540993417116,FALSE,FALSE,FALSE,9,46644,3417,8,7.86272786263582,7.9,78478,3453,8,7.945566084191246
46063,"Harding County, SD",2008,744,2013,752,790.5,2,1.0625,TRUE,FALSE,FALSE,2019,802,2021,773,802.5,2,1.0006234413965087,TRUE,FALSE,FALSE,11.5,34729,1274,9,0.47687314949636356,11.9,55482,1298,9,0.4858566311195289
46065,"Hughes County, SD",2006,10119,2013,9616,9477.5,2,0.9366044075501532,FALSE,FALSE,TRUE,2019,9188,2020,8965,9259,2,1.0077274706138442,FALSE,FALSE,FALSE,10.1,51395,16788,7,22.639769017176718,8.9,66952,17526,7,23.635012615858894
46067,"Hutchinson County, SD",2007,3591,2008,3547,3655.5,2,1.0179615705931495,FALSE,FALSE,FALSE,2019,3823,2021,3830,3925,2,1.0266806173162437,FALSE,FALSE,FALSE,10.8,38165,7436,8,9.146225214110967,10.5,59336,7291,8,8.967876282421068
46069,"Hyde County, SD",2006,738,2013,694,695.5,2,0.9424119241192412,TRUE,FALSE,FALSE,2019,694,2022,658,686,2,0.9884726224783862,TRUE,FALSE,TRUE,11.5,37522,1467,9,1.7045672409365709,11.5,63454,1301,9,1.511685058253905
46071,"Jackson County, SD",2006,1204,2007,1118,1235,2,1.0257475083056478,FALSE,FALSE,FALSE,2018,837,2020,796,807,2,0.96415770609319,TRUE,FALSE,TRUE,30.9,27391,3008,8,1.6138352031753065,29.9,37879,3344,8,1.79410402906191
46073,"Jerauld County, SD",2008,1364,2010,1155,1171,2,0.8585043988269795,FALSE,FALSE,TRUE,2019,831,2020,890,940.5,2,1.1317689530685922,TRUE,FALSE,FALSE,15,35930,2006,9,3.8127241591004553,16.3,52162,2013,9,3.8260287797952226
46075,"Jones County, SD",2006,714,2013,598,498,2,0.6974789915966386,TRUE,FALSE,TRUE,2018,418,2021,382,386.5,2,0.9246411483253588,TRUE,FALSE,TRUE,12.9,36106,1014,9,1.0457187408473827,12.9,52650,903,9,0.9312465709913084
46077,"Kingsbury County, SD",2006,2839,2010,2716,2833,2,0.9978865797816132,FALSE,FALSE,FALSE,2019,2445,2020,2443,2572.5,2,1.0521472392638036,FALSE,FALSE,FALSE,9.3,40516,5177,9,6.220583800047343,8.5,61992,4939,9,5.934607569718723
46079,"Lake County, SD",2007,6548,2010,5816,6046,2,0.9233353695784973,FALSE,FALSE,TRUE,2018,6415,2020,6184,6513.5,2,1.0153546375681994,FALSE,FALSE,FALSE,11.2,42012,10920,6,19.399848283237787,9.5,63946,12797,6,22.734419274779665
46081,"Lawrence County, SD",2007,12840,2012,12125,12266,2,0.9552959501557632,FALSE,FALSE,FALSE,2019,13616,2020,13372,14742,2,1.0826968272620447,FALSE,FALSE,FALSE,13.5,41356,23543,6,29.426800474468568,12.4,53902,25844,6,32.30285993552927
46083,"Lincoln County, SD",2008,21006,2009,21100,26570.5,2,1.2649005046177282,FALSE,FALSE,FALSE,2019,35756,2020,36085,40169.5,2,1.1234338292873922,FALSE,FALSE,FALSE,3.7,64051,39260,3,68.00706053944877,3.8,86235,61128,3,105.88730505999553
46085,"Lyman County, SD",2006,1919,2013,1771,1723,2,0.8978634705575821,FALSE,FALSE,TRUE,2018,1659,2020,1609,1670.5,2,1.006931886678722,FALSE,FALSE,FALSE,22.9,32330,3765,9,2.292537531549031,21.1,47813,3781,9,2.302280054923475
46087,"McCook County, SD",2006,2806,2009,2473,3058,2,1.089807555238774,FALSE,FALSE,FALSE,2018,2950,2020,2869,2988,2,1.0128813559322034,FALSE,FALSE,FALSE,9.2,41892,5699,3,9.925026776151373,9.2,62535,5586,3,9.728232948163111
46089,"McPherson County, SD",2006,1138,2008,1042,1133.5,2,0.9960456942003515,FALSE,FALSE,FALSE,2018,1141,2021,1083,1103,2,0.9666958808063103,FALSE,FALSE,TRUE,16.6,29875,2518,9,2.215246668332354,19.5,43243,2379,9,2.0929594217484793
46091,"Marshall County, SD",2006,2043,2007,1940,2141.5,2,1.048213411649535,FALSE,FALSE,FALSE,2018,2350,2019,2326,2424,2,1.0314893617021277,FALSE,FALSE,FALSE,13.6,38387,4591,9,5.477990790866277,11.8,59103,4935,9,5.888452309502303
46093,"Meade County, SD",2006,12116,2009,11349,12581,2,1.0383790029712776,FALSE,FALSE,FALSE,2019,14911,2020,14654,15477,2,1.0379585540875864,FALSE,FALSE,FALSE,9.8,46063,24995,3,7.201231714575961,8.7,59981,28332,3,8.16264440637592
46095,"Mellette County, SD",2006,902,2013,771,738.5,2,0.8187361419068736,TRUE,FALSE,TRUE,2018,703,2020,659,704,2,1.0014224751066856,TRUE,FALSE,FALSE,34.3,26893,2040,9,1.560455010322716,33.3,36489,2061,9,1.5765185177819203
46097,"Miner County, SD",2008,1179,2013,1190,1118.5,2,0.9486853265479219,FALSE,FALSE,FALSE,2018,1062,2020,1007,1121.5,2,1.0560263653483992,FALSE,FALSE,FALSE,11.6,36281,2420,8,4.244348176859534,10.5,52230,2216,8,3.8865601487275727
46099,"Minnehaha County, SD",2008,95515,2010,94335,98342.5,2,1.0296026802072973,FALSE,FALSE,FALSE,2019,108881,2020,107817,113211,2,1.0397681872870381,FALSE,FALSE,FALSE,9.6,49467,163577,3,202.7360825534457,8.7,63162,193134,3,239.3688022636262
46101,"Moody County, SD",2006,3886,2009,3651,3842,2,0.988677303139475,FALSE,FALSE,TRUE,2019,3200,2020,3151,3213,2,1.0040625,FALSE,FALSE,FALSE,8.9,45751,6570,8,12.649722071935908,8.7,61029,6576,8,12.66127432953585
46102,"Oglala Lakota County, SD",2006,3671,2013,3179,3368.5,2,0.9175973849087442,FALSE,FALSE,FALSE,2019,3564,2020,3792,3834,2,1.0757575757575757,FALSE,FALSE,FALSE,NA,NA,NA,NA,NA,40.1,34078,14177,NA,6.771586371997338
46103,"Pennington County, SD",2008,52205,2010,50132,51219,2,0.9811129202183699,FALSE,FALSE,FALSE,2019,53571,2020,52773,56707.5,2,1.058548468387747,FALSE,FALSE,FALSE,12.4,44296,95895,3,34.53479138493895,12,58919,113775,3,40.9739390981952
46105,"Perkins County, SD",2006,1667,2012,1478,1513,2,0.907618476304739,FALSE,FALSE,FALSE,2018,1566,2020,1489,1557,2,0.9942528735632183,FALSE,FALSE,FALSE,13.7,34085,2963,9,1.0322387352549764,14.5,49999,2865,8,0.9980978658472858
46107,"Potter County, SD",2006,1289,2013,1157,1223,2,0.9487975174553918,FALSE,FALSE,FALSE,2018,1232,2020,1171,1198,2,0.9724025974025974,FALSE,FALSE,TRUE,11.5,37841,2351,9,2.730108298553774,10.4,58012,2153,9,2.5001799943795304
46109,"Roberts County, SD",2006,4643,2009,4466,4689.5,2,1.010015076459186,FALSE,FALSE,FALSE,2019,4717,2022,4517,4584.5,2,0.9719101123595506,FALSE,FALSE,TRUE,21.4,35124,9986,9,9.069483359141913,19.6,49088,10394,9,9.440037055369622
46111,"Sanborn County, SD",2006,1453,2013,1253,1275.5,2,0.8778389538885065,FALSE,FALSE,TRUE,2019,1311,2020,1326,1400.5,2,1.0682684973302823,FALSE,FALSE,FALSE,13.3,41167,2395,9,4.207349422565447,12.6,56507,2344,9,4.1177565956131135
46115,"Spink County, SD",2006,3412,2008,3157,3409.5,2,0.9992672919109027,FALSE,FALSE,FALSE,2018,3207,2022,3020,3020,2,0.9416900530090427,FALSE,FALSE,TRUE,12.3,40016,6562,7,4.364485776179432,11.5,54666,6376,9,4.240774353690957
46117,"Stanley County, SD",2006,1918,2013,1806,1790,2,0.9332638164754953,FALSE,FALSE,TRUE,2018,1724,2020,1690,1772,2,1.0278422273781902,FALSE,FALSE,FALSE,8.9,48944,2886,9,1.9980116806836719,7.7,70472,3098,9,2.144781769493422
46119,"Sully County, SD",2006,985,2011,845,858.5,2,0.8715736040609137,TRUE,FALSE,TRUE,2019,854,2022,810,809.5,2,0.9478922716627635,TRUE,FALSE,FALSE,10.1,41636,1436,9,1.42640457641446,8.2,61791,1391,9,1.3817052686577393
46121,"Todd County, SD",2006,3395,2013,2873,2462.5,2,0.7253313696612665,FALSE,FALSE,TRUE,2019,2181,2022,2103,2116,2,0.9701971572673086,FALSE,FALSE,TRUE,42.8,24388,9631,9,6.935797602321198,43.4,34015,10177,9,7.3290013704519605
46123,"Tripp County, SD",2006,2920,2008,2811,3155,2,1.0804794520547945,FALSE,FALSE,FALSE,2018,2876,2020,2788,2861.5,2,0.9949582753824756,FALSE,FALSE,FALSE,18.4,35631,5800,7,3.597369950424521,18.8,50503,5441,7,3.37470515521721
46125,"Turner County, SD",2006,4331,2009,3833,4612.5,2,1.064996536596629,FALSE,FALSE,FALSE,2018,4522,2020,4424,4661.5,2,1.0308491817779744,FALSE,FALSE,FALSE,8.5,46132,8407,3,13.624194573010255,10.1,63852,8384,3,13.586921291794694
46127,"Union County, SD",2008,7918,2011,7289,7640,2,0.9648901237686285,FALSE,FALSE,FALSE,2019,8724,2020,8528,8979,2,1.0292297111416782,FALSE,FALSE,FALSE,6.4,56951,13672,3,29.672907845133118,6.3,83910,15932,3,34.57787944621568
46129,"Walworth County, SD",2006,2597,2012,2191,2192,2,0.8440508278783211,FALSE,FALSE,TRUE,2018,2456,2019,2348,2386.5,2,0.9717019543973942,FALSE,FALSE,TRUE,16.7,34627,5379,7,7.603310457908983,15.1,51472,5435,7,7.682467436091341
46135,"Yankton County, SD",2007,11729,2010,10879,11160.5,2,0.9515303947480603,FALSE,FALSE,FALSE,2019,12082,2020,11685,12004.5,2,0.9935854990895547,FALSE,FALSE,FALSE,12.8,44160,22064,7,42.333970977898616,10.1,60868,22814,7,43.772988301748505
46137,"Ziebach County, SD",2006,879,2008,775,995.5,2,1.1325369738339022,TRUE,FALSE,FALSE,2018,971,2022,908,949,2,0.9773429454170958,TRUE,FALSE,TRUE,55.9,22602,2781,9,1.4179746773483006,47.7,33508,2756,8,1.4052276917554536
47001,"Anderson County, TN",2007,34200,2013,31231,31332.5,2,0.9161549707602339,FALSE,FALSE,FALSE,2019,32656,2020,31186,33548,2,1.0273150416462518,FALSE,FALSE,FALSE,16.1,42059,73580,2,218.20489552380442,15.3,50973,76978,2,228.28182179439273
47003,"Bedford County, TN",2007,21780,2013,18301,19898.5,2,0.913613406795225,FALSE,FALSE,FALSE,2019,23173,2020,22047,23778.5,2,1.0261295473179994,FALSE,FALSE,FALSE,17.7,39792,43678,6,92.21791279856599,13.9,50539,49713,4,104.95968448544144
47005,"Benton County, TN",2007,6544,2009,6075,6289.5,2,0.961109413202934,FALSE,FALSE,TRUE,2019,5633,2020,5319,5575.5,2,0.9897922954020948,FALSE,FALSE,FALSE,17.9,34077,16490,7,41.820312143360745,17.6,42322,16160,7,40.98339868021283
47007,"Bledsoe County, TN",2007,4635,2012,3860,3927,2,0.8472491909385114,FALSE,FALSE,FALSE,2019,5880,2020,5654,6027.5,2,1.0250850340136055,FALSE,FALSE,FALSE,21.3,34655,13028,8,32.04486477844326,27.3,42730,15064,8,37.05279728450025
47009,"Blount County, TN",2007,60135,2013,55534,57909,2,0.9629832876028935,FALSE,FALSE,FALSE,2019,63330,2020,60668,65586,2,1.0356229275225013,FALSE,FALSE,FALSE,12,47466,119950,2,214.6395058370493,10.5,59368,133088,2,238.14874991947661
47011,"Bradley County, TN",2007,45938,2010,42080,45725.5,2,0.9953742000087074,FALSE,FALSE,FALSE,2019,49804,2021,47893,47658,2,0.9569110914785961,FALSE,FALSE,TRUE,15.7,39362,96336,3,293.0265663306586,14.5,52534,108110,3,328.8397077521125
47013,"Campbell County, TN",2007,16059,2013,13651,14289.5,2,0.8898125661622766,FALSE,FALSE,FALSE,2019,15410,2020,14616,15485.5,2,1.00489941596366,FALSE,FALSE,FALSE,23.9,31535,40480,6,84.29996459734689,21.9,42500,39842,2,82.97132385097565
47015,"Cannon County, TN",2006,6243,2010,5404,5494.5,2,0.8801057184046132,FALSE,FALSE,FALSE,2019,6319,2020,5979,6605.5,2,1.045339452445007,FALSE,FALSE,FALSE,15.6,39123,13435,1,50.57691945714985,13,52960,14678,1,55.25627270502758
47017,"Carroll County, TN",2006,13101,2009,11556,11954.5,2,0.9124875963666895,FALSE,FALSE,TRUE,2019,11554,2020,10676,11501,2,0.9954128440366973,FALSE,FALSE,FALSE,19.1,36886,28793,6,48.176381810333,16.8,43258,27767,6,46.45968095465969
47019,"Carter County, TN",2007,28144,2013,22655,22202.5,2,0.7888892836839113,FALSE,FALSE,TRUE,2019,22830,2020,21719,22573.5,2,0.9887647831800263,FALSE,FALSE,FALSE,20.1,32287,57781,3,169.31764237028875,19.3,39964,56391,3,165.24447778513618
47021,"Cheatham County, TN",2006,20039,2010,18396,18733,2,0.934827087179999,FALSE,FALSE,FALSE,2019,20813,2020,19534,21484.5,2,1.0322634891654254,FALSE,FALSE,FALSE,9.3,52090,38637,1,127.72646430720204,9.6,62786,40667,1,134.43725247770234
47023,"Chester County, TN",2007,7465,2009,6974,7725.5,2,1.0348961821835232,FALSE,FALSE,FALSE,2019,6657,2020,6408,6704.5,2,1.0071353462520656,FALSE,FALSE,FALSE,19.1,37002,16622,3,58.17257888400482,14.8,50769,17297,3,60.53489934764958
47025,"Claiborne County, TN",2006,12670,2009,11589,12077,2,0.9531965272296764,FALSE,FALSE,FALSE,2019,12876,2020,12090,12643,2,0.9819043181112147,FALSE,FALSE,TRUE,22.3,29822,31729,6,73.0066911487239,19.7,40116,31959,6,73.53590855123285
47027,"Clay County, TN",2006,3233,2013,2782,2833,2,0.8762759047324467,FALSE,FALSE,TRUE,2018,2904,2020,2711,2920.5,2,1.0056818181818181,FALSE,FALSE,FALSE,23.3,27428,7901,8,33.4039377835276,20.1,36694,7615,9,32.1947837263084
47029,"Cocke County, TN",2007,15487,2013,13441,13444,2,0.8680829082456254,FALSE,FALSE,TRUE,2019,14327,2020,13274,14046,2,0.9803866824876108,FALSE,FALSE,TRUE,26.6,29637,35272,6,80.8740412945533,22.8,40528,36004,6,82.55242069542687
47031,"Coffee County, TN",2007,24700,2010,21643,22652,2,0.9170850202429149,FALSE,FALSE,FALSE,2019,25737,2020,24442,25533,2,0.9920736682597039,FALSE,FALSE,FALSE,14.2,40738,52022,4,121.273580067325,14.4,54931,56520,4,131.75930847343832
47033,"Crockett County, TN",2007,6161,2009,5665,6544,2,1.0621652329167344,FALSE,FALSE,FALSE,2019,6209,2020,5940,6103,2,0.9829280077307134,FALSE,FALSE,FALSE,18,34315,14491,8,54.57428218492964,15.8,45642,14230,3,53.59133500045193
47035,"Cumberland County, TN",2007,21832,2009,20420,21517,2,0.9855716379626237,FALSE,FALSE,FALSE,2019,21615,2020,20318,21870.5,2,1.0118204950266019,FALSE,FALSE,FALSE,17,36424,54534,7,80.04297609454741,13.3,49142,60520,4,88.82900416697856
47037,"Davidson County, TN",2007,311400,2009,294341,327069,2,1.0503179190751446,FALSE,FALSE,FALSE,2019,399415,2020,373126,401719,2,1.0057684363381445,FALSE,FALSE,FALSE,15.2,46430,605031,1,1201.6957938829867,12.6,63846,694144,1,1378.68956326058
47039,"Decatur County, TN",2007,5440,2013,4576,4297.5,2,0.7899816176470589,FALSE,FALSE,TRUE,2019,4154,2021,3881,4137,2,0.9959075589792971,FALSE,FALSE,FALSE,18.7,32029,11721,9,35.105532243717036,16,45215,11663,9,34.93181661619928
47041,"DeKalb County, TN",2007,9910,2013,6974,7246,2,0.7311806256306761,FALSE,FALSE,TRUE,2019,7939,2020,7350,7929.5,2,0.9988033757400177,FALSE,FALSE,TRUE,17.3,36905,18414,6,60.48641404320176,18,46407,20490,6,67.30567088873705
47043,"Dickson County, TN",2006,22411,2009,20920,22058.5,2,0.9842711168622551,FALSE,FALSE,FALSE,2019,26296,2020,24724,27551,2,1.0477258898691817,FALSE,FALSE,FALSE,12.4,45968,48287,1,98.5652144625729,10.1,59126,53948,1,110.12065752328542
47045,"Dyer County, TN",2006,16667,2009,15137,15507,2,0.9304013919721605,FALSE,FALSE,FALSE,2019,16545,2020,15475,17049.5,2,1.0304925959504383,FALSE,FALSE,FALSE,16.7,37925,38077,5,74.31819202070456,17.3,48770,37159,5,72.52645159275575
47047,"Fayette County, TN",2008,16916,2009,16195,16895,2,0.9987585717663751,FALSE,FALSE,FALSE,2019,19258,2020,18439,19866.5,2,1.0315972582822723,FALSE,FALSE,FALSE,13.6,54271,36953,1,52.48081303861252,11.2,67345,41133,1,58.4172674131261
47049,"Fentress County, TN",2008,7333,2010,6488,6739.5,2,0.9190645029319514,FALSE,FALSE,FALSE,2019,6996,2020,6832,7281,2,1.0407375643224699,FALSE,FALSE,FALSE,25,29915,17599,9,35.2963355909564,20.9,38608,18523,9,37.14949850282888
47051,"Franklin County, TN",2007,19192,2010,17355,18132,2,0.9447686536056691,FALSE,FALSE,TRUE,2019,18428,2020,17182,17793.5,2,0.9655686998046451,FALSE,FALSE,TRUE,11.8,41528,41151,6,74.74213228763489,13.9,54319,42208,6,76.66195036807109
47053,"Gibson County, TN",2007,19558,2009,18415,20797.5,2,1.0633756007771755,FALSE,FALSE,FALSE,2019,20621,2020,19801,20583,2,0.9981572183696232,FALSE,FALSE,FALSE,16.5,34601,48474,4,80.42206903416867,14.3,46384,49133,4,81.51540037661034
47055,"Giles County, TN",2007,12565,2009,11421,12851,2,1.0227616394747314,FALSE,FALSE,FALSE,2018,12899,2020,11823,12716,2,0.9858128537095899,FALSE,FALSE,TRUE,15,37767,29494,6,48.2771376800326,13.4,50847,29464,6,48.22803229824645
47057,"Grainger County, TN",2006,9682,2013,8531,8853.5,2,0.9144288370171452,FALSE,FALSE,FALSE,2019,9545,2020,9123,9842,2,1.031115767417496,FALSE,FALSE,FALSE,19.4,34148,22309,3,79.50831649363656,17.1,44929,23320,2,83.11147701069544
47059,"Greene County, TN",2006,30151,2009,25170,27074.5,2,0.8979635832974031,FALSE,FALSE,TRUE,2019,28271,2020,26320,27493.5,2,0.9724983198330445,FALSE,FALSE,TRUE,19.7,35246,67840,6,109.03789806306646,15.9,44975,69069,4,111.01324559725734
47061,"Grundy County, TN",2007,5612,2013,4818,4644.5,2,0.8276015680684248,FALSE,FALSE,TRUE,2019,5081,2020,4840,5032.5,2,0.9904546349143869,FALSE,FALSE,FALSE,27,26844,14048,8,38.97415409883366,21.4,38447,13427,8,37.25127897814917
47063,"Hamblen County, TN",2007,28821,2013,24680,24929.5,2,0.8649769265466153,FALSE,FALSE,TRUE,2019,26397,2020,25247,26252.5,2,0.99452589309391215,FALSE,FALSE,FALSE,16.9,37147,61592,3,382.1128123681664,14.4,46842,64934,3,402.84636573442197
47065,"Hamilton County, TN",2007,161330,2009,149428,158563,2,0.9828488191904792,FALSE,FALSE,FALSE,2019,180200,2020,170749,185430,2,1.029023307436182,FALSE,FALSE,FALSE,13.5,45511,324784,2,599.0512095970961,12.7,57802,367804,2,678.399893759084
47067,"Hancock County, TN",2008,2362,2013,1905,1906.5,2,0.8071549534292972,FALSE,FALSE,TRUE,2018,2098,2019,2076,2275.5,2,1.084604385128694,FALSE,FALSE,FALSE,32.2,24375,6816,8,30.65795865493604,26.4,31938,6620,8,29.776362426008887
47069,"Hardeman County, TN",2007,10834,2013,8756,8512,2,0.7856747277090641,FALSE,FALSE,TRUE,2019,8772,2021,8146,8222.5,2,0.9373575011399908,FALSE,FALSE,TRUE,21.8,33780,27835,6,41.683638628984916,19.2,40989,25050,6,37.513028476956066
47071,"Hardin County, TN",2007,11305,2013,9912,9802,2,0.8670499778858912,FALSE,FALSE,TRUE,2019,10467,2020,10065,10291,2,0.9831852488774243,FALSE,FALSE,FALSE,23,32540,25983,6,44.99322062661151,17.5,44510,25652,6,44.42004755085396
47073,"Hawkins County, TN",2008,25310,2013,22667,21523.5,2,0.8503951007506915,FALSE,FALSE,TRUE,2019,21412,2020,20126,21236,2,0.9917803101064824,FALSE,FALSE,FALSE,16.4,37398,56380,3,115.75670970073257,18.1,46602,56786,2,116.59028941230578
47075,"Haywood County, TN",2007,9176,2013,7195,7416.5,2,0.8082497820401047,FALSE,FALSE,FALSE,2019,8012,2020,7736,8304.5,2,1.0365077383924113,FALSE,FALSE,FALSE,22.4,33007,19142,6,35.906487815766816,20.7,38950,17304,6,32.45877469251013
47077,"Henderson County, TN",2006,11532,2009,9876,11981,2,1.038935137010059,FALSE,FALSE,FALSE,2019,11293,2020,10576,11152,2,0.9875143894447888,FALSE,FALSE,FALSE,15.3,38126,27370,6,52.633704416654325,15.8,46826,28117,6,54.07021801545742
47079,"Henry County, TN",2006,13229,2009,11845,12896.5,2,0.9748658250812609,FALSE,FALSE,FALSE,2018,12625,2022,12126,12386.5,2,0.9811089108910891,FALSE,FALSE,TRUE,15.1,34936,31833,7,56.6522276126442,18.3,43159,32345,7,57.563418532057185
47081,"Hickman County, TN",2006,9738,2009,8778,9726.5,2,0.9988190593551037,FALSE,FALSE,FALSE,2019,10599,2020,9978,10983.5,2,1.0362770072648364,FALSE,FALSE,FALSE,17.7,39925,24490,1,39.98478325112697,16.3,46176,25178,1,41.10807973445794
47083,"Houston County, TN",2007,3686,2013,3018,3082,2,0.8361367335865437,FALSE,FALSE,TRUE,2019,3449,2020,3298,3410.5,2,0.9888373441577268,FALSE,FALSE,FALSE,18.3,36158,8219,8,41.034679021837896,17.8,40915,8201,8,40.94481112764236
47085,"Humphreys County, TN",2007,8634,2012,7833,7851.5,2,0.9093699328237201,FALSE,FALSE,TRUE,2019,7916,2020,7480,7883,2,0.9958312278928751,FALSE,FALSE,FALSE,14.7,41662,18405,6,34.67649402840816,13.1,52121,18582,6,35.00997620406848
47087,"Jackson County, TN",2006,4712,2012,4105,4116,2,0.8735144312393888,FALSE,FALSE,FALSE,2019,4402,2020,4288,4608,2,1.0467969104952295,FALSE,FALSE,FALSE,21.8,30343,11391,8,36.886758848482884,17.1,41749,11786,8,38.165862504452576
47089,"Jefferson County, TN",2007,23144,2009,21230,21724,2,0.9386450051849291,FALSE,FALSE,FALSE,2019,24307,2020,23494,24956,2,1.0267001275352778,FALSE,FALSE,FALSE,17.4,39580,50184,3,182.38447420544784,12.5,50332,54495,3,198.05200705057152
47091,"Johnson County, TN",2007,6966,2010,6490,6686,2,0.9598047660063164,FALSE,FALSE,TRUE,2019,5746,2020,5538,5602.5,2,0.9750261051166028,FALSE,FALSE,TRUE,21.9,30447,18212,6,61.023991422061385,25.2,40219,17788,6,59.60327033909664
47093,"Knox County, TN",2007,220880,2009,211715,216675,2,0.9809625135820355,FALSE,FALSE,FALSE,2019,234693,2020,225103,243914.5,2,1.0392917556126515,FALSE,FALSE,FALSE,12.8,45157,419096,2,824.464663355137,13.4,60316,470313,2,925.2210691978557
47095,"Lake County, TN",2007,2550,2011,1928,1946.5,2,0.7633333333333333,FALSE,FALSE,TRUE,2018,1697,2022,1509,1538.5,2,0.9065998821449617,FALSE,FALSE,TRUE,39.2,26521,7846,9,47.32635642549085,35.5,34059,7016,9,42.31987212353349
47097,"Lauderdale County, TN",2007,9740,2009,8458,9335.5,2,0.9584702258726899,FALSE,FALSE,TRUE,2019,9406,2020,9041,9003,2,0.9571550074420583,FALSE,FALSE,TRUE,26.8,33840,27703,6,58.70585617563229,19.3,43545,25633,6,54.31928712955213
47099,"Lawrence County, TN",2007,15324,2009,14269,17058.5,2,1.113188462542417,FALSE,FALSE,FALSE,2019,17837,2020,17180,18149,2,1.0174917306721982,FALSE,FALSE,FALSE,16.2,35762,41072,6,66.55323837765138,16.7,43448,44142,6,71.52787905303583
47101,"Lewis County, TN",2007,5020,2013,4493,4570,2,0.9103585657370518,FALSE,FALSE,FALSE,2019,5083,2020,5003,5518,2,1.085579382254574,FALSE,FALSE,FALSE,17.9,34162,11961,6,42.40106064688116,15.2,45874,12268,6,43.489358081760564
47103,"Lincoln County, TN",2007,16822,2010,14579,14661.5,2,0.8715669956009987,FALSE,FALSE,TRUE,2019,16153,2020,14487,16089.5,2,0.996068841701232,FALSE,FALSE,FALSE,13.9,41536,32563,6,57.093813887106336,12.8,54558,34366,6,60.255075025160345
47105,"Loudon County, TN",2008,22352,2010,20277,20572.5,2,0.9203874373657838,FALSE,FALSE,FALSE,2019,23392,2020,22582,25277.5,2,1.0806044801641588,FALSE,FALSE,FALSE,11.1,48355,46294,2,201.91737325098575,9.7,65226,54068,2,235.82469730276702
47107,"McMinn County, TN",2006,23424,2010,19975,21190,2,0.9046277322404371,FALSE,FALSE,TRUE,2019,21941,2022,20315,19847,2,0.9045622350850007,FALSE,FALSE,TRUE,18.1,36934,51912,4,120.69274174236313,14.5,49836,53794,4,125.06829537079446
47109,"McNairy County, TN",2007,11619,2013,8294,8797,2,0.7571219554178501,FALSE,FALSE,TRUE,2019,9618,2020,9119,9497,2,0.9874194219172385,FALSE,FALSE,FALSE,19.1,35686,25541,6,45.378390142934556,17,45469,25694,6,45.65022341852553
47111,"Macon County, TN",2006,10183,2010,9093,9297.5,2,0.9130413434154964,FALSE,FALSE,FALSE,2019,12011,2020,11323,12729.5,2,1.0598201648488885,FALSE,FALSE,FALSE,18.6,35410,21693,1,70.62810929075613,15.5,44334,24602,1,80.09923684004896
47113,"Madison County, TN",2007,46377,2009,43233,44470.5,2,0.9588912607542532,FALSE,FALSE,TRUE,2019,42798,2020,41020,42502,2,0.993083788962101,FALSE,FALSE,FALSE,18.8,41029,97021,3,174.13052296051146,17.6,50401,97984,3,175.85888788780525
47115,"Marion County, TN",2006,12443,2013,10981,10828,2,0.8702081491601704,FALSE,FALSE,TRUE,2019,11592,2020,10923,11644,2,1.0044858523119393,FALSE,FALSE,FALSE,14,39059,28074,2,55.904368760939825,15.3,47675,28907,2,57.563139836592136
47117,"Marshall County, TN",2007,12027,2009,10332,12849.5,2,1.0683877941298745,FALSE,FALSE,FALSE,2019,15780,2020,14598,15828.5,2,1.0030735107731306,FALSE,FALSE,FALSE,13.3,43141,29494,6,78.55388827631026,13.1,58151,34375,6,91.553872295998
47119,"Maury County, TN",2008,34716,2009,32226,37224.5,2,1.0722577485885472,FALSE,FALSE,FALSE,2019,49601,2020,47587,55112.5,2,1.1111167113566258,FALSE,FALSE,FALSE,12.9,46425,77857,4,126.99259317253944,8.5,66434,96387,1,157.21688580502152
47121,"Meigs County, TN",2007,4600,2010,4320,4543,2,0.9876086956521739,FALSE,FALSE,FALSE,2019,4804,2020,4593,4648.5,2,0.9676311407160699,FALSE,FALSE,TRUE,20.9,36876,11436,8,58.60558075178723,16.1,48334,12422,8,63.658492838291444
47123,"Monroe County, TN",2006,18461,2009,15482,17415,2,0.9433400140837441,FALSE,FALSE,FALSE,2019,18350,2020,17370,18973,2,1.0339509536784741,FALSE,FALSE,FALSE,17.2,37823,43735,6,68.79016757527046,16.5,50506,46545,6,73.2099771302381
47125,"Montgomery County, TN",2006,65841,2009,63165,71284,2,1.0826688537537401,FALSE,FALSE,FALSE,2019,91949,2020,88534,97167,2,1.056748849905926,FALSE,FALSE,FALSE,12.7,48536,160642,3,297.9436874152631,12,57606,208993,2,387.6205790763193
47127,"Moore County, TN",2007,3049,2009,2761,3149.5,2,1.0329616267628732,FALSE,FALSE,FALSE,2019,2770,2020,2692,2843.5,2,1.0265342960288808,FALSE,FALSE,FALSE,11.4,47106,6210,9,48.05646053721086,10,61804,6488,9,50.20778034869953
47129,"Morgan County, TN",2007,7963,2013,7283,7312.5,2,0.9183096822805475,FALSE,FALSE,FALSE,2019,7514,2020,7115,7515.5,2,1.000199627362257,FALSE,FALSE,FALSE,21.4,35026,21601,6,41.366961584128084,22,43952,21403,2,40.98778199088437
47131,"Obion County, TN",2006,14922,2013,12161,11859,2,0.7947326095697628,FALSE,FALSE,TRUE,2019,12475,2020,11883,13064.5,2,1.047254509018036,FALSE,FALSE,FALSE,15.9,37889,31972,7,58.68058614512672,14.6,44061,30069,7,55.187868910228175
47133,"Overton County, TN",2007,9408,2013,8700,8662.5,2,0.9207589285714286,FALSE,FALSE,FALSE,2019,9720,2020,9257,9939.5,2,1.022582304526749,FALSE,FALSE,FALSE,20,32146,21683,7,50.01983907282324,17.1,43636,22241,7,51.307071937400806
47135,"Perry County, TN",2006,3075,2009,2178,2739,2,0.8907317073170732,FALSE,FALSE,TRUE,2018,2949,2022,2386,2561.5,2,0.8685995252628009,FALSE,FALSE,TRUE,18.2,33014,7692,8,18.545441394524612,14.4,42939,8076,8,19.471266861957975
47137,"Pickett County, TN",2007,1771,2009,1547,2185,2,1.2337662337662338,FALSE,FALSE,FALSE,2018,1786,2022,1612,1605,2,0.8986562150055991,FALSE,FALSE,TRUE,18.2,27956,5053,9,31.005706571761674,17.8,41860,5048,9,30.97502607841934
47139,"Polk County, TN",2006,6973,2009,6187,6665.5,2,0.9559013337157608,FALSE,FALSE,FALSE,2019,7497,2022,7165,7150.5,2,0.9537815126050421,FALSE,FALSE,TRUE,15.4,34660,16599,3,38.193301963852235,15.3,45922,16832,3,38.72942096846562
47141,"Putnam County, TN",2008,33924,2013,30081,31995.5,2,0.9431523405258814,FALSE,FALSE,FALSE,2019,35700,2020,34479,36256,2,1.0155742296918768,FALSE,FALSE,FALSE,21.6,36131,69468,4,173.19112653513037,16.1,49083,80245,4,200.0593359361366
47143,"Rhea County, TN",2006,12474,2009,11646,12188,2,0.9770723104056437,FALSE,FALSE,FALSE,2019,13065,2020,12260,13658,2,1.0453884424033677,FALSE,FALSE,FALSE,18,37682,30769,6,97.53291089887249,15.4,47599,33167,6,105.13419531940926
47145,"Roane County, TN",2008,25777,2013,21236,21298,2,0.8262404469100361,FALSE,FALSE,TRUE,2019,22171,2020,21165,22925.5,2,1.034030941319742,FALSE,FALSE,FALSE,16,41897,54129,4,150.03825172964343,14.6,50561,53382,2,147.96766897285792
47147,"Robertson County, TN",2006,31606,2009,30509,31267.5,2,0.9892900082262861,FALSE,FALSE,FALSE,2019,36043,2020,33872,37988.5,2,1.0539771939072775,FALSE,FALSE,FALSE,11.6,50528,63143,1,132.55978972825903,10.5,65790,71813,1,150.76122736891605
47149,"Rutherford County, TN",2008,126497,2009,122768,133977,2,1.0591318371186669,FALSE,FALSE,FALSE,2019,181363,2020,172412,198122,2,1.0924058380154718,FALSE,FALSE,FALSE,11.8,51307,243953,1,393.9383173978268,10,69614,332285,1,536.5779219625783
47151,"Scott County, TN",2006,8176,2009,6956,7462.5,2,0.9127323874755382,FALSE,FALSE,FALSE,2019,8609,2020,8001,8390.5,2,0.9746195841561157,FALSE,FALSE,FALSE,21.1,30340,22179,6,41.66627528409678,22,38750,22068,6,41.45774665086107
47153,"Sequatchie County, TN",2007,5857,2010,5363,5448,2,0.9301690285128905,FALSE,FALSE,FALSE,2019,5938,2020,5628,6384,2,1.0751094644661503,FALSE,FALSE,FALSE,18.8,38683,13650,2,51.344550142749135,17.4,46876,15026,2,56.520381717578644
47155,"Sevier County, TN",2007,45728,2009,43448,44881,2,0.9814774317704689,FALSE,FALSE,FALSE,2019,48802,2020,44660,49553,2,1.0153887135773123,FALSE,FALSE,FALSE,12.7,40312,86284,4,145.622580242288,12.9,54476,98250,4,165.8177473089425
47157,"Shelby County, TN",2007,422125,2009,393863,407387,2,0.9650861711578324,FALSE,FALSE,FALSE,2019,432564,2020,406567,414711,2,0.9587274946597498,FALSE,FALSE,TRUE,20.1,44373,921119,1,1223.649111806622,17.2,52659,937166,1,1244.9665499412831
47159,"Smith County, TN",2006,8762,2010,7836,7932.5,2,0.9053298333713764,FALSE,FALSE,FALSE,2019,9320,2020,8760,9663,2,1.0368025751072962,FALSE,FALSE,FALSE,13.5,43701,18905,1,60.15374922839015,15.3,54570,20157,1,64.13748337459192
47161,"Stewart County, TN",2006,5791,2013,4789,4988.5,2,0.8614228975997237,FALSE,FALSE,TRUE,2019,5530,2020,5271,5537,2,1.0012658227848101,FALSE,FALSE,FALSE,13.6,44490,12997,3,28.268113168151448,12.9,52177,13715,8,29.829743179287306
47163,"Sullivan County, TN",2008,71064,2013,66566,65851.5,2,0.9266506247889227,FALSE,FALSE,FALSE,2019,68258,2020,64375,67506.5,2,0.9889903015031205,FALSE,FALSE,FALSE,15,39706,155367,3,375.69641924438514,15.1,51303,158348,2,382.9048420482464
47165,"Sumner County, TN",2007,75889,2009,72681,78739.5,2,1.0375614384166347,FALSE,FALSE,FALSE,2019,99789,2020,94925,106854.5,2,1.070804397278257,FALSE,FALSE,FALSE,9.4,51247,152949,1,288.8806204127271,8.6,69391,191283,1,361.283510937683
47167,"Tipton County, TN",2007,26709,2009,25419,25803.5,2,0.9660975701074545,FALSE,FALSE,FALSE,2019,27624,2020,26075,27248,2,0.9863886475528526,FALSE,FALSE,TRUE,16.5,49893,58866,1,129.2023239122848,10.5,61436,61599,1,135.20086213897383
47169,"Trousdale County, TN",2006,3574,2009,3268,3362.5,2,0.9408226077224399,FALSE,FALSE,FALSE,2019,5067,2020,4836,5472,2,1.0799289520426287,FALSE,FALSE,FALSE,15.2,39212,7694,1,67.28935999020483,15.8,51982,11284,1,98.68639694950237
47171,"Unicoi County, TN",2007,7949,2013,6674,6914.5,2,0.8698578437539313,FALSE,FALSE,TRUE,2019,7644,2020,7202,7365,2,0.9635007849293563,FALSE,FALSE,TRUE,16.3,35042,18205,3,97.8426777882879,15.8,44548,17883,3,96.11209046349643
47173,"Union County, TN",2006,8454,2013,6747,7230.5,2,0.8552756091790868,FALSE,FALSE,FALSE,2019,8186,2020,7830,8485.5,2,1.036586855607134,FALSE,FALSE,FALSE,21.7,31779,19041,2,85.16300434290622,18.3,48106,19972,2,89.32700607827965
47175,"Van Buren County, TN",2007,2345,2013,1954,2241,2,0.9556503198294243,FALSE,FALSE,FALSE,2019,2683,2020,2531,2719,2,1.0134178158777487,FALSE,FALSE,FALSE,19.2,33993,5480,9,20.042792092606476,15.5,44451,5872,9,21.47651006711409
47177,"Warren County, TN",2007,16711,2009,14689,16007.5,2,0.9579019807312549,FALSE,FALSE,FALSE,2019,16817,2020,16204,16511.5,2,0.9818338585954689,FALSE,FALSE,FALSE,16.6,38210,39365,6,90.98094866099802,15.9,46144,41277,6,95.39999029290018
47179,"Washington County, TN",2008,59026,2013,54937,57081.5,2,0.9670568901839868,FALSE,FALSE,FALSE,2019,62475,2020,59840,63697,2,1.0195598239295718,FALSE,FALSE,FALSE,17.3,40267,117833,3,360.8443475384936,15.8,51879,129375,3,396.18984039099917
47181,"Wayne County, TN",2007,6150,2009,5794,6046,2,0.9830894308943089,FALSE,FALSE,FALSE,2019,6051,2020,5947,6209,2,1.026111386547678,FALSE,FALSE,FALSE,20.5,31281,16991,8,23.145064288818144,17.3,45091,16673,8,22.711886109555937
47183,"Weakley County, TN",2007,14640,2009,13962,14926.5,2,1.0195696721311476,FALSE,FALSE,FALSE,2019,14409,2020,13561,13696.5,2,0.9505517384967729,FALSE,FALSE,TRUE,18.9,34725,34256,7,59.02614443278488,17.7,42506,33328,7,57.42711763357819
47185,"White County, TN",2007,9922,2009,9169,11119,2,1.1206409997984277,FALSE,FALSE,FALSE,2019,10748,2020,10190,10542.5,2,0.9808801637513956,FALSE,FALSE,TRUE,18.7,33654,25250,7,67.03338129649197,16,43583,27345,7,72.59516085356724
47187,"Williamson County, TN",2008,85436,2009,82934,92763.5,2,1.0857659534622408,FALSE,FALSE,FALSE,2019,123613,2020,118579,134697,2,1.0896669444152314,FALSE,FALSE,FALSE,5,83924,169534,1,290.8402826503532,4.3,119637,238412,1,409.00240345438675
47189,"Wilson County, TN",2008,55482,2009,53441,56077,2,1.0107241988392632,FALSE,FALSE,FALSE,2019,73875,2020,70399,82650.5,2,1.118788494077834,FALSE,FALSE,FALSE,7.2,60154,106757,1,186.93616395371643,7.4,80080,144657,1,253.30071722746757
48001,"Anderson County, TX",2008,19270,2009,19225,20683,2,1.073326414115205,FALSE,FALSE,FALSE,2019,18964,2020,18191,18726,2,0.9874499050833158,FALSE,FALSE,FALSE,18.9,37973,57870,5,54.459885358506405,19.8,48461,57735,7,54.33284052485515
48003,"Andrews County, TX",2008,6705,2009,6557,7771,2,1.1589858314690529,FALSE,FALSE,FALSE,2019,9452,2020,8266,9132,2,0.9661447312738045,FALSE,FALSE,FALSE,15.3,48020,13513,6,9.004548586446466,10.2,74918,18705,6,12.464299660288695
48005,"Angelina County, TX",2006,38367,2010,34886,35223,2,0.9180545781531003,FALSE,FALSE,TRUE,2018,34955,2020,33404,34818.5,2,0.9960949792590473,FALSE,FALSE,FALSE,19.3,37953,84518,5,105.93020122451793,15.6,51750,86715,5,108.683799890959
48007,"Aransas County, TX",2008,10994,2010,8812,9287.5,2,0.8447789703474623,FALSE,FALSE,TRUE,2019,8607,2020,8213,9226.5,2,1.0719762983617986,FALSE,FALSE,FALSE,18.2,38281,23172,2,91.92721040667436,18.7,53085,23510,2,93.26811309601736
48009,"Archer County, TX",2006,5301,2013,3987,3854,2,0.7270326353518204,FALSE,FALSE,TRUE,2018,3831,2020,3592,3914.5,2,1.0217958757504568,FALSE,FALSE,FALSE,8.1,49458,9026,3,9.992372319379513,10.3,63731,8553,3,9.468730384184907
48011,"Armstrong County, TX",2006,1071,2013,961,892,2,0.8328664799253035,FALSE,FALSE,TRUE,2019,826,2020,806,843,2,1.0205811138014529,TRUE,FALSE,FALSE,9.5,46289,1936,3,2.1295248277735794,10.6,64424,1887,2,2.0756267303764178
48013,"Atascosa County, TX",2006,18412,2010,18061,18766.5,2,1.0192537475559418,FALSE,FALSE,FALSE,2019,19939,2020,18899,21083.5,2,1.0574000702141533,FALSE,FALSE,FALSE,18.1,40186,43611,1,35.76014602203122,14.7,57309,51153,1,41.944434878011585
48015,"Austin County, TX",2008,12588,2009,12365,13058,2,1.0373371464887193,FALSE,FALSE,FALSE,2019,13548,2020,12685,14022.5,2,1.0350236197224683,FALSE,FALSE,FALSE,10.9,50277,27454,1,42.465846656437165,11.1,68311,30032,1,46.45349700539524
48017,"Bailey County, TX",2008,3234,2013,2814,2725,2,0.8426097711811997,FALSE,FALSE,TRUE,2018,2709,2020,2487,2506,2,0.9250645994832042,FALSE,FALSE,TRUE,19.8,30933,6927,7,8.376341641554975,15.9,46174,7000,7,8.464615488795268
48019,"Bandera County, TX",2006,9394,2011,8448,8565,2,0.9117521822439856,FALSE,FALSE,TRUE,2019,8098,2020,7782,8876.5,2,1.0961348481106445,FALSE,FALSE,FALSE,13.4,43260,20254,1,25.605756807257702,12.9,59604,23112,1,29.218932128435867
48021,"Bastrop County, TX",2006,32775,2009,31841,32772.5,2,0.9999237223493517,FALSE,FALSE,FALSE,2019,41557,2020,40779,50803.5,2,1.2225016242750921,FALSE,FALSE,FALSE,12.6,51563,71348,1,80.3262225464633,14,62627,88723,1,99.88764146142658
48023,"Baylor County, TX",2008,1975,2013,1575,1492.5,2,0.7556962025316456,FALSE,FALSE,TRUE,2019,1563,2020,1574,1704.5,2,1.0905310300703774,FALSE,FALSE,FALSE,18.1,30539,3905,6,4.501539514986495,15.9,41539,3509,8,4.045045366987865
48025,"Bee County, TX",2006,10769,2010,9599,10286,2,0.9551490389079766,FALSE,FALSE,FALSE,2018,9938,2021,9119,9530.5,2,0.9589957737975447,FALSE,FALSE,TRUE,22.5,34714,31936,4,36.28105548606685,24,44171,32565,6,36.99563414027327
48027,"Bell County, TX",2008,117552,2009,119582,122946,2,1.0458860759493671,FALSE,FALSE,FALSE,2019,145333,2020,142593,154189,2,1.0609359195777972,FALSE,FALSE,FALSE,13.6,47434,287752,2,273.05197393142765,13.8,54831,362924,2,344.3837561062632
48029,"Bexar County, TX",2008,720748,2009,719336,775325.5,2,1.0757234151187378,FALSE,FALSE,FALSE,2019,916392,2020,871046,961050.5,2,1.0487329658050266,FALSE,FALSE,FALSE,16.4,44587,1615210,1,1302.2106485213972,15.2,58956,2003554,1,1615.3003966590345
48031,"Blanco County, TX",2008,4741,2009,4850,5138.5,2,1.0838430710820501,FALSE,FALSE,FALSE,2019,5128,2020,5189,5975,2,1.1651716068642746,FALSE,FALSE,FALSE,10.6,49320,9835,8,13.866721560178894,8.6,68404,11931,8,16.82194762933344
48033,"Borden County, TX",2006,391,2010,335,399,2,1.020460358056266,TRUE,FALSE,FALSE,2019,224,2020,250,390.5,2,1.7433035714285714,TRUE,FALSE,FALSE,8,41783,597,9,0.6652233066612587,10.6,71926,654,8,0.7287370897093186
48035,"Bosque County, TX",2008,7968,2013,7517,7379,2,0.9260793172690763,FALSE,FALSE,TRUE,2019,7253,2020,7054,7737,2,1.066731007858817,FALSE,FALSE,FALSE,19.6,41137,18077,6,18.390166139184167,13.7,55179,18685,6,19.008699137614435
48037,"Bowie County, TX",2008,41720,2013,37258,37409.5,2,0.8966802492809204,FALSE,FALSE,TRUE,2019,37803,2020,35983,37243.5,2,0.9851995873343385,FALSE,FALSE,FALSE,17.9,41822,90456,3,102.21721497187943,16.8,51207,93245,3,105.36884463222889
48039,"Brazoria County, TX",2008,136400,2009,135620,147520,2,1.081524926686217,FALSE,FALSE,FALSE,2019,168930,2020,160885,180519,2,1.0686023796838928,FALSE,FALSE,FALSE,9.8,60784,293296,1,215.13900971622974,8.6,83704,374264,1,274.53080278092784
48041,"Brazos County, TX",2008,89008,2009,92254,93753.5,2,1.0533154323206904,FALSE,FALSE,FALSE,2019,110896,2020,107794,123184.5,2,1.110811030154379,FALSE,FALSE,FALSE,26.2,38039,179472,3,306.19410446004184,20,54471,229211,3,391.052960224384
48043,"Brewster County, TX",2006,5264,2013,3902,4152,2,0.7887537993920972,FALSE,FALSE,FALSE,2019,4887,2020,4633,5077,2,1.038878657663188,FALSE,FALSE,FALSE,17.3,33158,8843,7,1.430035400774577,13.1,48581,9203,7,1.4882523796594405
48045,"Briscoe County, TX",2007,687,2013,590,574,2,0.8355167394468704,TRUE,FALSE,FALSE,2019,625,2020,597,678,2,1.0848,TRUE,FALSE,FALSE,15.5,34911,1647,9,1.829997966668926,15,44259,1546,9,1.7177758691379232
48047,"Brooks County, TX",2008,3126,2010,2286,2488.5,2,0.7960652591170825,FALSE,FALSE,FALSE,2019,3304,2020,3035,3014,2,0.912227602905569,FALSE,FALSE,TRUE,30.2,24208,7413,6,7.8581233999925795,29.6,31410,7093,7,7.518908576304784
48049,"Brown County, TX",2006,18300,2013,14823,15933,2,0.870655737704918,FALSE,FALSE,TRUE,2018,16650,2020,15491,16300,2,0.978978978978979,FALSE,FALSE,FALSE,18.9,37664,38221,5,40.46897036588413,13.7,56040,37864,5,40.09097338985994
48051,"Burleson County, TX",2006,8060,2012,7159,7292.5,2,0.9047766749379652,FALSE,FALSE,FALSE,2019,7554,2020,7261,8589.5,2,1.1370796928779454,FALSE,FALSE,FALSE,15.6,41404,16982,3,25.766141390600865,13.8,61745,18443,3,27.98286100970744
48053,"Burnet County, TX",2008,21510,2010,18948,19347.5,2,0.8994653649465365,FALSE,FALSE,FALSE,2019,21343,2020,21114,24076.5,2,1.1280747786159397,FALSE,FALSE,FALSE,10,48510,42026,6,42.24414878432224,10.5,62827,48155,6,48.40496323012034
48055,"Caldwell County, TX",2006,15210,2009,14568,15469.5,2,1.017061143984221,FALSE,FALSE,FALSE,2019,19725,2020,18883,22625,2,1.14702154626109,FALSE,FALSE,FALSE,16.7,43846,36906,1,67.77451101019022,14.4,55301,43664,1,80.18496311572498
48057,"Calhoun County, TX",2008,9020,2009,8728,9635.5,2,1.0682372505543236,FALSE,FALSE,FALSE,2019,10179,2020,9802,10405,2,1.0222025739267118,FALSE,FALSE,FALSE,15.7,41822,20888,3,41.20473751903608,14.7,55909,21290,6,41.99774328706809
48059,"Callahan County, TX",2008,6913,2013,5547,5557.5,2,0.8039201504411977,FALSE,FALSE,TRUE,2019,5869,2020,5698,6374.5,2,1.0861305162719372,FALSE,FALSE,FALSE,13.3,38736,13418,3,14.919299244361621,12.1,50812,13943,3,15.503039898951714
48061,"Cameron County, TX",2008,137583,2009,138018,147335,2,1.0708808501050275,FALSE,FALSE,FALSE,2019,160307,2020,156571,173864.5,2,1.0845721022787527,FALSE,FALSE,FALSE,34.3,29589,386306,2,433.2139761203336,25.5,40893,423163,2,474.5464108168362
48063,"Camp County, TX",2007,5341,2012,5047,4818.5,2,0.9021718779254821,FALSE,FALSE,FALSE,2019,4933,2020,4846,5209,2,1.0559497263328603,FALSE,FALSE,FALSE,17.5,36423,12253,6,62.56414445970579,16.6,47091,13094,6,66.85831286667654
48065,"Carson County, TX",2006,3417,2013,3020,3013.5,2,0.8819139596136962,FALSE,FALSE,TRUE,2018,2928,2020,2773,2939.5,2,1.0039275956284153,FALSE,FALSE,FALSE,8.5,47669,6361,3,6.91236477638864,8.5,69760,5926,2,6.43965943481828
48067,"Cass County, TX",2007,12375,2013,11374,10702,2,0.8648080808080808,FALSE,FALSE,TRUE,2019,10516,2020,10055,10305.5,2,0.979982883225561,FALSE,FALSE,FALSE,19.3,34181,30176,6,32.20673101039867,17.3,44529,30026,6,32.04663657602831
48069,"Castro County, TX",2008,3505,2009,3550,3867.5,2,1.1034236804564908,FALSE,FALSE,FALSE,2018,3460,2020,3293,3389.5,2,0.9796242774566474,FALSE,FALSE,FALSE,20.1,34831,7737,6,8.650066409970888,15.3,51736,7530,6,8.418637723546695
48071,"Chambers County, TX",2008,13593,2009,14088,15440,2,1.1358787611270507,FALSE,FALSE,FALSE,2019,20630,2020,20223,24088.5,2,1.167644207464857,FALSE,FALSE,FALSE,8.6,62164,30714,1,51.42897329591502,8.6,93351,43837,1,73.40274475395672
48073,"Cherokee County, TX",2007,19438,2009,19305,20308,2,1.0447576911204857,FALSE,FALSE,FALSE,2019,20173,2020,19523,20199,2,1.0012888514350864,FALSE,FALSE,FALSE,18.6,35413,49669,6,47.17110149161312,16.5,46576,52646,6,49.99838549452303
48075,"Childress County, TX",2008,2927,2013,2796,2847,2,0.9726682610181073,FALSE,FALSE,FALSE,2018,2833,2019,2832,2978.5,2,1.051358983409813,FALSE,FALSE,FALSE,23.8,32218,7148,7,10.26258020332773,21.9,44095,7306,7,10.48942514906441
48077,"Clay County, TX",2006,6248,2013,4831,4560,2,0.7298335467349552,FALSE,FALSE,TRUE,2018,4579,2020,4381,4686.5,2,1.0234767416466477,FALSE,FALSE,FALSE,12,46535,11051,3,10.150088311554715,11.5,59983,10471,3,9.617371704849283
48079,"Cochran County, TX",2008,1444,2013,1303,1167.5,2,0.8085180055401662,FALSE,FALSE,TRUE,2018,1014,2020,978,1030.5,2,1.0162721893491125,FALSE,FALSE,FALSE,24.2,32832,3194,9,4.120854309608532,19.5,43742,2853,9,3.68090085952196
48081,"Coke County, TX",2007,1311,2008,1194,1461,2,1.1144164759725401,FALSE,FALSE,FALSE,2018,1386,2020,1287,1537,2,1.108946608946609,FALSE,FALSE,FALSE,13.9,33812,3375,8,3.7020948920962744,13.1,48435,3387,8,3.7152578961570613
48083,"Coleman County, TX",2007,4249,2013,2904,3110,2,0.7319369263356084,FALSE,FALSE,TRUE,2018,3281,2020,3129,3455.5,2,1.053185004571777,FALSE,FALSE,FALSE,22,30457,8774,6,6.947424765265094,17.7,44834,8175,6,6.4731248525236085
48085,"Collin County, TX",2008,391305,2009,388628,412957.5,2,1.0553340744432094,FALSE,FALSE,FALSE,2019,533377,2020,526829,628523.5,2,1.178385082221393,FALSE,FALSE,FALSE,6.2,80059,714330,1,849.0132106755094,6.1,96847,1034730,1,1229.8229662512701
48087,"Collingsworth County, TX",2006,1496,2013,1148,1277,2,0.8536096256684492,FALSE,FALSE,TRUE,2018,1307,2020,1190,1235.5,2,0.9452945677123182,FALSE,FALSE,TRUE,19.5,32049,2973,9,3.237007058700559,19.8,40314,2920,9,3.179300575649388
48089,"Colorado County, TX",2008,10605,2010,8831,9485.5,2,0.8944365865157944,FALSE,FALSE,TRUE,2019,8611,2020,8310,9171,2,1.0650330972012543,FALSE,FALSE,FALSE,14.9,39317,20648,6,21.501815595480952,13.6,55607,21493,6,22.38175719651647
48091,"Comal County, TX",2008,52979,2010,49811,53260,2,1.0053039883727515,FALSE,FALSE,FALSE,2019,72244,2020,71509,88519,2,1.225278223797132,FALSE,FALSE,FALSE,9.8,58589,99540,1,177.89708276664456,6.7,87976,156209,1,279.1754611401927
48093,"Comanche County, TX",2008,6343,2013,5294,5495,2,0.8663093173577172,FALSE,FALSE,FALSE,2019,6152,2020,6101,7064.5,2,1.1483257477243174,FALSE,FALSE,FALSE,17.6,34537,13775,7,14.689369162242082,13.5,54122,13635,7,14.54007611812492
48095,"Concho County, TX",2008,1271,2009,1264,1469,2,1.1557828481510621,FALSE,FALSE,FALSE,2019,919,2020,975,999,2,1.087051142546246,TRUE,FALSE,FALSE,23.7,35580,4018,8,4.0843502701383985,15.1,43321,2726,8,2.771015140964976
48097,"Cooke County, TX",2008,21888,2010,18151,19470,2,0.8895285087719298,FALSE,FALSE,TRUE,2019,19401,2020,18082,20138,2,1.0379877325911036,FALSE,FALSE,FALSE,13.8,47684,38252,6,43.7252665101403,12.7,61186,41257,6,47.16023529250388
48099,"Coryell County, TX",2006,23090,2007,22058,22992,2,0.9957557384148982,FALSE,FALSE,FALSE,2019,24483,2020,23802,25051.5,2,1.023220193603725,FALSE,FALSE,FALSE,15.3,44697,73324,2,69.68325877859475,11.8,53083,75951,2,72.17982089756492
48101,"Cottle County, TX",2008,804,2013,579,564,2,0.7014925373134329,TRUE,FALSE,FALSE,2019,655,2020,670,1097,2,1.6748091603053434,TRUE,FALSE,FALSE,21,30558,1513,9,1.6800582745923667,18.9,40449,1398,9,1.5523605207403361
48103,"Crane County, TX",2006,1658,2007,1592,1658,2,1,FALSE,FALSE,FALSE,2018,2329,2020,2019,2482.5,2,1.0659081150708458,FALSE,FALSE,FALSE,10.4,46376,3976,6,5.064522990972768,9.6,68626,4797,6,6.11029094257957
48105,"Crockett County, TX",2008,2162,2010,1577,1728.5,2,0.7994912118408881,FALSE,FALSE,TRUE,2019,1438,2021,1256,1283,2,0.89221140472879,FALSE,FALSE,TRUE,15,39759,3759,7,1.3389975649408477,13.8,54165,3464,7,1.233915287298509
48107,"Crosby County, TX",2006,2708,2009,2426,2716,2,1.0029542097488922,FALSE,FALSE,FALSE,2018,2304,2020,2103,2180.5,2,0.9463975694444444,FALSE,FALSE,TRUE,24.1,32771,6262,3,6.956239675893886,22.1,38871,5737,2,6.3730352955291
48109,"Culberson County, TX",2007,1719,2012,926,979,2,0.5695171611401978,FALSE,FALSE,FALSE,2019,831,2021,863,1023.5,2,1.2316486161251505,TRUE,FALSE,FALSE,24.3,28452,2536,9,0.6652403521786622,19.7,44462,2171,9,0.5694940081150929
48111,"Dallam County, TX",2008,3485,2009,3636,3858,2,1.1070301291248206,FALSE,FALSE,FALSE,2018,3542,2020,3281,3473,2,0.9805194805194806,FALSE,FALSE,FALSE,13.2,36101,6336,7,4.214579011050631,11.4,55793,7287,7,4.847164970569121
48113,"Dallas County, TX",2006,1095364,2009,1059273,1120061.5,2,1.0225472993452405,FALSE,FALSE,FALSE,2019,1293238,2020,1231569,1340229.5,2,1.0363363124189051,FALSE,FALSE,FALSE,16.9,46468,2291891,1,2624.8236291172293,14,61807,2635516,1,3018.365477117596
48115,"Dawson County, TX",2008,4899,2013,4656,4425,2,0.9032455603184323,FALSE,FALSE,FALSE,2019,4342,2020,4092,4215,2,0.9707508060801474,FALSE,FALSE,TRUE,25.5,31408,13865,7,15.400319446943595,20.6,48165,12728,7,14.137415500951898
48117,"Deaf Smith County, TX",2008,8679,2013,8700,8113,2,0.9347851134923378,FALSE,FALSE,FALSE,2019,7693,2020,7763,8326.5,2,1.0823475887170155,FALSE,FALSE,FALSE,20.8,34194,18916,6,12.637441192072272,17,46178,18546,6,12.390250811385723
48119,"Delta County, TX",2006,2310,2009,2079,2423.5,2,1.0491341991341991,FALSE,FALSE,FALSE,2018,2141,2020,2058,2214.5,2,1.034329752452125,FALSE,FALSE,FALSE,17.7,34975,5199,1,20.24280463493646,16,51348,5331,8,20.75675928233242
48121,"Denton County, TX",2008,332486,2009,328871,358951,2,1.079597336429203,FALSE,FALSE,FALSE,2019,471651,2020,465233,548866.5,2,1.1637132116755822,FALSE,FALSE,FALSE,7.1,71296,609001,1,693.0310099573258,6.5,90910,887207,1,1009.6238975817923
48123,"DeWitt County, TX",2006,8862,2010,8386,9218,2,1.0401715188445047,FALSE,FALSE,FALSE,2019,7310,2020,6713,6928.5,2,0.9478112175102599,FALSE,FALSE,TRUE,19.4,34806,19961,6,21.959875728292054,17.1,52544,20160,6,22.178803400749853
48125,"Dickens County, TX",2006,1156,2013,695,690,2,0.596885813148789,FALSE,FALSE,TRUE,2018,698,2020,673,680,2,0.9742120343839542,TRUE,FALSE,FALSE,23.8,29579,2461,8,2.7292164786564403,19.4,41973,2211,8,2.4519697823280735
48127,"Dimmit County, TX",2008,3741,2010,3456,5908.5,2,1.5793905372894947,FALSE,FALSE,FALSE,2019,3173,2021,2469,2732,2,0.8610148124803025,FALSE,FALSE,TRUE,32.7,25803,9845,6,7.408466496348442,25.3,40315,10124,6,7.618416943527845
48129,"Donley County, TX",2008,1816,2012,1603,1527.5,2,0.8411343612334802,FALSE,FALSE,FALSE,2018,1440,2020,1313,1372,2,0.9527777777777777,FALSE,FALSE,TRUE,16.6,34093,3806,8,4.105553500022113,16.4,41093,3278,8,3.535996945105751
48131,"Duval County, TX",2006,4985,2010,4460,5095.5,2,1.0221664994984956,FALSE,FALSE,FALSE,2018,3884,2020,3448,3897,2,1.0033470648815654,FALSE,FALSE,FALSE,26.9,29968,12097,7,6.744998681332406,23.9,37100,11157,7,6.22087710073784
48133,"Eastland County, TX",2008,8146,2010,7425,7829.5,2,0.961146575006138,FALSE,FALSE,TRUE,2018,7672,2022,6009,5759,2,0.7506517205422315,FALSE,FALSE,TRUE,18.5,33835,18636,6,20.114235387066273,16.7,46991,18360,6,19.816342654353765
48135,"Ector County, TX",2008,68875,2010,62632,74092,2,1.0757459165154264,FALSE,FALSE,FALSE,2019,81326,2020,70235,78780,2,0.9686938986302044,FALSE,FALSE,FALSE,15.5,44107,130459,3,145.29605160577535,12.1,65564,166223,3,185.1274774915245
48137,"Edwards County, TX",2008,1013,2013,846,772,2,0.7620927936821322,FALSE,FALSE,TRUE,2019,805,2022,899,817.5,2,1.015527950310559,TRUE,FALSE,FALSE,24.8,30120,2062,9,0.9736188022694479,20.7,40424,1932,9,0.9122364335521694
48139,"Ellis County, TX",2008,67356,2009,65936,70949.5,2,1.0533508521883723,FALSE,FALSE,FALSE,2019,92707,2020,91817,111430.5,2,1.2019642529690315,FALSE,FALSE,FALSE,10.7,55617,139988,1,149.59594944933286,8.7,78341,184826,1,197.51136492358197
48141,"El Paso County, TX",2008,282211,2009,283104,314510.5,2,1.1144515982722147,FALSE,FALSE,FALSE,2019,362093,2020,347511,378303,2,1.044767504480893,FALSE,FALSE,FALSE,28.4,35116,755578,2,745.4951777213191,18.8,48629,839238,2,828.0387755605436
48143,"Erath County, TX",2008,18102,2009,18160,19107,2,1.0555187272124626,FALSE,FALSE,FALSE,2019,19707,2020,18494,20766.5,2,1.05376262241843,FALSE,FALSE,FALSE,15.8,37421,36678,7,33.8614393373579,15.2,53044,42698,4,39.41915417488706
48145,"Falls County, TX",2006,6671,2009,6148,6472.5,2,0.9702443411782341,FALSE,FALSE,TRUE,2019,5892,2020,5710,6190,2,1.0505770536320433,FALSE,FALSE,FALSE,27.7,30265,17712,6,23.13796954911528,21.6,41484,17297,2,22.595836680840502
48147,"Fannin County, TX",2007,12791,2009,12576,13949.5,2,1.0905714955828316,FALSE,FALSE,FALSE,2019,15121,2020,14352,15606,2,1.032074598240857,FALSE,FALSE,FALSE,16.5,40840,33644,6,38.32156903839561,13.2,56123,35514,6,40.451557568350424
48149,"Fayette County, TX",2008,12015,2010,11314,11954,2,0.994923012900541,FALSE,FALSE,FALSE,2018,10170,2020,9358,9849.5,2,0.9684857423795477,FALSE,FALSE,FALSE,12.4,45005,23898,6,25.157537260483362,10.9,62195,25346,6,26.68185368667718
48151,"Fisher County, TX",2008,1924,2013,1774,1806,2,0.9386694386694386,FALSE,FALSE,TRUE,2018,1787,2020,1769,1809.5,2,1.0125909345271404,FALSE,FALSE,FALSE,16.1,33855,4080,8,4.538623350994659,13.3,51053,3830,8,4.26052142997783
48153,"Floyd County, TX",2008,3091,2013,2832,2583,2,0.8356518925913944,FALSE,FALSE,FALSE,2018,2513,2020,2334,2343,2,0.9323517707918823,FALSE,FALSE,TRUE,22,31264,6683,6,6.735924156094434,17.3,45022,5712,6,5.757234592190843
48155,"Foard County, TX",2008,689,2013,545,492.5,2,0.7148040638606676,TRUE,FALSE,TRUE,2018,486,2020,473,485,2,0.9979423868312757,TRUE,FALSE,FALSE,18.1,29032,1383,9,1.9633814454064964,17,38615,1155,9,1.6397003394392649
48157,"Fort Bend County, TX",2008,256210,2009,259547,292039.5,2,1.1398442683735999,FALSE,FALSE,FALSE,2019,381519,2020,369748,430640,2,1.128751123797242,FALSE,FALSE,FALSE,8.4,77016,516564,1,599.4116862094374,6.6,101361,811688,1,941.8683314283726
48159,"Franklin County, TX",2006,5286,2012,4272,4357,2,0.8242527430949679,FALSE,FALSE,FALSE,2019,4736,2020,4853,5448,2,1.150337837837838,FALSE,FALSE,FALSE,14.4,40152,10799,8,37.97236902714924,14.4,50630,10725,7,37.712163887042834
48161,"Freestone County, TX",2008,9882,2013,7277,6928,2,0.7010726573568103,FALSE,FALSE,TRUE,2018,6538,2020,6138,6513.5,2,0.9962526766595289,FALSE,FALSE,FALSE,13.6,40664,19162,7,21.83128999659349,15.5,52511,19717,7,22.46360217424245
48163,"Frio County, TX",2008,6557,2009,6950,7812.5,2,1.1914747597986883,FALSE,FALSE,FALSE,2019,6584,2020,5914,6083.5,2,0.9239823815309842,FALSE,FALSE,TRUE,28.9,29583,16776,6,14.800163387592953,27.7,40360,20306,6,17.91440854485351
48165,"Gaines County, TX",2008,6598,2009,6663,8209,2,1.244164898454077,FALSE,FALSE,FALSE,2019,8711,2020,8339,9137.5,2,1.048961083687292,FALSE,FALSE,FALSE,18.3,38530,16187,7,10.77436012468358,13.2,67171,21492,7,14.305464125514273
48167,"Galveston County, TX",2008,135162,2009,130195,138441.5,2,1.0242634764208876,FALSE,FALSE,FALSE,2019,162476,2020,154335,167670.5,2,1.0319708756985646,FALSE,FALSE,FALSE,12.4,52392,283770,1,747.9184951490855,11.3,73214,342139,1,901.7587694675723
48169,"Garza County, TX",2006,2468,2010,2021,2102,2,0.8517017828200972,FALSE,FALSE,TRUE,2018,1868,2022,1435,1505,2,0.8056745182012848,FALSE,FALSE,FALSE,21,35571,6049,6,6.770642119684447,24.2,48975,6229,6,6.972116013145052
48171,"Gillespie County, TX",2008,12908,2010,11553,11761.5,2,0.9111791137279207,FALSE,FALSE,FALSE,2019,11696,2020,11236,12826,2,1.0966142270861834,FALSE,FALSE,FALSE,9.9,49818,23787,7,22.478673751633668,8.5,62143,26988,7,25.503613200869776
48173,"Glasscock County, TX",2008,611,2009,628,721,2,1.1800327332242226,TRUE,FALSE,FALSE,2018,517,2020,477,539,2,1.0425531914893618,TRUE,FALSE,FALSE,10.3,47583,1164,8,1.2930201351228259,7.9,93759,1409,8,1.56517643504129
48175,"Goliad County, TX",2008,3369,2010,3113,3306,2,0.981300089047195,FALSE,FALSE,FALSE,2018,2800,2020,2565,2745,2,0.9803571428571428,FALSE,FALSE,TRUE,15.8,44571,7142,3,8.382520882946347,13.4,56758,7658,3,8.988146866648435
48177,"Gonzales County, TX",2008,9453,2010,8685,8962.5,2,0.9481117105680736,FALSE,FALSE,FALSE,2019,8409,2020,8152,8432,2,1.0027351647044833,FALSE,FALSE,FALSE,18.6,33751,19512,6,18.292168454446763,16.2,48425,20837,6,19.534333440206396
48179,"Gray County, TX",2008,11081,2010,8500,9177,2,0.8281743524952622,FALSE,FALSE,TRUE,2018,8781,2020,8067,8411.5,2,0.957920510192461,FALSE,FALSE,TRUE,15.1,40890,22438,6,24.231781885884484,14.5,52543,21886,6,23.635652836904708
48181,"Grayson County, TX",2006,53831,2009,52768,55435,2,1.0297969571436534,FALSE,FALSE,FALSE,2019,61303,2020,59929,65872.5,2,1.074539582075918,FALSE,FALSE,FALSE,12.6,44392,118331,3,126.85135158313608,11.6,57439,136212,3,146.01986209735514
48183,"Gregg County, TX",2008,62038,2010,55665,57597,2,0.9284148425158774,FALSE,FALSE,TRUE,2019,54738,2020,51227,54209,2,0.9903357813584712,FALSE,FALSE,FALSE,16.2,40900,118260,3,432.58468066427685,16.5,53137,123945,3,453.37991074694565
48185,"Grimes County, TX",2008,10376,2010,10330,11032,2,1.0632228218966846,FALSE,FALSE,FALSE,2019,10827,2020,10303,11508,2,1.062898309781103,FALSE,FALSE,FALSE,16.8,38799,26046,6,33.07567174243492,15.9,51651,28880,6,36.67455271141521
48187,"Guadalupe County, TX",2008,55808,2009,56726,63164,2,1.1318090596330275,FALSE,FALSE,FALSE,2019,79296,2020,76221,87216.5,2,1.0998852401129944,FALSE,FALSE,FALSE,9.6,52862,117667,1,165.4364416549971,7.4,78801,166847,1,234.5821171680361
48189,"Hale County, TX",2008,16163,2013,12772,13025,2,0.8058528738476768,FALSE,FALSE,FALSE,2018,14055,2020,13102,13383.5,2,0.9522234080398435,FALSE,FALSE,TRUE,18,35556,36080,4,35.91193215750289,17.9,49187,33406,4,33.25038818330215
48191,"Hall County, TX",2006,1376,2013,1192,1161,2,0.84375,FALSE,FALSE,TRUE,2018,1162,2020,1089,1131,2,0.9733218588640276,FALSE,FALSE,TRUE,26.3,27688,3440,9,3.893640236697107,25.4,35940,2964,9,3.354869087665763
48193,"Hamilton County, TX",2008,4147,2013,3386,3114,2,0.7509042681456475,FALSE,FALSE,FALSE,2019,3029,2020,3057,3226.5,2,1.0652030373060415,FALSE,FALSE,FALSE,14.6,37194,8452,6,10.111075886902377,14.3,52505,8461,6,10.121842531836371
48195,"Hansford County, TX",2008,2587,2009,2665,2924,2,1.1302667182064168,FALSE,FALSE,FALSE,2018,2298,2020,2002,2285.5,2,0.9945604873803308,FALSE,FALSE,FALSE,13.5,44826,5365,7,5.832726323914722,11.7,58703,5399,7,5.869690479555561
48197,"Hardeman County, TX",2008,2268,2013,1591,1625,2,0.7164902998236331,FALSE,FALSE,TRUE,2019,1799,2020,1767,1838,2,1.0216787103946636,FALSE,FALSE,FALSE,16.8,33602,4296,7,6.180281220058868,19.2,40057,3933,9,5.658064720319257
48199,"Hardin County, TX",2008,24995,2013,23138,23354.5,2,0.93436687337467494,FALSE,FALSE,FALSE,2019,23843,2020,22416,24370.5,2,1.0221238938053097,FALSE,FALSE,FALSE,11.2,52798,52446,2,58.889910698345005,12.1,62616,57602,2,64.67941570464991
48201,"Harris County, TX",2008,1860217,2009,1839924,1970876,2,1.059487145854489,FALSE,FALSE,FALSE,2019,2240913,2020,2115541,2302016.5,2,1.0272672343817006,FALSE,FALSE,FALSE,16.3,49977,3863344,1,2262.85430460473,15,61638,4713325,1,2760.7087966412228
48203,"Harrison County, TX",2008,31115,2010,27982,29722.5,2,0.955246665595372,FALSE,FALSE,TRUE,2019,30139,2020,28203,30132,2,0.9997677427917316,FALSE,FALSE,FALSE,16.5,40873,63661,4,70.7298077126055,17.8,55171,66553,4,73.94293040789549
48205,"Hartley County, TX",2008,2390,2009,2389,2742.5,2,1.147489539748954,FALSE,FALSE,FALSE,2018,2065,2020,1895,1917,2,0.9283292978208233,FALSE,FALSE,TRUE,10.8,51456,6047,9,4.136242223597854,8.6,72796,5576,7,3.81407088453475
48207,"Haskell County, TX",2008,3180,2013,2564,2279,2,0.7166666666666667,FALSE,FALSE,TRUE,2018,1935,2019,1854,2361,2,1.22015503875969,FALSE,FALSE,FALSE,21,29237,5802,6,6.4243029542714085,20.7,38613,5658,6,6.264857999873772
48209,"Hays County, TX",2008,74044,2009,74467,78937,2,1.0660823294257469,FALSE,FALSE,FALSE,2019,116827,2020,115946,147303.5,2,1.260868634819006,FALSE,FALSE,FALSE,13.7,55132,140480,1,207.54906537913755,11.2,72890,230191,1,340.0905958762034
48211,"Hemphill County, TX",2008,3113,2010,2050,2426,2,0.7793125602312881,FALSE,FALSE,TRUE,2018,1759,2022,1268,1112.5,2,0.6324616259238204,FALSE,FALSE,TRUE,9.1,52192,3538,9,3.9038449231258125,9.1,71299,3819,7,4.213901571909972
48213,"Henderson County, TX",2008,33061,2010,31747,31873,2,0.9640664226732404,FALSE,FALSE,FALSE,2019,30900,2020,30544,33648.5,2,1.088948220064725,FALSE,FALSE,FALSE,15.5,38990,78178,4,89.4717506720853,17.5,49896,82737,4,94.6893529555159
48215,"Hidalgo County, TX",2008,264718,2009,268013,289674.5,2,1.0942757953747007,FALSE,FALSE,FALSE,2019,331726,2020,322063,359658.5,2,1.0842035294188577,FALSE,FALSE,FALSE,34,30153,715264,2,455.2255239525722,26.9,41656,868707,2,552.8834098126945
48217,"Hill County, TX",2008,15303,2011,14508,14920.5,2,0.975004900999804,FALSE,FALSE,FALSE,2019,15448,2020,14971,17009,2,1.1010486794407044,FALSE,FALSE,FALSE,16.9,38849,34650,6,36.13673766084238,13.1,53210,36649,6,38.22150933714899
48219,"Hockley County, TX",2008,11608,2010,10269,11195.5,2,0.9644641626464507,FALSE,FALSE,TRUE,2019,9468,2020,8921,9356.5,2,0.9882234896493451,FALSE,FALSE,FALSE,17.1,42113,22844,6,25.14773357757444,15.5,51149,23021,6,25.342583378101082
48221,"Hood County, TX",2008,24428,2010,21401,22295,2,0.9126821680039299,FALSE,FALSE,FALSE,2019,25054,2020,23349,26482,2,1.0569968867246746,FALSE,FALSE,FALSE,10.7,52730,48870,4,116.15249322622047,9.2,74534,61643,1,146.51090935019252
48223,"Hopkins County, TX",2008,16985,2010,15413,16056.5,2,0.9453341183397115,FALSE,FALSE,FALSE,2019,16736,2020,16401,18038,2,1.0777963671128108,FALSE,FALSE,FALSE,14.6,39105,34331,6,44.734966400888155,14.7,50332,37084,6,48.32225959076451
48225,"Houston County, TX",2006,7608,2007,7454,8641,2,1.1357781282860147,FALSE,FALSE,FALSE,2019,7476,2020,7211,7770,2,1.0393258426966292,FALSE,FALSE,FALSE,24,33497,23641,7,19.20475841939501,20.9,43601,22968,7,18.65804709515945
48227,"Howard County, TX",2008,13470,2010,12297,12687.5,2,0.9419079435783222,FALSE,FALSE,FALSE,2019,14126,2020,12840,13149.5,2,0.9308721506442021,FALSE,FALSE,TRUE,25.9,37285,33817,5,37.54149135758612,17,61112,36664,4,40.702050422407
48229,"Hudspeth County, TX",2008,1545,2013,1197,1037,2,0.6711974110032363,FALSE,FALSE,FALSE,2018,920,2020,837,976.5,2,1.061413043478261,TRUE,FALSE,FALSE,32.4,25095,3462,8,0.7574635429646143,28,39309,4886,2,1.0690256704000882
48231,"Hunt County, TX",2006,36716,2009,33767,34990.5,2,0.953004139884519,FALSE,FALSE,FALSE,2019,43728,2020,42251,50674,2,1.1588455909257227,FALSE,FALSE,FALSE,16.4,43330,84351,1,100.36743445554733,14.8,57513,98594,1,117.31487276630074
48233,"Hutchinson County, TX",2008,10865,2010,8902,9139.5,2,0.8411872986654395,FALSE,FALSE,TRUE,2018,9045,2020,8406,8676.5,2,0.9592592592592593,FALSE,FALSE,TRUE,13.6,44157,22138,6,24.946361603923265,11.4,57936,20938,6,23.59413313140055
48235,"Irion County, TX",2006,964,2012,810,782.5,2,0.8117219917012448,TRUE,FALSE,TRUE,2019,668,2020,635,717,2,1.0733532934131738,TRUE,FALSE,FALSE,8.1,46796,1609,3,1.5301309312781965,7.4,68630,1536,3,1.4607092047503478
48237,"Jack County, TX",2008,5325,2010,3383,3673.5,2,0.6898591549295775,FALSE,FALSE,TRUE,2018,3439,2020,2625,2822.5,2,0.8207327711544053,FALSE,FALSE,TRUE,13,44165,9068,6,9.954202763641474,15.6,55358,8935,6,9.808204862498519
48239,"Jackson County, TX",2008,6595,2009,6473,6947.5,2,1.0534495830174375,FALSE,FALSE,FALSE,2019,6315,2020,5961,6073,2,0.9616785431512272,FALSE,FALSE,TRUE,14.6,48497,13857,6,16.706392120977572,13.8,55800,14760,6,17.79507452591679
48241,"Jasper County, TX",2007,14728,2013,12930,12758,2,0.8662411732753938,FALSE,FALSE,TRUE,2018,12654,2020,11749,12092.5,2,0.9556266793108898,FALSE,FALSE,TRUE,20.8,36608,35069,6,37.360904698744484,19.5,47252,35529,6,37.85096760790706
48243,"Jeff Davis County, TX",2008,1159,2013,1108,818.5,2,0.7062122519413288,FALSE,FALSE,FALSE,2018,593,2020,526,563.5,2,0.9502529510961214,TRUE,FALSE,TRUE,13.1,38850,2277,9,1.0054951169235824,12.7,53362,2274,9,1.004170353923683
48245,"Jefferson County, TX",2008,107336,2013,98621,102452,2,0.9544980248937914,FALSE,FALSE,FALSE,2018,105026,2021,97627,104996,2,0.9997143564450708,FALSE,FALSE,FALSE,17.1,39499,247629,2,282.44452428612976,16.9,55173,251565,2,286.9339081934678
48247,"Jim Hogg County, TX",2008,2690,2010,2093,2168.5,2,0.8061338289962825,FALSE,FALSE,FALSE,2019,1923,2020,1833,1886,2,0.9807592303692148,FALSE,FALSE,FALSE,22.8,32350,5131,6,4.516037610469533,22.8,38788,5200,6,4.5767677985658874
48249,"Jim Wells County, TX",2008,20767,2010,16465,19057,2,0.9176578225068619,FALSE,FALSE,TRUE,2018,15927,2020,13993,14843,2,0.9319394738494381,FALSE,FALSE,TRUE,22.1,35528,40654,4,46.989283105402826,21,44444,40482,4,46.79047962495492
48251,"Johnson County, TX",2008,70470,2010,65818,68431,2,0.9710657017170428,FALSE,FALSE,FALSE,2019,82653,2020,80391,95549,2,1.1560257945870083,FALSE,FALSE,FALSE,11.3,53067,145123,1,200.15336682945804,11,66538,175817,1,242.48647351456916
48253,"Jones County, TX",2006,7618,2013,5426,5744,2,0.7540036755053819,FALSE,FALSE,TRUE,2019,6360,2020,6108,6823.5,2,1.072877358490566,FALSE,FALSE,FALSE,20.6,35584,20102,3,21.647501739166017,20.4,51094,20083,3,21.627040962474936
48255,"Karnes County, TX",2006,5031,2010,4435,5120.5,2,1.0177897038362154,FALSE,FALSE,FALSE,2019,5205,2022,4897,4992,2,0.9590778097982708,FALSE,FALSE,TRUE,26.5,31818,14900,6,19.926392707742675,21,54843,15601,6,20.863869304261307
48257,"Kaufman County, TX",2008,44312,2009,43421,47508.5,2,1.072136215923452,FALSE,FALSE,FALSE,2019,66762,2020,66894,88463,2,1.3250501782451094,FALSE,FALSE,FALSE,11,53935,95694,1,122.57335649179976,9.8,75009,136154,1,174.39811043309408
48259,"Kendall County, TX",2008,15675,2010,15418,16849,2,1.074896331738437,FALSE,FALSE,FALSE,2019,19622,2020,18765,22403,2,1.141728671898889,FALSE,FALSE,FALSE,8.6,67471,30330,1,45.784311061598245,7.4,94899,47431,1,71.59893366180897
48261,"Kenedy County, TX",2006,238,2010,205,261.5,2,1.0987394957983194,TRUE,FALSE,FALSE,2018,151,2022,105,89.5,2,0.5927152317880795,TRUE,FALSE,TRUE,15.9,30581,415,9,0.28452681476687314,14.2,46132,404,9,0.2769851401585946
48263,"Kent County, TX",2008,427,2009,443,527.5,2,1.2353629976580796,TRUE,FALSE,FALSE,2019,243,2021,232,304,2,1.2510288065843622,TRUE,FALSE,FALSE,9.1,36697,788,9,0.8731234217573937,11.5,52591,762,9,0.8443147809379873
48265,"Kerr County, TX",2008,22382,2013,20187,20951.5,2,0.9360870342239299,FALSE,FALSE,FALSE,2019,22657,2020,21579,23121,2,1.0204793220638213,FALSE,FALSE,FALSE,16.4,42642,48352,4,43.823578194434496,12.5,57789,52600,4,47.67373041502429
48267,"Kimble County, TX",2007,2171,2013,2045,1940.5,2,0.8938277291570704,FALSE,FALSE,TRUE,2018,1909,2020,1840,1892,2,0.9910948140387638,FALSE,FALSE,FALSE,17.8,35174,4518,7,3.6115685302722667,17,44757,4337,7,3.466881964539801
48269,"King County, TX",2008,172,2009,187,255.5,2,1.4854651162790697,TRUE,FALSE,FALSE,2019,122,2020,125,234.5,2,1.9221311475409837,TRUE,FALSE,FALSE,15.2,42117,284,9,0.3117888004145474,11,71256,272,9,0.29861462574914394
48271,"Kinney County, TX",2008,1314,2013,1096,1076.5,2,0.8192541856925418,FALSE,FALSE,FALSE,2019,1288,2021,1156,1195,2,0.9277950310559007,FALSE,FALSE,TRUE,21.2,29010,3546,9,2.6063314892031286,18.9,47076,3667,7,2.6952672224782495
48273,"Kleberg County, TX",2008,15973,2010,13798,14336.5,2,0.897545858636449,FALSE,FALSE,FALSE,2019,13041,2020,12314,12842.5,2,0.9847787746338471,FALSE,FALSE,FALSE,24.4,37008,31370,4,35.59490120344125,23.3,47169,30680,4,34.811972232119146
48275,"Knox County, TX",2008,1754,2013,1650,1578.5,2,0.8999429874572406,FALSE,FALSE,FALSE,2018,1470,2020,1438,1527.5,2,1.0391156462585034,FALSE,FALSE,FALSE,20.3,30422,3721,9,4.3744511362874885,19.1,40808,3664,9,4.307441269378489
48277,"Lamar County, TX",2007,23198,2013,20384,21218.5,2,0.9146693680489697,FALSE,FALSE,TRUE,2019,22231,2020,21308,22608,2,1.016958301470919,FALSE,FALSE,FALSE,16.2,38110,49387,4,54.43101312419269,18.4,47061,49859,5,54.951219619720234
48279,"Lamb County, TX",2008,6845,2013,5695,5249,2,0.7668371073776479,FALSE,FALSE,TRUE,2019,5692,2020,5562,5693,2,1.0001756851721715,FALSE,FALSE,FALSE,19.5,33486,14270,6,14.042773875913838,18.5,42719,12893,6,12.687700321104213
48281,"Lampasas County, TX",2006,10143,2010,8394,8423,2,0.8304249235926254,FALSE,FALSE,TRUE,2019,8499,2020,8303,9103,2,1.0710671843746322,FALSE,FALSE,FALSE,13.6,45107,19728,2,27.687332989019378,12.4,58817,21428,2,30.073204140749557
48283,"La Salle County, TX",2008,2779,2010,2483,3746.5,2,1.3481468154012235,FALSE,FALSE,FALSE,2018,2927,2020,2323,2644.5,2,0.9034847967201913,FALSE,FALSE,TRUE,28.8,27960,6675,6,4.489797565621671,26.6,41683,7520,6,5.058168942842691
48285,"Lavaca County, TX",2006,9922,2013,8749,8676,2,0.8744204797419876,FALSE,FALSE,TRUE,2018,9099,2020,8549,9514.5,2,1.0456643587207386,FALSE,FALSE,FALSE,13.2,38025,19238,6,19.83894137313359,11,52632,20154,6,20.783554654025075
48287,"Lee County, TX",2008,8725,2010,7643,8619.5,2,0.9879083094555874,FALSE,FALSE,FALSE,2019,8575,2022,7545,8957,2,1.0445481049562682,FALSE,FALSE,FALSE,12.3,44875,16421,6,26.10489969620326,10.7,59250,17239,6,27.405296015032455
48289,"Leon County, TX",2008,7535,2012,6419,6669.5,2,0.8851360318513604,FALSE,FALSE,FALSE,2019,6203,2020,5791,6461,2,1.0415927776882155,FALSE,FALSE,FALSE,15.4,38742,16390,8,15.272709652650686,14.4,50522,17404,8,16.2175862595932
48291,"Liberty County, TX",2008,29306,2010,27087,27967,2,0.9543096976728315,FALSE,FALSE,FALSE,2019,32179,2020,31302,38034.5,2,1.1819664998912334,FALSE,FALSE,FALSE,14.4,46159,74515,1,64.32235153159965,14.4,53274,88219,1,76.15182889037362
48293,"Limestone County, TX",2008,10362,2011,8738,8710.5,2,0.8406195715112913,FALSE,FALSE,FALSE,2019,8272,2020,7809,8531.5,2,1.0313708897485494,FALSE,FALSE,FALSE,21.3,35110,23090,6,25.50169532708216,19.2,43644,23437,6,25.884938647935236
48295,"Lipscomb County, TX",2007,1807,2010,1570,1664,2,0.920863309352518,FALSE,FALSE,TRUE,2018,1526,2022,1354,1348.5,2,0.8836828309305373,FALSE,FALSE,TRUE,14.3,45179,3178,9,3.4090884711021285,12.4,65388,3233,9,3.468087799582499
48297,"Live Oak County, TX",2008,4938,2010,4300,5611.5,2,1.1363912515188335,FALSE,FALSE,FALSE,2019,3949,2021,3464,3687,2,0.9336540896429476,FALSE,FALSE,TRUE,18.1,39814,11528,6,11.087867114875037,16.5,54163,12207,8,11.740943257397603
48299,"Llano County, TX",2008,8149,2011,7357,7591,2,0.9315253405325807,FALSE,FALSE,FALSE,2019,7646,2020,7377,8600,2,1.1247711221553753,FALSE,FALSE,FALSE,12.4,41521,18935,7,20.271608506902624,10.8,55617,21795,7,23.333493921729215
48301,"Loving County, TX",2008,40,2009,39,62.5,2,1.5625,TRUE,FALSE,FALSE,2019,75,2020,47,171.5,2,2.2866666666666666,TRUE,FALSE,FALSE,20,45691,79,9,0.11811883053386721,7.1,88487,169,9,0.2526845868382729
48303,"Lubbock County, TX",2008,134576,2010,134607,138370.5,2,1.0281959636190703,FALSE,FALSE,FALSE,2019,148280,2020,142821,155775.5,2,1.0505496358241166,FALSE,FALSE,FALSE,17.4,41223,265215,3,296.1297627076252,17.9,54733,310569,2,346.77044765320386
48305,"Lynn County, TX",2008,2665,2013,2693,2519,2,0.9452157598499062,FALSE,FALSE,FALSE,2019,2413,2020,2315,2521,2,1.0447575631993369,FALSE,FALSE,FALSE,20.1,32840,5989,6,6.715126807023918,16,45737,5951,2,6.6725195572882505
48307,"McCulloch County, TX",2008,3861,2009,3659,4116,2,1.066045066045066,FALSE,FALSE,FALSE,2018,3553,2020,2897,2920,2,0.8218406980016887,FALSE,FALSE,TRUE,22.8,31681,8105,7,7.606036405746615,17.6,43262,7984,7,7.492485461256136
48309,"McLennan County, TX",2006,107038,2011,104411,105700,2,0.9874997664380875,FALSE,FALSE,FALSE,2019,114548,2020,112677,122554,2,1.0698920976359256,FALSE,FALSE,FALSE,19.1,40459,226741,3,218.71629899005487,18,51078,256623,2,247.54073059448822
48311,"McMullen County, TX",2006,323,2008,318,551.5,2,1.7074303405572755,TRUE,FALSE,FALSE,2019,226,2020,198,235,2,1.0398230088495575,TRUE,FALSE,FALSE,13.9,37661,773,8,0.678189750999957,10.5,68349,743,9,0.6518693208188462
48313,"Madison County, TX",2007,4788,2011,4273,4621,2,0.9651211361737677,FALSE,FALSE,FALSE,2018,4538,2020,4355,4806,2,1.0590568532393125,FALSE,FALSE,FALSE,21.2,34285,13353,6,28.650510121978694,17.8,46274,14284,6,30.648085567463767
48315,"Marion County, TX",2007,4880,2012,3941,4141,2,0.8485655737704918,FALSE,FALSE,TRUE,2019,3382,2020,3230,3433,2,1.0150798344175045,FALSE,FALSE,FALSE,25,31043,10951,8,28.750177210936148,21.4,37876,9854,8,25.870171330158414
48317,"Martin County, TX",2008,2176,2010,2067,2364,2,1.0863970588235294,FALSE,FALSE,FALSE,2019,2491,2020,2186,2459.5,2,0.9873544761140104,FALSE,FALSE,FALSE,16.9,40927,4494,6,4.9117116014321995,12.1,68745,5771,3,6.3074071321462455
48319,"Mason County, TX",2006,2371,2011,1838,1822,2,0.7684521299029945,FALSE,FALSE,TRUE,2018,1660,2020,1592,1733.5,2,1.044277108433735,FALSE,FALSE,FALSE,14.5,37846,3897,9,4.195573814968412,11.7,54914,4274,9,4.6014581691493435
48321,"Matagorda County, TX",2008,16052,2013,15131,15367,2,0.9573261898828807,FALSE,FALSE,FALSE,2018,14888,2020,14002,15437.5,2,1.0369089199355186,FALSE,FALSE,FALSE,22.5,38680,36452,4,33.34668957353342,17.5,49276,36643,4,33.521418469301686
48323,"Maverick County, TX",2008,18798,2009,19656,20413.5,2,1.085939993616342,FALSE,FALSE,FALSE,2018,21766,2020,20414,21735,2,0.9985757603601948,FALSE,FALSE,FALSE,29.8,27652,51367,5,40.14690388877946,26.9,40017,58722,5,45.895350909278484
48325,"Medina County, TX",2006,18977,2010,18541,18901.5,2,0.9960214997101755,FALSE,FALSE,FALSE,2019,20509,2020,19519,22181.5,2,1.0815495636062216,FALSE,FALSE,FALSE,14.8,44606,44577,1,33.63385522887726,12.2,60695,51584,1,38.92071669530037
48327,"Menard County, TX",2008,1052,2013,861,837,2,0.7956273764258555,FALSE,FALSE,TRUE,2019,934,2021,913,916.5,2,0.9812633832976445,TRUE,FALSE,FALSE,21.5,32749,2176,8,2.4123446415683785,20.7,38425,2138,9,2.370217299482166
48329,"Midland County, TX",2008,73769,2010,67270,80602,2,1.0926269842345702,FALSE,FALSE,FALSE,2019,88913,2020,77614,91508.5,2,1.0291914568173384,FALSE,FALSE,FALSE,14.4,51280,128954,3,143.2252504003963,9.9,85811,176832,3,196.40187569833333
48331,"Milam County, TX",2007,11804,2013,9283,9880,2,0.8370044052863436,FALSE,FALSE,TRUE,2018,9827,2020,9538,10861.5,2,1.1052711916149385,FALSE,FALSE,FALSE,17.3,39427,24946,6,24.54454935081802,16.3,48989,24823,6,24.423528763543484
48333,"Mills County, TX",2006,2321,2013,1952,1923.5,2,0.8287376130978027,FALSE,FALSE,FALSE,2019,1940,2020,1943,1951.5,2,1.0059278350515464,FALSE,FALSE,FALSE,17.2,35725,4871,9,6.510073841424705,13.2,46876,4873,9,6.512746834174212
48335,"Mitchell County, TX",2006,3184,2012,2696,2673,2,0.8395100502512562,FALSE,FALSE,FALSE,2019,3319,2020,3254,3393.5,2,1.0224465200361554,FALSE,FALSE,FALSE,24.6,32554,9339,7,10.250325707693946,19.5,44457,8545,7,9.378844969723179
48337,"Montague County, TX",2008,10370,2010,8685,9544,2,0.9203471552555449,FALSE,FALSE,TRUE,2019,8367,2020,7889,8596.5,2,1.0274291860882037,FALSE,FALSE,FALSE,14.9,40072,19822,6,21.293234762693547,12.9,53649,19818,6,21.288937873426534
48339,"Montgomery County, TX",2008,205349,2009,207000,219260,2,1.0677432079045917,FALSE,FALSE,FALSE,2019,283079,2020,273979,324591.5,2,1.1466463425404216,FALSE,FALSE,FALSE,9.8,63550,411416,1,394.7651986846789,8.9,88833,607391,1,582.808711363403
48341,"Moore County, TX",2008,10997,2013,10893,10234,2,0.9306174411203055,FALSE,FALSE,FALSE,2019,9489,2020,9202,10013,2,1.055221835809885,FALSE,FALSE,FALSE,12.5,43161,20469,6,22.750967546887956,11.9,55099,20940,7,23.27447654657452
48343,"Morris County, TX",2006,5864,2010,4984,5250.5,2,0.8953785811732605,FALSE,FALSE,TRUE,2019,4817,2021,4458,4638,2,0.9628399418725347,FALSE,FALSE,TRUE,17.5,35288,13251,6,52.58562873776236,18.1,43304,12388,6,49.16087606998718
48345,"Motley County, TX",2008,668,2013,469,470.5,2,0.7043413173652695,TRUE,FALSE,TRUE,2019,431,2020,391,465.5,2,1.080046403712297,TRUE,FALSE,FALSE,16,32814,1228,8,1.2409480519743,17.6,40217,1200,9,1.2126528195188597
48347,"Nacogdoches County, TX",2008,29767,2013,27174,27104,2,0.910538515806094,FALSE,FALSE,FALSE,2018,27676,2020,26347,27528.5,2,0.9946704726116491,FALSE,FALSE,FALSE,21.1,32774,62274,5,65.80621436210009,20.9,46207,65204,5,68.9024055186173
48349,"Navarro County, TX",2006,20064,2007,19783,20375,2,1.015500398724083,FALSE,FALSE,FALSE,2019,22376,2020,21198,22412.5,2,1.001631212012871,FALSE,FALSE,FALSE,18.5,37657,47272,4,46.817773957068525,13.4,48649,50113,4,49.63147542542255
48351,"Newton County, TX",2007,5424,2013,4975,4996.5,2,0.921183628318584,FALSE,FALSE,TRUE,2018,4910,2020,4603,4727.5,2,0.9628309572301426,FALSE,FALSE,TRUE,20.4,34162,14335,8,15.353275276139392,22.8,45890,13595,2,14.56070996715138
48353,"Nolan County, TX",2008,7483,2013,6535,6161,2,0.8233328878791928,FALSE,FALSE,TRUE,2019,5979,2022,5774,5931.5,2,0.9920555276802141,FALSE,FALSE,FALSE,21.8,32218,14750,6,16.17329881567593,17.5,46389,14714,6,16.133825001617332
48355,"Nueces County, TX",2008,156633,2010,149580,156326.5,2,0.9980431965166983,FALSE,FALSE,FALSE,2018,156733,2020,146408,155967,2,0.9951127075982722,FALSE,FALSE,FALSE,19.1,41140,330512,2,393.8009286453859,16.5,56079,362294,2,431.66878552866893
48357,"Ochiltree County, TX",2008,5510,2010,4588,5147,2,0.934119782214156,FALSE,FALSE,TRUE,2018,4886,2020,4316,4396.5,2,0.8998158002455997,FALSE,FALSE,TRUE,12.7,50838,9812,7,10.69212202444194,11.4,62567,9836,7,10.718274789279546
48359,"Oldham County, TX",2006,982,2008,871,925.5,2,0.9424643584521385,TRUE,FALSE,TRUE,2018,724,2020,677,717.5,2,0.9910220994475138,TRUE,FALSE,FALSE,22.1,51101,1992,8,1.327537132053291,13.1,59404,2112,2,1.4075092484420433
48361,"Orange County, TX",2008,38955,2013,33838,36296,2,0.9317417533050957,FALSE,FALSE,FALSE,2019,37927,2020,35387,37692,2,0.993803886413373,FALSE,FALSE,FALSE,13.5,46563,82255,2,246.423703171108,12.5,62976,83396,2,249.84196887311072
48363,"Palo Pinto County, TX",2006,13867,2010,12132,12455,2,0.8981755246268118,FALSE,FALSE,TRUE,2019,12398,2020,11625,12252,2,0.9882239070817874,FALSE,FALSE,FALSE,15.9,37034,27679,6,29.05782274717626,17.2,50159,29189,6,30.643043035056465
48365,"Panola County, TX",2008,12619,2010,10391,11665,2,0.9243997147159045,FALSE,FALSE,TRUE,2018,9318,2020,8055,8644,2,0.9276668813050011,FALSE,FALSE,TRUE,13.7,42324,23351,6,28.780250321992224,14.3,56882,23194,6,28.5867468617313
48367,"Parker County, TX",2008,51384,2009,50956,53712.5,2,1.0453156624630235,FALSE,FALSE,FALSE,2019,68520,2020,67547,82637,2,1.2060274372446,FALSE,FALSE,FALSE,8.6,59851,109408,1,121.06418034809492,8.2,82501,142878,1,158.1000288806587
48369,"Parmer County, TX",2008,4364,2009,4462,4906.5,2,1.1243125572868928,FALSE,FALSE,FALSE,2019,4438,2020,4435,4707,2,1.0606128886885984,FALSE,FALSE,FALSE,15.3,35360,10075,7,11.438179337028366,11.8,50607,9605,7,10.904586851827043
48371,"Pecos County, TX",2008,6807,2013,6308,6020.5,2,0.8844571764360217,FALSE,FALSE,FALSE,2018,5625,2020,5363,5507,2,0.9790222222222222,FALSE,FALSE,TRUE,21.8,34797,15321,7,3.216106351290504,18.7,52763,15823,7,3.321483636607901
48373,"Polk County, TX",2006,16001,2007,15761,16197.5,2,1.0122804824698457,FALSE,FALSE,FALSE,2019,17870,2020,17551,18953.5,2,1.0606323447118076,FALSE,FALSE,FALSE,17.5,37152,45727,6,43.25894728078913,16.7,50416,51353,6,48.58129157194577
48375,"Potter County, TX",2006,55603,2013,54342,52534.5,2,0.9448141287340611,FALSE,FALSE,TRUE,2018,49990,2020,47588,48968,2,0.9795559111822364,FALSE,FALSE,FALSE,25.3,32796,119537,3,131.59172296572078,20.3,41138,117415,2,129.25572962363205
48377,"Presidio County, TX",2008,3026,2010,3057,3281.5,2,1.0844348975545275,FALSE,FALSE,FALSE,2019,2479,2020,2331,2459.5,2,0.9921339249697458,FALSE,FALSE,FALSE,24.4,27251,7712,7,2.000388042078702,19.2,33499,6704,7,1.7389265345040998
48379,"Rains County, TX",2007,4941,2010,4720,4916,2,0.9949402954867436,FALSE,FALSE,FALSE,2019,4934,2020,4845,5458.5,2,1.1063032022699635,FALSE,FALSE,FALSE,15.6,40101,10994,8,47.90622685084317,13.4,65657,12514,8,54.529609133295565
48381,"Randall County, TX",2008,66238,2010,62930,65050,2,0.9820646758658172,FALSE,FALSE,FALSE,2019,70413,2020,69111,76005,2,1.0794171530825274,FALSE,FALSE,FALSE,9,53213,114782,3,125.7594134397416,9,70694,137713,2,150.88346694627324
48383,"Reagan County, TX",2008,2514,2010,1809,1935,2,0.7696897374701671,FALSE,FALSE,TRUE,2019,1564,2021,1317,1298.5,2,0.8302429667519181,FALSE,FALSE,TRUE,9.6,49684,3260,6,2.7737268508670874,8.9,67384,3849,6,3.2748695242292696
48385,"Real County, TX",2008,1418,2012,964,996,2,0.7023977433004231,FALSE,FALSE,FALSE,2019,932,2020,927,982,2,1.053648068669528,TRUE,FALSE,FALSE,20,29031,3308,9,4.73139195606156,17.7,40834,3452,9,4.937353395503176
48387,"Red River County, TX",2006,5927,2013,4599,4487,2,0.757044035768517,FALSE,FALSE,TRUE,2019,4506,2020,4469,4572.5,2,1.014758100310697,FALSE,FALSE,FALSE,19,32284,13072,6,12.522320231134136,19.6,41325,12023,6,11.517430855180976
48389,"Reeves County, TX",2008,3976,2009,4192,5019.5,2,1.2624496981891349,FALSE,FALSE,FALSE,2019,7021,2021,5246,5868.5,2,0.8358495940749181,FALSE,FALSE,TRUE,36.5,29152,13039,7,4.947722393272403,22.1,48990,15976,7,6.0621836762727135
48391,"Refugio County, TX",2008,3919,2010,3042,3319,2,0.846899719316152,FALSE,FALSE,TRUE,2019,2762,2020,2564,2679.5,2,0.970130340333092,FALSE,FALSE,TRUE,16,37298,7414,6,9.622522985551939,18,46883,6948,6,9.017708349556901
48393,"Roberts County, TX",2008,559,2013,428,417,2,0.7459749552772809,TRUE,FALSE,FALSE,2018,389,2021,362,344.5,2,0.8856041131105399,TRUE,FALSE,TRUE,6.2,58693,887,9,0.9598964567159204,7.4,70705,854,9,0.9241844126667373
48395,"Robertson County, TX",2006,7147,2007,6614,6798.5,2,0.951238281796558,FALSE,FALSE,FALSE,2019,6540,2020,6275,7047.5,2,1.077599388379205,FALSE,FALSE,FALSE,19.7,35543,16546,3,19.348539153720672,20.7,47016,17074,3,19.96597108126597
48397,"Rockwall County, TX",2008,36783,2010,36588,39068,2,1.0621210885463392,FALSE,FALSE,FALSE,2019,52377,2020,52339,66178.5,2,1.2635030643221261,FALSE,FALSE,FALSE,5,79492,70851,1,556.9609307444383,4.8,105763,104915,1,824.7386211775804
48399,"Runnels County, TX",2008,4286,2009,4261,4737,2,1.1052263182454503,FALSE,FALSE,FALSE,2019,4323,2020,4189,4422.5,2,1.0230164237797825,FALSE,FALSE,FALSE,19.3,33874,10506,6,9.995528366331452,17.2,48650,10264,6,9.76528680297221
48401,"Rusk County, TX",2008,23267,2010,22129,22820,2,0.9807882408561482,FALSE,FALSE,TRUE,2019,20650,2020,19274,20367.5,2,0.986319612590799,FALSE,FALSE,FALSE,13.1,41906,51278,3,55.48372157944339,15.4,56036,54406,3,58.86827404054755
48403,"Sabine County, TX",2006,3141,2012,2885,3157,2,1.0050939191340338,FALSE,FALSE,FALSE,2019,3411,2020,3385,3468,2,1.0167106420404572,FALSE,FALSE,FALSE,16.1,34555,10541,9,21.43743263305607,17.6,43778,10542,8,21.43946635211812
48405,"San Augustine County, TX",2006,3347,2013,2581,2496,2,0.7457424559306842,FALSE,FALSE,TRUE,2019,3200,2020,2663,3031,2,0.9471875,FALSE,FALSE,TRUE,21.8,30458,9048,9,17.050497588847076,22.5,40094,8237,9,15.522209177645154
48407,"San Jacinto County, TX",2008,9586,2009,9287,10355,2,1.0802211558522845,FALSE,FALSE,FALSE,2019,10113,2020,9605,10659,2,1.0539899139721152,FALSE,FALSE,FALSE,17.2,39463,25719,1,45.18105624487257,16.8,42633,28859,8,50.69715393953021
48409,"San Patricio County, TX",2008,28565,2011,27156,28473,2,0.9967792753369508,FALSE,FALSE,FALSE,2019,28579,2020,26911,29392.5,2,1.0284649567864517,FALSE,FALSE,FALSE,17.4,40506,66723,2,96.23680805860488,14.4,57302,66730,2,96.24690439204927
48411,"San Saba County, TX",2006,2446,2013,2131,2194.5,2,0.8971790678659035,FALSE,FALSE,TRUE,2018,2315,2020,1955,2035,2,0.8790496760259179,FALSE,FALSE,TRUE,19.8,34908,5985,7,5.271673978893926,20.7,46061,6055,7,5.333330984495024
48413,"Schleicher County, TX",2008,1434,2009,1383,1649.5,2,1.150278940027894,FALSE,FALSE,FALSE,2018,937,2020,818,862,2,0.919957310565635,TRUE,FALSE,TRUE,14.7,41675,3198,8,2.4400255752524336,15,53286,2793,8,2.131016707842416
48415,"Scurry County, TX",2008,7311,2010,6630,7946.5,2,1.086923813431815,FALSE,FALSE,FALSE,2018,6920,2020,5959,6321.5,2,0.9135115606936416,FALSE,FALSE,FALSE,17.2,44272,16431,7,18.14687805443732,14.7,56299,16703,7,18.447282827780814
48417,"Shackelford County, TX",2008,2108,2010,1801,2168.5,2,1.0287001897533208,FALSE,FALSE,FALSE,2018,1504,2020,1383,1516,2,1.0079787234042554,FALSE,FALSE,FALSE,12.3,40294,3357,8,3.671717602588249,12.7,65095,3265,8,3.571092634033552
48419,"Shelby County, TX",2008,11948,2013,10708,9694.5,2,0.8113910277870774,FALSE,FALSE,TRUE,2019,9013,2020,8863,9091,2,1.0086541662043715,FALSE,FALSE,FALSE,18.8,33420,25433,6,31.96751086302098,21.4,39708,25274,7,31.767658929422097
48421,"Sherman County, TX",2008,1414,2009,1394,1467,2,1.0374823196605374,FALSE,FALSE,FALSE,2018,1452,2020,1367,1433.5,2,0.9872589531680441,FALSE,FALSE,FALSE,14.1,38573,2969,9,3.2171727022516956,11.1,55473,3022,9,3.2746028650066097
48423,"Smith County, TX",2008,94798,2010,93273,94376,2,0.9955484292917572,FALSE,FALSE,FALSE,2019,102916,2020,99808,109736.5,2,1.066272494072836,FALSE,FALSE,FALSE,14.3,44699,199953,3,216.9899672810735,12.9,59538,232751,3,252.58251626450783
48425,"Somervell County, TX",2008,3962,2010,3728,3865.5,2,0.9756436143361938,FALSE,FALSE,FALSE,2018,4034,2020,3706,4184.5,2,1.0373078829945463,FALSE,FALSE,FALSE,9.2,49443,7996,8,42.941457625116136,9.4,67897,9128,1,49.02071350701102
48427,"Starr County, TX",2008,19917,2009,20613,21996,2,1.1043831902394938,FALSE,FALSE,FALSE,2019,23220,2020,22219,22913.5,2,0.9868001722652886,FALSE,FALSE,FALSE,32.2,23070,59529,4,48.66744769162976,32.5,32516,64633,4,52.840181199971546
48429,"Stephens County, TX",2008,4553,2010,3935,4039,2,0.8871074017131562,FALSE,FALSE,TRUE,2019,3357,2020,3213,3341.5,2,0.995382782246053,FALSE,FALSE,FALSE,18.5,35867,9513,7,10.60865085126812,17,46658,9366,7,10.444720264162433
48431,"Sterling County, TX",2006,848,2010,644,705.5,2,0.8319575471698113,TRUE,FALSE,TRUE,2018,656,2022,582,657,2,1.0015243902439024,TRUE,FALSE,FALSE,12.8,44622,1152,8,1.2474971546885643,10.7,66790,1291,8,1.398019814846299
48433,"Stonewall County, TX",2007,857,2013,671,635,2,0.7409568261376897,TRUE,FALSE,FALSE,2019,603,2020,584,813.5,2,1.3490878938640132,TRUE,FALSE,FALSE,17.5,35541,1439,8,1.5704240799814038,15.1,48267,1350,9,1.4732956969943676
48435,"Sutton County, TX",2008,3479,2010,1802,1935,2,0.5561943087093992,FALSE,FALSE,TRUE,2018,1388,2022,935,896.5,2,0.645893371757925,FALSE,FALSE,TRUE,14.1,48918,4314,7,2.967120263285498,13.1,63427,3776,7,2.597089966195188
48437,"Swisher County, TX",2008,3431,2013,2699,2504.5,2,0.7299621101719616,FALSE,FALSE,FALSE,2018,2340,2020,2225,2298.5,2,0.9822649572649572,FALSE,FALSE,FALSE,18.6,32382,7855,6,8.824256313471736,20.6,44388,7397,6,8.309742068841556
48439,"Tarrant County, TX",2008,846832,2009,835405,887189,2,1.047656441891662,FALSE,FALSE,FALSE,2019,1035978,2020,997502,1107521,2,1.0690584162984156,FALSE,FALSE,FALSE,12.2,53518,1707157,1,1972.7617511243823,10.2,70130,2102515,1,2429.6307680929644
48441,"Taylor County, TX",2008,65289,2010,60038,60767,2,0.9307387155569851,FALSE,FALSE,FALSE,2019,64415,2020,62477,68324,2,1.0606846231467826,FALSE,FALSE,FALSE,16.2,39865,128503,3,140.35821638908794,14,54465,138034,3,150.7685115604411
48443,"Terrell County, TX",2006,367,2008,311,475.5,2,1.2956403269754768,TRUE,FALSE,FALSE,2018,364,2020,350,357,2,0.9807692307692307,TRUE,FALSE,FALSE,20.1,31759,886,9,0.375748847095665,17.5,45677,776,9,0.3290983130318691
48445,"Terry County, TX",2008,5671,2013,5177,5100.5,2,0.8994004584729325,FALSE,FALSE,TRUE,2018,4906,2022,4409,4418.5,2,0.9006318793314309,FALSE,FALSE,TRUE,23.1,33602,12424,6,13.977595795020763,21.6,42953,12337,6,13.879716622921052
48447,"Throckmorton County, TX",2006,943,2013,751,733.5,2,0.7778366914103924,TRUE,FALSE,FALSE,2018,673,2020,589,705.5,2,1.048291233283804,TRUE,FALSE,FALSE,14.4,34057,1653,9,1.8114036241222418,13.9,42746,1501,9,1.6448377736282425
48449,"Titus County, TX",2006,13962,2013,12040,12475,2,0.8934966337200974,FALSE,FALSE,FALSE,2019,13357,2020,13406,14339.5,2,1.0735569364378228,FALSE,FALSE,FALSE,14.6,37913,30231,7,74.40524535936324,16.3,49924,32750,7,80.60506716678726
48451,"Tom Green County, TX",2006,50310,2010,49235,50950,2,1.0127211290001987,FALSE,FALSE,FALSE,2019,54903,2020,52493,57270.5,2,1.0431215052000802,FALSE,FALSE,FALSE,15.9,40104,106680,3,70.07725051237585,12.9,54774,119200,3,78.30153975511062
48453,"Travis County, TX",2008,519306,2009,515777,564956.5,2,1.0879067447709059,FALSE,FALSE,FALSE,2019,704907,2020,680791,791577,2,1.122952389464142,FALSE,FALSE,FALSE,14.6,53209,955399,1,960.8634303282769,10.8,80690,1273954,1,1281.2404142357589
48455,"Trinity County, TX",2007,5607,2012,5100,5151.5,2,0.9187622614588907,FALSE,FALSE,TRUE,2018,4730,2020,4591,4848.5,2,1.0250528541226216,FALSE,FALSE,FALSE,18,33064,14425,8,20.791444158577104,17.9,43788,14651,7,21.11718879496105
48457,"Tyler County, TX",2008,7823,2012,6746,6880,2,0.8794580084366611,FALSE,FALSE,TRUE,2019,5906,2020,5878,6008.5,2,1.0173552319674908,FALSE,FALSE,FALSE,18.8,36275,21279,6,23.019504754486743,17.2,48254,21672,6,23.444649985395774
48459,"Upshur County, TX",2008,19135,2010,16704,17330.5,2,0.9056963679122028,FALSE,FALSE,TRUE,2019,16834,2020,15892,17368,2,1.0317215159795652,FALSE,FALSE,FALSE,15.7,40616,38275,3,65.65405331229202,14.9,53078,41753,3,71.61995265703797
48461,"Upton County, TX",2008,1736,2010,1460,1576,2,0.9078341013824884,FALSE,FALSE,FALSE,2019,1415,2021,1469,2811,2,1.9865724381625443,FALSE,FALSE,FALSE,15.2,40526,3123,8,2.515864122391996,13.8,58908,3657,8,2.94605030278179
48463,"Uvalde County, TX",2006,10750,2007,10467,10783,2,1.0030697674418605,FALSE,FALSE,FALSE,2019,10270,2020,9873,10160.5,2,0.9893378773125608,FALSE,FALSE,FALSE,23.9,32881,26217,7,16.893245923442027,19.8,44690,26741,6,17.230891758735297
48465,"Val Verde County, TX",2008,19427,2013,18079,17977,2,0.9253616101302311,FALSE,FALSE,FALSE,2019,20456,2020,18380,19924.5,2,0.974017403206883,FALSE,FALSE,TRUE,25,34533,47676,5,15.160505604579061,20.8,45034,49025,5,15.589474521027109
48467,"Van Zandt County, TX",2008,24665,2010,21659,22038,2,0.8934928035678087,FALSE,FALSE,FALSE,2019,23385,2020,22778,25732.5,2,1.100384862091084,FALSE,FALSE,FALSE,14.3,42822,52151,6,61.89500719226369,13.6,55554,56590,6,67.16339968572419
48469,"Victoria County, TX",2008,43918,2010,39848,42862.5,2,0.9759665740698574,FALSE,FALSE,FALSE,2018,41275,2020,37980,40015.5,2,0.9694851605087825,FALSE,FALSE,TRUE,16.2,45436,85261,3,96.65826613474634,14.3,57344,92084,3,104.39333081657479
48471,"Walker County, TX",2008,25182,2011,21243,21637,2,0.8592248431419268,FALSE,FALSE,FALSE,2019,27417,2020,26603,27874.5,2,1.016686727213043,FALSE,FALSE,FALSE,24.2,34927,65517,4,83.54373240298689,21.4,47519,72971,4,93.04866976782144
48473,"Waller County, TX",2008,15504,2009,15232,18789.5,2,1.2119130546955625,FALSE,FALSE,FALSE,2019,24659,2020,24072,28061,2,1.1379617989375077,FALSE,FALSE,FALSE,19.9,46990,39809,1,77.555489317101,13.2,61822,55246,1,107.62969586808417
48475,"Ward County, TX",2008,4921,2010,4246,5156,2,1.047754521438732,FALSE,FALSE,FALSE,2019,5625,2021,4343,5423,2,0.9640888888888889,FALSE,FALSE,FALSE,15.6,40080,10275,6,12.296509227468068,12.4,61396,11998,6,14.358493207898967
48477,"Washington County, TX",2008,15876,2010,14464,14749.5,2,0.9290438397581254,FALSE,FALSE,FALSE,2019,15253,2020,15042,15883.5,2,1.0413361305972595,FALSE,FALSE,FALSE,14.3,44971,32434,6,53.68143344687303,10.6,59039,35882,6,59.388209747200406
48479,"Webb County, TX",2008,88311,2009,86946,100544,2,1.13852181494944,FALSE,FALSE,FALSE,2019,106930,2020,100461,109284.5,2,1.0220190779014309,FALSE,FALSE,FALSE,30.4,33696,234594,3,69.78852880471742,20.9,52576,276652,2,82.30021258379449
48481,"Wharton County, TX",2008,20161,2010,19465,20015.5,2,0.9927830960765835,FALSE,FALSE,FALSE,2019,18081,2020,17272,18311.5,2,1.012748188706377,FALSE,FALSE,FALSE,15.7,40185,40845,4,37.60551087148665,16.4,49901,41556,4,38.260120205055685
48483,"Wheeler County, TX",2008,3341,2010,2569,2872,2,0.8596228674049686,FALSE,FALSE,TRUE,2018,2679,2022,2231,2224,2,0.830160507652109,FALSE,FALSE,TRUE,12.3,39603,5138,9,5.618167961134262,11.6,58544,5056,9,5.528504712241111
48485,"Wichita County, TX",2006,60340,2013,53685,53340.5,2,0.8839990056347365,FALSE,FALSE,TRUE,2019,55385,2020,52793,54991.5,2,0.9928951882278595,FALSE,FALSE,TRUE,15.6,39939,130564,3,208.0392866077219,13.9,51535,132230,3,210.69387325862462
48487,"Wilbarger County, TX",2006,7640,2013,5415,5393.5,2,0.705955497382199,FALSE,FALSE,TRUE,2019,5907,2020,5759,5888,2,0.9967834772304046,FALSE,FALSE,FALSE,15.4,35864,13746,6,14.157326978019375,14.9,42570,12769,6,13.151091821790295
48489,"Willacy County, TX",2008,7095,2013,6229,6617.5,2,0.9326990838618746,FALSE,FALSE,FALSE,2019,7777,2020,7552,8664,2,1.114054262569114,FALSE,FALSE,FALSE,39.9,24961,21576,6,36.5315358788242,30.5,35821,21358,6,36.16242785038595
48491,"Williamson County, TX",2008,195087,2009,196435,218469.5,2,1.119856781846048,FALSE,FALSE,FALSE,2019,303832,2020,300136,377352.5,2,1.241977474393744,FALSE,FALSE,FALSE,6,68320,373723,1,334.9231570278004,5.4,92661,590551,1,529.2401198372179
48493,"Wilson County, TX",2008,18038,2009,17845,20247.5,2,1.1224914070296041,FALSE,FALSE,FALSE,2019,22050,2020,21100,24113.5,2,1.0935827664399094,FALSE,FALSE,FALSE,11,55593,40354,1,50.20809097525926,8.3,76905,51070,1,63.540843686040795
48495,"Winkler County, TX",2008,3356,2010,2636,3062.5,2,0.9125446960667462,FALSE,FALSE,FALSE,2019,3812,2021,3351,4107,2,1.0773871983210912,FALSE,FALSE,FALSE,15.8,42548,6775,6,8.053309940102393,12.5,64894,8010,6,9.521330276047257
48497,"Wise County, TX",2006,26827,2010,25313,26448.5,2,0.9858910798822083,FALSE,FALSE,FALSE,2019,31949,2020,30893,36919.5,2,1.1555760743685248,FALSE,FALSE,FALSE,9.7,54105,57247,1,63.29454013139419,8.3,70468,69984,1,77.37706948059271
48499,"Wood County, TX",2008,17312,2012,15366,15749,2,0.9097158040665434,FALSE,FALSE,FALSE,2019,16337,2020,16117,17161,2,1.0504376568525433,FALSE,FALSE,FALSE,11.9,40592,41414,6,64.18347167893076,14.3,56945,45539,6,70.57640210525011
48501,"Yoakum County, TX",2008,3999,2010,3439,4088,2,1.0222555638909727,FALSE,FALSE,FALSE,2019,3209,2021,2700,2996.5,2,0.9337799937675288,FALSE,FALSE,TRUE,17,45704,7588,7,9.488380235458882,10.6,62636,8713,7,10.895131390557886
48503,"Young County, TX",2008,9567,2011,7937,8183.5,2,0.855388313996028,FALSE,FALSE,TRUE,2018,7955,2020,7435,8038.5,2,1.0104965430546826,FALSE,FALSE,FALSE,16.8,39007,18135,6,19.83055184374378,13.6,52643,18010,7,19.69386483075961
48505,"Zapata County, TX",2008,4925,2009,4794,6138.5,2,1.2463959390862944,FALSE,FALSE,FALSE,2018,5082,2021,4089,4136.5,2,0.8139512003148367,FALSE,FALSE,TRUE,33.4,30017,13388,6,13.409293958806584,30.1,36069,14179,6,14.20155206467871
48507,"Zavala County, TX",2007,3347,2008,3288,3927.5,2,1.1734389005079175,FALSE,FALSE,FALSE,2018,4211,2021,3698,4053,2,0.9624792210876276,FALSE,FALSE,TRUE,40.7,21346,11657,7,8.984844385763296,29.6,32538,11840,7,9.125894958174266
49001,"Beaver County, UT",2007,3069,2012,2706,2922.5,2,0.9522645812968393,FALSE,FALSE,FALSE,2018,2756,2020,2627,2790,2,1.0123367198838897,FALSE,FALSE,FALSE,9.5,39465,6266,9,2.425944050745825,8.9,58309,6710,7,2.5978430546607862
49003,"Box Elder County, UT",2007,22643,2009,21177,21380,2,0.9442211721061696,FALSE,FALSE,FALSE,2019,25359,2020,24958,27481,2,1.083678378484956,FALSE,FALSE,FALSE,8.3,52615,47193,4,8.163037266332994,7.5,69380,56046,2,9.694352692748902
49005,"Cache County, UT",2008,59276,2010,53220,54584.5,2,0.9208532964437547,FALSE,FALSE,FALSE,2019,64169,2020,64578,70259.5,2,1.094913431719366,FALSE,FALSE,FALSE,12.9,46883,103624,3,88.9715434275475,13.1,63180,128289,3,110.14890695955224
49007,"Carbon County, UT",2008,9591,2013,8329,8034,2,0.8376603065373788,FALSE,FALSE,TRUE,2019,8295,2021,8136,8262,2,0.9960216998191682,FALSE,FALSE,FALSE,15.4,41981,20554,7,13.894005649805353,16.4,52110,20463,7,13.832491856182102
49009,"Daggett County, UT",2007,496,2013,405,477.5,2,0.9627016129032258,TRUE,FALSE,FALSE,2019,464,2020,484,488.5,2,1.052801724137931,TRUE,FALSE,FALSE,7.5,41629,974,8,1.39839055871015,6.7,63433,950,9,1.3639332964832056
49011,"Davis County, UT",2007,139797,2009,134250,138574,2,0.9912516005350616,FALSE,FALSE,FALSE,2019,173828,2020,172845,186643,2,1.0737223002048002,FALSE,FALSE,FALSE,6.3,65767,288236,2,887.5545414515032,5.5,87610,355481,2,1094.6196032061291
49013,"Duchesne County, UT",2008,9924,2010,7309,8749.5,2,0.8816505441354293,FALSE,FALSE,TRUE,2019,7737,2020,7471,8314.5,2,1.0746413338503296,FALSE,FALSE,FALSE,12,49374,16651,6,5.146308649328099,14.2,59437,19938,7,6.162218596498928
49015,"Emery County, UT",2006,5022,2012,4374,4251,2,0.8464755077658304,FALSE,FALSE,TRUE,2018,3982,2019,3970,4109,2,1.0318935208437972,FALSE,FALSE,FALSE,11.4,48191,10566,9,2.367659465764061,10.9,61893,10012,7,2.2435175630541146
49017,"Garfield County, UT",2008,2619,2013,2510,2317.5,2,0.8848797250859106,FALSE,FALSE,FALSE,2019,2171,2020,1972,2243.5,2,1.0333947489636113,FALSE,FALSE,FALSE,10.6,41553,4850,9,0.9363736968960275,9.4,54625,5051,9,0.9751801119632649
49019,"Grand County, UT",2008,4904,2010,4714,4959.5,2,1.0113172920065252,FALSE,FALSE,FALSE,2019,5830,2020,5479,6539.5,2,1.1216981132075472,FALSE,FALSE,FALSE,14.8,39219,8838,7,2.406300488611321,12.2,53535,9754,7,2.6556975521514854
49021,"Iron County, UT",2007,20229,2012,18011,19219.5,2,0.9500963962627911,FALSE,FALSE,FALSE,2019,25262,2020,25828,29920.5,2,1.1844074103396405,FALSE,FALSE,FALSE,19.3,40250,43645,4,13.241137357421515,13.1,58307,54839,4,16.637203151417996
49023,"Juab County, UT",2007,3949,2009,3537,4249.5,2,1.0760952139782223,FALSE,FALSE,FALSE,2019,5232,2020,5174,5805,2,1.1095183486238531,FALSE,FALSE,FALSE,10,50048,9607,2,2.8324093434423845,9,66056,12017,2,3.5429440075098504
49025,"Kane County, UT",2007,3353,2011,3208,3327.5,2,0.9923948702654339,FALSE,FALSE,FALSE,2019,3242,2020,3208,3570,2,1.1011721159777914,FALSE,FALSE,FALSE,9.4,42268,6778,6,1.6969860846139595,9.4,55887,7886,6,1.9743924849905112
49027,"Millard County, UT",2007,6001,2012,5620,5831.5,2,0.9717547075487418,FALSE,FALSE,FALSE,2018,5521,2020,5359,5762.5,2,1.043742075710922,FALSE,FALSE,FALSE,12.7,44948,11954,7,1.761702411118326,11.8,59069,13188,7,1.9435612680130903
49029,"Morgan County, UT",2008,3888,2009,3780,4032.5,2,1.0371656378600822,FALSE,FALSE,FALSE,2019,5254,2020,5299,5826.5,2,1.1089645984012182,FALSE,FALSE,FALSE,4.2,68174,8771,2,14.397641485430821,4,101943,12124,2,19.901608182574765
49031,"Piute County, UT",2007,898,2013,445,428,2,0.4766146993318486,TRUE,FALSE,TRUE,2019,448,2020,434,475.5,2,1.0613839285714286,TRUE,FALSE,FALSE,16.2,34610,1419,9,1.8715131691747668,15.7,42196,1479,9,1.9506469183999156
49033,"Rich County, UT",2007,1403,2012,889,987,2,0.7034925160370634,FALSE,FALSE,TRUE,2018,1037,2020,997,1104,2,1.064609450337512,FALSE,FALSE,FALSE,9,49889,2124,8,2.064625499874606,9.3,64583,2483,8,2.4135899793731856
49035,"Salt Lake County, UT",2008,533662,2010,501146,532295.5,2,0.9974393904756194,FALSE,FALSE,FALSE,2019,614489,2020,604527,656362,2,1.0681427983251124,FALSE,FALSE,FALSE,9,56378,983719,2,1306.6565540106158,9,79941,1160437,1,1541.3879487601814
49037,"San Juan County, UT",2007,4673,2009,4630,5238,2,1.1209073400385192,FALSE,FALSE,FALSE,2019,5576,2020,5031,5599,2,1.0041248206599713,FALSE,FALSE,FALSE,31.6,34561,14028,7,1.7929986394018735,21.9,49438,15308,7,1.9566027353837954
49039,"Sanpete County, UT",2008,10542,2011,10162,10457,2,0.9919370138493645,FALSE,FALSE,FALSE,2019,11801,2020,11927,13083.5,2,1.1086772307431574,FALSE,FALSE,FALSE,14.1,40706,25846,6,16.257227251455515,13.1,54648,30939,6,19.46074262681971
49041,"Sevier County, UT",2008,9155,2013,8706,8798,2,0.961004915346805,FALSE,FALSE,FALSE,2018,8922,2020,8849,9463.5,2,1.0606926698049766,FALSE,FALSE,FALSE,12.6,45415,20236,7,10.592124685156996,12.1,58983,21620,7,11.316551477223477
49043,"Summit County, UT",2008,21170,2010,19118,20652,2,0.9755314123760038,FALSE,FALSE,FALSE,2019,23225,2020,21647,24781,2,1.0669967707212056,FALSE,FALSE,FALSE,5,80431,34647,2,18.521131955648073,4.7,112482,42145,4,22.529312964204347
49045,"Tooele County, UT",2008,26607,2010,24906,26333.5,2,0.9897207501785245,FALSE,FALSE,FALSE,2019,34539,2020,34846,41473.5,2,1.2007730391731086,FALSE,FALSE,FALSE,6.9,63632,53821,2,7.644734130262884,5.3,80196,72259,1,10.263667407121119
49047,"Uintah County, UT",2008,17985,2010,13754,15027,2,0.8355296080066722,FALSE,FALSE,TRUE,2019,14616,2020,13551,15619,2,1.068623426382047,FALSE,FALSE,FALSE,10.8,56265,29920,7,6.6742793306358115,11.1,62541,35734,7,7.971213155111634
49049,"Utah County, UT",2007,215900,2009,204330,220169.5,2,1.0197753589624827,FALSE,FALSE,FALSE,2019,303930,2020,306224,344139,2,1.1322969104728062,FALSE,FALSE,FALSE,11.4,57133,469574,2,234.26458996437944,9.7,79505,636235,2,317.4096764215799
49051,"Wasatch County, UT",2007,10371,2009,9108,10705.5,2,1.032253398900781,FALSE,FALSE,FALSE,2019,16924,2020,16502,19113,2,1.1293429449302765,FALSE,FALSE,FALSE,5.9,60888,21413,6,18.193605176761668,5,92136,34091,6,28.96549731849727
49053,"Washington County, UT",2007,61244,2010,50302,54304.5,2,0.8866909411534191,FALSE,FALSE,FALSE,2019,73328,2020,74582,86042.5,2,1.1733921557931486,FALSE,FALSE,FALSE,8.9,47097,132277,3,54.4890424202779,9.5,64388,177556,3,73.14088175551957
49055,"Wayne County, UT",2007,1331,2012,1200,1269.5,2,0.953794139744553,FALSE,FALSE,FALSE,2018,1131,2020,1101,1224.5,2,1.0826702033598585,FALSE,FALSE,FALSE,11.4,49817,2648,9,1.0759442751881887,11.8,50555,2711,9,1.101542647294252
49057,"Weber County, UT",2007,108370,2010,102233,106502.5,2,0.9827673710436468,FALSE,FALSE,FALSE,2019,129265,2020,128466,139717.5,2,1.0808610219316908,FALSE,FALSE,FALSE,10.5,52275,217567,2,356.070066102258,6.9,71835,260213,2,425.8644928259656
50001,"Addison County, VT",2006,20980,2010,19958,20069.5,2,0.9566015252621545,FALSE,FALSE,FALSE,2018,20689,2020,19182,20706,2,1.000821692686935,FALSE,FALSE,FALSE,9.9,54205,36886,6,48.13324790462607,7.9,73574,36777,6,47.99101171686908
50003,"Bennington County, VT",2006,19741,2013,18433,18011,2,0.9123651284129477,FALSE,FALSE,TRUE,2018,18399,2020,16481,17444.5,2,0.9481221805532909,FALSE,FALSE,TRUE,10.7,46672,37077,6,54.991049141473994,10,56948,35470,6,52.607614236537
50005,"Caledonia County, VT",2006,16098,2013,15054,15304,2,0.9506771027456827,FALSE,FALSE,FALSE,2018,15978,2020,14887,15612,2,0.9770935035674052,FALSE,FALSE,FALSE,13.8,41034,31238,7,48.116719782259445,12.3,50942,29993,7,46.1990132668323
50007,"Chittenden County, VT",2008,85046,2009,85289,92147.5,2,1.0835018695764644,FALSE,FALSE,FALSE,2019,97218,2020,90822,96044.5,2,0.987929190067683,FALSE,FALSE,FALSE,7.8,57677,153625,3,286.1605404871761,10.5,76483,163774,3,305.0652976907845
50009,"Essex County, VT",2006,3133,2013,2673,2667.5,2,0.8514203638684966,FALSE,FALSE,TRUE,2018,2739,2020,2533,2694.5,2,0.9837531945965681,FALSE,FALSE,FALSE,13.5,35986,6421,9,9.693977686187479,14.8,45796,6163,9,9.304467291694975
50011,"Franklin County, VT",2006,25099,2008,24607,26268,2,1.046575560779314,FALSE,FALSE,FALSE,2019,25825,2020,24248,25753.5,2,0.9972313649564376,FALSE,FALSE,FALSE,9.8,51495,47455,3,75.2106707070643,9.6,65056,49402,3,78.29643987504774
50013,"Grand Isle County, VT",2006,4063,2010,3838,3918,2,0.9643120846665025,FALSE,FALSE,TRUE,2019,3885,2020,3599,3887.5,2,1.0006435006435006,FALSE,FALSE,FALSE,8.9,53199,7152,3,87.46484040601688,8.1,68364,7235,3,88.47988259752967
50015,"Lamoille County, VT",2006,14390,2013,13212,13939,2,0.9686587908269632,FALSE,FALSE,FALSE,2018,14765,2020,13028,14704,2,0.9958686081950558,FALSE,FALSE,FALSE,10.5,48045,23778,8,51.55066069744502,9.1,60555,25362,8,54.98476981279336
50017,"Orange County, VT",2006,15964,2008,15522,15717.5,2,0.9845590077674768,FALSE,FALSE,TRUE,2018,15836,2020,14664,15538.5,2,0.9812136903258398,FALSE,FALSE,FALSE,10.2,47437,29119,9,42.385241511015884,9.4,59758,28892,9,42.05482323349946
50019,"Orleans County, VT",2006,13661,2010,12917,13047,2,0.9550545348071151,FALSE,FALSE,FALSE,2018,13748,2020,12264,13184,2,0.9589758510328775,FALSE,FALSE,TRUE,15.7,37566,27332,7,39.351985164537716,12.7,48826,27037,7,38.92725094737327
50021,"Rutland County, VT",2006,34362,2013,30837,30920.5,2,0.8998457598509982,FALSE,FALSE,TRUE,2018,30964,2020,27812,28842,2,0.9314688024802997,FALSE,FALSE,TRUE,11,42028,62618,5,67.29124218743283,10.8,51903,58191,4,62.53385087560932
50023,"Washington County, VT",2006,32910,2008,32580,33018,2,1.003281677301732,FALSE,FALSE,FALSE,2018,32984,2021,30357,32227,2,0.9770494785350473,FALSE,FALSE,TRUE,10.1,52504,59275,4,86.27339679212879,8.4,65879,58409,4,85.01295374494222
50025,"Windham County, VT",2006,23731,2013,23172,24132,2,1.0168977287092833,FALSE,FALSE,FALSE,2018,24927,2021,21825,23527.5,2,0.9438560596943074,FALSE,FALSE,TRUE,10.7,43759,44444,6,56.54747893974113,11.6,52068,42222,7,53.72035945895397
50027,"Windsor County, VT",2006,31735,2013,29314,29303.5,2,0.923381124940917,FALSE,FALSE,TRUE,2018,29872,2020,27784,29414,2,0.9846679164434923,FALSE,FALSE,TRUE,9.4,50609,57061,7,58.877731276260285,9.2,61843,55062,7,56.81508630296427
51001,"Accomack County, VA",2008,18188,2013,15090,14754.5,2,0.8112216846272268,FALSE,FALSE,FALSE,2018,14599,2021,13286,14250.5,2,0.9761285019521885,FALSE,FALSE,TRUE,16.8,36616,34553,7,76.90355951329059,16.4,47335,32316,8,71.92473675893551
51003,"Albemarle County, VA",2008,51489,2010,48089,49985,2,0.9707898774495524,FALSE,FALSE,FALSE,2019,56443,2020,52389,57803,2,1.024095104795989,FALSE,FALSE,FALSE,8.5,63619,95009,3,131.86958084713322,6.7,86332,109330,3,151.7466900400707
51005,"Alleghany County, VA",2006,7032,2009,6528,7262,2,1.032707622298066,FALSE,FALSE,FALSE,2019,6218,2020,5808,5894.5,2,0.9479736249597941,FALSE,FALSE,TRUE,11.9,41530,16530,6,37.015307721935095,11.5,53341,14860,6,33.2757091801546
51007,"Amelia County, VA",2008,6510,2010,5718,5815.5,2,0.8933179723502304,FALSE,FALSE,TRUE,2019,6125,2020,5773,6233.5,2,1.0177142857142858,FALSE,FALSE,FALSE,9.1,52421,12447,1,35.026452048626744,9.3,60096,13145,1,36.99065736154885
51009,"Amherst County, VA",2008,15486,2009,14642,14986.5,2,0.9677450600542425,FALSE,FALSE,TRUE,2019,15191,2020,14345,14946,2,0.983872029491146,FALSE,FALSE,TRUE,12.2,43890,32203,3,67.94426557403337,12,56218,31605,2,66.68256104919804
51011,"Appomattox County, VA",2008,7027,2011,6675,6724.5,2,0.9569517575067596,FALSE,FALSE,FALSE,2019,7625,2020,7279,7810.5,2,1.024327868852459,FALSE,FALSE,FALSE,12.6,41089,14425,3,43.1596773421418,12.6,54609,15911,2,47.60579730958878
51013,"Arlington County, VA",2008,134409,2010,132119,139665,2,1.0391045242506083,FALSE,FALSE,FALSE,2019,148676,2020,140629,148302,2,0.997484462858834,FALSE,FALSE,FALSE,6.5,92345,190759,1,7337.731276685771,7.6,118986,236842,1,9110.358887563949
51015,"Augusta County, VA",2008,36807,2010,34592,34966,2,0.9499823403157008,FALSE,FALSE,FALSE,2019,38228,2020,36419,39526.5,2,1.0339672491367584,FALSE,FALSE,FALSE,7.2,50887,73041,4,75.52782930778824,7.3,63621,75558,3,78.13052568883043
51017,"Bath County, VA",2007,2864,2010,2327,2440.5,2,0.8521298882681564,FALSE,FALSE,TRUE,2018,2142,2020,1771,2070.5,2,0.9666199813258637,FALSE,FALSE,FALSE,8.5,42316,4835,9,9.136397821625769,9.9,54385,4147,8,7.83632714917933
51019,"Bedford County, VA",2008,37489,2009,35685,36145,2,0.9641494838485956,FALSE,FALSE,FALSE,2019,37586,2020,35716,37675.5,2,1.0023812057681052,FALSE,FALSE,FALSE,8.9,53823,67392,3,88.66015187155645,8.6,66591,78997,2,103.92755842529299
51021,"Bland County, VA",2008,3356,2011,2644,2697,2,0.8036352800953516,FALSE,FALSE,FALSE,2019,2554,2020,2434,2512,2,0.9835552075176194,FALSE,FALSE,TRUE,13.5,38175,6930,8,19.37675628066938,13.4,49023,6280,8,17.559311607879323
51023,"Botetourt County, VA",2008,17317,2010,16612,16746.5,2,0.9670554946006814,FALSE,FALSE,TRUE,2019,16180,2020,15442,16673,2,1.030469715698393,FALSE,FALSE,FALSE,6.2,58744,32681,2,60.377700101242255,5.7,74178,33419,2,61.74114499811557
51025,"Brunswick County, VA",2008,6630,2013,6048,6292.5,2,0.9490950226244343,FALSE,FALSE,FALSE,2019,6336,2021,5955,6332.5,2,0.999447601010101,FALSE,FALSE,FALSE,21.3,35160,17823,6,31.469883517465316,20.9,43835,16231,6,28.658905872859762
51027,"Buchanan County, VA",2008,8569,2013,7284,6394.5,2,0.7462364336562026,FALSE,FALSE,FALSE,2018,6411,2021,5556,5984.5,2,0.9334737170488223,FALSE,FALSE,TRUE,21.7,28922,24670,9,49.059868152847244,21.7,36881,21004,9,41.769496176830295
51029,"Buckingham County, VA",2008,6966,2010,5887,5917,2,0.8494114269308067,FALSE,FALSE,FALSE,2019,6969,2020,6546,6782,2,0.9731668819055819,FALSE,FALSE,TRUE,19.3,36315,16737,8,28.87566573445153,16.8,47202,17148,3,29.58474732714195
51031,"Campbell County, VA",2008,27020,2012,25332,25196,2,0.9324944485566248,FALSE,FALSE,FALSE,2019,27351,2020,25799,26478,2,0.9680816057913787,FALSE,FALSE,TRUE,11.6,43641,53769,3,106.84203101000085,10.8,48984,54885,2,109.0595858577228
51033,"Caroline County, VA",2008,13696,2010,13014,13475,2,0.9838639018691588,FALSE,FALSE,FALSE,2019,14733,2020,13910,15092,2,1.0243670671282157,FALSE,FALSE,FALSE,9.2,51498,27592,1,52.320499085073905,9.6,64647,30725,1,58.261355986840236
51035,"Carroll County, VA",2007,13240,2013,12191,12339,2,0.9319486404833837,FALSE,FALSE,TRUE,2018,12067,2020,11213,11744,2,0.9732327836247617,FALSE,FALSE,TRUE,13.9,35823,29933,6,63.05108880191767,13.9,45698,29791,7,62.75197896962982
51036,"Charles City County, VA",2008,3721,2010,3538,3545.5,2,0.9528352593388874,FALSE,FALSE,TRUE,2019,3428,2021,3156,3296.5,2,0.9616394399066511,FALSE,FALSE,TRUE,10.6,48113,7148,1,39.08125160606011,12.5,56465,6963,1,38.06977545229386
51037,"Charlotte County, VA",2008,5154,2010,4835,4904.5,2,0.9515909972836631,FALSE,FALSE,TRUE,2019,4745,2020,4481,4860,2,1.024236037934668,FALSE,FALSE,FALSE,18.1,34271,12680,8,26.67811216589241,19.3,43001,11880,8,24.994950515047467
51041,"Chesterfield County, VA",2008,165029,2010,156806,163780.5,2,0.9924346629986245,FALSE,FALSE,FALSE,2019,184103,2020,175568,195352.5,2,1.0611043817862826,FALSE,FALSE,FALSE,5.8,69583,304636,1,719.3192068117099,6.6,81641,352802,1,833.0507714176423
51043,"Clarke County, VA",2008,7979,2010,7204,7304,2,0.9154029326983332,FALSE,FALSE,TRUE,2019,7469,2020,7084,7828,2,1.0480653367251305,FALSE,FALSE,FALSE,6.3,64149,13969,1,79.38826310824174,6.3,85567,14619,1,83.08232646426988
51045,"Craig County, VA",2007,2488,2010,2254,2290,2,0.9204180064308681,FALSE,FALSE,TRUE,2019,2022,2020,1897,2000,2,0.9891196834817013,FALSE,FALSE,TRUE,10.3,48319,5212,2,15.885497625709391,11.2,53319,5131,2,15.63862016836433
51047,"Culpeper County, VA",2008,20114,2009,19928,21953.5,2,1.0914537138311624,FALSE,FALSE,FALSE,2019,25742,2020,24642,27261,2,1.0590086240385364,FALSE,FALSE,FALSE,8.3,60341,45527,6,120.06730330529909,9.2,79739,52605,1,138.73394887375093
51049,"Cumberland County, VA",2008,4510,2010,4155,4210.5,2,0.9335920177383592,FALSE,FALSE,FALSE,2019,5042,2020,4782,5170.5,2,1.0254859182863942,FALSE,FALSE,FALSE,14.9,38953,9762,1,32.81631335847839,13.8,52005,9932,8,33.38779187424783
51051,"Dickenson County, VA",2008,5772,2012,4660,4559.5,2,0.7899341649341649,FALSE,FALSE,FALSE,2019,4568,2022,4421,4463,2,0.977014010507881,FALSE,FALSE,TRUE,21.3,29320,15971,9,48.33223379594603,24.2,37161,14318,9,43.32984305869108
51053,"Dinwiddie County, VA",2008,12693,2009,12198,12569.5,2,0.9902702276845505,FALSE,FALSE,FALSE,2019,13581,2020,12679,13668,2,1.00640600839408,FALSE,FALSE,FALSE,11,47395,27078,1,53.74474520965571,10.7,58474,28544,1,56.6544799196548
51057,"Essex County, VA",2008,5400,2010,5213,5319,2,0.985,FALSE,FALSE,FALSE,2018,4737,2020,4502,4781,2,1.0092885792695798,FALSE,FALSE,FALSE,12.1,43637,10739,8,41.72851403125656,16.2,53538,10953,6,42.5600534672086
51059,"Fairfax County, VA",2008,580639,2009,568380,592736.5,2,1.0208348044137578,FALSE,FALSE,FALSE,2019,621444,2020,583436,623094.5,2,1.002655911071633,FALSE,FALSE,FALSE,4.9,104984,1027727,1,2628.3233594189555,6,127898,1147532,1,2934.714336862565
51061,"Fauquier County, VA",2008,36857,2010,33659,34189,2,0.9276121225276067,FALSE,FALSE,FALSE,2019,39279,2020,37154,40774.5,2,1.0380737798823798,FALSE,FALSE,FALSE,5.7,81404,64122,1,98.95461995018472,6.1,103827,71222,1,109.91151152634129
51063,"Floyd County, VA",2007,6924,2009,6882,7849,2,1.1335932986712882,FALSE,FALSE,FALSE,2019,7938,2020,7501,8360.5,2,1.0532249937011842,FALSE,FALSE,FALSE,12.9,39478,14823,8,38.91337619413897,11.4,52277,15749,3,41.344313680192585
51065,"Fluvanna County, VA",2008,13804,2010,12292,12460.5,2,0.9026731382208055,FALSE,FALSE,FALSE,2019,13548,2020,12564,14005.5,2,1.033768821966342,FALSE,FALSE,FALSE,7,57038,25134,3,87.53922616912268,7.3,75089,27270,3,94.9787020622255
51067,"Franklin County, VA",2008,26008,2009,24994,25596,2,0.984158720393725,FALSE,FALSE,TRUE,2019,24596,2020,23271,25183.5,2,1.023885997723207,FALSE,FALSE,FALSE,11.5,45238,54447,2,78.83888324976,11.5,61878,56042,2,81.14843233021195
51069,"Frederick County, VA",2007,40284,2009,38408,40651.5,2,1.0091227286267501,FALSE,FALSE,FALSE,2019,45184,2020,44367,48778.5,2,1.0795524964589236,FALSE,FALSE,FALSE,6.6,64192,74670,3,180.7399518317257,6.5,83672,89313,3,216.1835719558982
51071,"Giles County, VA",2006,8217,2010,7531,7650.5,2,0.9310575635876841,FALSE,FALSE,TRUE,2019,7409,2020,6990,7590.5,2,1.0244972330948845,FALSE,FALSE,FALSE,11.4,41186,17138,3,47.97536566589684,11.4,53111,16720,3,46.80523479599692
51073,"Gloucester County, VA",2008,20497,2010,18278,18315.5,2,0.8935697907010782,FALSE,FALSE,TRUE,2019,19148,2020,18090,19791.5,2,1.0336066429914352,FALSE,FALSE,FALSE,8.4,56123,36466,1,167.4211468711262,8.6,71715,37348,1,171.4705477250815
51075,"Goochland County, VA",2008,11162,2011,9703,9969,2,0.8931195126321447,FALSE,FALSE,FALSE,2019,11598,2020,11141,12717,2,1.0964821520951888,FALSE,FALSE,FALSE,8.5,74747,20869,1,73.97705077259563,6.2,100444,23753,1,84.20033959468418
51077,"Grayson County, VA",2007,6822,2012,6329,6602.5,2,0.9678246848431545,FALSE,FALSE,TRUE,2019,6495,2021,6175,6708,2,1.0327944572748269,FALSE,FALSE,FALSE,17.6,31155,16066,9,36.36610568489197,18.8,41312,15550,9,35.19811673098906
51079,"Greene County, VA",2008,10418,2010,9036,9246.5,2,0.8875503935496256,FALSE,FALSE,FALSE,2019,10722,2020,10034,11088,2,1.034135422495803,FALSE,FALSE,FALSE,7.4,58476,17972,3,115.24428171109415,7.6,73345,19819,3,127.08804914490179
51081,"Greensville County, VA",2008,4180,2013,4027,3879,2,0.9279904306220096,FALSE,FALSE,TRUE,2018,3788,2020,3559,3657.5,2,0.9655491024287223,FALSE,FALSE,TRUE,19.9,37509,12147,6,41.12371647081526,24.5,47315,11336,6,38.37807276802188
51083,"Halifax County, VA",2006,14936,2013,14440,14284,2,0.9563470808784146,FALSE,FALSE,TRUE,2019,14265,2020,13295,14260.5,2,0.9996845425867508,FALSE,FALSE,FALSE,18.6,32490,36338,6,44.43759622663199,17.1,42619,33911,6,41.469627542553724
51085,"Hanover County, VA",2008,54347,2010,51017,52410.5,2,0.9643678583914476,FALSE,FALSE,FALSE,2019,57425,2020,54460,59685.5,2,1.0393643883326078,FALSE,FALSE,FALSE,5.1,75046,98830,1,211.36806445196794,5.1,90824,107766,1,230.47951870616996
51087,"Henrico County, VA",2008,161264,2009,155428,160475.5,2,0.9951105020339319,FALSE,FALSE,FALSE,2019,177162,2020,167040,178066.5,2,1.0051054966640702,FALSE,FALSE,FALSE,8.5,58194,296408,1,1268.3323420297047,8.7,68975,330818,1,1415.5730234190132
51089,"Henry County, VA",2007,24567,2011,19921,21288.5,2,0.8665486221353849,FALSE,FALSE,TRUE,2019,20307,2020,19178,20540,2,1.0114738760033486,FALSE,FALSE,FALSE,16.1,35349,55284,4,144.58965714749013,14.6,41908,50557,4,132.22667130463893
51091,"Highland County, VA",2006,1102,2009,1091,1383,2,1.2549909255898366,FALSE,FALSE,FALSE,2018,896,2020,853,1030,2,1.1495535714285714,TRUE,FALSE,FALSE,12.8,36521,2424,9,5.838670594441219,12.4,45917,2190,8,5.275036551908527
51093,"Isle of Wight County, VA",2008,18543,2010,17513,17694,2,0.9542145283934639,FALSE,FALSE,FALSE,2019,18830,2020,17920,19970.5,2,1.0605682421667553,FALSE,FALSE,FALSE,8.3,58840,34581,1,109.54274038994568,9.1,78749,37109,1,117.55072303086938
51095,"James City County, VA",2008,31636,2010,30301,31531,2,0.9966809963332912,FALSE,FALSE,FALSE,2019,34340,2020,32700,36451,2,1.0614735002912057,FALSE,FALSE,FALSE,5.7,70487,63007,1,442.7820489395494,5.8,92773,76523,1,537.7658154014814
51097,"King and Queen County, VA",2007,3245,2009,3049,3409.5,2,1.050693374422188,FALSE,FALSE,FALSE,2018,3454,2020,3212,3463.5,2,1.0027504342790967,FALSE,FALSE,FALSE,12.1,43191,6948,1,22.047973699826425,11.7,54185,7025,8,22.292316528681724
51099,"King George County, VA",2008,9233,2009,9624,10931,2,1.183905556157262,FALSE,FALSE,FALSE,2019,13184,2020,12996,14141.5,2,1.0726259101941749,FALSE,FALSE,FALSE,6.2,68824,22444,8,124.94711292226157,5.9,85657,26836,6,149.3976440198633
51101,"King William County, VA",2008,8501,2010,8037,8181,2,0.9623573697212092,FALSE,FALSE,FALSE,2019,9278,2020,8967,9981.5,2,1.0758245311489545,FALSE,FALSE,FALSE,6.3,62052,15296,1,55.843160162097035,6.9,73035,17148,1,62.604505129422066
51103,"Lancaster County, VA",2008,5267,2013,5006,4484,2,0.8513385228782988,FALSE,FALSE,TRUE,2019,4269,2020,4056,4413,2,1.033731553056922,FALSE,FALSE,FALSE,12.9,42392,11573,9,86.81529713591286,13.3,55072,10603,9,79.5388054551183
51105,"Lee County, VA",2008,9342,2013,8506,7814,2,0.8364375936630272,FALSE,FALSE,FALSE,2018,7399,2020,7112,7356.5,2,0.9942559805379105,FALSE,FALSE,FALSE,22.9,29365,25322,8,58.160954389059626,27.1,35878,23423,8,53.79922733808323
51107,"Loudoun County, VA",2008,169637,2010,167015,180424.5,2,1.0635916692702654,FALSE,FALSE,FALSE,2019,228863,2020,219366,242120,2,1.0579254838047216,FALSE,FALSE,FALSE,3,107200,279704,1,542.3384399412879,3.1,151806,413538,1,801.8389217760216
51109,"Louisa County, VA",2008,16216,2009,15598,16768.5,2,1.0340712876171683,FALSE,FALSE,FALSE,2019,17556,2020,16827,18324,2,1.0437457279562543,FALSE,FALSE,FALSE,9.7,52514,31716,1,64.07195064302252,9.5,64135,37591,8,75.94049365058201
51111,"Lunenburg County, VA",2006,5361,2013,4961,4783.5,2,0.8922775601566871,FALSE,FALSE,TRUE,2018,4499,2021,4250,4494,2,0.9988886419204268,FALSE,FALSE,TRUE,19.3,33777,13024,9,30.169098911280983,19.2,44860,12196,9,28.251100301135047
51113,"Madison County, VA",2007,7224,2010,6739,6914,2,0.9570874861572536,FALSE,FALSE,TRUE,2019,6823,2020,6533,6978,2,1.0227172797889492,FALSE,FALSE,FALSE,9.8,50135,13429,8,41.88199189742982,9.3,66397,13261,8,41.358038167534204
51115,"Mathews County, VA",2008,4374,2012,3937,3933.5,2,0.8992912665752172,FALSE,FALSE,TRUE,2019,3495,2020,3284,3499,2,1.0011444921316166,FALSE,FALSE,FALSE,8.1,54431,9026,1,105.06221554864918,8.8,69112,8834,1,102.82734457752791
51117,"Mecklenburg County, VA",2008,12684,2013,11613,12437.5,2,0.9805660674865972,FALSE,FALSE,FALSE,2018,12779,2020,12207,13335.5,2,1.0435480084513655,FALSE,FALSE,FALSE,16,36266,32823,7,52.490764580767944,17.3,43128,30587,7,48.91493819065744
51119,"Middlesex County, VA",2008,4975,2011,4799,4818,2,0.9684422110552764,FALSE,FALSE,TRUE,2019,4640,2020,4369,4676,2,1.0077586206896552,FALSE,FALSE,FALSE,12.2,45583,10763,8,82.5826747487148,13.8,58834,10582,8,81.19389242691628
51121,"Montgomery County, VA",2008,44357,2009,42944,45739.5,2,1.0311675721983002,FALSE,FALSE,FALSE,2019,47417,2020,44598,49214,2,1.037897800366957,FALSE,FALSE,FALSE,19.9,42029,91548,3,236.65108776573743,20.5,58740,98535,3,254.71244519811398
51125,"Nelson County, VA",2008,7850,2013,6966,6795,2,0.8656050955414013,FALSE,FALSE,TRUE,2019,6920,2020,6367,6758,2,0.9765895953757225,FALSE,FALSE,TRUE,11.4,46001,14993,3,31.849515130272227,11.8,55804,14930,3,31.715684712530138
51127,"New Kent County, VA",2008,9648,2009,9330,9889.5,2,1.025031094527363,FALSE,FALSE,FALSE,2019,11657,2020,11274,13281.5,2,1.1393583254696749,FALSE,FALSE,FALSE,5.3,68437,17254,1,82.14977788993053,5,102619,23091,1,109.94091348419995
51131,"Northampton County, VA",2008,5827,2013,5496,5636.5,2,0.9673073622790458,FALSE,FALSE,FALSE,2019,4983,2020,4689,5134,2,1.0303030303030303,FALSE,FALSE,FALSE,20.8,33950,12649,9,59.74625906892383,18.1,45235,11710,8,55.3109885126965
51133,"Northumberland County, VA",2006,5758,2013,5280,4805,2,0.834491142757902,FALSE,FALSE,TRUE,2019,4468,2022,4270,4226,2,0.9458370635631155,FALSE,FALSE,TRUE,13.6,45085,12466,9,65.119389029059775,12.7,60385,12095,9,63.181374162239536
51135,"Nottoway County, VA",2007,6382,2009,6202,6415.5,2,1.0052491382011908,FALSE,FALSE,FALSE,2019,5702,2020,5471,5645.5,2,0.9900911960715538,FALSE,FALSE,TRUE,19.9,37276,15799,6,50.252870638379086,21.5,45913,15232,6,48.44937816088298
51137,"Orange County, VA",2008,15079,2010,14223,15004.5,2,0.9950593540685722,FALSE,FALSE,FALSE,2019,17395,2020,16489,17700.5,2,1.0175625179649324,FALSE,FALSE,FALSE,8.6,53238,32273,6,94.77702891208905,9.7,71691,37051,6,108.80871620927125
51139,"Page County, VA",2008,11057,2009,10817,11023.5,2,0.9969702450936059,FALSE,FALSE,FALSE,2019,11167,2020,10590,11519,2,1.0315214471209815,FALSE,FALSE,FALSE,12.2,40295,24222,6,78.13119925681495,11.3,52877,23902,6,77.098997796895
51141,"Patrick County, VA",2007,8764,2011,7168,7204,2,0.8219990871748061,FALSE,FALSE,TRUE,2018,7659,2020,7114,7474,2,0.9758454106280193,FALSE,FALSE,TRUE,15,33583,18748,8,38.81919094246486,15.5,43568,17608,8,36.45873235091323
51143,"Pittsylvania County, VA",2008,29841,2010,27631,28353.5,2,0.9501524747830167,FALSE,FALSE,TRUE,2018,26969,2020,25322,26985,2,1.00059327375876,FALSE,FALSE,FALSE,12.1,38519,62803,3,64.81197684630492,15.1,51682,60354,4,62.284636889669066
51145,"Powhatan County, VA",2008,14196,2010,12597,12845.5,2,0.9048675683291068,FALSE,FALSE,FALSE,2019,15679,2020,14910,16575,2,1.057146501690159,FALSE,FALSE,FALSE,5.8,71263,27599,1,106.06759363878832,5.4,94293,29652,1,113.95761754329328
51147,"Prince Edward County, VA",2008,9188,2013,9170,8818.5,2,0.9597845015237266,FALSE,FALSE,FALSE,2019,8478,2020,7926,8225,2,0.9701580561453172,FALSE,FALSE,TRUE,20.3,36481,22293,6,63.70411434907099,20.6,44586,22802,6,65.15862447349019
51149,"Prince George County, VA",2008,14460,2010,12879,13657,2,0.9444674965421853,FALSE,FALSE,FALSE,2019,16229,2020,15423,16398,2,1.0104134573910901,FALSE,FALSE,FALSE,9.3,59780,34466,1,129.8927421968629,8.3,74518,38353,1,144.5417611987548
51153,"Prince William County, VA",2008,200885,2009,200136,214434.5,2,1.0674490380068198,FALSE,FALSE,FALSE,2019,249541,2020,236773,257531,2,1.0320187864919994,FALSE,FALSE,FALSE,5,86294,368016,1,1097.7196462394297,6.1,106208,470335,1,1402.9171824432149
51155,"Pulaski County, VA",2006,17496,2010,15138,15620.5,2,0.8928040695016004,FALSE,FALSE,TRUE,2019,14899,2020,14049,15502,2,1.0404725149338883,FALSE,FALSE,FALSE,14.1,40427,35058,3,109.6110555277639,14.6,54086,34027,3,106.3875687843922
51157,"Rappahannock County, VA",2007,4246,2013,3723,3514,2,0.8276024493641074,FALSE,FALSE,TRUE,2019,3554,2020,3310,3596.5,2,1.0119583567810917,FALSE,FALSE,FALSE,7.8,60540,7403,8,27.7919601159281,8.5,79086,7370,1,27.668073220909104
51159,"Richmond County, VA",2008,3715,2012,3675,3754.5,2,1.0106325706594885,FALSE,FALSE,FALSE,2019,3324,2021,3205,3252.5,2,0.9784897713598074,FALSE,FALSE,TRUE,17.7,40196,9426,9,49.22758750352521,17.8,49758,9023,9,47.12290707026394
51161,"Roanoke County, VA",2008,48591,2010,46284,47198.5,2,0.9713424296680455,FALSE,FALSE,TRUE,2019,47052,2020,44694,47789.5,2,1.015674147751424,FALSE,FALSE,FALSE,6,59060,91120,2,363.68280728642816,6.5,71742,94186,2,375.9199833963951
51163,"Rockbridge County, VA",2008,11117,2013,9833,9969.5,2,0.8967797067554196,FALSE,FALSE,TRUE,2019,10434,2020,9674,10591.5,2,1.0150948821161587,FALSE,FALSE,FALSE,10.4,43654,22228,6,37.26104186083936,11.5,58501,22573,6,37.839369170628345
51165,"Rockingham County, VA",2006,41379,2010,37776,38598,2,0.9327919959399695,FALSE,FALSE,FALSE,2019,42827,2020,40530,44251.5,2,1.0332617274149485,FALSE,FALSE,FALSE,8.3,49346,74274,3,87.40215298730519,8.1,67242,81948,3,96.43255557804461
51167,"Russell County, VA",2008,11283,2013,10643,10078,2,0.8932021625454223,FALSE,FALSE,TRUE,2019,9290,2021,8842,9138.5,2,0.9836921420882669,FALSE,FALSE,TRUE,18.4,33682,28889,6,61.008523327223116,20,40345,26586,7,56.14498948310962
51169,"Scott County, VA",2008,9631,2009,9058,9361.5,2,0.9720174436714775,FALSE,FALSE,TRUE,2018,7810,2020,7416,7805,2,0.9993597951344431,FALSE,FALSE,FALSE,18.1,31044,23302,3,43.48791680897006,14.8,41288,21566,2,40.24806514042779
51171,"Shenandoah County, VA",2007,19556,2009,18866,19537.5,2,0.9990539987727551,FALSE,FALSE,FALSE,2019,21060,2020,20129,21123.5,2,1.0030151946818613,FALSE,FALSE,FALSE,9,48067,41214,6,81.11714690599906,10.3,59087,43616,6,85.84474885844749
51173,"Smyth County, VA",2006,14720,2010,12085,12217.5,2,0.8299932065217391,FALSE,FALSE,TRUE,2019,11846,2020,11144,12009.5,2,1.0138021273003546,FALSE,FALSE,FALSE,17.1,35970,32449,6,71.87903570582071,16.5,41964,30104,7,66.68453545218733
51175,"Southampton County, VA",2008,7783,2009,7566,8800,2,1.1306694076834125,FALSE,FALSE,FALSE,2019,7916,2021,7569,7958.5,2,1.0053688731682668,FALSE,FALSE,FALSE,15,43589,18571,6,30.990456387912204,13.3,62327,17631,6,29.421826319276292
51177,"Spotsylvania County, VA",2008,64477,2010,59109,60390.5,2,0.9366208105215813,FALSE,FALSE,FALSE,2019,69500,2020,66408,75071.5,2,1.0801654676258994,FALSE,FALSE,FALSE,6,74374,119083,1,296.24995024479557,6.6,90262,136215,1,338.8702583290212
51179,"Stafford County, VA",2008,64359,2010,59938,62098,2,0.9648689382992278,FALSE,FALSE,FALSE,2019,75753,2020,72688,81379,2,1.0742676857682203,FALSE,FALSE,FALSE,4.2,86865,122526,1,456.3402943049643,5.4,109090,152882,1,569.3992856530986
51181,"Surry County, VA",2008,3674,2010,3373,3388,2,0.9221556886227545,FALSE,FALSE,TRUE,2019,3225,2020,3028,3220,2,0.9984496124031008,FALSE,FALSE,FALSE,11,45659,7042,1,25.244758002358854,11.9,59069,6422,8,23.02212949320485
51183,"Sussex County, VA",2007,4305,2010,3805,3833.5,2,0.8904761904761904,FALSE,FALSE,FALSE,2018,4541,2020,4191,4407.5,2,0.9706011891653821,FALSE,FALSE,TRUE,20.4,35835,12191,1,24.867208981649952,21.6,45134,11159,1,22.76213477370452
51185,"Tazewell County, VA",2008,19997,2013,16181,15056,2,0.7529129369405411,FALSE,FALSE,FALSE,2018,14616,2020,13584,14203.5,2,0.9717775041050903,FALSE,FALSE,TRUE,17.8,34702,44169,7,85.13833123550717,21.7,43619,40595,5,78.24923716872497
51187,"Warren County, VA",2008,19340,2010,18539,18804.5,2,0.972311271975181,FALSE,FALSE,FALSE,2019,19984,2020,18933,20747,2,1.0381805444355485,FALSE,FALSE,FALSE,9,55262,36814,1,171.56944988162482,9.7,69878,40164,1,187.1819249482691
51191,"Washington County, VA",2008,26368,2009,25085,25888,2,0.9817961165048543,FALSE,FALSE,TRUE,2018,23618,2020,22337,23588,2,0.9987297823693793,FALSE,FALSE,FALSE,14.8,39148,54216,3,96.60847515916984,12.3,52387,53740,2,95.76028211328367
51193,"Westmoreland County, VA",2008,8495,2010,8463,8489.5,2,0.9993525603296056,FALSE,FALSE,FALSE,2019,7202,2020,6918,7254.5,2,1.007289641766176,FALSE,FALSE,FALSE,12.4,47823,17127,7,74.68374853375312,15.9,54885,18015,6,78.5559484927636
51195,"Wise County, VA",2008,17410,2013,13567,12731,2,0.7312464101091327,FALSE,FALSE,FALSE,2019,12939,2020,12244,12753.5,2,0.9856634979519283,FALSE,FALSE,TRUE,21.6,32175,41543,7,102.97117560597161,20.4,42372,37383,7,92.65992965549037
51197,"Wythe County, VA",2008,15433,2010,12727,12983,2,0.8412492710425711,FALSE,FALSE,TRUE,2018,13457,2020,12817,14073.5,2,1.0458125882440366,FALSE,FALSE,FALSE,12.2,38032,28827,6,62.40258728179551,12.8,48543,28684,6,62.09303131061236
51199,"York County, VA",2008,30533,2009,29270,29891,2,0.9789735695804539,FALSE,FALSE,FALSE,2019,31705,2020,30119,32619,2,1.0288282605267307,FALSE,FALSE,FALSE,4.1,78234,64710,1,618.045672916209,5.1,91535,68280,1,652.1427684549336
51510,"Alexandria city, VA",2008,91371,2010,86187,89753.5,2,0.9822974466734522,FALSE,FALSE,FALSE,2019,98635,2020,92477,97103,2,0.984467988036701,FALSE,FALSE,FALSE,8.3,78767,129175,1,8649.14630063609,8.6,102589,159428,1,10674.790759959826
51520,"Bristol city, VA",2008,7686,2013,7293,7217,2,0.9389799635701275,FALSE,FALSE,TRUE,2019,7261,2021,7004,7135.5,2,0.9827158793554607,FALSE,FALSE,TRUE,18.3,33429,17540,3,1362.7534768083287,21.8,37678,16762,2,1302.3075130137518
51530,"Buena Vista city, VA",2008,3300,2010,2934,3049.5,2,0.9240909090909091,FALSE,FALSE,TRUE,2019,3097,2021,2545,2960.5,2,0.9559250887956087,FALSE,FALSE,TRUE,15.4,38418,6618,6,1027.9589934762348,17.2,44752,6478,6,1006.2131096613856
51540,"Charlottesville city, VA",2008,21049,2009,20634,22071.5,2,1.0485771295548483,FALSE,FALSE,FALSE,2019,24989,2020,22810,23890,2,0.9560206490855977,FALSE,FALSE,TRUE,23.6,37195,41538,3,4054.4655929721816,22.1,58717,47266,3,4613.567593948268
51550,"Chesapeake city, VA",2008,112982,2010,105509,108738,2,0.9624364943088279,FALSE,FALSE,FALSE,2019,117893,2020,111676,121137,2,1.0275164768052387,FALSE,FALSE,FALSE,8,63016,217450,1,642.4764223414564,8.3,77361,244835,1,723.3879736213865
51570,"Colonial Heights city, VA",2007,8991,2010,7853,8066,2,0.897119341563786,FALSE,FALSE,FALSE,2018,8788,2020,8293,8925.5,2,1.015646335912608,FALSE,FALSE,FALSE,7.4,47860,17462,1,2322.3832956510173,9.4,57688,17370,1,2310.1476260140976
51580,"Covington city, VA",2006,2606,2013,2351,2286.5,2,0.8773983115886416,FALSE,FALSE,TRUE,2019,2276,2020,2115,2157,2,0.9477152899824253,FALSE,FALSE,TRUE,14.5,34907,6057,6,1107.5150850246846,14.5,41842,5538,6,1012.6165660998354
51590,"Danville city, VA",2006,18531,2010,17446,17903,2,0.9661108412929685,FALSE,FALSE,TRUE,2018,17264,2020,15939,16717.5,2,0.96834453197405,FALSE,FALSE,TRUE,22.8,29553,44162,3,1031.75011097353,23.5,36073,40044,4,935.5419012686027
51595,"Emporia city, VA",2006,2380,2013,2152,2151.5,2,0.9039915966386555,FALSE,FALSE,TRUE,2018,2242,2020,2067,2210,2,0.9857270294380018,FALSE,FALSE,TRUE,18.8,34482,5755,6,868.1550761804194,20.5,38631,5346,6,806.4564791069544
51600,"Fairfax city, VA",2008,14062,2010,12011,12482.5,2,0.8876760062580002,FALSE,FALSE,FALSE,2019,12966,2020,12285,13698.5,2,1.0564939071417554,FALSE,FALSE,FALSE,5.5,88968,21682,1,3474.122736740907,7.1,106430,24019,1,3848.5819580195484
51610,"Falls Church city, VA",2008,6692,2009,6863,7302.5,2,1.091228332337119,FALSE,FALSE,FALSE,2019,7880,2020,7445,7982,2,1.0129441624365483,FALSE,FALSE,FALSE,3,105456,10947,1,5350.439882697948,3.5,137849,14617,1,7144.183773216032
51620,"Franklin city, VA",2007,3778,2010,3251,3357.5,2,0.8886977236633139,FALSE,FALSE,TRUE,2018,3515,2021,3320,3464.5,2,0.9856330014224751,FALSE,FALSE,TRUE,18.4,36788,8611,6,1040.35278482542,19.2,45433,7967,6,962.5468164794008
51630,"Fredericksburg city, VA",2008,12280,2010,11339,12769.5,2,1.0398615635179154,FALSE,FALSE,FALSE,2019,14859,2020,14029,15568,2,1.047715189447473,FALSE,FALSE,FALSE,13,42954,22898,1,2191.196172248804,16.9,62121,29036,1,2778.5645933014357
51640,"Galax city, VA",2007,2976,2013,2765,2895,2,0.9727822580645161,FALSE,FALSE,FALSE,2019,2794,2020,2583,2806,2,1.0042949176807445,FALSE,FALSE,FALSE,19,32676,6880,6,835.3569694026226,19,37229,6347,7,770.6410879067508
51650,"Hampton city, VA",2007,66681,2011,60424,61233.5,2,0.9183050644111516,FALSE,FALSE,TRUE,2019,63469,2020,59919,64246.5,2,1.0122500748396854,FALSE,FALSE,FALSE,15,46462,140222,1,2724.8207380346284,13.8,55816,134510,1,2613.8240609393524
51660,"Harrisonburg city, VA",2007,22309,2010,21318,22401.5,2,1.0041463086646645,FALSE,FALSE,FALSE,2019,25618,2020,23963,25361.5,2,0.989987508782887,FALSE,FALSE,TRUE,26.7,37118,46551,3,2685.221504383941,24.9,48189,53016,3,3058.144900784495
51670,"Hopewell city, VA",2008,10101,2013,8733,9185.5,2,0.9093654093654093,FALSE,FALSE,TRUE,2019,9725,2020,9091,9621,2,0.989305912596401,FALSE,FALSE,TRUE,15,39871,22549,1,2177.8056789646516,19.3,38293,22529,1,2175.874058334943
51678,"Lexington city, VA",2008,2285,2013,2065,2467,2,1.0796498905908096,FALSE,FALSE,FALSE,2018,2633,2020,2501,3093.5,2,1.1748955563995442,FALSE,FALSE,FALSE,20.1,38217,6956,6,2783.5134053621446,22.9,54204,7446,6,2979.591836734694
51680,"Lynchburg city, VA",2008,33717,2009,32539,32884,2,0.9752943618945933,FALSE,FALSE,FALSE,2019,37031,2020,34816,36300.5,2,0.9802732845453809,FALSE,FALSE,TRUE,19.4,36374,72869,3,1489.645726434573,16.8,50612,82168,2,1679.7432385469265
51683,"Manassas city, VA",2006,19867,2009,19268,20384,2,1.0260230533044747,FALSE,FALSE,FALSE,2019,22927,2020,21583,23270,2,1.0149605268896933,FALSE,FALSE,FALSE,8.9,73853,34969,1,3552.677029360967,7.4,84405,41085,1,4174.032307223408
51685,"Manassas Park city, VA",2006,6512,2008,6434,7863.5,2,1.2075399262899262,FALSE,FALSE,FALSE,2019,10188,2020,9473,9813.5,2,0.9632410679230468,FALSE,FALSE,TRUE,6.2,63681,12677,1,4178.312458800264,6.3,83145,17478,1,5760.7119314436395
51690,"Martinsville city, VA",2007,5484,2011,4998,5043.5,2,0.9196754194018965,FALSE,FALSE,FALSE,2019,5775,2020,5481,5894.5,2,1.0206926406926407,FALSE,FALSE,FALSE,20.3,31823,14042,4,1281.6721431179262,19.5,37814,12554,4,1145.8561518802483
51700,"Newport News city, VA",2008,85864,2011,83191,84961,2,0.9894833690487282,FALSE,FALSE,FALSE,2019,86455,2020,81205,85728.5,2,0.9915967844543404,FALSE,FALSE,FALSE,14.7,44887,182528,1,2645.486694880863,15.1,53022,179225,1,2597.614354455331
51710,"Norfolk city, VA",2007,96566,2009,91728,103810.5,2,1.0750212290039973,FALSE,FALSE,FALSE,2018,106052,2020,99167,103566.5,2,0.9765633840003017,FALSE,FALSE,TRUE,17.9,40295,241248,1,4528.352885969029,19,52437,242742,1,4556.396058188644
51720,"Norton city, VA",2008,1548,2009,1640,1902.5,2,1.2290051679586564,FALSE,FALSE,FALSE,2019,1513,2021,1418,1453,2,0.9603436880370125,FALSE,FALSE,TRUE,20.6,30654,3869,7,517.4535241406982,19.3,38062,3981,7,532.4327939012973
51730,"Petersburg city, VA",2008,13351,2011,11934,12283,2,0.9200059920605198,FALSE,FALSE,FALSE,2019,14217,2020,13353,14228.5,2,1.0008088907645776,FALSE,FALSE,FALSE,19.1,34630,32318,1,1422.4471830985917,21.6,40240,31346,1,1379.6654929577464
51735,"Poquoson city, VA",2008,6256,2009,5968,6007,2,0.9601982097186701,FALSE,FALSE,FALSE,2019,6416,2020,6055,6550,2,1.0208852867830425,FALSE,FALSE,FALSE,4.7,78191,12089,1,787.1980204467019,5.3,98217,12271,1,799.0492934817999
51740,"Portsmouth city, VA",2007,44906,2010,41234,41779.5,2,0.9303767870663163,FALSE,FALSE,TRUE,2019,42116,2020,39813,42144.5,2,1.0006767024408776,FALSE,FALSE,FALSE,15.6,42940,97831,1,2937.779646256869,18.5,50411,94398,1,2834.6896489594906
51750,"Radford city, VA",2008,7630,2010,7082,7594.5,2,0.9953473132372215,FALSE,FALSE,FALSE,2019,7720,2020,7308,8490,2,1.099740932642487,FALSE,FALSE,FALSE,30.9,33012,16341,3,1688.8176932616784,30.5,41530,18249,3,1886.0066143034312
51760,"Richmond city, VA",2008,96410,2009,92841,99752,2,1.0346644538948242,FALSE,FALSE,FALSE,2019,122323,2020,115393,124295,2,1.0161212527488699,FALSE,FALSE,FALSE,22.4,38301,200201,1,3340.8594075928245,19.2,50949,230436,1,3845.4067584480604
51770,"Roanoke city, VA",2008,45294,2009,43868,45748,2,1.0100234026581887,FALSE,FALSE,FALSE,2019,47267,2020,44693,46665,2,0.9872638415808069,FALSE,FALSE,TRUE,16.9,37103,94916,2,2232.214670398156,19.5,45534,99143,2,2331.624373838809
51775,"Salem city, VA",2008,13256,2010,11948,12230.5,2,0.9226388050694025,FALSE,FALSE,TRUE,2019,12417,2020,11831,12796.5,2,1.0305629379077073,FALSE,FALSE,FALSE,8.3,46891,24482,2,1686.436591582283,9.4,54888,25301,2,1742.8532065853826
51790,"Staunton city, VA",2008,11454,2010,10955,11174,2,0.9755543914789593,FALSE,FALSE,FALSE,2019,12230,2020,11676,12697.5,2,1.0382256745707277,FALSE,FALSE,FALSE,14.9,39166,23920,4,1200.8032128514055,11.3,54296,24932,3,1251.606425702811
51800,"Suffolk city, VA",2008,39513,2009,38445,38800,2,0.981955305848708,FALSE,FALSE,FALSE,2019,43934,2020,42047,47358.5,2,1.0779464651522739,FALSE,FALSE,FALSE,10.9,57546,81273,1,203.60651055823755,9.8,77847,92108,1,230.7505379953754
51810,"Virginia Beach city, VA",2008,219386,2009,209809,215342,2,0.9815667362548203,FALSE,FALSE,FALSE,2019,226818,2020,213813,226048.5,2,0.99660741211015,FALSE,FALSE,FALSE,6.6,61234,434732,1,1776.44655116051,7.3,78491,449974,1,1838.7299771167047
51820,"Waynesboro city, VA",2008,9995,2010,9284,9387,2,0.9391695847923962,FALSE,FALSE,FALSE,2019,10777,2020,10278,11466,2,1.0639324487334139,FALSE,FALSE,FALSE,15.3,42771,20747,4,1385.9051436205743,12.3,44619,22630,3,1511.690046760187
51830,"Williamsburg city, VA",2008,4912,2009,4794,6201.5,2,1.262520358306189,FALSE,FALSE,FALSE,2019,6423,2020,6134,6760,2,1.0524676942238829,FALSE,FALSE,FALSE,20,43777,13142,1,1470.3513090176773,18.2,56569,14954,1,1673.081226225106
51840,"Winchester city, VA",2007,14000,2010,12591,13423,2,0.9587857142857142,FALSE,FALSE,FALSE,2019,14458,2020,13755,14451.5,2,0.9995504219117444,FALSE,FALSE,FALSE,12,44808,25701,3,2795.7141303165454,13.3,60254,28078,3,3054.280430762537
53001,"Adams County, WA",2008,7508,2012,7491,8005,2,1.0661960575386256,FALSE,FALSE,FALSE,2019,8838,2020,8198,8616.5,2,0.97493776872595606,FALSE,FALSE,FALSE,18.3,38463,17413,6,9.045765975805576,16.8,53535,19983,6,10.38083853985659
53003,"Asotin County, WA",2006,9749,2012,9015,9229,2,0.9466611960201047,FALSE,FALSE,TRUE,2019,9543,2020,9440,9537,2,0.9993712668972021,FALSE,FALSE,FALSE,14.1,42665,21188,3,33.31053727940887,13.8,54776,22582,3,35.502102739456824
53005,"Benton County, WA",2008,83166,2013,82408,85206,2,1.024529254743525,FALSE,FALSE,FALSE,2019,93390,2020,90408,95266,2,1.020087803833387,FALSE,FALSE,FALSE,10.9,53129,161669,3,95.0922518775057,10.6,72847,204390,2,120.2203598787856
53007,"Chelan County, WA",2007,38336,2013,37532,39949,2,1.0420753338898163,FALSE,FALSE,FALSE,2019,41644,2020,39419,40053,2,0.9617952165978292,FALSE,FALSE,TRUE,12.6,45271,70214,3,24.036193617780224,12.2,59838,77200,3,26.427694580747904
53009,"Clallam County, WA",2007,28006,2013,24758,25894.5,2,0.9246054416910662,FALSE,FALSE,FALSE,2019,28879,2020,27992,29082.5,2,1.0070466428892968,FALSE,FALSE,FALSE,11.9,42395,70186,5,40.36522285242361,11.2,57571,77331,5,44.47444003648548
53011,"Clark County, WA",2008,197033,2012,189981,198205,2,1.005948242172631,FALSE,FALSE,FALSE,2019,241548,2020,232363,248274.5,2,1.0278474671700863,FALSE,FALSE,FALSE,9.5,58167,408820,1,650.4683365658925,9.2,80407,488241,1,776.8340861828383
53013,"Columbia County, WA",2008,1433,2009,1427,1692.5,2,1.1810886252616888,FALSE,FALSE,FALSE,2019,2055,2020,1849,1929.5,2,0.9389294403892944,FALSE,FALSE,TRUE,14.3,39699,3897,6,4.486607528336317,12.3,56338,3985,3,4.5879217347755255
53015,"Cowlitz County, WA",2007,40671,2009,39026,40025.5,2,0.9841287403801234,FALSE,FALSE,FALSE,2019,45403,2020,44335,45403,2,1,FALSE,FALSE,FALSE,15.4,44814,100744,3,88.28217627867808,12.6,57316,110593,3,96.91287541876285
53017,"Douglas County, WA",2007,19824,2013,17382,18426,2,0.9294794188861986,FALSE,FALSE,FALSE,2019,19705,2020,18406,19315.5,2,0.9802334432885055,FALSE,FALSE,TRUE,12.8,43049,36503,3,20.064928069022077,10.9,63086,43429,3,23.872003975277643
53019,"Ferry County, WA",2007,2708,2012,2064,2205.5,2,0.8144387001477105,FALSE,FALSE,TRUE,2019,2347,2022,2199,2217.5,2,0.9448231785257776,FALSE,FALSE,TRUE,20.9,35121,7430,9,3.372304709289633,18,47463,7627,9,3.4617184411510133
53021,"Franklin County, WA",2008,31576,2009,33731,35646,2,1.1288953635672663,FALSE,FALSE,FALSE,2019,43496,2020,42240,43340,2,0.9964134633069708,FALSE,FALSE,FALSE,15.5,47041,67586,3,54.43477588523159,13.5,63575,95222,2,76.6932238828089
53023,"Garfield County, WA",2006,982,2013,914,911,2,0.9276985743380856,TRUE,FALSE,FALSE,2019,935,2022,807,796,2,0.8513368983957219,TRUE,FALSE,TRUE,14,39649,2203,8,3.099172100417115,12.9,54555,2225,8,3.130121617534308
53025,"Grant County, WA",2007,37853,2008,37765,39267,2,1.0373550313053126,FALSE,FALSE,FALSE,2019,42937,2020,42071,43955,2,1.023709155274006,FALSE,FALSE,FALSE,17.1,41890,82645,4,30.842899937937272,13.9,57152,97733,5,36.47370245791546
53027,"Grays Harbor County, WA",2008,28980,2013,24838,25314.5,2,0.8735162180814354,FALSE,FALSE,TRUE,2019,28058,2020,26614,27627.5,2,0.984656782379357,FALSE,FALSE,TRUE,14.9,41655,71827,4,37.7745779041833,13.1,59346,75061,4,39.47537266022391
53029,"Island County, WA",2007,31112,2013,29471,29995.5,2,0.9641135253278478,FALSE,FALSE,FALSE,2019,33165,2020,32297,33494,2,1.0099200964872608,FALSE,FALSE,FALSE,8.4,57107,78726,4,377.6298243426039,7.3,72173,85141,4,408.40104761265195
53031,"Jefferson County, WA",2007,12952,2013,10371,10506,2,0.811148857319333,FALSE,FALSE,TRUE,2019,12026,2020,11612,11595,2,0.9641609845335107,FALSE,FALSE,TRUE,10.9,45307,29346,6,16.269637107146973,12.6,60556,32221,6,17.863558141804084
53033,"King County, WA",2008,1048692,2010,993750,1063513,2,1.014132843580384,FALSE,FALSE,FALSE,2019,1259694,2020,1168162,1294355,2,1.027515412473188,FALSE,FALSE,FALSE,9.9,66969,1847986,1,873.4648077984739,7.7,102338,2252782,1,1064.7947531214315
53035,"Kitsap County, WA",2008,117020,2013,105697,109019.5,2,0.931631345069219,FALSE,FALSE,FALSE,2019,119477,2020,115938,117573,2,0.9840638784033747,FALSE,FALSE,TRUE,8.9,57875,244105,3,617.8137282940744,7.5,79268,271473,2,687.0803394489144
53037,"Kittitas County, WA",2008,19444,2013,18672,20431,2,1.0507611602550915,FALSE,FALSE,FALSE,2019,23432,2021,21180,22537.5,2,0.9618257084329123,FALSE,FALSE,TRUE,18.6,41966,39158,6,17.04529378298178,14,59172,47935,4,20.865880726473048
53039,"Klickitat County, WA",2008,9264,2013,8822,8963,2,0.9675086355785838,FALSE,FALSE,FALSE,2019,9880,2020,9192,9236.5,2,0.9348684210526316,FALSE,FALSE,TRUE,15.7,42369,19898,6,10.631340709411445,13.5,60567,22425,6,11.981496402078182
53041,"Lewis County, WA",2006,28824,2009,27611,28677.5,2,0.9949174299195115,FALSE,FALSE,FALSE,2019,32612,2020,31493,32138,2,0.9854654728320863,FALSE,FALSE,TRUE,14.2,43223,74229,4,30.89293993379341,12.2,58525,80707,4,33.58898143901527
53043,"Lincoln County, WA",2008,4503,2009,4451,4916,2,1.0917166333555408,FALSE,FALSE,FALSE,2018,4215,2022,3761,3691.5,2,0.8758007117437723,FALSE,FALSE,FALSE,11.7,41954,10509,8,4.5481712750676335,9.1,60849,10939,8,4.734270204392886
53045,"Mason County, WA",2007,23515,2012,21014,21275.5,2,0.9047629172868382,FALSE,FALSE,FALSE,2019,24181,2020,23416,24059,2,0.9949547165129647,FALSE,FALSE,FALSE,12.2,47200,58679,6,61.152432434685736,12.8,63689,66768,4,69.58239930467624
53047,"Okanogan County, WA",2008,19713,2012,19160,19837.5,2,1.0063156292801705,FALSE,FALSE,FALSE,2019,18960,2020,17762,18027.5,2,0.9508175105485233,FALSE,FALSE,TRUE,23,35850,39676,6,7.534095313255705,16.4,44777,42243,6,8.021544216096903
53049,"Pacific County, WA",2007,8579,2013,7111,7362,2,0.8581419745891129,FALSE,FALSE,TRUE,2019,7683,2020,7213,7606,2,0.9899778732266042,FALSE,FALSE,TRUE,16,37501,21415,7,22.943667751263426,13.5,50521,22471,7,24.075048239021267
53051,"Pend Oreille County, WA",2008,4973,2013,4133,4326.5,2,0.8699979891413634,FALSE,FALSE,TRUE,2019,4845,2020,4546,4711.5,2,0.9724458204334365,FALSE,FALSE,TRUE,15.9,39352,12828,8,9.161253923420546,16.1,51950,13724,2,9.801141943017116
53053,"Pierce County, WA",2008,371412,2011,345406,352573.5,2,0.9492786985880909,FALSE,FALSE,FALSE,2019,437517,2020,408058,455980.5,2,1.0422006459177586,FALSE,FALSE,FALSE,11.1,55680,772484,1,463.1187934801116,9.4,78779,904980,1,542.552655749027
53055,"San Juan County, WA",2008,8338,2013,7337,7361,2,0.8828256176541137,FALSE,FALSE,TRUE,2019,8147,2020,7373,8095.5,2,0.9936786547195287,FALSE,FALSE,TRUE,9.9,52118,15400,9,88.54951297767863,8.1,69113,17582,9,101.09594397230816
53057,"Skagit County, WA",2007,54801,2012,51671,52793,2,0.9633583328771372,FALSE,FALSE,FALSE,2019,58323,2020,54699,55547,2,0.9524029971023439,FALSE,FALSE,TRUE,11.9,51486,114066,3,65.92530130369876,11.2,67551,129205,3,74.67500004334681
53059,"Skamania County, WA",2006,4691,2009,4457,4529,2,0.9654657855467917,FALSE,FALSE,FALSE,2019,5672,2020,5314,5747,2,1.0132228490832158,FALSE,FALSE,FALSE,11.9,48932,10786,1,6.504376855852009,10.4,69163,12083,1,7.286518222627464
53061,"Snohomish County, WA",2008,356164,2010,341106,360710.5,2,1.0127651868240473,FALSE,FALSE,FALSE,2019,426379,2020,393669,427285.5,2,1.0021260427929144,FALSE,FALSE,FALSE,8,65394,683997,1,327.8179164779549,7,89119,822083,1,393.99812606187834
53063,"Spokane County, WA",2008,222856,2013,209259,219675,2,0.9857262088523531,FALSE,FALSE,FALSE,2019,248053,2020,241432,252746.5,2,1.018921359548161,FALSE,FALSE,FALSE,13.1,46308,456150,2,258.5556029166365,12.9,59976,522798,2,296.3331186969455
53065,"Stevens County, WA",2007,17124,2013,15850,16141,2,0.9425951880401775,FALSE,FALSE,FALSE,2019,17574,2020,16759,17862,2,1.0163878456811197,FALSE,FALSE,FALSE,16.5,41861,43059,6,17.382805640298365,14.9,55000,45723,2,18.45825547020047
53067,"Thurston County, WA",2008,123404,2012,112978,117183.5,2,0.9495923957084049,FALSE,FALSE,FALSE,2019,132152,2020,128774,135500.5,2,1.0253382468672438,FALSE,FALSE,FALSE,9.5,57682,237772,3,329.09573827579476,9.1,77890,290536,2,402.1253949821523
53069,"Wahkiakum County, WA",2008,1620,2013,1141,1155,2,0.7129629629629629,FALSE,FALSE,TRUE,2019,1227,2021,1191,1172,2,0.9551752241238793,FALSE,FALSE,TRUE,9.8,41482,3975,8,15.118207265867461,10.8,61123,4488,8,17.069311750745452
53071,"Walla Walla County, WA",2008,28578,2013,26456,27000,2,0.9447826999790049,FALSE,FALSE,FALSE,2019,28893,2020,28242,28305,2,0.9796490499428927,FALSE,FALSE,TRUE,17.4,44167,56840,4,44.754742593302694,12.7,60202,60760,3,47.84127656525461
53073,"Whatcom County, WA",2008,101974,2013,94751,100927.5,2,0.9897375801674937,FALSE,FALSE,FALSE,2019,112420,2020,106114,110111.5,2,0.9794653976160825,FALSE,FALSE,TRUE,15.1,47406,192837,3,91.48086599818117,12.7,68656,229247,3,108.75357990160103
53075,"Whitman County, WA",2008,20135,2009,20626,21217.5,2,1.053762105785945,FALSE,FALSE,FALSE,2019,23073,2020,21000,21815.5,2,0.945499068174923,FALSE,FALSE,TRUE,26.7,36538,42608,4,19.732667920798864,26.3,45906,50104,4,23.20422440630178
53077,"Yakima County, WA",2008,113155,2013,107366,114196,2,1.0091997702266802,FALSE,FALSE,FALSE,2019,122753,2020,118410,119913.5,2,0.9768681824476795,FALSE,FALSE,TRUE,19.7,41949,232733,3,54.19311903191795,16.7,55674,250873,3,58.41711468031758
54001,"Barbour County, WV",2006,6376,2011,6165,6351,2,0.9960790464240903,FALSE,FALSE,FALSE,2019,6291,2020,6081,6331,2,1.0063582896200922,FALSE,FALSE,FALSE,23.1,28826,16036,7,47.01825783808666,18.4,39710,16441,6,48.20573566450379
54003,"Berkeley County, WV",2008,44085,2009,42601,48219,2,1.0937733923103097,FALSE,FALSE,FALSE,2019,59908,2020,57271,63574.5,2,1.0612021766708954,FALSE,FALSE,FALSE,10.1,52566,99132,3,308.6791489308701,11,63012,119171,2,371.0769767304273
54005,"Boone County, WV",2008,9019,2013,7858,7399.5,2,0.820434637986473,FALSE,FALSE,TRUE,2018,7284,2020,6808,7032,2,0.9654036243822076,FALSE,FALSE,TRUE,18.2,35654,25115,2,49.993033023468755,18.9,43697,21457,3,42.711547265959354
54007,"Braxton County, WV",2007,5674,2013,4802,4952,2,0.8727529080014099,FALSE,FALSE,FALSE,2019,4543,2020,4358,4516.5,2,0.9941668500990535,FALSE,FALSE,FALSE,22.3,31616,14585,8,28.556883706814688,18.3,39651,13957,8,27.327283229071828
54009,"Brooke County, WV",2008,10465,2013,9611,9550.5,2,0.9126134734830387,FALSE,FALSE,TRUE,2019,9984,2020,9408,9630.5,2,0.9645933493589743,FALSE,FALSE,TRUE,12.2,39601,24235,3,271.70500919323734,12,50900,21939,3,245.96394457150546
54011,"Cabell County, WV",2007,43682,2011,40002,40226.5,2,0.9208941898264732,FALSE,FALSE,TRUE,2019,40043,2020,38519,40674,2,1.0157580600854081,FALSE,FALSE,FALSE,19.3,33265,95059,2,338.2593657481212,18.5,42125,91945,2,327.17846162605326
54013,"Calhoun County, WV",2008,2589,2009,2485,2526,2,0.9756662804171495,FALSE,FALSE,FALSE,2019,2364,2020,2209,2429,2,1.0274957698815568,FALSE,FALSE,FALSE,22.1,27791,7588,8,27.17151932049717,21.6,37307,7109,8,25.456290306986606
54015,"Clay County, WV",2008,3273,2013,3075,2705,2,0.8264589062022609,FALSE,FALSE,TRUE,2018,2470,2020,2314,2433,2,0.9850202429149798,FALSE,FALSE,TRUE,23.8,28630,9696,2,28.35593483048146,22.5,41923,8508,3,24.881630934172467
54017,"Doddridge County, WV",2006,2741,2009,2637,3151.5,2,1.1497628602699745,FALSE,FALSE,FALSE,2018,2865,2022,2667,2793,2,0.974869109947644,FALSE,FALSE,TRUE,17.8,34145,7970,9,24.927828151243418,18.8,50642,8448,9,26.422872298833678
54019,"Fayette County, WV",2008,17217,2013,15584,15053.5,2,0.8743393157925307,FALSE,FALSE,TRUE,2019,15559,2020,14564,15209.5,2,0.9775371167812842,FALSE,FALSE,TRUE,23.9,30312,46243,6,69.8580119252459,20.6,41430,42406,3,64.06156291118607
54021,"Gilmer County, WV",2008,3004,2010,2534,2572.5,2,0.8563581890812251,FALSE,FALSE,FALSE,2018,2601,2020,2386,2500,2,0.9611687812379854,FALSE,FALSE,TRUE,22.8,34355,8248,9,24.366106061098424,25.5,40373,7823,7,23.110578045098567
54023,"Grant County, WV",2007,5019,2009,4585,5654.5,2,1.1266188483761705,FALSE,FALSE,FALSE,2019,5054,2020,4923,5190,2,1.0269093787099328,FALSE,FALSE,FALSE,14.9,36361,11969,6,25.072689642459128,13.2,47400,11568,7,24.23267388954526
54025,"Greenbrier County, WV",2006,14717,2009,13463,14320.5,2,0.9730583678738873,FALSE,FALSE,TRUE,2019,14394,2020,13422,13946.5,2,0.9689106572182854,FALSE,FALSE,TRUE,17.9,33163,35354,7,34.666935995505085,17.2,43564,34662,6,33.988384213277065
54027,"Hampshire County, WV",2006,9462,2009,8529,8986,2,0.9496935108856479,FALSE,FALSE,FALSE,2019,9395,2020,9128,9787,2,1.0417243214475784,FALSE,FALSE,FALSE,16.3,36217,23492,3,36.68320835974903,14.6,54811,23175,3,36.18820678261467
54029,"Hancock County, WV",2008,13810,2013,12359,12375,2,0.8960897900072411,FALSE,FALSE,TRUE,2019,13013,2020,12281,12715.5,2,0.9771382463690156,FALSE,FALSE,TRUE,12.7,39378,30887,3,373.88935964168985,12.5,51017,28810,3,348.747125045394
54031,"Hardy County, WV",2006,7005,2013,4956,6101.5,2,0.8710206995003569,FALSE,FALSE,FALSE,2018,7149,2020,6882,7170,2,1.0029374737725556,FALSE,FALSE,FALSE,12.9,37336,13807,8,23.710534676249107,14.2,46658,13776,6,23.6572988846243
54033,"Harrison County, WV",2008,29731,2010,28936,29815.5,2,1.0028421512898995,FALSE,FALSE,FALSE,2018,30342,2020,28405,30170,2,0.99433128996111,FALSE,FALSE,FALSE,18.8,38063,67940,5,163.31338188985842,11.1,53909,67256,5,161.66919064445565
54035,"Jackson County, WV",2007,11441,2009,10387,10931.5,2,0.9554671794423565,FALSE,FALSE,FALSE,2018,12645,2021,9279,9640,2,0.7623566627125345,FALSE,FALSE,TRUE,15.7,40978,29089,6,62.64320785597381,16.7,50808,28576,6,61.53846153846154
54037,"Jefferson County, WV",2007,24377,2009,23012,25879.5,2,1.0616359683308036,FALSE,FALSE,FALSE,2019,29019,2020,27720,30315,2,1.0446603949136772,FALSE,FALSE,FALSE,8.3,61219,51264,1,244.93540249216423,9.9,75225,57146,1,273.0391407384757
54039,"Kanawha County, WV",2008,89137,2013,84459,80040,2,0.8979436148849523,FALSE,FALSE,TRUE,2018,78003,2020,73747,77542,2,0.9940899708985552,FALSE,FALSE,FALSE,14,40931,192354,2,213.3149687769272,16.3,48334,178124,3,197.5343143289008
54041,"Lewis County, WV",2008,7114,2010,6390,6904.5,2,0.9705510261456284,FALSE,FALSE,FALSE,2018,6598,2020,5726,6151.5,2,0.9323279781752046,FALSE,FALSE,TRUE,18.7,34223,16360,7,42.281549634300774,19.5,46895,15907,7,41.110795234280104
54043,"Lincoln County, WV",2008,7683,2013,6850,7011.5,2,0.9125992450865548,FALSE,FALSE,TRUE,2019,6808,2020,6577,6836,2,1.0041128084606346,FALSE,FALSE,FALSE,25.2,30694,21953,2,50.225009322958726,19.7,43198,20409,2,46.69258029755681
54045,"Logan County, WV",2008,12589,2013,11208,10174.5,2,0.808205576296767,FALSE,FALSE,TRUE,2019,10559,2020,9892,11058.5,2,1.047305616062127,FALSE,FALSE,FALSE,22.2,32251,36443,6,80.46517584300426,21.9,38533,32019,6,70.69710137247628
54047,"McDowell County, WV",2008,6742,2013,5428,4456.5,2,0.6610056363097004,FALSE,FALSE,TRUE,2018,3718,2022,3394,3207.5,2,0.8626949973103819,FALSE,FALSE,TRUE,34.7,21903,22746,7,42.63878318443064,33.8,29106,17624,7,33.037277536375875
54049,"Marion County, WV",2008,25435,2010,24758,25240,2,0.9923333988598388,FALSE,FALSE,TRUE,2019,25248,2020,23434,24925,2,0.98720690747782,FALSE,FALSE,TRUE,16,38000,56445,4,182.79709182764705,14.6,51300,56072,4,181.5891315964182
54051,"Marshall County, WV",2006,14206,2011,13104,13320.5,2,0.937667182880473,FALSE,FALSE,TRUE,2018,13840,2020,12311,12597,2,0.9101878612716763,FALSE,FALSE,TRUE,16.6,33804,33583,3,109.95282076802944,13.7,53145,30531,3,99.9603838510171
54053,"Mason County, WV",2006,9782,2009,9070,9877,2,1.0097117153956245,FALSE,FALSE,FALSE,2019,10246,2020,9888,10287,2,1.0040015615850089,FALSE,FALSE,FALSE,17.9,34635,26738,6,62.070534487241396,15.5,47753,26516,6,61.55517587193107
54055,"Mercer County, WV",2008,24019,2013,21445,21911,2,0.9122361463841125,FALSE,FALSE,TRUE,2018,22287,2020,20912,21982.5,2,0.9863373266926908,FALSE,FALSE,FALSE,21.8,31898,61615,5,147.06584368033378,18.7,41794,58758,4,140.2466094777092
54057,"Mineral County, WV",2008,12897,2013,11007,11262,2,0.8732263317050477,FALSE,FALSE,TRUE,2019,11941,2020,11398,12165,2,1.0187588979147475,FALSE,FALSE,FALSE,15.5,35929,27532,3,83.96923283376337,12.5,49704,26868,3,81.94411404102695
54059,"Mingo County, WV",2008,8634,2013,7563,6489,2,0.7515635858234886,FALSE,FALSE,TRUE,2018,7055,2021,5879,6507,2,0.9223245924875975,FALSE,FALSE,TRUE,24.9,30139,27145,6,64.1554383817089,27.3,34698,23424,7,55.36109739005892
54061,"Monongalia County, WV",2008,47083,2010,45754,47645.5,2,1.011946987235308,FALSE,FALSE,FALSE,2019,53778,2020,51409,54874,2,1.020380081074045,FALSE,FALSE,FALSE,16.4,40889,90764,3,252.05710746945925,19.1,55652,105612,3,293.2908998508718
54063,"Monroe County, WV",2007,5661,2010,5315,5342.5,2,0.9437378555025614,FALSE,FALSE,TRUE,2019,4757,2020,4591,4862,2,1.0220727349169645,FALSE,FALSE,FALSE,14.8,35034,13452,8,28.454545069951813,15.7,44655,13275,8,28.080143161136657
54065,"Morgan County, WV",2006,6811,2009,6275,7025,2,1.031419762149464,FALSE,FALSE,FALSE,2018,8203,2020,7634,8109.5,2,0.9886017310739973,FALSE,FALSE,FALSE,10.9,44162,17410,3,76.0019731701248,10.5,50660,17884,8,78.07118254879448
54067,"Nicholas County, WV",2007,10229,2013,9417,9337,2,0.91279694984847,FALSE,FALSE,TRUE,2019,9520,2020,8912,9221,2,0.9685924369747899,FALSE,FALSE,TRUE,18.9,38813,26130,6,40.39626369345219,18.8,40023,24496,6,37.870144486597965
54069,"Ohio County, WV",2008,20193,2009,19687,19962.5,2,0.9885851532709354,FALSE,FALSE,FALSE,2018,19243,2020,17281,17798.5,2,0.924933742139999,FALSE,FALSE,TRUE,16.9,38757,44714,3,422.5038032334571,14.1,50390,41411,3,391.29366631705267
54071,"Pendleton County, WV",2006,3700,2009,3292,3401.5,2,0.9193243243243243,FALSE,FALSE,TRUE,2019,3157,2020,3055,3166.5,2,1.0030091859360153,FALSE,FALSE,FALSE,13.8,36019,7792,8,11.19459808921773,13.5,43451,6969,8,10.012211766396092
54073,"Pleasants County, WV",2006,3010,2010,2633,2666,2,0.8857142857142857,FALSE,FALSE,FALSE,2018,3303,2020,2938,3101,2,0.9388434756282168,FALSE,FALSE,TRUE,13.4,40539,7698,3,59.161229336222995,13,54972,7460,6,57.332134430790276
54075,"Pocahontas County, WV",2006,3534,2009,3173,3278.5,2,0.9277023203169213,FALSE,FALSE,TRUE,2019,3268,2020,3057,3241.5,2,0.991891064871481,FALSE,FALSE,FALSE,15.7,31832,8851,9,9.413563998089847,16.1,39454,8247,9,8.771174137639472
54077,"Preston County, WV",2008,14471,2011,13570,13754,2,0.9504526293967245,FALSE,FALSE,TRUE,2019,13788,2020,13117,13779.5,2,0.9993835219031042,FALSE,FALSE,FALSE,16.5,35567,32743,3,50.465927060760094,14.3,50821,33432,3,51.52786468849316
54079,"Putnam County, WV",2008,26955,2010,24444,24689.5,2,0.9159525134483398,FALSE,FALSE,TRUE,2019,25271,2020,24339,26061.5,2,1.0312809148826718,FALSE,FALSE,FALSE,10.2,49713,54669,2,158.15052780485829,8.9,66991,56450,2,163.302736369501
54081,"Raleigh County, WV",2006,31412,2013,29598,27937,2,0.8893734878390424,FALSE,FALSE,TRUE,2019,29038,2020,27263,28682.5,2,0.9877574213100075,FALSE,FALSE,FALSE,16.7,37261,78323,4,129.46635193927614,17.4,45386,73361,3,121.26426521733381
54083,"Randolph County, WV",2006,12509,2011,10946,11101,2,0.8874410424494364,FALSE,FALSE,TRUE,2019,10492,2020,9903,10034,2,0.9563476934807472,FALSE,FALSE,TRUE,19.1,33472,29113,7,28.001346542271808,16.8,46285,28695,7,27.599307492545925
54085,"Ritchie County, WV",2006,4523,2010,3887,4185.5,2,0.9253813840371435,FALSE,FALSE,TRUE,2018,3391,2020,3179,3173.5,2,0.9358596284281923,FALSE,FALSE,TRUE,17.1,34329,10558,8,23.358923869997124,17.9,46131,9554,8,21.1376357884024
54087,"Roane County, WV",2007,5221,2011,4730,4820,2,0.9231947902700632,FALSE,FALSE,TRUE,2019,4693,2020,4505,4764.5,2,1.0152354570637119,FALSE,FALSE,FALSE,22.8,30175,15215,6,31.46435934924715,19.4,41671,13688,6,28.30654950854387
54089,"Summers County, WV",2007,4457,2013,4220,4235,2,0.950190711240745,FALSE,FALSE,TRUE,2019,3927,2020,3803,4124,2,1.0501655207537561,FALSE,FALSE,FALSE,24.7,27021,13842,7,38.3873007421212,23.5,37000,12573,6,34.868048853539214
54091,"Taylor County, WV",2006,6641,2007,6591,6758.5,2,1.017693118506249,FALSE,FALSE,FALSE,2019,7032,2020,6652,7115.5,2,1.0118742889647327,FALSE,FALSE,FALSE,18,34804,16640,6,96.3124598456917,16.7,48294,16695,6,96.63080030792206
54093,"Tucker County, WV",2006,2882,2009,2555,2940.5,2,1.0202984038861902,FALSE,FALSE,FALSE,2018,3075,2020,2919,3277,2,1.065691056910569,FALSE,FALSE,FALSE,16.4,32755,7117,9,16.983977739701512,15.3,47222,6839,8,16.320559752960325
54095,"Tyler County, WV",2007,3438,2010,3152,3334,2,0.9697498545666084,FALSE,FALSE,TRUE,2018,2828,2021,2571,2701.5,2,0.9552687411598303,FALSE,FALSE,TRUE,18.7,35271,9423,6,36.76522227684528,15.4,48345,8591,9,33.519051743646166
54097,"Upshur County, WV",2007,10326,2013,8963,9512.5,2,0.9212182839434437,FALSE,FALSE,TRUE,2019,9816,2020,9286,10014,2,1.0201711491442542,FALSE,FALSE,FALSE,20.3,34687,23851,7,67.25449613408603,17.5,45074,24176,7,68.17092358968864
54099,"Wayne County, WV",2007,16876,2013,14991,14397.5,2,0.8531346290590187,FALSE,FALSE,TRUE,2019,14374,2020,13661,14383,2,1.000626130513427,FALSE,FALSE,FALSE,20.3,36298,42727,2,84.43987707631348,19.6,42095,39402,2,77.86879576288771
54101,"Webster County, WV",2006,3240,2009,2916,3267.5,2,1.0084876543209877,FALSE,FALSE,FALSE,2019,3171,2020,3044,3077.5,2,0.9705140334279407,FALSE,FALSE,FALSE,25.2,27521,9260,9,16.730807451171696,21.8,34385,8114,9,14.660234520389542
54103,"Wetzel County, WV",2007,5863,2009,5568,6466.5,2,1.1029336517141395,FALSE,FALSE,FALSE,2018,5113,2020,4801,5014.5,2,0.9807353804028945,FALSE,FALSE,FALSE,16.4,36397,16764,6,46.818053604493016,16.3,46824,15065,6,42.07313156476302
54105,"Wirt County, WV",2006,2400,2010,2010,2073.5,2,0.8639583333333334,FALSE,FALSE,TRUE,2019,1994,2020,1848,1932,2,0.9689067201604814,FALSE,FALSE,TRUE,18.7,36850,5806,3,24.970861593645033,17.5,48627,5821,3,25.035374670445698
54107,"Wood County, WV",2006,39295,2011,35583,36114.5,2,0.919060949230182,FALSE,FALSE,TRUE,2019,35876,2020,33709,35778.5,2,0.9972823057197012,FALSE,FALSE,FALSE,16.4,39910,86489,3,235.98635743519782,14.1,49209,83518,3,227.8799454297408
54109,"Wyoming County, WV",2006,7879,2009,7395,7627.5,2,0.9680797055463891,FALSE,FALSE,TRUE,2018,6555,2020,6246,6916,2,1.055072463768116,FALSE,FALSE,FALSE,23.5,30762,24078,7,48.20709952549702,22.9,42761,20394,6,40.83128115802751
55001,"Adams County, WI",2007,9430,2013,7799,7884.5,2,0.8361081654294804,FALSE,FALSE,TRUE,2018,8007,2020,7475,7675,2,0.9585362807543399,FALSE,FALSE,FALSE,14.4,38516,21156,8,32.76718201615127,11.6,53156,20220,8,31.31747118389954
55003,"Ashland County, WI",2006,8705,2013,7435,7519.5,2,0.8638139000574383,FALSE,FALSE,TRUE,2018,7584,2020,7103,7298,2,0.9622890295358649,FALSE,FALSE,TRUE,17.5,35810,16199,7,15.501880436758949,17.8,47202,15562,7,14.892293558666756
55005,"Barron County, WI",2006,24184,2010,21638,21905.5,2,0.9057848164075422,FALSE,FALSE,TRUE,2018,23083,2020,21648,22036.5,2,0.9546636052506173,FALSE,FALSE,TRUE,11.9,43347,45874,6,53.15310513594746,8.9,54372,45244,6,52.423139224196866
55007,"Bayfield County, WI",2006,7753,2010,6853,6946.5,2,0.8959757513220689,FALSE,FALSE,TRUE,2018,7548,2020,7023,7286.5,2,0.9653550609432963,FALSE,FALSE,TRUE,11.5,42380,15255,8,10.32221132824632,10.3,58065,15036,8,10.1740261902007
55009,"Brown County, WI",2008,132939,2010,126637,129362,2,0.9730929223177548,FALSE,FALSE,FALSE,2018,141581,2020,135459,140959.5,2,0.9956102866910108,FALSE,FALSE,FALSE,10.3,52452,242691,2,457.82807512658184,9.9,65494,264542,2,499.04922164454473
55011,"Buffalo County, WI",2006,8197,2013,6139,6737.5,2,0.8219470538001707,FALSE,FALSE,TRUE,2018,7341,2020,6862,6878,2,0.9369295736275711,FALSE,FALSE,TRUE,8.9,43448,13885,8,20.546293158683675,9.5,58407,13031,8,19.282588847735468
55013,"Burnett County, WI",2006,7988,2010,6753,6871,2,0.8601652478718077,FALSE,FALSE,TRUE,2018,6932,2020,6564,6981,2,1.007068667051356,FALSE,FALSE,FALSE,13.2,40453,15965,8,19.43169148827404,12.6,51519,15414,8,18.761045574710685
55015,"Calumet County, WI",2008,24555,2009,23671,25900,2,1.0547749949093872,FALSE,FALSE,FALSE,2018,28721,2020,27868,28917.5,2,1.0068416837853835,FALSE,FALSE,FALSE,5.3,60714,47188,3,148.27336999214455,5.4,80354,50089,3,157.38884524744697
55017,"Chippewa County, WI",2007,31953,2009,30331,30949.5,2,0.968594498169186,FALSE,FALSE,FALSE,2019,32448,2020,31298,33071,2,1.0191999506903353,FALSE,FALSE,FALSE,10.2,47904,61022,3,60.51638559832598,8.8,60713,64658,3,64.122258529982
55019,"Clark County, WI",2006,16872,2010,15516,15911.5,2,0.9430713608345187,FALSE,FALSE,FALSE,2018,17308,2020,16453,16671.5,2,0.9632250982204761,FALSE,FALSE,TRUE,11.5,41485,34435,8,28.46578236882263,13.5,54296,34774,6,28.74601760108721
55021,"Columbia County, WI",2006,30191,2009,28533,29211.5,2,0.9675565565897122,FALSE,FALSE,FALSE,2018,30854,2020,29606,30541,2,0.9898554482400985,FALSE,FALSE,TRUE,7,55391,56197,2,73.40256008359457,6.7,69219,57532,2,75.14629049111808
55023,"Crawford County, WI",2006,9208,2013,7479,7520.5,2,0.8167354474370113,FALSE,FALSE,TRUE,2018,7547,2022,6792,6673,2,0.8841923943288724,FALSE,FALSE,TRUE,11.7,41072,16924,7,29.64935485848933,11.6,51919,16131,7,28.26008882192693
55025,"Dane County, WI",2008,285670,2010,276480,285650.5,2,0.99993173941961,FALSE,FALSE,FALSE,2019,315543,2020,305810,325728.5,2,1.0322792773092733,FALSE,FALSE,FALSE,10.9,60794,471644,2,394.18736528382436,9.4,77828,546695,2,456.9129717834645
55027,"Dodge County, WI",2006,44890,2009,42705,44183.5,2,0.9842615281799956,FALSE,FALSE,FALSE,2018,47779,2020,46212,47681.5,2,0.99795935452814,FALSE,FALSE,FALSE,8.3,51619,89007,4,101.64108900432683,8,61730,87839,4,100.30729737044351
55029,"Door County, WI",2008,16234,2011,13755,14191.5,2,0.8741838117531108,FALSE,FALSE,TRUE,2018,15026,2020,14192,14992.5,2,0.9977705310794622,FALSE,FALSE,FALSE,7.4,48147,27957,6,58.00977723183161,9.3,64217,27668,6,57.41011254606421
55031,"Douglas County, WI",2008,22152,2009,21568,21865,2,0.9870440592271578,FALSE,FALSE,FALSE,2018,21985,2020,20873,21530.5,2,0.9793268137366387,FALSE,FALSE,TRUE,14.6,38787,43710,2,33.51294821938982,11.5,55651,43150,2,33.0835899260277
55033,"Dunn County, WI",2007,24774,2010,21460,22019.5,2,0.8888148865746347,FALSE,FALSE,TRUE,2018,23912,2020,22771,23765.5,2,0.993873369019739,FALSE,FALSE,FALSE,14,46351,43148,6,50.75285917104918,11.7,61506,45368,6,53.36413541466949
55035,"Eau Claire County, WI",2007,54826,2009,52933,54536.5,2,0.9947196585561595,FALSE,FALSE,FALSE,2018,56675,2020,54552,58111,2,1.0253374503749448,FALSE,FALSE,FALSE,13,44567,96632,3,151.47933446408808,10.6,64972,104646,3,164.041998865065
55037,"Florence County, WI",2006,2417,2011,1993,2033,2,0.8411253620190319,FALSE,FALSE,TRUE,2018,2086,2020,1938,1990,2,0.9539789069990412,FALSE,FALSE,TRUE,11.6,40526,4682,9,9.593790469321181,10.9,58270,4295,9,8.800796682130388
55039,"Fond du Lac County, WI",2008,54206,2009,51146,52367.5,2,0.9660830904327934,FALSE,FALSE,FALSE,2018,55350,2020,52553,54370.5,2,0.9823035230352304,FALSE,FALSE,TRUE,8.4,50713,100520,3,139.6953163434626,7.3,65905,103403,3,143.70189808857006
55041,"Forest County, WI",2006,4687,2013,3643,3853.5,2,0.8221676978877747,FALSE,FALSE,TRUE,2019,4074,2020,3636,3934,2,0.9656357388316151,FALSE,FALSE,FALSE,16.5,34927,9639,9,9.503424151060965,16.3,48964,9004,9,8.877355644377314
55043,"Grant County, WI",2007,26842,2010,25724,26092.5,2,0.9720773414797705,FALSE,FALSE,FALSE,2018,27524,2020,26062,26030.5,2,0.9457382647870949,FALSE,FALSE,TRUE,11.7,42830,50544,6,44.04306712071411,13.4,56418,51439,6,44.82295286527408
55045,"Green County, WI",2006,19419,2009,18519,19630.5,2,1.0108913950254905,FALSE,FALSE,FALSE,2018,20362,2020,19188,19815,2,0.9731362341616737,FALSE,FALSE,TRUE,7.7,50806,36234,6,62.039846312949024,6.4,64319,36960,2,63.28290334289883
55047,"Green Lake County, WI",2007,9918,2009,9253,9550.5,2,0.9629461584996976,FALSE,FALSE,TRUE,2018,9124,2020,8421,8679.5,2,0.9512823323103902,FALSE,FALSE,TRUE,9.1,47773,19144,6,54.76896844719217,11.7,59458,18913,6,54.108101767746845
55049,"Iowa County, WI",2006,13760,2010,12666,12686.5,2,0.921984011627907,FALSE,FALSE,TRUE,2018,13305,2020,12476,12999.5,2,0.9770387072529124,FALSE,FALSE,TRUE,8.5,51234,23636,2,30.98998555129291,9.5,67390,23678,2,31.045053218967404
55051,"Iron County, WI",2006,2930,2013,2443,2541,2,0.8672354948805461,FALSE,FALSE,TRUE,2018,2680,2020,2508,2649.5,2,0.9886194029850747,FALSE,FALSE,FALSE,11.6,36192,6170,9,8.137544281693557,12.7,48813,5687,9,7.500520961100691
55053,"Jackson County, WI",2006,9451,2009,9089,9499,2,1.005078827637287,FALSE,FALSE,FALSE,2018,9921,2022,8596,8397.5,2,0.8464368511238787,FALSE,FALSE,TRUE,13.1,44226,20227,6,20.474433529200386,12.4,57247,20643,6,20.895522388059703
55055,"Jefferson County, WI",2006,40952,2009,38751,43089,2,1.052183043563196,FALSE,FALSE,FALSE,2018,47251,2020,45033,47086.5,2,0.9965185921991069,FALSE,FALSE,FALSE,7.1,54727,82276,4,147.84732242813476,7.1,71098,84769,4,152.32716314490926
55057,"Juneau County, WI",2006,12722,2009,12193,12465,2,0.9797987737777079,FALSE,FALSE,FALSE,2018,12279,2020,11668,12130.5,2,0.987906181285121,FALSE,FALSE,TRUE,11.6,44485,26755,7,34.87897627499573,13.4,55787,26687,7,34.790328531145995
55059,"Kenosha County, WI",2008,80764,2010,77069,80198.5,2,0.9929981179733545,FALSE,FALSE,FALSE,2018,86147,2020,84122,90165,2,1.0466412063101442,FALSE,FALSE,FALSE,11.8,53501,163223,1,600.4532194398766,9.8,66460,169561,1,623.7690052348316
55061,"Kewaunee County, WI",2006,11332,2013,10266,10679.5,2,0.9424196964348747,FALSE,FALSE,TRUE,2018,11075,2020,10399,10740.5,2,0.9697968397291197,FALSE,FALSE,TRUE,7.3,53356,20694,2,60.42855390797012,7.4,65879,20434,2,59.66932785133186
55063,"La Crosse County, WI",2008,62789,2010,61383,63162,2,1.0059405309847267,FALSE,FALSE,FALSE,2018,63033,2020,60205,62988.5,2,0.9992940205923881,FALSE,FALSE,FALSE,13.2,48139,111798,3,247.44855611848527,11.8,59758,118016,3,261.2111916034201
55065,"Lafayette County, WI",2007,8920,2009,8603,8887,2,0.9963004484304933,FALSE,FALSE,FALSE,2018,9148,2020,8598,9256,2,1.0118058592041976,FALSE,FALSE,FALSE,9,46770,16670,8,26.31047305188861,11.3,59128,16665,8,26.302581488285764
55067,"Langlade County, WI",2006,10223,2013,8947,8894.5,2,0.8700479311356745,FALSE,FALSE,TRUE,2018,8927,2020,8538,8698.5,2,0.9744034950151227,FALSE,FALSE,TRUE,11.7,39916,20379,6,23.40557488888123,13,49597,19189,6,22.038842756893956
55069,"Lincoln County, WI",2006,15046,2012,13756,14495,2,0.9633789711551243,FALSE,FALSE,TRUE,2018,14387,2020,13483,13668.5,2,0.9500590811148953,FALSE,FALSE,TRUE,9.9,46495,29272,6,33.31246941539302,9.1,60728,27593,6,31.401713876022804
55071,"Manitowoc County, WI",2006,43242,2013,39655,41062.5,2,0.9495976134313862,FALSE,FALSE,TRUE,2018,42257,2020,40106,41204.5,2,0.9750928840192158,FALSE,FALSE,TRUE,8.6,48175,81872,4,138.92881323719814,8.8,61326,78981,4,134.02306769453716
55073,"Marathon County, WI",2007,72589,2012,66523,70164,2,0.9665927344363471,FALSE,FALSE,FALSE,2018,72928,2020,70298,72399,2,0.9927462702939885,FALSE,FALSE,TRUE,8,53470,131773,3,85.27683114186941,8.2,66092,135692,3,87.81301003470016
55075,"Marinette County, WI",2007,20924,2010,19058,19750,2,0.9438921812272988,FALSE,FALSE,TRUE,2018,20252,2020,19459,19414,2,0.9586213707288169,FALSE,FALSE,TRUE,11.2,44539,42190,6,30.147170210394233,11.5,54404,40350,6,28.832384877682088
55077,"Marquette County, WI",2007,7434,2011,6859,6857.5,2,0.9224509012644606,FALSE,FALSE,TRUE,2018,7340,2020,7058,7248,2,0.987465940054496,FALSE,FALSE,FALSE,10.2,42571,15395,8,33.782226971800235,10,56790,15574,8,34.17501804864026
55078,"Menominee County, WI",2006,1486,2010,1282,1330,2,0.8950201884253028,FALSE,FALSE,TRUE,2018,1389,2020,1237,1304.5,2,0.9391648668106551,FALSE,FALSE,TRUE,34.1,31448,4293,8,12.004530011325029,25.3,40300,4556,8,12.739957775820365
55079,"Milwaukee County, WI",2008,442715,2009,423290,434992,2,0.9825553685779791,FALSE,FALSE,FALSE,2018,456463,2020,432623,442195.5,2,0.9687433592646063,FALSE,FALSE,TRUE,18.2,42865,931453,1,3857.635106872031,16.9,53505,945726,1,3916.747081260846
55081,"Monroe County, WI",2008,23325,2012,21166,21628,2,0.9272454448017149,FALSE,FALSE,TRUE,2018,22542,2020,21705,22307,2,0.9895750155265726,FALSE,FALSE,FALSE,12.8,44969,43729,6,48.53902302576079,10.9,60296,46253,6,51.34065338815235
55083,"Oconto County, WI",2006,19322,2009,18244,19037.5,2,0.9852758513611427,FALSE,FALSE,FALSE,2018,19466,2020,18663,19511.5,2,1.0023374088153705,FALSE,FALSE,FALSE,9.9,47886,37805,2,37.90062327251656,9.3,66401,37930,2,38.02593944522029
55085,"Oneida County, WI",2006,18932,2013,17048,17671.5,2,0.9334196070145785,FALSE,FALSE,TRUE,2018,17601,2020,16749,17499,2,0.9942048747230271,FALSE,FALSE,FALSE,9.8,44644,36553,7,32.81403733042236,8.9,62765,35595,7,31.954030005099
55087,"Outagamie County, WI",2008,93322,2009,91047,93723,2,1.0042969503439703,FALSE,FALSE,FALSE,2018,101484,2020,98924,102887.5,2,1.0138297662685745,FALSE,FALSE,FALSE,6.7,57443,173180,3,271.63061498815006,7.1,66994,187885,3,294.69521940783335
55089,"Ozaukee County, WI",2006,46855,2009,44001,44726,2,0.954561946430477,FALSE,FALSE,FALSE,2018,47905,2020,46140,48877,2,1.0202901576035905,FALSE,FALSE,FALSE,4.5,75938,85597,1,367.3517559256859,4.5,90446,89221,1,382.9046697366219
55091,"Pepin County, WI",2007,3909,2010,3799,3832,2,0.9803018674852904,FALSE,FALSE,FALSE,2018,3800,2020,3614,3736.5,2,0.9832894736842105,FALSE,FALSE,FALSE,10.6,45296,7557,8,32.57215268439019,9,62675,7287,8,31.408399710354814
55093,"Pierce County, WI",2008,22985,2009,21695,22596,2,0.9830759190776593,FALSE,FALSE,FALSE,2018,23727,2020,22169,23413,2,0.9867661314114722,FALSE,FALSE,TRUE,7.3,59405,40238,1,70.09884707448198,9.8,75368,42754,1,74.48198488549139
55095,"Polk County, WI",2006,22828,2010,21705,22376,2,0.9801997546872262,FALSE,FALSE,FALSE,2018,22430,2020,21609,22592,2,1.0072224699063754,FALSE,FALSE,FALSE,8.7,48402,44318,6,48.47099483769358,8.6,63910,43783,6,47.88586053023011
55097,"Portage County, WI",2008,40309,2011,36113,36785,2,0.9125753553796919,FALSE,FALSE,TRUE,2018,38005,2020,35710,36556.5,2,0.9618865938692277,FALSE,FALSE,TRUE,12.1,50494,69133,4,86.3219432769699,11.8,58248,70772,4,88.3684574602247
55099,"Price County, WI",2006,8206,2013,6401,6774,2,0.8254935413112356,FALSE,FALSE,TRUE,2018,6737,2020,6144,6426.5,2,0.9539112364553956,FALSE,FALSE,TRUE,11.1,40346,14561,9,11.611114965268724,14.9,48761,13351,9,10.646246542222562
55101,"Racine County, WI",2007,94293,2009,89181,91867.5,2,0.9742769876873151,FALSE,FALSE,FALSE,2018,97141,2020,92687,96789.5,2,0.9963815484707796,FALSE,FALSE,FALSE,9.2,52272,194395,3,584.4515064144,12.4,61691,196311,3,590.2119893809886
55103,"Richland County, WI",2008,9751,2010,8785,8962,2,0.91908522202851,FALSE,FALSE,TRUE,2018,8235,2022,7746,8030.5,2,0.9751669702489375,FALSE,FALSE,TRUE,11.5,42828,18428,6,31.43905143734539,12.5,51295,17252,6,29.432739059967588
55105,"Rock County, WI",2006,80056,2009,72021,74160.5,2,0.9263577995403218,FALSE,FALSE,FALSE,2019,80742,2020,77831,81947.5,2,1.014930271729707,FALSE,FALSE,FALSE,10.7,49276,159912,3,222.66656269842153,12.3,61624,163354,3,227.45931314121486
55107,"Rusk County, WI",2006,7377,2011,6133,6366,2,0.8629524196827979,FALSE,FALSE,TRUE,2018,6593,2020,6066,6089.5,2,0.92363112391930835,FALSE,FALSE,TRUE,14.4,36955,14890,6,16.299748990433613,12.3,49860,14178,6,15.520338561878292
55109,"St. Croix County, WI",2008,45418,2009,43504,44681,2,0.9837729534545775,FALSE,FALSE,FALSE,2019,50410,2020,48329,51877.5,2,1.0291112874429678,FALSE,FALSE,FALSE,5.3,66731,81708,1,113.14421497788572,5.9,87098,90687,1,125.5777821473971
55111,"Sauk County, WI",2008,33562,2009,32740,33273,2,0.9913890709731243,FALSE,FALSE,FALSE,2018,35064,2020,32289,34109.5,2,0.9727783481633584,FALSE,FALSE,TRUE,9.1,48262,60389,4,72.61898033519043,10.2,63752,64442,4,77.49279389889452
55113,"Sawyer County, WI",2007,8913,2011,7282,7290,2,0.8179064288118478,FALSE,FALSE,TRUE,2019,7780,2020,7472,7875,2,1.012210796915167,FALSE,FALSE,FALSE,12.3,39558,16674,9,13.258587786259543,12.7,53908,16558,7,13.166348600508908
55115,"Shawano County, WI",2006,21379,2010,19692,19925.5,2,0.9320127227653304,FALSE,FALSE,TRUE,2018,20426,2020,19343,19504,2,0.9548614510917458,FALSE,FALSE,TRUE,10.7,44972,41829,6,46.82918637521341,9.6,58982,40899,6,45.788015337680875
55117,"Sheboygan County, WI",2007,63233,2011,56122,57907.5,2,0.9157797352648143,FALSE,FALSE,TRUE,2018,61609,2020,59002,60670.5,2,0.9847668360142187,FALSE,FALSE,TRUE,7.9,52727,115178,3,225.16856656350987,8.1,62108,115340,3,225.48527034186412
55119,"Taylor County, WI",2006,10424,2009,9503,10326.5,2,0.9906465848042978,FALSE,FALSE,TRUE,2018,9959,2022,9550,9475,2,0.9514007430464906,FALSE,FALSE,FALSE,11.1,44096,20473,6,20.99682888707474,9.7,52419,20343,6,20.86350266447328
55121,"Trempealeau County, WI",2007,15564,2010,14812,15501,2,0.9959521973785659,FALSE,FALSE,FALSE,2018,15942,2022,14488,14363.5,2,0.9009848199724,FALSE,FALSE,TRUE,9.5,46543,28396,8,38.7412240131193,8.9,61687,29649,6,40.450716677171926
55123,"Vernon County, WI",2008,13945,2010,13999,14191,2,1.0176407314449623,FALSE,FALSE,FALSE,2018,14033,2020,13144,13873.5,2,0.9886339342977268,FALSE,FALSE,FALSE,13.6,43267,29313,6,37.03179658473173,14.1,56272,30822,6,38.93815148004644
55125,"Vilas County, WI",2006,11071,2011,9057,9216.5,2,0.8324902899467076,FALSE,FALSE,TRUE,2019,9951,2020,9697,10001.5,2,1.005074866847553,FALSE,FALSE,FALSE,10.5,41184,21997,9,25.646197432698695,11.2,55576,22195,9,25.877044688764265
55127,"Walworth County, WI",2008,53850,2009,51074,51949,2,0.9646982358402971,FALSE,FALSE,FALSE,2018,56237,2020,53076,56271.5,2,1.0006134751142486,FALSE,FALSE,FALSE,9.6,54084,101449,4,182.64849225739198,9.5,64682,103868,4,187.0036530058531
55129,"Washburn County, WI",2006,7574,2009,7172,7372.5,2,0.973395827832057,FALSE,FALSE,TRUE,2018,7135,2020,6881,7014,2,0.9830413454800281,FALSE,FALSE,TRUE,12.4,40316,16038,6,20.12008320014452,12.8,52735,15720,7,19.72114402707768
55131,"Washington County, WI",2008,71240,2009,68304,70401,2,0.9882229084783829,FALSE,FALSE,FALSE,2018,74362,2020,71152,74763.5,2,1.0053992630644684,FALSE,FALSE,FALSE,5.2,66064,129203,1,300.02275661567325,5.1,81928,136034,1,315.885046581399
55133,"Waukesha County, WI",2006,208467,2009,196904,204697,2,0.9819156029491478,FALSE,FALSE,FALSE,2018,214492,2020,206357,217414,2,1.0136228857020309,FALSE,FALSE,FALSE,4.1,72432,384239,1,698.9658465596434,4.7,91070,404198,1,735.273091091
55135,"Waupaca County, WI",2006,27111,2010,25183,25393,2,0.9366308878315075,FALSE,FALSE,FALSE,2018,26978,2020,25750,25881.5,2,0.9593557713692639,FALSE,FALSE,TRUE,8.9,47515,52677,6,70.45186451286743,8.8,61773,50990,6,68.19561804034228
55137,"Waushara County, WI",2006,12140,2010,10757,10916,2,0.899176276771005,FALSE,FALSE,TRUE,2018,11430,2020,10522,10885.5,2,0.9523622047244095,FALSE,FALSE,TRUE,12.6,41297,24686,8,39.42436529902054,12.4,55476,24443,6,39.03628619476461
55139,"Winnebago County, WI",2008,90241,2010,85429,86281.5,2,0.9561230482818232,FALSE,FALSE,TRUE,2018,88972,2020,86501,89421,2,1.005046531493054,FALSE,FALSE,FALSE,9.3,50767,164037,3,377.35940206626685,9.7,59643,171907,3,395.46396685507375
55141,"Wood County, WI",2008,39771,2013,36271,34696.5,2,0.8724070302481708,FALSE,FALSE,TRUE,2018,37117,2020,35221,35249.5,2,0.9496861276504028,FALSE,FALSE,TRUE,9.1,50077,74465,4,93.90053214294721,10.7,57325,72999,4,92.05190285238707
56001,"Albany County, WY",2008,18961,2009,19188,20187,2,1.064659036970624,FALSE,FALSE,FALSE,2019,20413,2020,20388,21390.5,2,1.0478861509822173,FALSE,FALSE,FALSE,16.2,42118,33858,4,7.921528716068013,16,52216,38880,4,9.096492305532646
56003,"Big Horn County, WY",2006,5222,2009,4699,5304,2,1.0157027958636538,FALSE,FALSE,FALSE,2018,4910,2019,4856,4914.5,2,1.0009164969450102,FALSE,FALSE,FALSE,9.9,47712,11350,9,3.6181560665319927,12.1,53018,11790,9,3.758419385410766
56005,"Campbell County, WY",2008,27586,2013,24260,24177.5,2,0.8764409483071123,FALSE,FALSE,FALSE,2019,23616,2021,21909,23638.5,2,1.000952743902439,FALSE,FALSE,FALSE,5.9,77830,41651,5,8.673560228776578,7.7,83997,46341,5,9.650223393477598
56007,"Carbon County, WY",2007,8258,2009,7495,7655.5,2,0.9270404456284814,FALSE,FALSE,TRUE,2018,6632,2022,6232,5919,2,0.892490952955368,FALSE,FALSE,TRUE,10.2,48358,15494,7,1.9618255639013966,11.7,61626,14800,7,1.8739523909733233
56009,"Converse County, WY",2008,7345,2010,7163,7631.5,2,1.039006126616746,FALSE,FALSE,FALSE,2019,7226,2021,6125,6413,2,0.8874896208137282,FALSE,FALSE,TRUE,9.4,53751,13071,6,3.071919725386217,9.2,72481,13822,6,3.2484182116355513
56011,"Crook County, WY",2008,3476,2009,3446,3627,2,1.0434407364787113,FALSE,FALSE,FALSE,2018,3670,2019,3659,3815,2,1.0395095367847411,FALSE,FALSE,FALSE,7.5,49890,6617,9,2.3181104789663967,8,64120,7584,9,2.6568762086264397
56013,"Fremont County, WY",2008,18145,2009,18056,19726.5,2,1.087158996968862,FALSE,FALSE,FALSE,2018,16931,2020,16780,17209,2,1.0164195853759377,FALSE,FALSE,FALSE,12.7,45451,38132,7,4.1521856849772485,12.9,57953,39261,7,4.27512226418472
56015,"Goshen County, WY",2008,6037,2009,6072,7149,2,1.1841974490641047,FALSE,FALSE,FALSE,2018,5834,2019,5469,5539,2,0.9494343503599588,FALSE,FALSE,TRUE,14.8,38879,12620,7,5.670347899657308,13,55540,13211,7,5.935892718096094
56017,"Hot Springs County, WY",2008,2401,2013,2401,2323.5,2,0.9677217825905873,FALSE,FALSE,FALSE,2018,2236,2019,2187,2292.5,2,1.025268336314848,FALSE,FALSE,FALSE,11,40709,4647,7,2.318363665299529,10.9,52344,4413,7,2.201622305781541
56019,"Johnson County, WY",2008,4031,2009,3853,4193,2,1.0401885388241132,FALSE,FALSE,FALSE,2018,4286,2020,4151,4429.5,2,1.033481101259916,FALSE,FALSE,FALSE,8,47259,8146,7,1.9609296915471557,9,57224,8445,7,2.0329058734490215
56021,"Laramie County, WY",2008,42030,2009,41666,44182,2,1.0512015227218654,FALSE,FALSE,FALSE,2019,47239,2022,46197,46873,2,0.9922521645250746,FALSE,FALSE,TRUE,8.2,51658,87654,3,32.63530841472241,9.5,69613,99500,3,37.04580723372442
56023,"Lincoln County, WY",2007,8952,2013,7588,8415,2,0.9400134048257373,FALSE,FALSE,FALSE,2019,9357,2020,9514,10146,2,1.084321898044245,FALSE,FALSE,FALSE,7.9,54731,17013,7,4.174624086302556,7,71269,19830,7,4.86585526546639
56025,"Natrona County, WY",2008,40674,2010,37143,40219,2,0.9888134926488666,FALSE,FALSE,FALSE,2019,40889,2021,38543,40435.5,2,0.988908997529898,FALSE,FALSE,TRUE,9.9,46681,72365,3,13.550135501355014,9.9,66104,79858,3,14.953177929485367
56027,"Niobrara County, WY",2008,1227,2009,1254,1320,2,1.075794621026895,FALSE,FALSE,FALSE,2018,991,2022,927,837,2,0.8446014127144299,TRUE,FALSE,TRUE,12.6,43485,2407,9,0.9165934255080297,15.1,48513,2356,9,0.897172459699592
56029,"Park County, WY",2008,14323,2009,14215,15114.5,2,1.0552607693918872,FALSE,FALSE,FALSE,2018,14102,2020,13522,14305,2,1.0143951212593958,FALSE,FALSE,FALSE,11.5,43840,27209,7,3.9211481589885864,10.3,59494,29194,7,4.207210825591267
56031,"Platte County, WY",2006,3900,2007,3881,4323,2,1.1084615384615384,FALSE,FALSE,FALSE,2018,3974,2022,3630,3426.5,2,0.8622294916960241,FALSE,FALSE,TRUE,12,42770,8682,7,4.171112666643927,11.5,57425,8393,7,4.032267750649905
56033,"Sheridan County, WY",2008,16010,2013,14712,14875,2,0.9291068082448469,FALSE,FALSE,TRUE,2018,14537,2019,14381,14825,2,1.0198115154433514,FALSE,FALSE,FALSE,8.6,45613,27845,7,11.034885614860498,8.5,64030,30485,7,12.081109282421343
56035,"Sublette County, WY",2008,7097,2013,4774,4375.5,2,0.6165281104692123,FALSE,FALSE,TRUE,2018,4607,2021,4105,4280.5,2,0.9291295854135012,FALSE,FALSE,TRUE,5.3,63038,8800,9,1.8008866092211124,7.2,78055,9831,9,2.0118768471878132
56037,"Sweetwater County, WY",2008,24373,2010,21625,22645,2,0.9291018750256431,FALSE,FALSE,TRUE,2018,21138,2021,18728,19778.5,2,0.9356845491531839,FALSE,FALSE,TRUE,7.4,66235,41470,5,3.977181889944942,8.3,80639,42343,5,4.060906987362881
56039,"Teton County, WY",2007,14518,2011,12487,13347,2,0.9193415070946411,FALSE,FALSE,FALSE,2019,14842,2020,13677,15986,2,1.077078560840857,FALSE,FALSE,FALSE,4.9,72696,20472,7,5.122038727536663,6,98837,23464,7,5.870628990959371
56041,"Uinta County, WY",2008,11498,2013,9302,9560,2,0.8314489476430683,FALSE,FALSE,TRUE,2019,10013,2021,9502,9840,2,0.9827224608009587,FALSE,FALSE,TRUE,9.8,57858,20171,7,9.689555686002864,8.5,70756,20226,7,9.715976069857415
56043,"Washakie County, WY",2008,4257,2013,4088,4126,2,0.9692271552736669,FALSE,FALSE,FALSE,2018,4117,2022,3905,3758.5,2,0.9129220306048094,FALSE,FALSE,TRUE,10.2,50886,8169,7,3.6490269484816715,11.1,55122,7805,7,3.486431060460209
56045,"Weston County, WY",2008,3211,2009,3158,3762,2,1.1715976331360947,FALSE,FALSE,FALSE,2019,3080,2021,3021,3122,2,1.0136363636363637,FALSE,FALSE,FALSE,8.8,47853,7033,7,2.9328546020546242,10.5,59410,6927,7,2.8886511913027704
72001,"Adjuntas Municipio, PR",2006,4880,2013,3702,3840.5,2,0.7869877049180328,FALSE,FALSE,TRUE,2019,3862,2021,4348,4617,2,1.1954945624029,FALSE,FALSE,FALSE,NA,NA,NA,NA,NA,NA,NA,NA,6,NA
72003,"Aguada Municipio, PR",2006,14431,2013,10071,10027,2,0.6948236435451459,FALSE,FALSE,TRUE,2019,10346,2021,11433,12616,2,1.2194084670404022,FALSE,FALSE,FALSE,NA,NA,NA,NA,NA,NA,NA,NA,2,NA
72005,"Aguadilla Municipio, PR",2006,20101,2013,12693,12852.5,2,0.6393960499477638,FALSE,FALSE,TRUE,2019,13572,2021,14860,16357.5,2,1.205238726790451,FALSE,FALSE,FALSE,NA,NA,NA,NA,NA,NA,NA,NA,2,NA
72007,"Aguas Buenas Municipio, PR",2006,8787,2013,5921,6789.5,2,0.7726755434164106,FALSE,FALSE,FALSE,2019,7776,2021,8285,8660.5,2,1.113747427983539,FALSE,FALSE,FALSE,NA,NA,NA,NA,NA,NA,NA,NA,1,NA
72009,"Aibonito Municipio, PR",2006,7235,2013,5816,6068.5,2,0.8387698686938494,FALSE,FALSE,FALSE,2019,6761,2021,7309,7835,2,1.1588522407927822,FALSE,FALSE,FALSE,NA,NA,NA,NA,NA,NA,NA,NA,1,NA
72011,"Anasco Municipio, PR",2006,9885,2013,7554,7710.5,2,0.7800202326757714,FALSE,FALSE,TRUE,2019,7907,2021,8611,9413.5,2,1.190527380801821,FALSE,FALSE,FALSE,NA,NA,NA,NA,NA,NA,NA,NA,2,NA
72013,"Arecibo Municipio, PR",2006,30897,2013,21338,21600,2,0.6990969997087095,FALSE,FALSE,TRUE,2019,23650,2021,25696,27629.5,2,1.1682663847780126,FALSE,FALSE,FALSE,NA,NA,NA,NA,NA,NA,NA,NA,3,NA
72015,"Arroyo Municipio, PR",2006,4960,2013,4227,4010.5,2,0.8085685483870968,FALSE,FALSE,TRUE,2019,3628,2022,3906,4017.5,2,1.107359426681367,FALSE,FALSE,FALSE,NA,NA,NA,NA,NA,NA,NA,NA,3,NA
72017,"Barceloneta Municipio, PR",2006,6588,2011,4909,4945,2,0.7506071645415908,FALSE,FALSE,FALSE,2019,6685,2021,7216,7641.5,2,1.143081525804039,FALSE,FALSE,FALSE,NA,NA,NA,NA,NA,NA,NA,NA,1,NA
72019,"Barranquitas Municipio, PR",2006,7116,2009,6167,6581.5,2,0.9248875772906127,FALSE,FALSE,FALSE,2019,7979,2021,8439,9122,2,1.143251033964156,FALSE,FALSE,FALSE,NA,NA,NA,NA,NA,NA,NA,NA,1,NA
72021,"Bayamon Municipio, PR",2006,79620,2013,62613,60778,2,0.7633509168550615,FALSE,FALSE,TRUE,2019,61789,2021,66280,70094,2,1.13440903720727,FALSE,FALSE,FALSE,NA,NA,NA,NA,NA,NA,NA,NA,1,NA
72023,"Cabo Rojo Municipio, PR",2006,19530,2013,11878,13074,2,0.669431643625192,FALSE,FALSE,TRUE,2019,13601,2021,15126,16083,2,1.1824865818689803,FALSE,FALSE,FALSE,NA,NA,NA,NA,NA,NA,NA,NA,3,NA
72025,"Caguas Municipio, PR",2006,50864,2009,43492,45067.5,2,0.8860392418999685,FALSE,FALSE,TRUE,2019,43613,2021,46699,49487.5,2,1.1346960768578176,FALSE,FALSE,FALSE,NA,NA,NA,NA,NA,NA,NA,NA,1,NA
72027,"Camuy Municipio, PR",2006,12033,2013,8486,9053,2,0.7523477104628937,FALSE,FALSE,FALSE,2019,10442,2021,11476,12456.5,2,1.1929228117218924,FALSE,FALSE,FALSE,NA,NA,NA,NA,NA,NA,NA,NA,3,NA
72029,"Canovanas Municipio, PR",2006,13210,2009,11574,14310,2,1.0832702498107494,FALSE,FALSE,FALSE,2019,14688,2021,15752,16674,2,1.1352124183006536,FALSE,FALSE,FALSE,NA,NA,NA,NA,NA,NA,NA,NA,1,NA
72031,"Carolina Municipio, PR",2006,74493,2013,58444,55692,2,0.7476138697595748,FALSE,FALSE,TRUE,2019,55051,2021,58716,61930.5,2,1.124965940673194,FALSE,FALSE,FALSE,NA,NA,NA,NA,NA,NA,NA,NA,1,NA
72033,"Catano Municipio, PR",2006,7496,2009,6051,7558.5,2,1.008337780149413,FALSE,FALSE,FALSE,2019,6854,2021,7210,7480,2,1.091333527866939,FALSE,FALSE,FALSE,NA,NA,NA,NA,NA,NA,NA,NA,1,NA
72035,"Cayey Municipio, PR",2006,14514,2009,12307,14843,2,1.0226677690505719,FALSE,FALSE,FALSE,2019,13179,2021,14095,14817.5,2,1.1243265801654148,FALSE,FALSE,FALSE,NA,NA,NA,NA,NA,NA,NA,NA,1,NA
72037,"Ceiba Municipio, PR",2006,5449,2013,3437,3362,2,0.616993943842907,FALSE,FALSE,TRUE,2019,3396,2021,3605,3757.5,2,1.1064487632508835,FALSE,FALSE,FALSE,NA,NA,NA,NA,NA,NA,NA,NA,1,NA
72039,"Ciales Municipio, PR",2006,4610,2013,3317,3448.5,2,0.7480477223427332,FALSE,FALSE,TRUE,2019,3758,2021,4013,4296.5,2,1.1432943054816391,FALSE,FALSE,FALSE,NA,NA,NA,NA,NA,NA,NA,NA,1,NA
72041,"Cidra Municipio, PR",2006,14396,2009,12774,14365.5,2,0.9978813559322034,FALSE,FALSE,FALSE,2019,12282,2021,13307,14122,2,1.149812734082397,FALSE,FALSE,FALSE,NA,NA,NA,NA,NA,NA,NA,NA,1,NA
72043,"Coamo Municipio, PR",2007,10067,2009,9060,9405,2,0.934240588059998,FALSE,FALSE,FALSE,2019,9609,2021,10999,11553,2,1.202310334061817,FALSE,FALSE,FALSE,NA,NA,NA,NA,NA,NA,NA,NA,4,NA
72045,"Comerio Municipio, PR",2006,4334,2009,3644,4427.5,2,1.0215736040609138,FALSE,FALSE,FALSE,2019,4964,2021,5291,5628,2,1.1337630942788075,FALSE,FALSE,FALSE,NA,NA,NA,NA,NA,NA,NA,NA,1,NA
72047,"Corozal Municipio, PR",2006,9765,2012,8260,8122.5,2,0.8317972350230415,FALSE,FALSE,FALSE,2019,10031,2021,10720,11411.5,2,1.1376233675605623,FALSE,FALSE,FALSE,NA,NA,NA,NA,NA,NA,NA,NA,1,NA
72049,"Culebra Municipio, PR",2006,821,2011,705,765,2,0.9317904993909866,TRUE,FALSE,FALSE,2019,885,2021,914,1065.5,2,1.203954802259887,TRUE,FALSE,FALSE,NA,NA,NA,NA,NA,NA,NA,NA,9,NA
72051,"Dorado Municipio, PR",2006,12138,2009,10567,11731,2,0.9664689405173834,FALSE,FALSE,FALSE,2019,11383,2021,12297,13171.5,2,1.1571202670649214,FALSE,FALSE,FALSE,NA,NA,NA,NA,NA,NA,NA,NA,1,NA
72053,"Fajardo Municipio, PR",2006,13723,2013,10154,9851,2,0.7178459520513008,FALSE,FALSE,TRUE,2019,10030,2021,10718,11251,2,1.1217347956131605,FALSE,FALSE,FALSE,NA,NA,NA,NA,NA,NA,NA,NA,1,NA
72054,"Florida Municipio, PR",2006,3783,2011,2918,2892.5,2,0.7646048109965635,FALSE,FALSE,TRUE,2019,3189,2021,3439,3619,2,1.1348385073690812,FALSE,FALSE,FALSE,NA,NA,NA,NA,NA,NA,NA,NA,1,NA
72055,"Guanica Municipio, PR",2006,5646,2013,3503,3133.5,2,0.5549946865037194,FALSE,FALSE,TRUE,2019,3102,2021,3273,3490.5,2,1.1252417794970986,FALSE,FALSE,FALSE,NA,NA,NA,NA,NA,NA,NA,NA,2,NA
72057,"Guayama Municipio, PR",2006,13056,2013,10159,9319,2,0.7137714460784313,FALSE,FALSE,TRUE,2019,8168,2022,8789,9042,2,1.1070029382957884,FALSE,FALSE,FALSE,NA,NA,NA,NA,NA,NA,NA,NA,3,NA
72059,"Guayanilla Municipio, PR",2006,6031,2013,4443,4337.5,2,0.7192007958879124,FALSE,FALSE,TRUE,2019,4377,2022,4657,4760.5,2,1.0876170893305916,FALSE,FALSE,FALSE,NA,NA,NA,NA,NA,NA,NA,NA,2,NA
72061,"Guaynabo Municipio, PR",2006,43811,2013,35532,33686.5,2,0.7689050695030928,FALSE,FALSE,TRUE,2019,33419,2021,36151,38623.5,2,1.1557347616625273,FALSE,FALSE,FALSE,NA,NA,NA,NA,NA,NA,NA,NA,1,NA
72063,"Gurabo Municipio, PR",2006,14527,2009,13097,15193,2,1.0458456666896125,FALSE,FALSE,FALSE,2019,15019,2021,16177,17190,2,1.1445502363672682,FALSE,FALSE,FALSE,NA,NA,NA,NA,NA,NA,NA,NA,1,NA
72065,"Hatillo Municipio, PR",2006,11846,2009,10482,11320,2,0.9555968259328044,FALSE,FALSE,FALSE,2019,12508,2021,13685,14761.5,2,1.180164694595459,FALSE,FALSE,FALSE,NA,NA,NA,NA,NA,NA,NA,NA,3,NA
72067,"Hormigueros Municipio, PR",2006,6165,2013,4863,4656,2,0.7552311435523115,FALSE,FALSE,TRUE,2019,4259,2021,4679,4941,2,1.1601314862643812,FALSE,FALSE,FALSE,NA,NA,NA,NA,NA,NA,NA,NA,3,NA
72069,"Humacao Municipio, PR",2006,18772,2013,15140,14462,2,0.7704027274664393,FALSE,FALSE,TRUE,2019,14137,2021,15477,16513,2,1.1680696045837164,FALSE,FALSE,FALSE,NA,NA,NA,NA,NA,NA,NA,NA,1,NA
72071,"Isabela Municipio, PR",2006,14402,2013,10012,11014.5,2,0.764789612553812,FALSE,FALSE,TRUE,2019,11869,2021,12456,13946.5,2,1.175035807565928,FALSE,FALSE,FALSE,NA,NA,NA,NA,NA,NA,NA,NA,2,NA
72073,"Jayuya Municipio, PR",2006,4073,2013,3574,3383.5,2,0.8307144610851952,FALSE,FALSE,FALSE,2018,3229,2019,3185,3610.5,2,1.1181480334468876,FALSE,FALSE,FALSE,NA,NA,NA,NA,NA,NA,NA,NA,6,NA
72075,"Juana Diaz Municipio, PR",2006,15943,2013,13566,12962.5,2,0.8130527504233833,FALSE,FALSE,TRUE,2019,12628,2021,14465,15159,2,1.2004276211593286,FALSE,FALSE,FALSE,NA,NA,NA,NA,NA,NA,NA,NA,2,NA
72077,"Juncos Municipio, PR",2006,11974,2009,10598,10719,2,0.8951895774177384,FALSE,FALSE,FALSE,2019,12805,2021,13839,14769.5,2,1.153416634127294,FALSE,FALSE,FALSE,NA,NA,NA,NA,NA,NA,NA,NA,1,NA
72079,"Lajas Municipio, PR",2006,8166,2013,4520,5169,2,0.6329904481998531,FALSE,FALSE,TRUE,2019,5692,2021,6267,6671,2,1.1719957835558679,FALSE,FALSE,FALSE,NA,NA,NA,NA,NA,NA,NA,NA,3,NA
72081,"Lares Municipio, PR",2006,10764,2013,6088,6398.5,2,0.5944351542177629,FALSE,FALSE,TRUE,2019,7615,2021,8323,8774.5,2,1.1522652659225214,FALSE,FALSE,FALSE,NA,NA,NA,NA,NA,NA,NA,NA,2,NA
72083,"Las Marias Municipio, PR",2008,3886,2013,2357,2310,2,0.5944415851775605,FALSE,FALSE,TRUE,2019,2165,2022,2246,2481.5,2,1.1461893764434181,FALSE,FALSE,FALSE,NA,NA,NA,NA,NA,NA,NA,NA,6,NA
72085,"Las Piedras Municipio, PR",2006,11644,2011,9691,9652,2,0.8289247681209206,FALSE,FALSE,FALSE,2019,10621,2021,11428,12165.5,2,1.145419452028999,FALSE,FALSE,FALSE,NA,NA,NA,NA,NA,NA,NA,NA,1,NA
72087,"Loiza Municipio, PR",2006,8002,2009,6872,8185.5,2,1.0229317670582354,FALSE,FALSE,FALSE,2019,6835,2021,7132,7313.5,2,1.070007315288954,FALSE,FALSE,FALSE,NA,NA,NA,NA,NA,NA,NA,NA,1,NA
72089,"Luquillo Municipio, PR",2006,6331,2009,5371,5604.5,2,0.885247196335492,FALSE,FALSE,TRUE,2019,5349,2021,5784,6112,2,1.1426434847635072,FALSE,FALSE,FALSE,NA,NA,NA,NA,NA,NA,NA,NA,1,NA
72091,"Manati Municipio, PR",2006,13362,2013,10407,10242.5,2,0.76653944020356235,FALSE,FALSE,TRUE,2019,10524,2021,11142,11702,2,1.111934625617636,FALSE,FALSE,FALSE,NA,NA,NA,NA,NA,NA,NA,NA,1,NA
72093,"Maricao Municipio, PR",2006,1780,2009,1526,1779.5,2,0.9997191011235955,FALSE,FALSE,FALSE,2019,1057,2021,1171,1256.5,2,1.1887417218543046,FALSE,FALSE,FALSE,NA,NA,NA,NA,NA,NA,NA,NA,6,NA
72095,"Maunabo Municipio, PR",2006,3131,2013,2524,2450.5,2,0.7826572979878633,FALSE,FALSE,TRUE,2019,2445,2021,2611,2734,2,1.118200408997955,FALSE,FALSE,FALSE,NA,NA,NA,NA,NA,NA,NA,NA,1,NA
72097,"Mayaguez Municipio, PR",2006,27669,2013,20390,19119.5,2,0.6910079872781814,FALSE,FALSE,TRUE,2019,17298,2021,18984,19793.5,2,1.1442652329749103,FALSE,FALSE,FALSE,NA,NA,NA,NA,NA,NA,NA,NA,3,NA
72099,"Moca Municipio, PR",2006,13874,2013,8933,9259,2,0.667363413579357,FALSE,FALSE,TRUE,2019,9960,2021,10960,12363.5,2,1.2413152610441767,FALSE,FALSE,FALSE,NA,NA,NA,NA,NA,NA,NA,NA,2,NA
72101,"Morovis Municipio, PR",2006,8264,2011,7013,6948.5,2,0.8408155856727977,FALSE,FALSE,FALSE,2019,8358,2021,8948,9499,2,1.1365159128978224,FALSE,FALSE,FALSE,NA,NA,NA,NA,NA,NA,NA,NA,1,NA
72103,"Naguabo Municipio, PR",2006,6683,2009,5746,7069,2,1.0577584916953464,FALSE,FALSE,FALSE,2019,6605,2021,7062,7413.5,2,1.1224072672218017,FALSE,FALSE,FALSE,NA,NA,NA,NA,NA,NA,NA,NA,1,NA
72105,"Naranjito Municipio, PR",2006,7985,2013,6403,6846.5,2,0.8574201628052599,FALSE,FALSE,FALSE,2019,7661,2021,8235,8861.5,2,1.1567027803158856,FALSE,FALSE,FALSE,NA,NA,NA,NA,NA,NA,NA,NA,1,NA
72107,"Orocovis Municipio, PR",2006,4839,2009,4181,4589.5,2,0.9484397602810498,FALSE,FALSE,FALSE,2019,5181,2021,5450,5812.5,2,1.1218876664736537,FALSE,FALSE,FALSE,NA,NA,NA,NA,NA,NA,NA,NA,1,NA
72109,"Patillas Municipio, PR",2006,5253,2013,3886,3942,2,0.750428326670474,FALSE,FALSE,TRUE,2019,3998,2022,4375,4548,2,1.137568784392196,FALSE,FALSE,FALSE,NA,NA,NA,NA,NA,NA,NA,NA,3,NA
72111,"Penuelas Municipio, PR",2006,7855,2013,5309,5447,2,0.6934436664544876,FALSE,FALSE,TRUE,2019,5656,2021,6122,6322.5,2,1.1178394625176804,FALSE,FALSE,FALSE,NA,NA,NA,NA,NA,NA,NA,NA,2,NA
72113,"Ponce Municipio, PR",2006,60367,2013,42728,38232.5,2,0.6333344376894661,FALSE,FALSE,TRUE,2019,34128,2021,36683,37737,2,1.1057489451476794,FALSE,FALSE,FALSE,NA,NA,NA,NA,NA,NA,NA,NA,2,NA
72115,"Quebradillas Municipio, PR",2006,8002,2013,5160,5704,2,0.7128217945513622,FALSE,FALSE,FALSE,2019,6719,2021,7398,7966,2,1.185593094210448,FALSE,FALSE,FALSE,NA,NA,NA,NA,NA,NA,NA,NA,3,NA
72117,"Rincon Municipio, PR",2006,5080,2013,3791,4055,2,0.7982283464566929,FALSE,FALSE,FALSE,2019,4571,2021,5186,5857,2,1.28133887551958,FALSE,FALSE,FALSE,NA,NA,NA,NA,NA,NA,NA,NA,2,NA
72119,"Rio Grande Municipio, PR",2006,16661,2009,14537,15625.5,2,0.9378488686153292,FALSE,FALSE,FALSE,2019,16041,2021,17176,18007.5,2,1.1225921077239573,FALSE,FALSE,FALSE,NA,NA,NA,NA,NA,NA,NA,NA,1,NA
72121,"Sabana Grande Municipio, PR",2006,8606,2013,5287,5630,2,0.6541947478503369,FALSE,FALSE,TRUE,2019,5729,2021,6283,6517.5,2,1.137633094780939,FALSE,FALSE,FALSE,NA,NA,NA,NA,NA,NA,NA,NA,3,NA
72123,"Salinas Municipio, PR",2006,8270,2013,6374,6564,2,0.7937122128174123,FALSE,FALSE,FALSE,2018,7308,2019,7267,7972.5,2,1.090927750410509,FALSE,FALSE,FALSE,NA,NA,NA,NA,NA,NA,NA,NA,4,NA
72125,"San German Municipio, PR",2006,11963,2013,8689,7784.5,2,0.6507147036696481,FALSE,FALSE,TRUE,2019,6537,2021,7130,7516.5,2,1.1498393758604866,FALSE,FALSE,FALSE,NA,NA,NA,NA,NA,NA,NA,NA,3,NA
72127,"San Juan Municipio, PR",2006,165033,2013,128736,121468,2,0.7360224924712028,FALSE,FALSE,TRUE,2019,119892,2021,128702,135545.5,2,1.130563340339639,FALSE,FALSE,FALSE,NA,NA,NA,NA,NA,NA,NA,NA,1,NA
72129,"San Lorenzo Municipio, PR",2006,13249,2013,10558,10514.5,2,0.7936070646841271,FALSE,FALSE,TRUE,2019,10938,2021,11787,12556,2,1.147924666300969,FALSE,FALSE,FALSE,NA,NA,NA,NA,NA,NA,NA,NA,1,NA
72131,"San Sebastian Municipio, PR",2006,14086,2013,8654,9134,2,0.648445264801931,FALSE,FALSE,TRUE,2019,10186,2021,11152,12419.5,2,1.219271549185156,FALSE,FALSE,FALSE,NA,NA,NA,NA,NA,NA,NA,NA,2,NA
72133,"Santa Isabel Municipio, PR",2006,7984,2007,7307,7799.5,2,0.9768912825651302,FALSE,FALSE,FALSE,2019,9125,2022,9819,9911.5,2,1.086191780821918,FALSE,FALSE,FALSE,NA,NA,NA,NA,NA,NA,NA,NA,4,NA
72135,"Toa Alta Municipio, PR",2006,28062,2011,23589,23699.5,2,0.8445406599672155,FALSE,FALSE,TRUE,2019,24120,2021,25860,27486.5,2,1.1395729684908789,FALSE,FALSE,FALSE,NA,NA,NA,NA,NA,NA,NA,NA,1,NA
72137,"Toa Baja Municipio, PR",2006,34154,2013,27921,27598,2,0.8080459097031094,FALSE,FALSE,TRUE,2019,27905,2021,29478,30539,2,1.0943916860777638,FALSE,FALSE,FALSE,NA,NA,NA,NA,NA,NA,NA,NA,1,NA
72139,"Trujillo Alto Municipio, PR",2006,33660,2013,25725,25692,2,0.7632798573975045,FALSE,FALSE,TRUE,2019,26724,2021,28728,30503.5,2,1.1414271815596468,FALSE,FALSE,FALSE,NA,NA,NA,NA,NA,NA,NA,NA,1,NA
72141,"Utuado Municipio, PR",2006,8329,2013,5885,5799.5,2,0.6963020770800816,FALSE,FALSE,TRUE,2019,5718,2021,6056,6472,2,1.1318642882126617,FALSE,FALSE,FALSE,NA,NA,NA,NA,NA,NA,NA,NA,2,NA
72143,"Vega Alta Municipio, PR",2006,11594,2013,8751,9514,2,0.8205968604450578,FALSE,FALSE,FALSE,2019,10448,2021,11171,11804,2,1.1297856049004593,FALSE,FALSE,FALSE,NA,NA,NA,NA,NA,NA,NA,NA,1,NA
72145,"Vega Baja Municipio, PR",2006,19071,2013,12198,13397,2,0.7024802055476902,FALSE,FALSE,TRUE,2019,15295,2021,16547,17470,2,1.142203334423014,FALSE,FALSE,FALSE,NA,NA,NA,NA,NA,NA,NA,NA,1,NA
72147,"Vieques Municipio, PR",2006,2992,2009,2425,2661,2,0.8893716577540107,FALSE,FALSE,TRUE,2019,2402,2021,2570,2718,2,1.131557035803497,FALSE,FALSE,FALSE,NA,NA,NA,NA,NA,NA,NA,NA,7,NA
72149,"Villalba Municipio, PR",2006,8417,2013,6416,6062.5,2,0.7202685042176548,FALSE,FALSE,TRUE,2019,5814,2021,6233,6447,2,1.108875128998968,FALSE,FALSE,FALSE,NA,NA,NA,NA,NA,NA,NA,NA,2,NA
72151,"Yabucoa Municipio, PR",2006,9647,2013,7742,7797.5,2,0.808282367575412,FALSE,FALSE,TRUE,2019,7905,2021,8315,8585.5,2,1.0860847564832385,FALSE,FALSE,FALSE,NA,NA,NA,NA,NA,NA,NA,NA,1,NA
72153,"Yauco Municipio, PR",2006,14658,2013,8959,9340,2,0.6371947059626143,FALSE,FALSE,TRUE,2019,9496,2021,10196,10410,2,1.096251053074979,FALSE,FALSE,FALSE,NA,NA,NA,NA,NA,NA,NA,NA,2,NA
