geography,fips,county_name,crisis,observed,predicted,residual,state_fips,state_abbr,state_name
County,01003,"Baldwin County, AL",Great Recession,0.9669104927593536,0.9562507621563913,0.010659730602962325,NA,NA,NA
County,01017,"Chambers County, AL",Great Recession,0.90900888859186,0.91135905897698,-0.0023501703851199762,NA,NA,NA
County,01029,"Cleburne County, AL",Great Recession,0.8401918316831684,0.9166749605693286,-0.07648312888616027,NA,NA,NA
County,01031,"Coffee County, AL",Great Recession,0.9740541859897486,0.9520236530145905,0.022030532975158112,NA,NA,NA
County,01035,"Conecuh County, AL",Great Recession,0.8398605700225549,0.8711887236653776,-0.03132815364282271,NA,NA,NA
County,01069,"Houston County, AL",Great Recession,0.9318901909722224,0.9674624364213764,-0.03557224544915405,NA,NA,NA
County,01071,"Jackson County, AL",Great Recession,0.8371344244700831,0.9057863193696872,-0.0686518948996041,NA,NA,NA
County,01075,"Lamar County, AL",Great Recession,0.9256791832496972,0.8856385478687605,0.04004063538093672,NA,NA,NA
County,01081,"Lee County, AL",Great Recession,1.005392912172573,0.9765297455221124,0.028863166650460736,NA,NA,NA
County,01083,"Limestone County, AL",Great Recession,1.0229472630173564,0.9630067260813229,0.05994053693603352,NA,NA,NA
County,01101,"Montgomery County, AL",Great Recession,0.9647263570338248,0.9715975600507978,-0.006871203016972971,NA,NA,NA
County,01103,"Morgan County, AL",Great Recession,0.9637359652299892,0.9443471761117367,0.01938878911825248,NA,NA,NA
County,01105,"Perry County, AL",Great Recession,0.9749547374773688,0.8453580868817524,0.12959665059561642,NA,NA,NA
County,01107,"Pickens County, AL",Great Recession,0.8937347227582658,0.8719914382138518,0.021743284544413988,NA,NA,NA
County,01109,"Pike County, AL",Great Recession,0.9026723853513692,0.8996004512871971,0.003071934064172055,NA,NA,NA
County,01117,"Shelby County, AL",Great Recession,1.0145629584352078,1.0067559555123684,0.007807002922839423,NA,NA,NA
County,01119,"Sumter County, AL",Great Recession,1.0794547872340423,0.837728267559817,0.24172651967422532,NA,NA,NA
County,01131,"Wilcox County, AL",Great Recession,0.8853754940711462,0.8423099481041387,0.04306554596700751,NA,NA,NA
County,02050,"Bethel Census Area, AK",Great Recession,1.0056133399372629,0.9825371161737699,0.023076223763492942,NA,NA,NA
County,02068,"Denali Borough, AK",Great Recession,0.6132686084142395,0.9214100951376827,-0.3081414867234432,NA,NA,NA
County,02100,"Haines Borough, AK",Great Recession,0.7356020942408377,0.9288491950599068,-0.19324710081906915,NA,NA,NA
County,02164,"Lake and Peninsula Borough, AK",Great Recession,0.4868301544050863,0.9838831503101672,-0.49705299590508084,NA,NA,NA
County,02170,"Matanuska-Susitna Borough, AK",Great Recession,1.03843249576878,0.9913242254847279,0.04710827028405218,NA,NA,NA
County,04003,"Cochise County, AZ",Great Recession,0.8078373015873016,0.9571416225654696,-0.14930432097816804,NA,NA,NA
County,04007,"Gila County, AZ",Great Recession,0.9343446720909716,0.9163931262342495,0.017951545856722095,NA,NA,NA
County,04011,"Greenlee County, AZ",Great Recession,0.9225110348209908,0.9715081331238262,-0.048997098302835385,NA,NA,NA
County,04023,"Santa Cruz County, AZ",Great Recession,1.0961798186378546,1.0086240513147247,0.08755576732312997,NA,NA,NA
County,05001,"Arkansas County, AR",Great Recession,0.7775990440297822,0.8878510992896297,-0.11025205525984749,NA,NA,NA
County,05003,"Ashley County, AR",Great Recession,0.8443364611260054,0.8711014726968379,-0.026765011570832553,NA,NA,NA
County,05007,"Benton County, AR",Great Recession,1.039691458425748,1.0142927219212357,0.025398736504512298,NA,NA,NA
County,05009,"Boone County, AR",Great Recession,0.9627414330218068,0.9357311000018699,0.02701033301993694,NA,NA,NA
County,05015,"Carroll County, AR",Great Recession,0.8875934562143756,0.8980301599642773,-0.010436703749901688,NA,NA,NA
County,05021,"Clay County, AR",Great Recession,0.9703474903474903,0.900774551525108,0.06957293882238236,NA,NA,NA
County,05053,"Grant County, AR",Great Recession,0.9712362301101592,0.9429651161355105,0.028271113974648765,NA,NA,NA
County,05063,"Independence County, AR",Great Recession,0.917945762300552,0.9242830239099344,-0.006337261609382416,NA,NA,NA
County,05065,"Izard County, AR",Great Recession,0.8800829056454796,0.9096137658451594,-0.029530860199679765,NA,NA,NA
County,05067,"Jackson County, AR",Great Recession,0.7912875654811139,0.8791345266108913,-0.08784696112977741,NA,NA,NA
County,05073,"Lafayette County, AR",Great Recession,0.8511555708865126,0.8447823819795152,0.006373188906997451,NA,NA,NA
County,05075,"Lawrence County, AR",Great Recession,0.9488091780424048,0.8867408719404741,0.062068306101930704,NA,NA,NA
County,05079,"Lincoln County, AR",Great Recession,0.7832486234646336,0.8709234679873132,-0.0876748445226796,NA,NA,NA
County,05087,"Madison County, AR",Great Recession,0.9214295186314811,0.9233339707763795,-0.0019044521448983165,NA,NA,NA
County,05089,"Marion County, AR",Great Recession,0.9263078089461714,0.8922120087051649,0.034095800241006446,NA,NA,NA
County,05095,"Monroe County, AR",Great Recession,0.8018080667593881,0.8335540538246977,-0.03174598706530962,NA,NA,NA
County,05103,"Ouachita County, AR",Great Recession,0.7955883645311539,0.8800878574453027,-0.08449949291414882,NA,NA,NA
County,05113,"Polk County, AR",Great Recession,0.9044187708432588,0.9016590239544834,0.0027597468887754495,NA,NA,NA
County,05121,"Randolph County, AR",Great Recession,0.8299191750278707,0.9180465551696471,-0.08812738014177635,NA,NA,NA
County,05129,"Searcy County, AR",Great Recession,0.8851450336946968,0.9128124371536538,-0.02766740345895702,NA,NA,NA
County,05133,"Sevier County, AR",Great Recession,0.8311468758452799,0.9177551696991914,-0.08660829385391144,NA,NA,NA
County,05141,"Van Buren County, AR",Great Recession,0.8987887963663891,0.8964273069433412,0.0023614894230479244,NA,NA,NA
County,06001,"Alameda County, CA",Great Recession,0.9974145656818788,0.9908263435913618,0.006588222090517015,NA,NA,NA
County,06031,"Kings County, CA",Great Recession,0.9490255579010856,0.9745896447208018,-0.025564086819716225,NA,NA,NA
County,06035,"Lassen County, CA",Great Recession,0.8134392076502732,0.9118176406665198,-0.0983784330162466,NA,NA,NA
County,06045,"Mendocino County, CA",Great Recession,0.9046726032037942,0.940236272476564,-0.03556366927276988,NA,NA,NA
County,06049,"Modoc County, CA",Great Recession,0.8207725553754727,0.8886838425610651,-0.06791128718559247,NA,NA,NA
County,06053,"Monterey County, CA",Great Recession,0.98235654013817,0.9793966730033901,0.0029598671347799144,NA,NA,NA
County,06057,"Nevada County, CA",Great Recession,0.9086430764125114,0.9364246621466724,-0.027781585734161007,NA,NA,NA
County,06083,"Santa Barbara County, CA",Great Recession,0.9560378355019926,0.9864752026079937,-0.03043736710600109,NA,NA,NA
County,06085,"Santa Clara County, CA",Great Recession,1.0478489195815766,1.002818581521603,0.045030338059973474,NA,NA,NA
County,06091,"Sierra County, CA",Great Recession,0.8381174899866488,0.9010590332054061,-0.06294154321875733,NA,NA,NA
County,06101,"Sutter County, CA",Great Recession,1.0055609025772645,0.9926067156573711,0.012954186919893362,NA,NA,NA
County,06109,"Tuolumne County, CA",Great Recession,0.7892138865091992,0.9093145215626262,-0.12010063505342694,NA,NA,NA
County,06113,"Yolo County, CA",Great Recession,0.9735943926441136,1.0056760303099817,-0.032081637665868024,NA,NA,NA
County,08007,"Archuleta County, CO",Great Recession,0.8141328297135663,0.9369679450667172,-0.12283511535315095,NA,NA,NA
County,08015,"Chaffee County, CO",Great Recession,0.977392614920874,0.8948370200044413,0.08255559491643272,NA,NA,NA
County,08031,"Denver County/city, CO",Great Recession,1.0638605843627875,1.0204312335571557,0.04342935080563182,NA,NA,NA
County,08043,"Fremont County, CO",Great Recession,0.754914004914005,0.90197412687340806,-0.1470601219594031,NA,NA,NA
County,08047,"Gilpin County, CO",Great Recession,0.9674011469966798,0.9326388238249937,0.03476232317168604,NA,NA,NA
County,08069,"Larimer County, CO",Great Recession,0.9693469555824764,0.9814608021264309,-0.012113846543954532,NA,NA,NA
County,08071,"Las Animas County, CO",Great Recession,0.6925187925068608,0.9262389778521571,-0.23372018534529637,NA,NA,NA
County,08077,"Mesa County, CO",Great Recession,0.8759330381636533,0.998248074795612,-0.12231503663195864,NA,NA,NA
County,08085,"Montrose County, CO",Great Recession,0.8963009247688078,0.9592256617070856,-0.06292473693827771,NA,NA,NA
County,08099,"Prowers County, CO",Great Recession,0.8476437395150221,0.9052375354641703,-0.05759379594914815,NA,NA,NA
County,08103,"Rio Blanco County, CO",Great Recession,0.5175740210124165,0.9085665288043734,-0.39099250779195693,NA,NA,NA
County,08109,"Saguache County, CO",Great Recession,0.9436478826275424,0.8978844664636331,0.04576341616390933,NA,NA,NA
County,08119,"Teller County, CO",Great Recession,0.8908838651758753,0.924704801026005,-0.033820935850129796,NA,NA,NA
County,08125,"Yuma County, CO",Great Recession,0.7637287621359223,0.9722407212863714,-0.20851195915044907,NA,NA,NA
County,09170,"South Central Connecticut Planning Region, CT",Great Recession,0.9831684789614696,0.9639050194695539,0.01926345949191577,NA,NA,NA
County,09190,"Western Connecticut Planning Region, CT",Great Recession,0.9427764922127584,0.9639050194695539,-0.021128527256795482,NA,NA,NA
County,10005,"Sussex County, DE",Great Recession,0.9508545360381704,0.9599980708019838,-0.009143534763813466,NA,NA,NA
County,12003,"Baker County, FL",Great Recession,0.8979154156300935,0.9668020810637808,-0.06888666543368738,NA,NA,NA
County,12007,"Bradford County, FL",Great Recession,0.8399635338969004,0.9300092634245373,-0.0900457295276369,NA,NA,NA
County,12029,"Dixie County, FL",Great Recession,0.9169369369369368,0.912720449799419,0.004216487137517766,NA,NA,NA
County,12043,"Glades County, FL",Great Recession,1.060550259965338,0.9070674484083238,0.15348281155701426,NA,NA,NA
County,12049,"Hardee County, FL",Great Recession,0.8135279428226987,0.9255094094447196,-0.11198146662202091,NA,NA,NA
County,12067,"Lafayette County, FL",Great Recession,1.1571428571428573,0.9040570514604231,0.2530858056824341,NA,NA,NA
County,12071,"Lee County, FL",Great Recession,0.9207512971781932,0.983707608763269,-0.06295631158507586,NA,NA,NA
County,12075,"Levy County, FL",Great Recession,0.9738831192773304,0.9301553292519595,0.04372779002537086,NA,NA,NA
County,12099,"Palm Beach County, FL",Great Recession,0.9757651102779112,0.9642056564592962,0.011559453818615006,NA,NA,NA
County,12115,"Sarasota County, FL",Great Recession,0.891357747012412,0.9519598637702561,-0.060602116757844104,NA,NA,NA
County,12117,"Seminole County, FL",Great Recession,0.9137787361259064,0.9708521867647734,-0.05707345063886693,NA,NA,NA
County,12127,"Volusia County, FL",Great Recession,0.8712064608060492,0.9492566195003219,-0.07805015869427268,NA,NA,NA
County,13001,"Appling County, GA",Great Recession,0.9167153369933418,0.9137644442824783,0.002950892710863573,NA,NA,NA
County,13019,"Berrien County, GA",Great Recession,0.814164506245581,0.937442359926023,-0.12327785368044197,NA,NA,NA
County,13057,"Cherokee County, GA",Great Recession,1.006905273204486,1.0237122750397263,-0.0168070018352402,NA,NA,NA
County,13061,"Clay County, GA",Great Recession,0.5866302864938608,0.8604315297204451,-0.2738012432265843,NA,NA,NA
County,13065,"Clinch County, GA",Great Recession,0.9933078393881452,0.8882680217823555,0.10503981760578962,NA,NA,NA
County,13089,"DeKalb County, GA",Great Recession,0.9064105780201818,1.00016714456634,-0.09375656654615827,NA,NA,NA
County,13091,"Dodge County, GA",Great Recession,0.7676784523015343,0.9318038947152383,-0.16412544241370397,NA,NA,NA
County,13095,"Dougherty County, GA",Great Recession,0.871041358559845,0.9335948400331403,-0.06255348147329531,NA,NA,NA
County,13103,"Effingham County, GA",Great Recession,0.8969983854396008,0.9721469123981735,-0.07514852695857277,NA,NA,NA
County,13113,"Fayette County, GA",Great Recession,0.9619483241591412,0.9836666471741725,-0.021718323015031293,NA,NA,NA
County,13119,"Franklin County, GA",Great Recession,0.8856335514574658,0.926817014265913,-0.0411834628084472,NA,NA,NA
County,13121,"Fulton County, GA",Great Recession,0.9895902371396348,1.0023295218546724,-0.012739284715037602,NA,NA,NA
County,13137,"Habersham County, GA",Great Recession,0.9144614430432086,0.9459443311894034,-0.03148288814619471,NA,NA,NA
County,13149,"Heard County, GA",Great Recession,0.9896261076291334,0.9188286022940831,0.07079750533505025,NA,NA,NA
County,13153,"Houston County, GA",Great Recession,0.9608585084870396,0.9887852582366256,-0.027926749749585977,NA,NA,NA
County,13159,"Jasper County, GA",Great Recession,0.992986798679868,0.9625596611893814,0.030427137490486644,NA,NA,NA
County,13163,"Jefferson County, GA",Great Recession,0.9056517077653544,0.8863140879180201,0.019337619847334286,NA,NA,NA
County,13185,"Lowndes County, GA",Great Recession,0.9242995953000058,0.9786633088608253,-0.05436371356081948,NA,NA,NA
County,13219,"Oconee County, GA",Great Recession,0.8997812797936179,0.9824334097231687,-0.08265212992955084,NA,NA,NA
County,13253,"Seminole County, GA",Great Recession,0.7769067233590221,0.8665329521578271,-0.089626228798805,NA,NA,NA
County,13255,"Spalding County, GA",Great Recession,0.9324308952337618,0.935071241420472,-0.002640346186710274,NA,NA,NA
County,13257,"Stephens County, GA",Great Recession,0.8129105411323115,0.916742689938809,-0.10383214880649749,NA,NA,NA
County,13263,"Talbot County, GA",Great Recession,0.889229720518064,0.8777364646047651,0.011493255913298972,NA,NA,NA
County,13273,"Terrell County, GA",Great Recession,0.772107243650047,0.8398136509698003,-0.0677064073197533,NA,NA,NA
County,13277,"Tift County, GA",Great Recession,0.9135450524857462,0.9383070254553325,-0.024761972969586266,NA,NA,NA
County,13279,"Toombs County, GA",Great Recession,0.8572084832708062,0.9181019436595497,-0.06089346038874344,NA,NA,NA
County,13289,"Twiggs County, GA",Great Recession,0.6304995417048579,0.8747429951771326,-0.24424345347227472,NA,NA,NA
County,13309,"Wheeler County, GA",Great Recession,0.5808466342817488,0.8627365501222316,-0.28188991584048284,NA,NA,NA
County,13319,"Wilkinson County, GA",Great Recession,0.7700504124656279,0.9078407550419174,-0.13779034257628953,NA,NA,NA
County,15007,"Kauai County, HI",Great Recession,1.0007781982421875,1.020452239645276,-0.019674041403088482,NA,NA,NA
County,16009,"Benewah County, ID",Great Recession,0.9529858564693556,0.9172407539510347,0.03574510251832097,NA,NA,NA
County,16019,"Bonneville County, ID",Great Recession,0.9418965832267496,0.9852733082688055,-0.04337672504205592,NA,NA,NA
County,16031,"Cassia County, ID",Great Recession,0.985452839042703,0.9550620072197249,0.03039083182297808,NA,NA,NA
County,16055,"Kootenai County, ID",Great Recession,0.9473257939397542,0.9543018220814543,-0.006976028141700064,NA,NA,NA
County,16063,"Lincoln County, ID",Great Recession,0.9731962918178154,0.9636940863939202,0.009502205423895238,NA,NA,NA
County,16075,"Payette County, ID",Great Recession,1.0049034175334324,0.9576081578457678,0.04729525968766457,NA,NA,NA
County,16077,"Power County, ID",Great Recession,1.0046283691805065,0.9572142860139414,0.047414083166565035,NA,NA,NA
County,16079,"Shoshone County, ID",Great Recession,0.851528384279476,0.9167845416542265,-0.06525615737475055,NA,NA,NA
County,16083,"Twin Falls County, ID",Great Recession,0.9653883652908676,0.9635485111708757,0.0018398541199918794,NA,NA,NA
County,17011,"Bureau County, IL",Great Recession,0.8756228336221837,0.933170525783379,-0.05754769216119526,NA,NA,NA
County,17035,"Cumberland County, IL",Great Recession,0.9942591580098414,0.9400759707838334,0.05418318722600801,NA,NA,NA
County,17045,"Edgar County, IL",Great Recession,0.8513567438148444,0.9224203997176604,-0.07106365590281605,NA,NA,NA
County,17055,"Franklin County, IL",Great Recession,0.9254576897847218,0.9084820550055307,0.016975634779191062,NA,NA,NA
County,17061,"Greene County, IL",Great Recession,0.8020730503455084,0.933947271329786,-0.1318742209842777,NA,NA,NA
County,17071,"Henderson County, IL",Great Recession,0.8672942997162755,0.9521959671643985,-0.084901667448123,NA,NA,NA
County,17075,"Iroquois County, IL",Great Recession,0.8481772470144563,0.9471295756578078,-0.09895232864335146,NA,NA,NA
County,17079,"Jasper County, IL",Great Recession,0.90097600650671,0.9439156408933504,-0.0429396343866405,NA,NA,NA
County,17083,"Jersey County, IL",Great Recession,0.9203066500267428,0.9446655677391691,-0.024358917712426265,NA,NA,NA
County,17087,"Johnson County, IL",Great Recession,0.7768179991964644,0.9113416268880995,-0.13452362769163506,NA,NA,NA
County,17097,"Lake County, IL",Great Recession,0.9512834241262772,0.9752753552746338,-0.023991931148356627,NA,NA,NA
County,17109,"McDonough County, IL",Great Recession,0.7936335684572255,0.9284513231151645,-0.134817754657939,NA,NA,NA
County,17115,"Macon County, IL",Great Recession,0.9175745999571208,0.9332197225178085,-0.01564512256068773,NA,NA,NA
County,17119,"Madison County, IL",Great Recession,0.9579921117601012,0.9629779279736292,-0.004985816213528005,NA,NA,NA
County,17143,"Peoria County, IL",Great Recession,0.9027819646010076,0.963559912254571,-0.06077794765356348,NA,NA,NA
County,17145,"Perry County, IL",Great Recession,0.8736935618729097,0.8994452085884623,-0.025751646715552634,NA,NA,NA
County,17153,"Pulaski County, IL",Great Recession,0.6758141236736187,0.8433521944722524,-0.1675380707986337,NA,NA,NA
County,17159,"Richland County, IL",Great Recession,0.9472162452931684,0.9523603901935197,-0.005144144900351311,NA,NA,NA
County,17169,"Schuyler County, IL",Great Recession,0.71875,0.9336504448984901,-0.21490044489849014,NA,NA,NA
County,17175,"Stark County, IL",Great Recession,0.9624735729386892,0.9598869000582106,0.0025866728804785355,NA,NA,NA
County,17181,"Union County, IL",Great Recession,0.8926426426426426,0.9129728292652733,-0.020330186622630753,NA,NA,NA
County,17183,"Vermilion County, IL",Great Recession,0.9096918154260694,0.9204976569053498,-0.010805841479280431,NA,NA,NA
County,17185,"Wabash County, IL",Great Recession,0.8136962660809539,0.9228083331199619,-0.109112067039008,NA,NA,NA
County,17191,"Wayne County, IL",Great Recession,0.9049937578027466,0.9328730387597557,-0.02787928095700909,NA,NA,NA
County,17201,"Winnebago County, IL",Great Recession,0.9303592651459828,0.958080325582773,-0.027721060436790235,NA,NA,NA
County,18005,"Bartholomew County, IN",Great Recession,1.0280993475057882,0.9620524250843335,0.06604692242145471,NA,NA,NA
County,18009,"Blackford County, IN",Great Recession,0.7780774111675127,0.9053322108002547,-0.127254799632742,NA,NA,NA
County,18011,"Boone County, IN",Great Recession,1.0298335887891394,0.9854204468177786,0.044413141971360814,NA,NA,NA
County,18033,"DeKalb County, IN",Great Recession,0.9251257768570584,0.9378687675715937,-0.012742990714535218,NA,NA,NA
County,18043,"Floyd County, IN",Great Recession,0.973913162057492,0.9551568946537808,0.01875626740371117,NA,NA,NA
County,18045,"Fountain County, IN",Great Recession,0.93756727664155,0.9254014193241098,0.012165857317440243,NA,NA,NA
County,18049,"Fulton County, IN",Great Recession,0.9335544833132288,0.9352714734921583,-0.0017169901789295672,NA,NA,NA
County,18053,"Grant County, IN",Great Recession,0.9980768603931028,0.8922582849773649,0.10581857541573791,NA,NA,NA
County,18063,"Hendricks County, IN",Great Recession,1.004555138195885,1.0073814019581697,-0.0028262637622846754,NA,NA,NA
County,18083,"Knox County, IN",Great Recession,0.9029043280182232,0.9136192636985248,-0.010714935680301574,NA,NA,NA
County,18097,"Marion County, IN",Great Recession,0.9572368271671654,0.999021313603725,-0.04178448643655963,NA,NA,NA
County,18105,"Monroe County, IN",Great Recession,0.9518930028893986,0.9801580503025279,-0.028265047413129296,NA,NA,NA
County,18121,"Parke County, IN",Great Recession,0.8597616865261228,0.9265533366633022,-0.06679165013717936,NA,NA,NA
County,18131,"Pulaski County, IN",Great Recession,0.9190874524714828,0.935542782496081,-0.016455330024598203,NA,NA,NA
County,18165,"Vermillion County, IN",Great Recession,0.9056172436316132,0.9353281685801015,-0.02971092494848826,NA,NA,NA
County,18175,"Washington County, IN",Great Recession,0.9381638564955804,0.9316824912107183,0.006481365284862095,NA,NA,NA
County,19007,"Appanoose County, IA",Great Recession,0.9094305163539764,0.9044697118449543,0.004960804509022143,NA,NA,NA
County,19015,"Boone County, IA",Great Recession,0.9320634293986052,0.9470578438544057,-0.01499441445580052,NA,NA,NA
County,19039,"Clarke County, IA",Great Recession,0.978353140916808,0.9181891027946594,0.060164038122148655,NA,NA,NA
County,19047,"Crawford County, IA",Great Recession,0.9187725631768952,0.9410618974266833,-0.022289334249788184,NA,NA,NA
County,19061,"Dubuque County, IA",Great Recession,1.0376562375607037,0.9597582236698907,0.07789801389081297,NA,NA,NA
County,19069,"Franklin County, IA",Great Recession,0.974321286529483,0.9502018792622172,0.024119407267265802,NA,NA,NA
County,19075,"Grundy County, IA",Great Recession,0.9863054480500149,0.9447721258023157,0.04153332224769912,NA,NA,NA
County,19081,"Hancock County, IA",Great Recession,0.9594024307900068,0.938362496293664,0.021039934496342783,NA,NA,NA
County,19101,"Jefferson County, IA",Great Recession,1.0273668639053255,0.9089170564638521,0.11844980744147338,NA,NA,NA
County,19105,"Jones County, IA",Great Recession,1.0100059148264984,0.9364362060440128,0.07356970878248559,NA,NA,NA
County,19107,"Keokuk County, IA",Great Recession,0.9365178571428572,0.9558351357775852,-0.019317278634727986,NA,NA,NA
County,19137,"Montgomery County, IA",Great Recession,0.8903056610598662,0.9366948621696758,-0.0463892011098096,NA,NA,NA
County,19141,"O'Brien County, IA",Great Recession,1.0260245091579918,0.9610146927054947,0.06500981645249715,NA,NA,NA
County,19153,"Polk County, IA",Great Recession,0.994298946572494,0.9988276629769965,-0.004528716404502586,NA,NA,NA
County,19189,"Winnebago County, IA",Great Recession,0.8886517253646389,0.9243879931414305,-0.03573626777679162,NA,NA,NA
County,20001,"Allen County, KS",Great Recession,0.8842643805309734,0.8971027646859082,-0.012838384154934768,NA,NA,NA
County,20013,"Brown County, KS",Great Recession,0.9521587998536408,0.9112210672139696,0.040937732639671265,NA,NA,NA
County,20015,"Butler County, KS",Great Recession,0.984388537688926,0.9670902249841151,0.01729831270481086,NA,NA,NA
County,20027,"Clay County, KS",Great Recession,0.8036612351639509,0.9574077857641922,-0.15374655060024123,NA,NA,NA
County,20039,"Decatur County, KS",Great Recession,0.825493612078978,0.9219397465418694,-0.09644613446289141,NA,NA,NA
County,20051,"Ellis County, KS",Great Recession,1.044389458621512,0.9605905934528063,0.0837988651687056,NA,NA,NA
County,20061,"Geary County, KS",Great Recession,0.967968628669048,0.9552203890268004,0.012748239642247583,NA,NA,NA
County,20067,"Grant County, KS",Great Recession,0.9817876517695686,0.9689172822888524,0.012870369480716182,NA,NA,NA
County,20083,"Hodgeman County, KS",Great Recession,1.052094522019334,0.9851856125120338,0.06690890950730022,NA,NA,NA
County,20089,"Jewell County, KS",Great Recession,0.684140500266099,0.9800420892064448,-0.2959015889403458,NA,NA,NA
County,20107,"Linn County, KS",Great Recession,0.8951737879123312,0.9351943195645622,-0.04002053165223107,NA,NA,NA
County,20117,"Marshall County, KS",Great Recession,0.9969298993689236,0.9569279780376487,0.04000192133127489,NA,NA,NA
County,20119,"Meade County, KS",Great Recession,0.964470284237726,0.9467007627504888,0.017769521487237205,NA,NA,NA
County,20129,"Morton County, KS",Great Recession,0.7892441860465116,1.0287195446979274,-0.23947535865141578,NA,NA,NA
County,20131,"Nemaha County, KS",Great Recession,1.0293007370124034,0.9455380763319801,0.08376266068042337,NA,NA,NA
County,20133,"Neosho County, KS",Great Recession,0.72287126488429565,0.9140849391458249,-0.19121367426152924,NA,NA,NA
County,20141,"Osborne County, KS",Great Recession,0.8852873563218391,0.9454113386480681,-0.060123982326229064,NA,NA,NA
County,20145,"Pawnee County, KS",Great Recession,0.8352743271221532,0.9048533127394015,-0.06957898561724829,NA,NA,NA
County,20167,"Russell County, KS",Great Recession,1.054608494654724,0.92980956046089,0.12479893419383403,NA,NA,NA
County,20187,"Stanton County, KS",Great Recession,0.895482728077945,1.0212448097338496,-0.12576208165590452,NA,NA,NA
County,20191,"Sumner County, KS",Great Recession,0.9158407157266908,0.9377863446515445,-0.021945628924853744,NA,NA,NA
County,20205,"Wilson County, KS",Great Recession,0.7324464153732446,0.9265002091337355,-0.19405379376049092,NA,NA,NA
County,20209,"Wyandotte County, KS",Great Recession,1.0260249634882634,0.9681180537524342,0.05790690973582924,NA,NA,NA
County,21021,"Boyle County, KY",Great Recession,0.9922143156132271,0.9279161796346831,0.06429813597854406,NA,NA,NA
County,21033,"Caldwell County, KY",Great Recession,0.8191506282805789,0.9139243724434551,-0.0947737441628762,NA,NA,NA
County,21035,"Calloway County, KY",Great Recession,1.02450835646371,0.9424361178553938,0.08207223860831625,NA,NA,NA
County,21039,"Carlisle County, KY",Great Recession,1.0062154696132597,0.8950063825890187,0.11120908702424104,NA,NA,NA
County,21045,"Casey County, KY",Great Recession,0.9012789193849692,0.9111492174051975,-0.009870298020228319,NA,NA,NA
County,21061,"Edmonson County, KY",Great Recession,0.8995229576624926,0.933537699043308,-0.034014741380815394,NA,NA,NA
County,21071,"Floyd County, KY",Great Recession,0.7393497757847534,0.871397824486346,-0.1320480487015926,NA,NA,NA
County,21075,"Fulton County, KY",Great Recession,0.8053080201472298,0.8548393668553805,-0.049531346708150736,NA,NA,NA
County,21079,"Garrard County, KY",Great Recession,0.975406448057316,0.9205560130752831,0.0548504349820329,NA,NA,NA
County,21121,"Knox County, KY",Great Recession,0.7616905711618434,0.8694705044081622,-0.10777993324631885,NA,NA,NA
County,21125,"Laurel County, KY",Great Recession,0.886558287073751,0.9342729838166185,-0.047714696742867546,NA,NA,NA
County,21135,"Lewis County, KY",Great Recession,0.8116557313778464,0.9113849774448314,-0.09972924606698497,NA,NA,NA
County,21143,"Lyon County, KY",Great Recession,0.921351966200845,0.8863264233179953,0.03502554288284976,NA,NA,NA
County,21151,"Madison County, KY",Great Recession,1.0137399134028735,0.9633210978179528,0.05041881558492067,NA,NA,NA
County,21155,"Marion County, KY",Great Recession,0.8691147810031798,0.9011077615259095,-0.0319929805227297,NA,NA,NA
County,21181,"Nicholas County, KY",Great Recession,1.1402588317593565,0.9370770695424709,0.20318176221688555,NA,NA,NA
County,21191,"Pendleton County, KY",Great Recession,0.9113655640373196,0.9347121560162736,-0.023346591978953946,NA,NA,NA
County,21199,"Pulaski County, KY",Great Recession,0.9627066963762168,0.9233104080680459,0.03939628830817088,NA,NA,NA
County,21217,"Taylor County, KY",Great Recession,0.8323975078840089,0.9101204163116963,-0.07772290842768736,NA,NA,NA
County,21221,"Trigg County, KY",Great Recession,0.8711928934010152,0.9284811514288386,-0.057288258027823336,NA,NA,NA
County,21223,"Trimble County, KY",Great Recession,0.8781166787702736,0.9625825997791617,-0.08446592100888817,NA,NA,NA
County,21231,"Wayne County, KY",Great Recession,0.8140009903441446,0.8974435730528721,-0.08344258270872751,NA,NA,NA
County,22023,"Cameron Parish, LA",Great Recession,0.8614827201783724,0.8981213371357735,-0.036638616957401116,NA,NA,NA
County,22027,"Claiborne Parish, LA",Great Recession,0.77461295656095,0.8919398859095901,-0.11732692934864009,NA,NA,NA
County,22051,"Jefferson Parish, LA",Great Recession,0.9313223814517068,0.9709017767837141,-0.03957939533200738,NA,NA,NA
County,22053,"Jefferson Davis Parish, LA",Great Recession,0.8715554938571528,0.9236138155829634,-0.0520583217258106,NA,NA,NA
County,22061,"Lincoln Parish, LA",Great Recession,1.050812343255915,0.9270160396854022,0.12379630357051286,NA,NA,NA
County,22065,"Madison Parish, LA",Great Recession,0.8050827966881324,0.844355501682706,-0.03927270499457358,NA,NA,NA
County,22069,"Natchitoches Parish, LA",Great Recession,0.8905643994211287,0.8992363192817955,-0.008671919860666732,NA,NA,NA
County,22099,"St. Martin Parish, LA",Great Recession,0.9870724887072488,0.942580012902755,0.04449247580449389,NA,NA,NA
County,22127,"Winn Parish, LA",Great Recession,0.7932575142160845,0.8558444634835345,-0.06258694926745001,NA,NA,NA
County,23005,"Cumberland County, ME",Great Recession,0.9928305076970464,0.9762917287849027,0.016538778912143726,NA,NA,NA
County,24009,"Calvert County, MD",Great Recession,0.9406631216765716,0.9644186585362918,-0.023755536859720205,NA,NA,NA
County,24011,"Caroline County, MD",Great Recession,1.0182500157599446,0.9641837579476192,0.054066257812325325,NA,NA,NA
County,24027,"Howard County, MD",Great Recession,1.0196936267576862,0.9892173981061293,0.030476228651556858,NA,NA,NA
County,24037,"St. Mary's County, MD",Great Recession,1.0041974873781847,0.9713296546890955,0.032867832689089216,NA,NA,NA
County,24039,"Somerset County, MD",Great Recession,0.8317878338278932,0.9039349036322163,-0.07214706980432306,NA,NA,NA
County,24041,"Talbot County, MD",Great Recession,0.96380911711327,0.953425254360625,0.010383862752645023,NA,NA,NA
County,24043,"Washington County, MD",Great Recession,1.068693165483954,0.9734145387032058,0.09527862678074817,NA,NA,NA
County,24045,"Wicomico County, MD",Great Recession,0.9032825207244726,0.9810109844397819,-0.07772846371530928,NA,NA,NA
County,24047,"Worcester County, MD",Great Recession,0.8497561701969252,0.9363864440320121,-0.08663027383508692,NA,NA,NA
County,25005,"Bristol County, MA",Great Recession,0.9645054642299568,0.9557249970814242,0.008780467148532534,NA,NA,NA
County,25021,"Norfolk County, MA",Great Recession,0.9961148807563855,0.9744941509534489,0.02162072980293661,NA,NA,NA
County,25023,"Plymouth County, MA",Great Recession,0.9928573166873524,0.9663976190549328,0.02645969763241962,NA,NA,NA
County,25025,"Suffolk County, MA",Great Recession,1.0688619093122198,0.9868436687421883,0.08201824057003149,NA,NA,NA
County,26001,"Alcona County, MI",Great Recession,0.823403720462544,0.9263590255298088,-0.1029553050672648,NA,NA,NA
County,26009,"Antrim County, MI",Great Recession,0.8043241773184662,0.9146407191271085,-0.11031654180864237,NA,NA,NA
County,26017,"Bay County, MI",Great Recession,0.9362530178657652,0.9218844860437841,0.014368531821981056,NA,NA,NA
County,26039,"Crawford County, MI",Great Recession,0.77493626513703,0.9075502562378663,-0.13261399110083638,NA,NA,NA
County,26041,"Delta County, MI",Great Recession,0.8319312266680687,0.9235022526138779,-0.09157102594580913,NA,NA,NA
County,26043,"Dickinson County, MI",Great Recession,0.8655326636850209,0.9322688500940308,-0.06673618640900991,NA,NA,NA
County,26045,"Eaton County, MI",Great Recession,0.9330927411430512,0.9564021522573679,-0.023309411114316725,NA,NA,NA
County,26063,"Huron County, MI",Great Recession,0.9428778246364952,0.9284955665790195,0.014382258057475616,NA,NA,NA
County,26069,"Iosco County, MI",Great Recession,0.8925224425372398,0.900389847694138,-0.00786740515689821,NA,NA,NA
County,26145,"Saginaw County, MI",Great Recession,0.8879637760702525,0.914623452729262,-0.02665967665900959,NA,NA,NA
County,26151,"Sanilac County, MI",Great Recession,0.8417927089393058,0.9322729750960161,-0.09048026615671034,NA,NA,NA
County,26153,"Schoolcraft County, MI",Great Recession,0.8600715465052284,0.9007240380500989,-0.040652491544870495,NA,NA,NA
County,27003,"Anoka County, MN",Great Recession,0.9727213605709852,0.9839010515844107,-0.011179691013425419,NA,NA,NA
County,27019,"Carver County, MN",Great Recession,1.0383876357560569,0.9954340258279172,0.04295360992813968,NA,NA,NA
County,27029,"Clearwater County, MN",Great Recession,1.1197143657238868,0.9385410847887459,0.18117328093514096,NA,NA,NA
County,27041,"Douglas County, MN",Great Recession,0.9821160126483852,0.9613847740508215,0.02073123859756376,NA,NA,NA
County,27047,"Freeborn County, MN",Great Recession,1.0169937155316149,0.9397466936155248,0.07724702191609012,NA,NA,NA
County,27053,"Hennepin County, MN",Great Recession,0.992365402362422,0.9841932244667058,0.008172177895716226,NA,NA,NA
County,27057,"Hubbard County, MN",Great Recession,0.9629957899401728,0.9648354949929647,-0.0018397050527919623,NA,NA,NA
County,27067,"Kandiyohi County, MN",Great Recession,0.9996424261386492,0.9558767158359847,0.04376571030266452,NA,NA,NA
County,27079,"Le Sueur County, MN",Great Recession,1.0838057586155452,0.971893947384033,0.11191181123151217,NA,NA,NA
County,27113,"Pennington County, MN",Great Recession,1.0013623978201636,0.9200168324881403,0.0813455653320233,NA,NA,NA
County,27133,"Rock County, MN",Great Recession,1.0889970990468296,0.957931979091432,0.1310651199553976,NA,NA,NA
County,27137,"St. Louis County, MN",Great Recession,0.9933139177160673,0.9472940425439963,0.046019875172070956,NA,NA,NA
County,27163,"Washington County, MN",Great Recession,1.0275797022497948,0.9873721136883666,0.04020758856142814,NA,NA,NA
County,28003,"Alcorn County, MS",Great Recession,1.0230747748376736,0.9285137331087385,0.09456104172893509,NA,NA,NA
County,28009,"Benton County, MS",Great Recession,1.1157875046763936,0.9066143953633679,0.2091731093130258,NA,NA,NA
County,28015,"Carroll County, MS",Great Recession,0.7236503856041131,0.8881846215470331,-0.16453423594292005,NA,NA,NA
County,28017,"Chickasaw County, MS",Great Recession,1.05,0.8866457100835929,0.1633542899164071,NA,NA,NA
County,28019,"Choctaw County, MS",Great Recession,1.0692930551230146,0.8652283839668027,0.20406467115621196,NA,NA,NA
County,28033,"DeSoto County, MS",Great Recession,1.0479318897901724,1.002440984366151,0.045490905424021344,NA,NA,NA
County,28041,"Greene County, MS",Great Recession,0.7290980908492429,0.9037289026976403,-0.17463081184839735,NA,NA,NA
County,28051,"Holmes County, MS",Great Recession,0.8481308411214953,0.8789825161219168,-0.03085167500042152,NA,NA,NA
County,28053,"Humphreys County, MS",Great Recession,0.6144046417759839,0.8644152597173779,-0.250010617941394,NA,NA,NA
County,28055,"Issaquena County, MS",Great Recession,0.5030395136778115,0.8215255854557811,-0.3184860717779696,NA,NA,NA
County,28079,"Leake County, MS",Great Recession,0.9767975522692504,0.9354801056438999,0.04131744662535042,NA,NA,NA
County,28083,"Leflore County, MS",Great Recession,0.7559851945188218,0.848902804189177,-0.09291760967035512,NA,NA,NA
County,28089,"Madison County, MS",Great Recession,1.0923401232729189,1.006166206685128,0.08617391658779083,NA,NA,NA
County,28093,"Marshall County, MS",Great Recession,0.9802571488793648,0.9266320355516788,0.053625113327685936,NA,NA,NA
County,28107,"Panola County, MS",Great Recession,0.8533981992448446,0.9159104746253202,-0.06251227538047555,NA,NA,NA
County,28111,"Perry County, MS",Great Recession,0.8257226644323419,0.9056752860778758,-0.07995262164553396,NA,NA,NA
County,28119,"Quitman County, MS",Great Recession,0.6410256410256411,0.8173331281089619,-0.17630748708332078,NA,NA,NA
County,28127,"Simpson County, MS",Great Recession,0.9290838100426768,0.9188400085146589,0.01024380152801796,NA,NA,NA
County,28143,"Tunica County, MS",Great Recession,1.0864503344067378,0.9246781092598552,0.1617722251468826,NA,NA,NA
County,28145,"Union County, MS",Great Recession,1.1130415162454874,0.9326485070006553,0.18039300924483215,NA,NA,NA
County,29003,"Andrew County, MO",Great Recession,0.9441343616805358,0.9487676604934546,-0.004633298812918851,NA,NA,NA
County,29019,"Boone County, MO",Great Recession,1.0574254502509597,0.9979259965033314,0.05949945374762833,NA,NA,NA
County,29023,"Butler County, MO",Great Recession,0.8240651270654169,0.9013681058785331,-0.07730297881311621,NA,NA,NA
County,29027,"Callaway County, MO",Great Recession,0.9274706178259478,0.9483140408739723,-0.020843423048024556,NA,NA,NA
County,29035,"Carter County, MO",Great Recession,0.8274193548387097,0.9046435976670404,-0.07722424282833074,NA,NA,NA
County,29083,"Henry County, MO",Great Recession,0.894015444015444,0.9180694547811586,-0.024054010765714673,NA,NA,NA
County,29091,"Howell County, MO",Great Recession,0.784354628422425,0.9153783667104602,-0.13102373828803526,NA,NA,NA
County,29103,"Knox County, MO",Great Recession,0.8223249669749009,0.9514344587503131,-0.1291094917754122,NA,NA,NA
County,29109,"Lawrence County, MO",Great Recession,0.8729545576479425,0.9414635331992727,-0.06850897555133018,NA,NA,NA
County,29119,"McDonald County, MO",Great Recession,0.8344535614525139,0.9192200431962214,-0.08476648174370749,NA,NA,NA
County,29127,"Marion County, MO",Great Recession,0.9790446951306584,0.921661606871446,0.057383088259212345,NA,NA,NA
County,29157,"Perry County, MO",Great Recession,0.932958690722666,0.9523411279354337,-0.019382437212767667,NA,NA,NA
County,29181,"Ripley County, MO",Great Recession,0.7807765151515151,0.9040322280731022,-0.1232557129215871,NA,NA,NA
County,29183,"St. Charles County, MO",Great Recession,1.0295369777342425,0.9843932760941545,0.04514370164008796,NA,NA,NA
County,29187,"St. Francois County, MO",Great Recession,0.861889101067968,0.9439998985777536,-0.08211079750978556,NA,NA,NA
County,29195,"Saline County, MO",Great Recession,0.8985228563936719,0.9056345398490359,-0.0071116834553639485,NA,NA,NA
County,29203,"Shannon County, MO",Great Recession,0.8699233172394206,0.9007560937573584,-0.03083277651793781,NA,NA,NA
County,29209,"Stone County, MO",Great Recession,0.7841240994353216,0.9044354666652535,-0.12031136722993196,NA,NA,NA
County,29211,"Sullivan County, MO",Great Recession,0.8086826347305389,0.9417131824058792,-0.13303054767534028,NA,NA,NA
County,29225,"Webster County, MO",Great Recession,0.8989117808889161,0.9480525868211089,-0.04914080593219283,NA,NA,NA
County,29227,"Worth County, MO",Great Recession,1.0437109723461195,0.9172602264006574,0.12645074594546213,NA,NA,NA
County,29229,"Wright County, MO",Great Recession,0.8853311088295688,0.9068726844057633,-0.021541575576194516,NA,NA,NA
County,29510,"St. Louis city, MO",Great Recession,0.9909318599868322,0.9843733705135965,0.0065584894732356736,NA,NA,NA
County,30005,"Blaine County, MT",Great Recession,0.7991379310344827,0.9500517786978828,-0.1509138476634001,NA,NA,NA
County,30023,"Deer Lodge County, MT",Great Recession,1.2942895086321382,0.8853166317143155,0.4089728769178227,NA,NA,NA
County,30027,"Fergus County, MT",Great Recession,0.9577391304347826,0.9297583137123917,0.027980816722390944,NA,NA,NA
County,30029,"Flathead County, MT",Great Recession,0.9021363105400304,0.9576281215146137,-0.05549181097458333,NA,NA,NA
County,30061,"Mineral County, MT",Great Recession,0.838421052631579,0.9283992978556276,-0.08997824522404863,NA,NA,NA
County,30073,"Pondera County, MT",Great Recession,1.0514511873350922,0.9626463962364357,0.08880479109865658,NA,NA,NA
County,30089,"Sanders County, MT",Great Recession,0.954422990570274,0.9190083141404503,0.035414676429823766,NA,NA,NA
County,30109,"Wibaux County, MT",Great Recession,1.0355086372360844,0.9722005163131957,0.06330812092288873,NA,NA,NA
County,31013,"Box Butte County, NE",Great Recession,1.0492790655229056,0.9551873275989944,0.09409173792391123,NA,NA,NA
County,31033,"Cheyenne County, NE",Great Recession,1.0823643410852712,0.9406492707308993,0.14171507035437192,NA,NA,NA
County,31045,"Dawes County, NE",Great Recession,1.1133474576271187,0.906384931867299,0.20696252575981977,NA,NA,NA
County,31063,"Frontier County, NE",Great Recession,0.8919151376146789,0.9608148384967298,-0.06889970088205088,NA,NA,NA
County,31065,"Furnas County, NE",Great Recession,1.060747663551402,0.9538911432160944,0.10685652033530757,NA,NA,NA
County,31071,"Garfield County, NE",Great Recession,1.1387814313346227,0.9951701302542988,0.14361130108032394,NA,NA,NA
County,31077,"Greeley County, NE",Great Recession,0.9927425515660808,0.950074065039715,0.04266848652636579,NA,NA,NA
County,31085,"Hayes County, NE",Great Recession,1.1301652892561984,1.0042865308044115,0.12587875845178687,NA,NA,NA
County,31087,"Hitchcock County, NE",Great Recession,0.8964681440443213,0.9415576601283796,-0.04508951608405831,NA,NA,NA
County,31105,"Kimball County, NE",Great Recession,1.0762241292276629,0.9273478139286554,0.14887631529900747,NA,NA,NA
County,31117,"McPherson County, NE",Great Recession,1.159016393442623,1.1070877413123779,0.05192865213024511,NA,NA,NA
County,31119,"Madison County, NE",Great Recession,0.9954329362747716,0.9380536866907747,0.05737924958399687,NA,NA,NA
County,31133,"Pawnee County, NE",Great Recession,1.0053627760252366,0.9721328020123704,0.033229974012866204,NA,NA,NA
County,31135,"Perkins County, NE",Great Recession,1.074332524271845,0.9632504205404541,0.11108210373139082,NA,NA,NA
County,31161,"Sheridan County, NE",Great Recession,0.8491189427312775,0.9920144516456767,-0.14289550891439917,NA,NA,NA
County,31175,"Valley County, NE",Great Recession,0.8211606790367153,0.9281005529049198,-0.10693987386820447,NA,NA,NA
County,31185,"York County, NE",Great Recession,0.8713019523296203,0.9519304466069521,-0.08062849427733187,NA,NA,NA
County,32003,"Clark County, NV",Great Recession,0.9417843739881416,0.9895279991646105,-0.04774362517646891,NA,NA,NA
County,32019,"Lyon County, NV",Great Recession,0.9092557296267026,0.978555320091448,-0.06929959046474532,NA,NA,NA
County,32027,"Pershing County, NV",Great Recession,0.9592713876381498,0.904286119964164,0.054985267673985816,NA,NA,NA
County,33001,"Belknap County, NH",Great Recession,0.9687669831527124,0.9457226326105421,0.023044350542170244,NA,NA,NA
County,33005,"Cheshire County, NH",Great Recession,0.98848579670464,0.9606201024626602,0.02786569424197982,NA,NA,NA
County,33013,"Merrimack County, NH",Great Recession,0.991930505902626,0.9626864199193459,0.0292440859832801,NA,NA,NA
County,34017,"Hudson County, NJ",Great Recession,1.19085122217325,0.9936358045718514,0.1972154176013985,NA,NA,NA
County,34033,"Salem County, NJ",Great Recession,0.9544531718032352,0.9415202844412007,0.012932887362034462,NA,NA,NA
County,35007,"Colfax County, NM",Great Recession,0.9099290780141844,0.909131693330427,7.973846837574516e-4,NA,NA,NA
County,35025,"Lea County, NM",Great Recession,0.973103375675486,0.979123866853688,-0.006020491178202025,NA,NA,NA
County,35035,"Otero County, NM",Great Recession,0.9466637313373094,0.9284688453394976,0.018194885997811827,NA,NA,NA
County,35043,"Sandoval County, NM",Great Recession,1.0595204406965115,1.0286278575571075,0.030892583139404017,NA,NA,NA
County,36019,"Clinton County, NY",Great Recession,0.9012412375480948,0.9456847877284303,-0.04444355018033552,NA,NA,NA
County,36049,"Lewis County, NY",Great Recession,0.8953978285529087,0.926946168554253,-0.03154834000134432,NA,NA,NA
County,36071,"Orange County, NY",Great Recession,0.9705623111760578,0.978504389788188,-0.007942078612130143,NA,NA,NA
County,36075,"Oswego County, NY",Great Recession,0.8953079075661311,0.9197425129483617,-0.024434605382230634,NA,NA,NA
County,36085,"Richmond County, NY",Great Recession,0.8737381819439999,0.976227795532722,-0.1024896135887221,NA,NA,NA
County,36089,"St. Lawrence County, NY",Great Recession,0.907218697259074,0.9193694904494979,-0.012150793190423892,NA,NA,NA
County,36099,"Seneca County, NY",Great Recession,0.8949242561409861,0.921385925024543,-0.026461668883556833,NA,NA,NA
County,36113,"Warren County, NY",Great Recession,0.8891341110378629,0.9382222779201742,-0.049088166882311324,NA,NA,NA
County,36115,"Washington County, NY",Great Recession,0.8817565426779038,0.927486720444417,-0.045730177766513225,NA,NA,NA
County,36117,"Wayne County, NY",Great Recession,0.9103722715900268,0.9428777081987249,-0.03250543660869809,NA,NA,NA
County,37005,"Alleghany County, NC",Great Recession,0.8997894736842105,0.8886642022939596,0.01112527139025088,NA,NA,NA
County,37009,"Ashe County, NC",Great Recession,0.9407386770675794,0.9218136374686622,0.018925039598917226,NA,NA,NA
County,37025,"Cabarrus County, NC",Great Recession,1.006029644729894,1.0079109027566573,-0.0018812580267633106,NA,NA,NA
County,37039,"Cherokee County, NC",Great Recession,1.0128472222222222,0.9093475076341775,0.10349971458804474,NA,NA,NA
County,37045,"Cleveland County, NC",Great Recession,0.881188224267212,0.9094455709058441,-0.028257346638632108,NA,NA,NA
County,37047,"Columbus County, NC",Great Recession,0.8923037300940035,0.8995691985961055,-0.007265468502101968,NA,NA,NA
County,37051,"Cumberland County, NC",Great Recession,0.9350612585124954,0.9691004970750419,-0.034039238562546426,NA,NA,NA
County,37061,"Duplin County, NC",Great Recession,1.0191578229552911,0.9420498285797967,0.07710799437549443,NA,NA,NA
County,37069,"Franklin County, NC",Great Recession,0.9847688877130656,0.9411667658475175,0.04360212186554813,NA,NA,NA
County,37071,"Gaston County, NC",Great Recession,0.956747552604328,0.9464457701010588,0.010301782503269186,NA,NA,NA
County,37077,"Granville County, NC",Great Recession,1.0664277724843614,0.9402069420867146,0.12622083039764675,NA,NA,NA
County,37085,"Harnett County, NC",Great Recession,0.9546577390626017,0.9588960823939972,-0.0042383433313955,NA,NA,NA
County,37091,"Hertford County, NC",Great Recession,0.8987068965517241,0.8922938663469028,0.006413030204821313,NA,NA,NA
County,37097,"Iredell County, NC",Great Recession,0.9345800456810632,0.9786318380233511,-0.04405179234228784,NA,NA,NA
County,37099,"Jackson County, NC",Great Recession,0.7923351158645277,0.9279413754606564,-0.1356062595961287,NA,NA,NA
County,37105,"Lee County, NC",Great Recession,0.9493189737092176,0.9466716145817579,0.0026473591274597252,NA,NA,NA
County,37113,"Macon County, NC",Great Recession,0.8586471754212092,0.9332988211686076,-0.07465164574739847,NA,NA,NA
County,37117,"Martin County, NC",Great Recession,0.8032132001736865,0.8885048485106668,-0.08529164833698033,NA,NA,NA
County,37119,"Mecklenburg County, NC",Great Recession,1.0588246490495394,1.0175754876314316,0.04124916141810786,NA,NA,NA
County,37125,"Moore County, NC",Great Recession,0.962098841096501,0.9587533230077101,0.003345518088790911,NA,NA,NA
County,37141,"Pender County, NC",Great Recession,0.9659383585164836,0.9537811949000791,0.01215716361640451,NA,NA,NA
County,37151,"Randolph County, NC",Great Recession,0.8399478799066181,0.9148130146869771,-0.07486513478035894,NA,NA,NA
County,37159,"Rowan County, NC",Great Recession,0.8459275849197462,0.9333631760199042,-0.08743559110015797,NA,NA,NA
County,37165,"Scotland County, NC",Great Recession,0.7692844036697247,0.8922168816515021,-0.12293247798177742,NA,NA,NA
County,37167,"Stanly County, NC",Great Recession,0.8865176151761518,0.9196775852915113,-0.03315997011535954,NA,NA,NA
County,37195,"Wilson County, NC",Great Recession,0.8729147238628121,0.9385031485281634,-0.06558842466535131,NA,NA,NA
County,37199,"Yancey County, NC",Great Recession,0.9209876543209876,0.9148665155989844,0.006121138722003261,NA,NA,NA
County,38009,"Bottineau County, ND",Great Recession,0.8891383665450463,0.9714181016425865,-0.08227973509754016,NA,NA,NA
County,38017,"Cass County, ND",Great Recession,0.9838084365675016,0.9955524009968296,-0.011743964429328013,NA,NA,NA
County,38023,"Divide County, ND",Great Recession,1.7630180658873538,0.9819901253787566,0.7810279405085971,NA,NA,NA
County,38027,"Eddy County, ND",Great Recession,0.9390148553557468,0.9734495372188634,-0.0344346818631166,NA,NA,NA
County,38037,"Grant County, ND",Great Recession,1.1180555555555556,0.9700863772849047,0.14796917827065093,NA,NA,NA
County,38049,"McHenry County, ND",Great Recession,1.1651325478645067,0.9605816920834195,0.20455085578108723,NA,NA,NA
County,38059,"Morton County, ND",Great Recession,1.0204309063893016,0.9710623857643511,0.04936852062495045,NA,NA,NA
County,38073,"Ransom County, ND",Great Recession,0.9006081946222791,0.9490189148189329,-0.04841072019665371,NA,NA,NA
County,38077,"Richland County, ND",Great Recession,0.9616901408450704,0.923659142605822,0.03803099823924838,NA,NA,NA
County,38089,"Stark County, ND",Great Recession,1.2929406002938502,0.9548657337773376,0.33807486651651253,NA,NA,NA
County,38093,"Stutsman County, ND",Great Recession,0.8684879288437103,0.9419925114519915,-0.07350458260828119,NA,NA,NA
County,38095,"Towner County, ND",Great Recession,1.0904392764857882,1.0258618543614944,0.06457742212429385,NA,NA,NA
County,38103,"Wells County, ND",Great Recession,1.019644527595884,0.9912775174924126,0.028367010103471535,NA,NA,NA
County,38105,"Williams County, ND",Great Recession,1.882287147505423,0.9485507643254616,0.9337363831799614,NA,NA,NA
County,39031,"Coshocton County, OH",Great Recession,0.8977977856186884,0.9082250263432741,-0.010427240724585674,NA,NA,NA
County,39033,"Crawford County, OH",Great Recession,0.8777013983709214,0.9078728342137887,-0.0301714358428673,NA,NA,NA
County,39035,"Cuyahoga County, OH",Great Recession,0.9576527099381952,0.9557784399089815,0.0018742700292136982,NA,NA,NA
County,39037,"Darke County, OH",Great Recession,0.9152554989020804,0.9371633338938978,-0.021907834991817476,NA,NA,NA
County,39041,"Delaware County, OH",Great Recession,1.0175869166911715,1.032795229950297,-0.015208313259125417,NA,NA,NA
County,39043,"Erie County, OH",Great Recession,0.8747473502588119,0.9212539348357061,-0.04650658457689416,NA,NA,NA
County,39073,"Hocking County, OH",Great Recession,0.9213139231056364,0.915902710033543,0.005411213072093468,NA,NA,NA
County,39077,"Huron County, OH",Great Recession,0.9348734991423672,0.9368884346226451,-0.0020149354802779795,NA,NA,NA
County,39079,"Jackson County, OH",Great Recession,0.8590010755579457,0.9060341841321297,-0.04703310857418397,NA,NA,NA
County,39083,"Knox County, OH",Great Recession,0.9421200148583392,0.9532231511353316,-0.011103136276992442,NA,NA,NA
County,39109,"Miami County, OH",Great Recession,0.9514153176181008,0.9443945436874548,0.00702077393064604,NA,NA,NA
County,39119,"Muskingum County, OH",Great Recession,1.0026930227471569,0.9090178134190554,0.09367520932810147,NA,NA,NA
County,39123,"Ottawa County, OH",Great Recession,0.9726184660478748,0.9356735066430937,0.03694495940478115,NA,NA,NA
County,39133,"Portage County, OH",Great Recession,0.9341319753002028,0.9509462423595527,-0.016814267059349963,NA,NA,NA
County,39149,"Shelby County, OH",Great Recession,0.8203004481010798,0.9323134113981998,-0.11201296329711996,NA,NA,NA
County,39155,"Trumbull County, OH",Great Recession,0.8685517901856525,0.9110953019092752,-0.042543511723622696,NA,NA,NA
County,39171,"Williams County, OH",Great Recession,0.9358420069388844,0.9176922752214323,0.018149731717452156,NA,NA,NA
County,40001,"Adair County, OK",Great Recession,0.7107730577879832,0.9184902822062836,-0.20771722441830043,NA,NA,NA
County,40005,"Atoka County, OK",Great Recession,0.8217167381974249,0.9124313615720071,-0.09071462337458225,NA,NA,NA
County,40013,"Bryan County, OK",Great Recession,0.8358587113120374,0.9457419346323637,-0.1098832233203263,NA,NA,NA
County,40031,"Comanche County, OK",Great Recession,1.06950858628884,0.9582429913351549,0.11126559495368515,NA,NA,NA
County,40033,"Cotton County, OK",Great Recession,0.6988694758478932,0.9003204704771436,-0.20145099462925042,NA,NA,NA
County,40039,"Custer County, OK",Great Recession,1.0496277915632757,0.9509660258227123,0.0986617657405634,NA,NA,NA
County,40051,"Grady County, OK",Great Recession,1.064515416556233,0.9643540062453353,0.10016141031089765,NA,NA,NA
County,40061,"Haskell County, OK",Great Recession,0.7609970674486803,0.9055315359944454,-0.14453446854576502,NA,NA,NA
County,40085,"Love County, OK",Great Recession,0.9487523992322456,0.9092362735787083,0.03951612565353735,NA,NA,NA
County,40091,"McIntosh County, OK",Great Recession,0.7876331074540174,0.9030100158250273,-0.11537690837100989,NA,NA,NA
County,40099,"Murray County, OK",Great Recession,0.7442151717557252,0.9190164449331478,-0.17480127317742267,NA,NA,NA
County,40105,"Nowata County, OK",Great Recession,0.9306727010903106,0.9184975659530038,0.012175135137306836,NA,NA,NA
County,40111,"Okmulgee County, OK",Great Recession,0.9578737162419172,0.9121880415026846,0.045685674739232573,NA,NA,NA
County,40121,"Pittsburg County, OK",Great Recession,0.72676412586813,0.9127489881597086,-0.18598486229157862,NA,NA,NA
County,40135,"Sequoyah County, OK",Great Recession,0.8973020762035135,0.9169976874878681,-0.019695611284354597,NA,NA,NA
County,40139,"Texas County, OK",Great Recession,0.8882917666701451,0.9691631992629028,-0.08087143259275775,NA,NA,NA
County,40149,"Washita County, OK",Great Recession,0.8890637945318972,0.9535253242003893,-0.06446152966849206,NA,NA,NA
County,40151,"Woods County, OK",Great Recession,1.1577157598499062,0.9451890341821086,0.2125267256677975,NA,NA,NA
County,41017,"Deschutes County, OR",Great Recession,0.913793774824122,0.9936534706803896,-0.07985969585626751,NA,NA,NA
County,41033,"Josephine County, OR",Great Recession,0.9442484121383204,0.9260466737600572,0.01820173837826322,NA,NA,NA
County,41039,"Lane County, OR",Great Recession,0.97599310667134,0.9645660306851609,0.011427075986179092,NA,NA,NA
County,41049,"Morrow County, OR",Great Recession,1.0134846720993402,0.9601155489996146,0.053369123099725635,NA,NA,NA
County,41063,"Wallowa County, OR",Great Recession,0.8917965304322258,0.9298599263418386,-0.03806339590961272,NA,NA,NA
County,41065,"Wasco County, OR",Great Recession,1.018154190658989,0.9338761328706227,0.08427805778836639,NA,NA,NA
County,42005,"Armstrong County, PA",Great Recession,0.9848110488137096,0.918838176948852,0.06597287186485767,NA,NA,NA
County,42009,"Bedford County, PA",Great Recession,0.9979695209816164,0.9205859144668402,0.07738360651477616,NA,NA,NA
County,42011,"Berks County, PA",Great Recession,0.9930192994341074,0.9685488667973142,0.02447043263679316,NA,NA,NA
County,42013,"Blair County, PA",Great Recession,0.916918115490844,0.9193972939056013,-0.0024791784147573104,NA,NA,NA
County,42017,"Bucks County, PA",Great Recession,0.9332698793684951,0.9677113418865705,-0.03444146251807534,NA,NA,NA
County,42031,"Clarion County, PA",Great Recession,0.8763239243906147,0.9253473473692735,-0.049023422978658804,NA,NA,NA
County,42033,"Clearfield County, PA",Great Recession,0.8897752087347464,0.9062352981642062,-0.016460089429459868,NA,NA,NA
County,42035,"Clinton County, PA",Great Recession,0.9653179190751444,0.9198753098951893,0.04544260917995513,NA,NA,NA
County,42041,"Cumberland County, PA",Great Recession,0.98063671216578,0.9758812640146102,0.004755448151169794,NA,NA,NA
County,42057,"Fulton County, PA",Great Recession,0.8525406632202749,0.9371647251384221,-0.0846240619181472,NA,NA,NA
County,42081,"Lycoming County, PA",Great Recession,1.003903255035896,0.9105834290077217,0.09331982602817424,NA,NA,NA
County,42083,"McKean County, PA",Great Recession,0.8890016920473773,0.9089901523438103,-0.019988460296432975,NA,NA,NA
County,42085,"Mercer County, PA",Great Recession,0.9512341218528942,0.9156568885488112,0.03557723330408302,NA,NA,NA
County,42095,"Northampton County, PA",Great Recession,0.9861956573838854,0.9723426367708836,0.013853020613001754,NA,NA,NA
County,42097,"Northumberland County, PA",Great Recession,0.910410199556541,0.9160601913326804,-0.00564999177613934,NA,NA,NA
County,42113,"Sullivan County, PA",Great Recession,0.989209885137487,0.8973753208832096,0.09183456425427738,NA,NA,NA
County,42115,"Susquehanna County, PA",Great Recession,0.9984191616766468,0.9355188803335943,0.06290028134305248,NA,NA,NA
County,42123,"Warren County, PA",Great Recession,0.9235599826764832,0.9296859838429463,-0.006126001166463113,NA,NA,NA
County,44001,"Bristol County, RI",Great Recession,0.9064835609881816,0.9567175706031011,-0.05023400961491953,NA,NA,NA
County,44009,"Washington County, RI",Great Recession,0.9210295511451244,0.9521943117051571,-0.0311647605600327,NA,NA,NA
County,45013,"Beaufort County, SC",Great Recession,0.9678941034897712,0.9673366201928116,5.574832969595933e-4,NA,NA,NA
County,45021,"Cherokee County, SC",Great Recession,0.8715582954971467,0.9021095396033407,-0.03055124410619403,NA,NA,NA
County,45029,"Colleton County, SC",Great Recession,0.927133655394525,0.9293669018846117,-0.0022332464900867155,NA,NA,NA
County,45031,"Darlington County, SC",Great Recession,0.9269714636391532,0.9062737024817729,0.020697761157380312,NA,NA,NA
County,45039,"Fairfield County, SC",Great Recession,0.8922482810586795,0.9045076364790725,-0.012259355420393026,NA,NA,NA
County,45047,"Greenwood County, SC",Great Recession,0.959292569971139,0.9383200777663189,0.020972492204820115,NA,NA,NA
County,45051,"Horry County, SC",Great Recession,0.9499817726494644,0.9626541417080485,-0.012672369058584154,NA,NA,NA
County,45067,"Marion County, SC",Great Recession,0.9548775425487754,0.8866676776090384,0.06820986493973702,NA,NA,NA
County,45083,"Spartanburg County, SC",Great Recession,0.9544025887562512,0.9589925521370641,-0.004589963380812967,NA,NA,NA
County,45085,"Sumter County, SC",Great Recession,0.9271510914604504,0.9327940721055216,-0.005642980645071183,NA,NA,NA
County,46009,"Bon Homme County, SD",Great Recession,0.9857889578569096,0.9424558350802106,0.043333122776698985,NA,NA,NA
County,46011,"Brookings County, SD",Great Recession,0.9068146892056594,0.9626352045322213,-0.05582051532656185,NA,NA,NA
County,46045,"Edmunds County, SD",Great Recession,1.1347020530796197,0.9968372294443352,0.13786482363528452,NA,NA,NA
County,46047,"Fall River County, SD",Great Recession,0.8282800441014333,0.9248311210645119,-0.09655107696307863,NA,NA,NA
County,46053,"Gregory County, SD",Great Recession,0.8589403973509934,0.9070585616240211,-0.04811816427302773,NA,NA,NA
County,46075,"Jones County, SD",Great Recession,0.6974789915966386,0.9351646701576296,-0.237685678560991,NA,NA,NA
County,46081,"Lawrence County, SD",Great Recession,0.9552959501557632,0.9428604279707862,0.01243552218497701,NA,NA,NA
County,46089,"McPherson County, SD",Great Recession,0.9960456942003516,0.965676598858957,0.030369095341394647,NA,NA,NA
County,46101,"Moody County, SD",Great Recession,0.988677303139475,0.9592941414435573,0.029383161695917703,NA,NA,NA
County,46123,"Tripp County, SD",Great Recession,1.0804794520547945,0.9408239207669571,0.13965553128783736,NA,NA,NA
County,46129,"Walworth County, SD",Great Recession,0.8440508278783211,0.9273823836908921,-0.08333155581257101,NA,NA,NA
County,47011,"Bradley County, TN",Great Recession,0.9953742000087074,0.954985191229664,0.04038900877904339,NA,NA,NA
County,47021,"Cheatham County, TN",Great Recession,0.934827087179999,0.962665910484475,-0.027838823304476068,NA,NA,NA
County,47023,"Chester County, TN",Great Recession,1.0348961821835232,0.9092200812548912,0.12567610092863202,NA,NA,NA
County,47047,"Fayette County, TN",Great Recession,0.9987585717663752,0.9830338605087604,0.015724711257614765,NA,NA,NA
County,47049,"Fentress County, TN",Great Recession,0.9190645029319514,0.9288722311977718,-0.009807728265820437,NA,NA,NA
County,47061,"Grundy County, TN",Great Recession,0.8276015680684248,0.892246701209094,-0.06464513314066922,NA,NA,NA
County,47085,"Humphreys County, TN",Great Recession,0.90936993282372,0.9153659283341674,-0.005995995510447383,NA,NA,NA
County,47103,"Lincoln County, TN",Great Recession,0.8715669956009987,0.9291331269875429,-0.057566131386544206,NA,NA,NA
County,47111,"Macon County, TN",Great Recession,0.9130413434154964,0.918197188375844,-0.0051558449603476,NA,NA,NA
County,47121,"Meigs County, TN",Great Recession,0.987608695652174,0.9141337710221136,0.07347492463006045,NA,NA,NA
County,47127,"Moore County, TN",Great Recession,1.0329616267628732,0.9380510416457695,0.09491058511710371,NA,NA,NA
County,47135,"Perry County, TN",Great Recession,0.8907317073170732,0.8969176085432329,-0.006185901226159696,NA,NA,NA
County,47143,"Rhea County, TN",Great Recession,0.9770723104056436,0.9206987221352231,0.056373588270420494,NA,NA,NA
County,47147,"Robertson County, TN",Great Recession,0.989290008226286,0.9784297747078929,0.010860233518393048,NA,NA,NA
County,47159,"Smith County, TN",Great Recession,0.9053298333713764,0.9424004880793325,-0.03707065470795612,NA,NA,NA
County,47171,"Unicoi County, TN",Great Recession,0.8698578437539313,0.9112199024251235,-0.04136205867119225,NA,NA,NA
County,47183,"Weakley County, TN",Great Recession,1.0195696721311476,0.9104057420518881,0.10916393007925951,NA,NA,NA
County,47187,"Williamson County, TN",Great Recession,1.0857659534622408,1.0133522298249011,0.07241372363733967,NA,NA,NA
County,48027,"Bell County, TX",Great Recession,1.0458860759493671,1.0089131050971885,0.036972970852178655,NA,NA,NA
County,48033,"Borden County, TX",Great Recession,1.020460358056266,0.96295544007517,0.057504917981095915,NA,NA,NA
County,48053,"Burnet County, TX",Great Recession,0.8994653649465365,0.9502660300526043,-0.050800665106067844,NA,NA,NA
County,48061,"Cameron County, TX",Great Recession,1.0708808501050275,1.048465347016651,0.022415503088376587,NA,NA,NA
County,48065,"Carson County, TX",Great Recession,0.8819139596136962,0.9489190137797964,-0.06700505416610014,NA,NA,NA
County,48079,"Cochran County, TX",Great Recession,0.8085180055401662,0.9288095301390591,-0.12029152459889292,NA,NA,NA
County,48085,"Collin County, TX",Great Recession,1.0553340744432094,1.0419889526488118,0.013345121794397619,NA,NA,NA
County,48099,"Coryell County, TX",Great Recession,0.9957557384148982,0.9382641764940717,0.057491561920826495,NA,NA,NA
County,48105,"Crockett County, TX",Great Recession,0.7994912118408881,0.9304418978089092,-0.13095068596802106,NA,NA,NA
County,48109,"Culberson County, TX",Great Recession,0.5695171611401978,0.8635501453125025,-0.2940329841723047,NA,NA,NA
County,48123,"DeWitt County, TX",Great Recession,1.0401715188445049,0.9104530954698259,0.12971842337467898,NA,NA,NA
County,48135,"Ector County, TX",Great Recession,1.0757459165154264,0.9810337378011875,0.09471217871423887,NA,NA,NA
County,48137,"Edwards County, TX",Great Recession,0.7620927936821322,0.8563049938143716,-0.09421220013223941,NA,NA,NA
County,48149,"Fayette County, TX",Great Recession,0.994923012900541,0.9531592056336304,0.041763807266910535,NA,NA,NA
County,48169,"Garza County, TX",Great Recession,0.8517017828200972,0.9734758965023887,-0.12177411368229152,NA,NA,NA
County,48171,"Gillespie County, TX",Great Recession,0.9111791137279208,0.9569191829022679,-0.04574006917434703,NA,NA,NA
County,48177,"Gonzales County, TX",Great Recession,0.9481117105680736,0.9261203510286207,0.02199135953945297,NA,NA,NA
County,48179,"Gray County, TX",Great Recession,0.8281743524952622,0.9188669128188266,-0.09069256032356443,NA,NA,NA
County,48219,"Hockley County, TX",Great Recession,0.9644641626464509,0.9474819581421217,0.01698220450432919,NA,NA,NA
County,48223,"Hopkins County, TX",Great Recession,0.9453341183397116,0.9393817723909889,0.005952345948722737,NA,NA,NA
County,48239,"Jackson County, TX",Great Recession,1.0534495830174375,0.9335300528556246,0.11991953016181289,NA,NA,NA
County,48247,"Jim Hogg County, TX",Great Recession,0.8061338289962825,1.017244783279898,-0.2111109542836156,NA,NA,NA
County,48249,"Jim Wells County, TX",Great Recession,0.917657822506862,0.9576016488116896,-0.03994382630482762,NA,NA,NA
County,48259,"Kendall County, TX",Great Recession,1.074896331738437,0.9750533547436945,0.09984297699474254,NA,NA,NA
County,48263,"Kent County, TX",Great Recession,1.2353629976580796,1.0155243993411214,0.21983859831695818,NA,NA,NA
County,48269,"King County, TX",Great Recession,1.4854651162790695,0.9906177157956496,0.4948474004834199,NA,NA,NA
County,48283,"La Salle County, TX",Great Recession,1.3481468154012235,1.0132170323043856,0.33492978309683785,NA,NA,NA
County,48287,"Lee County, TX",Great Recession,0.9879083094555874,0.9351912412357823,0.05271706821980504,NA,NA,NA
County,48303,"Lubbock County, TX",Great Recession,1.0281959636190705,0.9933434714963191,0.03485249212275143,NA,NA,NA
County,48319,"Mason County, TX",Great Recession,0.7684521299029945,0.9764341561224844,-0.2079820262194899,NA,NA,NA
County,48345,"Motley County, TX",Great Recession,0.7043413173652695,0.9056573049078963,-0.2013159875426268,NA,NA,NA
County,48353,"Nolan County, TX",Great Recession,0.8233328878791928,0.8860832070066418,-0.062750319127449,NA,NA,NA
County,48375,"Potter County, TX",Great Recession,0.9448141287340612,0.9647130023093373,-0.019898873575276088,NA,NA,NA
County,48377,"Presidio County, TX",Great Recession,1.0844348975545277,1.0047396287777794,0.07969526877674826,NA,NA,NA
County,48379,"Rains County, TX",Great Recession,0.9949402954867436,0.9145729537961357,0.08036734169060789,NA,NA,NA
County,48389,"Reeves County, TX",Great Recession,1.2624496981891349,0.9528533175458008,0.30959638064333406,NA,NA,NA
County,48399,"Runnels County, TX",Great Recession,1.1052263182454505,0.9052993564507356,0.19992696179471492,NA,NA,NA
County,48407,"San Jacinto County, TX",Great Recession,1.0802211558522845,0.9419085084768749,0.1383126473754096,NA,NA,NA
County,48415,"Scurry County, TX",Great Recession,1.086923813431815,0.9368869726380059,0.1500368407938092,NA,NA,NA
County,48417,"Shackelford County, TX",Great Recession,1.0287001897533208,0.9121511204676825,0.11654906928563824,NA,NA,NA
County,48421,"Sherman County, TX",Great Recession,1.0374823196605374,0.9845817126537575,0.0529006070067799,NA,NA,NA
County,48453,"Travis County, TX",Great Recession,1.087906744770906,1.0079246042316616,0.07998214053924446,NA,NA,NA
County,48461,"Upton County, TX",Great Recession,0.9078341013824884,0.9229888310144547,-0.01515472963196629,NA,NA,NA
County,48463,"Uvalde County, TX",Great Recession,1.0030697674418605,0.9370268678718584,0.06604289957000209,NA,NA,NA
County,48471,"Walker County, TX",Great Recession,0.8592248431419268,0.9282010935783319,-0.0689762504364051,NA,NA,NA
County,48473,"Waller County, TX",Great Recession,1.2119130546955623,0.9997367422814059,0.21217631241415646,NA,NA,NA
County,48485,"Wichita County, TX",Great Recession,0.8839990056347365,0.9506067666187772,-0.06660776098404064,NA,NA,NA
County,48495,"Winkler County, TX",Great Recession,0.9125446960667462,0.9866035847991396,-0.07405888873239341,NA,NA,NA
County,48501,"Yoakum County, TX",Great Recession,1.0222555638909727,0.9627026557870648,0.0595529081039079,NA,NA,NA
County,49003,"Box Elder County, UT",Great Recession,0.9442211721061696,0.9656994247424177,-0.02147825263624803,NA,NA,NA
County,49041,"Sevier County, UT",Great Recession,0.961004915346805,0.9608462711078767,1.5864423892830715e-4,NA,NA,NA
County,49055,"Wayne County, UT",Great Recession,0.953794139744553,0.9228153412872955,0.030978798457257484,NA,NA,NA
County,50001,"Addison County, VT",Great Recession,0.9566015252621544,0.9474149295496709,0.00918659571248348,NA,NA,NA
County,50005,"Caledonia County, VT",Great Recession,0.9506771027456828,0.9448704740703975,0.0058066286752853635,NA,NA,NA
County,50009,"Essex County, VT",Great Recession,0.8514203638684966,0.9144564230093488,-0.0630360591408522,NA,NA,NA
County,50015,"Lamoille County, VT",Great Recession,0.9686587908269632,0.9275781758037093,0.041080615023253886,NA,NA,NA
County,51003,"Albemarle County, VA",Great Recession,0.9707898774495524,0.9901102089930379,-0.019320331543485558,NA,NA,NA
County,51013,"Arlington County, VA",Great Recession,1.0391045242506085,0.9946339441724306,0.044470580078177946,NA,NA,NA
County,51015,"Augusta County, VA",Great Recession,0.9499823403157008,0.94550647736924,0.004475862946460851,NA,NA,NA
County,51025,"Brunswick County, VA",Great Recession,0.9490950226244343,0.880323790604089,0.0687712320203453,NA,NA,NA
County,51033,"Caroline County, VA",Great Recession,0.9838639018691588,0.976203292841545,0.007660609027613896,NA,NA,NA
County,51051,"Dickenson County, VA",Great Recession,0.7899341649341649,0.8773145361366284,-0.08738037120246345,NA,NA,NA
County,51061,"Fauquier County, VA",Great Recession,0.9276121225276068,0.9683856302542655,-0.040773507726658664,NA,NA,NA
County,51067,"Franklin County, VA",Great Recession,0.984158720393725,0.9509596060484516,0.03319911434527334,NA,NA,NA
County,51083,"Halifax County, VA",Great Recession,0.9563470808784146,0.8818170607510889,0.07453002012732568,NA,NA,NA
County,51117,"Mecklenburg County, VA",Great Recession,0.9805660674865972,0.9094000270985165,0.07116604038808072,NA,NA,NA
County,51131,"Northampton County, VA",Great Recession,0.9673073622790458,0.8960447433761013,0.0712626189029445,NA,NA,NA
County,51161,"Roanoke County, VA",Great Recession,0.9713424296680456,0.9700319071351033,0.001310522532942282,NA,NA,NA
County,51169,"Scott County, VA",Great Recession,0.9720174436714776,0.9013607551985015,0.07065668847297613,NA,NA,NA
County,51173,"Smyth County, VA",Great Recession,0.8299932065217391,0.8948992624618101,-0.06490605594007093,NA,NA,NA
County,51179,"Stafford County, VA",Great Recession,0.9648689382992278,0.999985678933828,-0.03511674063460013,NA,NA,NA
County,51185,"Tazewell County, VA",Great Recession,0.7529129369405411,0.9154835792314585,-0.16257064229091744,NA,NA,NA
County,51193,"Westmoreland County, VA",Great Recession,0.9993525603296056,0.9222552426736043,0.07709731765600136,NA,NA,NA
County,51195,"Wise County, VA",Great Recession,0.7312464101091327,0.8945789965546378,-0.16333258644550508,NA,NA,NA
County,51530,"Buena Vista city, VA",Great Recession,0.9240909090909092,0.9060453237547139,0.01804558533619527,NA,NA,NA
County,51540,"Charlottesville city, VA",Great Recession,1.0485771295548485,0.9675241976431505,0.08105293191169805,NA,NA,NA
County,51570,"Colonial Heights city, VA",Great Recession,0.897119341563786,0.9418387749606337,-0.044719433396847696,NA,NA,NA
County,51590,"Danville city, VA",Great Recession,0.9661108412929684,0.8839782061848213,0.08213263510814717,NA,NA,NA
County,51600,"Fairfax city, VA",Great Recession,0.8876760062580002,0.9831409300920538,-0.09546492383405358,NA,NA,NA
County,51610,"Falls Church city, VA",Great Recession,1.091228332337119,0.9447205241558049,0.14650780818131415,NA,NA,NA
County,51630,"Fredericksburg city, VA",Great Recession,1.0398615635179154,0.9739547819103541,0.06590678160756125,NA,NA,NA
County,51685,"Manassas Park city, VA",Great Recession,1.2075399262899262,0.9826294131136649,0.22491051317626132,NA,NA,NA
County,51700,"Newport News city, VA",Great Recession,0.9894833690487282,0.9632582273623149,0.026225141686413322,NA,NA,NA
County,51810,"Virginia Beach city, VA",Great Recession,0.9815667362548204,0.9825486997272836,-9.819634724632653e-4,NA,NA,NA
County,51820,"Waynesboro city, VA",Great Recession,0.9391695847923962,0.9382267244371392,9.428603552570358e-4,NA,NA,NA
County,51840,"Winchester city, VA",Great Recession,0.9587857142857142,0.9653970087886425,-0.0066112945029283,NA,NA,NA
County,53001,"Adams County, WA",Great Recession,1.0661960575386256,0.9616534694385869,0.10454258810003869,NA,NA,NA
County,53029,"Island County, WA",Great Recession,0.9641135253278478,0.9563395197238882,0.007774005603959577,NA,NA,NA
County,53039,"Klickitat County, WA",Great Recession,0.9675086355785838,0.9234872600950479,0.04402137548353591,NA,NA,NA
County,53045,"Mason County, WA",Great Recession,0.9047629172868382,0.9530222632552884,-0.04825934596845016,NA,NA,NA
County,53069,"Wahkiakum County, WA",Great Recession,0.7129629629629629,0.9287215578179212,-0.2157585948549583,NA,NA,NA
County,54019,"Fayette County, WV",Great Recession,0.8743393157925307,0.88298639928668,-0.008647083494149332,NA,NA,NA
County,54031,"Hardy County, WV",Great Recession,0.8710206995003569,0.911166210317992,-0.04014551081763518,NA,NA,NA
County,54039,"Kanawha County, WV",Great Recession,0.8979436148849523,0.9587479245772291,-0.06080430969227679,NA,NA,NA
County,54041,"Lewis County, WV",Great Recession,0.9705510261456284,0.9205772934355209,0.04997373271010752,NA,NA,NA
County,54057,"Mineral County, WV",Great Recession,0.8732263317050477,0.9055646951086447,-0.03233836340359697,NA,NA,NA
County,54059,"Mingo County, WV",Great Recession,0.7515635858234886,0.8597731223697846,-0.10820953654629606,NA,NA,NA
County,54071,"Pendleton County, WV",Great Recession,0.9193243243243244,0.9082911240753492,0.01103320024897525,NA,NA,NA
County,54097,"Upshur County, WV",Great Recession,0.9212182839434436,0.9072767917734988,0.01394149216994478,NA,NA,NA
County,55001,"Adams County, WI",Great Recession,0.8361081654294804,0.8944384822848042,-0.05833031685532375,NA,NA,NA
County,55005,"Barron County, WI",Great Recession,0.9057848164075422,0.927495911362765,-0.02171109495522283,NA,NA,NA
County,55023,"Crawford County, WI",Great Recession,0.8167354474370113,0.9394928733768853,-0.12275742593987393,NA,NA,NA
County,55029,"Door County, WI",Great Recession,0.8741838117531108,0.9088975607742452,-0.034713749021134443,NA,NA,NA
County,55041,"Forest County, WI",Great Recession,0.8221676978877747,0.9023415772267198,-0.08017387933894515,NA,NA,NA
County,55045,"Green County, WI",Great Recession,1.0108913950254903,0.9583680034056989,0.05252339161979136,NA,NA,NA
County,55049,"Iowa County, WI",Great Recession,0.921984011627907,0.9594860656154777,-0.03750205398757067,NA,NA,NA
County,55059,"Kenosha County, WI",Great Recession,0.9929981179733544,0.9733342178010502,0.019663900172304127,NA,NA,NA
County,55073,"Marathon County, WI",Great Recession,0.9665927344363472,0.9646418819711644,0.001950852465182784,NA,NA,NA
County,55079,"Milwaukee County, WI",Great Recession,0.9825553685779792,0.975437013781455,0.007118354796524229,NA,NA,NA
County,55083,"Oconto County, WI",Great Recession,0.9852758513611428,0.9371138656999396,0.04816198566120322,NA,NA,NA
County,55113,"Sawyer County, WI",Great Recession,0.8179064288118478,0.9060415438461729,-0.08813511503432503,NA,NA,NA
County,55119,"Taylor County, WI",Great Recession,0.9906465848042978,0.9418676825409398,0.048778902263358015,NA,NA,NA
County,55123,"Vernon County, WI",Great Recession,1.0176407314449625,0.9550502620512221,0.06259046939374036,NA,NA,NA
County,55131,"Washington County, WI",Great Recession,0.9882229084783828,0.967969202677114,0.02025370580126884,NA,NA,NA
County,55139,"Winnebago County, WI",Great Recession,0.9561230482818232,0.9542391150004944,0.0018839332813287424,NA,NA,NA
County,56017,"Hot Springs County, WY",Great Recession,0.9677217825905872,0.9476396245324007,0.020082158058186472,NA,NA,NA
County,72005,"Aguadilla Municipio, PR",Great Recession,0.6393960499477638,0.8263544167231256,-0.18695836677536182,NA,NA,NA
County,72043,"Coamo Municipio, PR",Great Recession,0.934240588059998,0.8614512549939365,0.0727893330660615,NA,NA,NA
County,72045,"Comerio Municipio, PR",Great Recession,1.0215736040609138,0.8646124535319408,0.15696115052897297,NA,NA,NA
County,72055,"Guanica Municipio, PR",Great Recession,0.5549946865037194,0.803166918566244,-0.2481722320625246,NA,NA,NA
County,72063,"Gurabo Municipio, PR",Great Recession,1.0458456666896123,0.7532207019210075,0.2926249647686048,NA,NA,NA
County,72065,"Hatillo Municipio, PR",Great Recession,0.9555968259328044,0.825883154967555,0.12971367096524933,NA,NA,NA
County,72067,"Hormigueros Municipio, PR",Great Recession,0.7552311435523115,0.8041754668314243,-0.0489443232791128,NA,NA,NA
County,72069,"Humacao Municipio, PR",Great Recession,0.7704027274664393,0.7878882687862722,-0.01748554131983282,NA,NA,NA
County,72091,"Manati Municipio, PR",Great Recession,0.76653944020356235,0.8082833065573173,-0.04174386635375493,NA,NA,NA
County,72095,"Maunabo Municipio, PR",Great Recession,0.7826572979878633,0.8385398334831903,-0.05588253549532696,NA,NA,NA
County,72099,"Moca Municipio, PR",Great Recession,0.667363413579357,0.7882741416802889,-0.12091072810093184,NA,NA,NA
County,72131,"San Sebastian Municipio, PR",Great Recession,0.648445264801931,0.8231717896754214,-0.17472652487349039,NA,NA,NA
County,72133,"Santa Isabel Municipio, PR",Great Recession,0.9768912825651302,0.850260324456452,0.1266309581086782,NA,NA,NA
County,72139,"Trujillo Alto Municipio, PR",Great Recession,0.7632798573975045,0.8130955946929871,-0.04981573729548261,NA,NA,NA
County,72141,"Utuado Municipio, PR",Great Recession,0.6963020770800816,0.7960270306763837,-0.09972495359630207,NA,NA,NA
County,72145,"Vega Baja Municipio, PR",Great Recession,0.7024802055476902,0.7962576848607198,-0.0937774793130296,NA,NA,NA
County,72149,"Villalba Municipio, PR",Great Recession,0.7202685042176548,0.9639050194695539,-0.2436365152518991,NA,NA,NA
County,01033,"Colbert County, AL",COVID-19,1.004480032434624,1.0114359898613514,-0.006955957426727499,NA,NA,NA
County,01069,"Houston County, AL",COVID-19,1.0246705822829365,1.0152509599084796,0.009419622374456926,NA,NA,NA
County,01077,"Lauderdale County, AL",COVID-19,1.0163302391827511,1.005364687057805,0.010965552124946099,NA,NA,NA
County,01085,"Lowndes County, AL",COVID-19,0.9120667522464698,0.9459139698582925,-0.03384721761182263,NA,NA,NA
County,01097,"Mobile County, AL",COVID-19,1.0051640992049151,0.9995475509310785,0.005616548273836619,NA,NA,NA
County,01119,"Sumter County, AL",COVID-19,0.9563721136767318,0.9418532203131026,0.014518893363629215,NA,NA,NA
County,02020,"Anchorage Borough/municipality, AK",COVID-19,1.0007719352416509,0.9818581480892284,0.018913787152422423,NA,NA,NA
County,02068,"Denali Borough, AK",COVID-19,0.9350165562913908,0.9725161658403486,-0.03749960954895781,NA,NA,NA
County,02290,"Yukon-Koyukuk Census Area, AK",COVID-19,0.9843419382141346,0.9692721200987003,0.015069818115434286,NA,NA,NA
County,05005,"Baxter County, AR",COVID-19,1.043735460285809,1.0263142772646752,0.017421183021133935,NA,NA,NA
County,05011,"Bradley County, AR",COVID-19,0.9343279775567456,0.9718781608152173,-0.0375501832584717,NA,NA,NA
County,05027,"Columbia County, AR",COVID-19,0.9954249113576576,0.9747080861559096,0.020716825201748,NA,NA,NA
County,05049,"Fulton County, AR",COVID-19,0.9866137828458106,1.0232362534970727,-0.03662247065126212,NA,NA,NA
County,05055,"Greene County, AR",COVID-19,1.0037485135205004,1.0062870679637443,-0.0025385544432439122,NA,NA,NA
County,05071,"Johnson County, AR",COVID-19,0.9630066902794177,0.9981765253183852,-0.035169835038967534,NA,NA,NA
County,05073,"Lafayette County, AR",COVID-19,0.89578111946533,0.9465266062297027,-0.05074548676437274,NA,NA,NA
County,05089,"Marion County, AR",COVID-19,0.9479241231209736,0.9958195716442781,-0.04789544852330452,NA,NA,NA
County,05093,"Mississippi County, AR",COVID-19,1.0465489566613162,0.9515873145012155,0.09496164216010072,NA,NA,NA
County,05095,"Monroe County, AR",COVID-19,0.8775652173913043,0.9007939758014339,-0.023228758410129613,NA,NA,NA
County,05135,"Sharp County, AR",COVID-19,1.0479676197037546,1.017962464107565,0.030005155596189548,NA,NA,NA
County,05149,"Yell County, AR",COVID-19,0.9915607189829022,0.9854878269916004,0.006072891991301788,NA,NA,NA
County,06001,"Alameda County, CA",COVID-19,0.9648488537745183,1.0055475277273733,-0.04069867395285498,NA,NA,NA
County,06013,"Contra Costa County, CA",COVID-19,0.9884336687690454,1.01830132646277,-0.02986765769372468,NA,NA,NA
County,06021,"Glenn County, CA",COVID-19,0.989076596497435,0.9955413693715642,-0.0064647728741292765,NA,NA,NA
County,06031,"Kings County, CA",COVID-19,1.0061243535404596,0.9980020602634022,0.00812229327705738,NA,NA,NA
County,06039,"Madera County, CA",COVID-19,1.0486364469322138,1.0064939039298868,0.042142543002327004,NA,NA,NA
County,06047,"Merced County, CA",COVID-19,1.0083397221339216,1.016734751340967,-0.00839502920704538,NA,NA,NA
County,06063,"Plumas County, CA",COVID-19,0.9725200162844349,0.9784914620786551,-0.005971445794220265,NA,NA,NA
County,06065,"Riverside County, CA",COVID-19,1.0634107410001186,1.0382993806936514,0.025111360306467212,NA,NA,NA
County,06091,"Sierra County, CA",COVID-19,0.9868630573248408,0.9940915233993307,-0.007228466074489903,NA,NA,NA
County,06093,"Siskiyou County, CA",COVID-19,0.9703579056371756,0.9901650774174977,-0.019807171780322097,NA,NA,NA
County,06099,"Stanislaus County, CA",COVID-19,1.0153069444021126,1.0177188027672328,-0.0024118583651202563,NA,NA,NA
County,06101,"Sutter County, CA",COVID-19,1.0050724461811034,1.0063752968886954,-0.0013028507075920626,NA,NA,NA
County,06103,"Tehama County, CA",COVID-19,1.0168496856847298,1.007221700022072,0.009627985662657768,NA,NA,NA
County,06107,"Tulare County, CA",COVID-19,1.050627465623326,1.010281654989502,0.04034581063382414,NA,NA,NA
County,06115,"Yuba County, CA",COVID-19,1.094232732221844,1.0272737242647698,0.0669590079570741,NA,NA,NA
County,08003,"Alamosa County, CO",COVID-19,0.9479863653579094,1.0097357190287852,-0.06174935367087586,NA,NA,NA
County,08071,"Las Animas County, CO",COVID-19,0.8885658914728682,0.9840515342883296,-0.09548564281546135,NA,NA,NA
County,08073,"Lincoln County, CO",COVID-19,0.9021193530395984,1.033869341743387,-0.13174998870378862,NA,NA,NA
County,08079,"Mineral County, CO",COVID-19,0.9629186602870812,1.0221760399813322,-0.059257379694251044,NA,NA,NA
County,08081,"Moffat County, CO",COVID-19,0.9420435252353758,0.9924035883953817,-0.05036006316000585,NA,NA,NA
County,08103,"Rio Blanco County, CO",COVID-19,0.9261213720316622,0.9513949081375614,-0.02527353610589922,NA,NA,NA
County,08123,"Weld County, CO",COVID-19,1.0122791755888652,1.1333123250721557,-0.12103314948329058,NA,NA,NA
County,08125,"Yuma County, CO",COVID-19,0.8932544587674378,0.9897116887904575,-0.09645723002301965,NA,NA,NA
County,09150,"Northeastern Connecticut Planning Region, CT",COVID-19,0.9812974752583248,0.9919283643909133,-0.010630889132588472,NA,NA,NA
County,10001,"Kent County, DE",COVID-19,1.0277114190157668,1.0328767627096707,-0.005165343693903868,NA,NA,NA
County,10005,"Sussex County, DE",COVID-19,1.0731275648131942,1.1106652789969391,-0.037537714183744963,NA,NA,NA
County,12009,"Brevard County, FL",COVID-19,1.0636934830403164,1.0561562936465319,0.00753718939378456,NA,NA,NA
County,12013,"Calhoun County, FL",COVID-19,0.9924575738529228,0.984520302992101,0.007937270860821743,NA,NA,NA
County,12021,"Collier County, FL",COVID-19,1.07318559040189,1.0950602723725942,-0.02187468197070408,NA,NA,NA
County,12031,"Duval County, FL",COVID-19,1.04333646126577,1.0336593843699913,0.009677076895778791,NA,NA,NA
County,12033,"Escambia County, FL",COVID-19,1.0216207524922285,1.022220228942762,-5.994764505334871e-4,NA,NA,NA
County,12037,"Franklin County, FL",COVID-19,1.020303965803847,1.0150279339775767,0.005276031826270344,NA,NA,NA
County,12043,"Glades County, FL",COVID-19,0.9949871764980182,1.0083000209537298,-0.013312844455711681,NA,NA,NA
County,12055,"Highlands County, FL",COVID-19,1.0239778939862134,1.046760560397429,-0.022782666411215624,NA,NA,NA
County,12073,"Leon County, FL",COVID-19,1.041901119365626,1.0078948636811595,0.03400625568446647,NA,NA,NA
County,12079,"Madison County, FL",COVID-19,1.098582369235783,1.000523336708664,0.09805903252711912,NA,NA,NA
County,12083,"Marion County, FL",COVID-19,1.083119812539693,1.0714848911364345,0.011634921403258502,NA,NA,NA
County,12087,"Monroe County, FL",COVID-19,1.063915399088704,0.9907115192677679,0.07320387982093612,NA,NA,NA
County,12095,"Orange County, FL",COVID-19,1.0473049423757672,1.0433447264933107,0.0039602158824565414,NA,NA,NA
County,12103,"Pinellas County, FL",COVID-19,1.0520828184402986,1.0272993421375964,0.024783476302702168,NA,NA,NA
County,12113,"Santa Rosa County, FL",COVID-19,1.0908948056519334,1.1087491919565278,-0.01785438630459435,NA,NA,NA
County,12123,"Taylor County, FL",COVID-19,0.8987019007881316,0.9846840502125616,-0.08598214942442994,NA,NA,NA
County,12127,"Volusia County, FL",COVID-19,1.055029747514033,1.0660832215921165,-0.011053474078083658,NA,NA,NA
County,13001,"Appling County, GA",COVID-19,1.062338668043366,0.993741183649441,0.06859748439392499,NA,NA,NA
County,13003,"Atkinson County, GA",COVID-19,0.947286012526096,0.9548849812939378,-0.007598968767841829,NA,NA,NA
County,13007,"Baker County, GA",COVID-19,0.9805045871559632,0.9307804497119622,0.04972413744400106,NA,NA,NA
County,13009,"Baldwin County, GA",COVID-19,1.0086454519853565,0.9771300697943697,0.03151538219098682,NA,NA,NA
County,13017,"Ben Hill County, GA",COVID-19,1.0509044700254149,0.9846961305978431,0.06620833942757176,NA,NA,NA
County,13031,"Bulloch County, GA",COVID-19,1.047722404683707,1.0273869262700366,0.02033547841367045,NA,NA,NA
County,13051,"Chatham County, GA",COVID-19,1.042912212573168,0.9975896372208463,0.04532257535232176,NA,NA,NA
County,13053,"Chattahoochee County, GA",COVID-19,0.8307464892830746,0.9573027565169868,-0.12655626723391222,NA,NA,NA
County,13059,"Clarke County, GA",COVID-19,0.975269192343678,1.0011733544310282,-0.025904162087350135,NA,NA,NA
County,13061,"Clay County, GA",COVID-19,0.8699507389162562,0.9405049541017207,-0.07055421518546456,NA,NA,NA
County,13103,"Effingham County, GA",COVID-19,1.118025965379494,1.0987124900658427,0.01931347531365124,NA,NA,NA
County,13115,"Floyd County, GA",COVID-19,1.05096194652709,1.0088170516964023,0.04214489483068773,NA,NA,NA
County,13117,"Forsyth County, GA",COVID-19,1.1131980018961274,1.1581811755319746,-0.04498317363584725,NA,NA,NA
County,13127,"Glynn County, GA",COVID-19,1.0446656323138823,1.0227357774753945,0.02192985483848786,NA,NA,NA
County,13131,"Grady County, GA",COVID-19,1.0274492099322798,0.9943800099378163,0.03306919999446356,NA,NA,NA
County,13139,"Hall County, GA",COVID-19,1.0891435148851567,1.0451633467414339,0.04398016814372285,NA,NA,NA
County,13145,"Harris County, GA",COVID-19,1.0557167926565876,1.064513733568071,-0.00879694091148342,NA,NA,NA
County,13149,"Heard County, GA",COVID-19,1.0513820775746767,1.006088129293016,0.04529394828166078,NA,NA,NA
County,13165,"Jenkins County, GA",COVID-19,1.0506349723217192,0.9842433094534295,0.06639166286828968,NA,NA,NA
County,13175,"Laurens County, GA",COVID-19,1.020002142130349,0.9921847602327624,0.027817381897586535,NA,NA,NA
County,13181,"Lincoln County, GA",COVID-19,1.000497347480106,1.016227000902224,-0.015729653422118073,NA,NA,NA
County,13183,"Long County, GA",COVID-19,1.1400421667207266,1.0716480791152734,0.06839408760545318,NA,NA,NA
County,13187,"Lumpkin County, GA",COVID-19,1.069770598615447,1.0389630601967075,0.030807538418739622,NA,NA,NA
County,13207,"Monroe County, GA",COVID-19,1.05705378020265,1.0399171175226778,0.01713666267997227,NA,NA,NA
County,13229,"Pierce County, GA",COVID-19,1.024393342650235,1.004693946473732,0.01969939617650307,NA,NA,NA
County,13235,"Pulaski County, GA",COVID-19,0.9805421363392378,0.9888395025236162,-0.008297366184378374,NA,NA,NA
County,13239,"Quitman County, GA",COVID-19,0.9443620178041544,1.0077986490415687,-0.06343663123741428,NA,NA,NA
County,13241,"Rabun County, GA",COVID-19,1.080168142921483,1.0294356884579616,0.05073245446352148,NA,NA,NA
County,13273,"Terrell County, GA",COVID-19,0.9581318016928658,0.9780779776345079,-0.019946175941642053,NA,NA,NA
County,13277,"Tift County, GA",COVID-19,1.047806671920147,0.9950679045530841,0.052738767367062955,NA,NA,NA
County,13281,"Towns County, GA",COVID-19,1.0458280657395702,1.0878671445547525,-0.04203907881518232,NA,NA,NA
County,13287,"Turner County, GA",COVID-19,1.0101465614430665,0.9502943256318537,0.059852235811212795,NA,NA,NA
County,16013,"Blaine County, ID",COVID-19,1.064480651731161,1.0070317983673616,0.057448853363799346,NA,NA,NA
County,16019,"Bonneville County, ID",COVID-19,1.1218250744652043,1.0552846730314944,0.06654040143370987,NA,NA,NA
County,16045,"Gem County, ID",COVID-19,1.092238470191226,1.0730700571116745,0.019168413079551527,NA,NA,NA
County,16051,"Jefferson County, ID",COVID-19,1.1438959586071875,1.0580136200292596,0.08588233857792793,NA,NA,NA
County,16057,"Latah County, ID",COVID-19,1.003439852435316,1.0108620908845625,-0.007422238449246388,NA,NA,NA
County,16063,"Lincoln County, ID",COVID-19,0.9060616802552286,0.9884001094033882,-0.08233842914815959,NA,NA,NA
County,16077,"Power County, ID",COVID-19,1.0390832328106152,0.9836279781879472,0.05545525462266798,NA,NA,NA
County,16083,"Twin Falls County, ID",COVID-19,1.0679565496422714,1.0310032799863853,0.03695326965588608,NA,NA,NA
County,17001,"Adams County, IL",COVID-19,0.945382982487175,0.9635478027192427,-0.01816482023206767,NA,NA,NA
County,17005,"Bond County, IL",COVID-19,0.9610853739245532,0.9660157314108959,-0.00493035748634274,NA,NA,NA
County,17009,"Brown County, IL",COVID-19,1.0334773218142548,0.928583669438399,0.1048936523758558,NA,NA,NA
County,17027,"Clinton County, IL",COVID-19,0.9831090284967036,0.9893869963015159,-0.006277967804812379,NA,NA,NA
County,17029,"Coles County, IL",COVID-19,0.9521893791818412,0.9649027106030403,-0.012713331421199126,NA,NA,NA
County,17033,"Crawford County, IL",COVID-19,0.9809224049331964,0.9621086593654382,0.018813745567758167,NA,NA,NA
County,17041,"Douglas County, IL",COVID-19,0.9966911384551752,0.9859991237533491,0.010692014701826125,NA,NA,NA
County,17051,"Fayette County, IL",COVID-19,0.9790415893461412,0.9687806350255169,0.010260954320624238,NA,NA,NA
County,17067,"Hancock County, IL",COVID-19,0.9444183037289732,0.9751326963532729,-0.030714392624299758,NA,NA,NA
County,17069,"Hardin County, IL",COVID-19,1.1350277998411438,0.9627923557654492,0.17223544407569458,NA,NA,NA
County,17077,"Jackson County, IL",COVID-19,0.9558501222287784,0.9854969757096677,-0.029646853480889246,NA,NA,NA
County,17079,"Jasper County, IL",COVID-19,1.0465899218071242,0.9660845302250026,0.08050539158212155,NA,NA,NA
County,17101,"Lawrence County, IL",COVID-19,0.8714285714285714,0.9702805169629045,-0.09885194553433307,NA,NA,NA
County,17109,"McDonough County, IL",COVID-19,0.953674623115578,0.9641006929735527,-0.010426069857974674,NA,NA,NA
County,17119,"Madison County, IL",COVID-19,0.9753299368683984,0.9907333262751628,-0.015403389406764334,NA,NA,NA
County,17139,"Moultrie County, IL",COVID-19,0.9572857142857144,0.9649711935469288,-0.007685479261214434,NA,NA,NA
County,17143,"Peoria County, IL",COVID-19,0.9572577156042688,0.9708981625017651,-0.013640446897496328,NA,NA,NA
County,17151,"Pope County, IL",COVID-19,1.048111510791367,1.0004411996870273,0.047670311104339724,NA,NA,NA
County,17171,"Scott County, IL",COVID-19,0.9199332777314428,0.9652933607128923,-0.045360082981449446,NA,NA,NA
County,17175,"Stark County, IL",COVID-19,0.9444220700765203,0.9646601026753397,-0.0202380325988194,NA,NA,NA
County,17179,"Tazewell County, IL",COVID-19,0.9632313472893184,0.9690002617674568,-0.005768914478138432,NA,NA,NA
County,17187,"Warren County, IL",COVID-19,0.9341773746535652,0.9567456171725524,-0.022568242518987147,NA,NA,NA
County,18003,"Allen County, IN",COVID-19,1.0128457606335826,1.0175466023534636,-0.004700841719881055,NA,NA,NA
County,18021,"Clay County, IN",COVID-19,0.964686006263392,0.9835876982712731,-0.018901692007881166,NA,NA,NA
County,18035,"Delaware County, IN",COVID-19,0.9487572320341048,0.9813839482924112,-0.032626716258306376,NA,NA,NA
County,18037,"Dubois County, IN",COVID-19,0.9497565294378044,0.9836083458868179,-0.03385181644901347,NA,NA,NA
County,18067,"Howard County, IN",COVID-19,0.8967980425173647,1.007122257861089,-0.11032421534372427,NA,NA,NA
County,18095,"Madison County, IN",COVID-19,1.0224840850602737,1.0045061105109834,0.017977974549290288,NA,NA,NA
County,18099,"Marshall County, IN",COVID-19,0.9914770130701032,0.9817661285504006,0.00971088451970259,NA,NA,NA
County,18107,"Montgomery County, IN",COVID-19,0.9971611626211064,0.9909296559065002,0.006231506714606261,NA,NA,NA
County,18113,"Noble County, IN",COVID-19,0.9289017590871764,0.9740149425513961,-0.045113183464219664,NA,NA,NA
County,18115,"Ohio County, IN",COVID-19,1.00844475721323,0.9913655315157522,0.017079225697477773,NA,NA,NA
County,18155,"Switzerland County, IN",COVID-19,0.9001144164759726,0.9860848246364915,-0.08597040816051893,NA,NA,NA
County,18167,"Vigo County, IN",COVID-19,0.9553133958159676,0.9801664858512208,-0.024853090035253156,NA,NA,NA
County,19003,"Adams County, IA",COVID-19,0.93360433604336035,0.9531773242989957,-0.01957298825563536,NA,NA,NA
County,19005,"Allamakee County, IA",COVID-19,0.9494508402805346,0.9701795132554364,-0.020728672974901774,NA,NA,NA
County,19013,"Black Hawk County, IA",COVID-19,0.95342761848867,0.996071175734439,-0.04264355724576907,NA,NA,NA
County,19031,"Cedar County, IA",COVID-19,0.9527824620573356,0.9921399533049943,-0.03935749124765864,NA,NA,NA
County,19037,"Chickasaw County, IA",COVID-19,0.9938566059554784,0.964427337751467,0.029429268204011372,NA,NA,NA
County,19053,"Decatur County, IA",COVID-19,0.97267395361237,0.9912141892447899,-0.01854023563241991,NA,NA,NA
County,19055,"Delaware County, IA",COVID-19,0.9748025197480252,0.9652415092991993,0.009561010448825957,NA,NA,NA
County,19057,"Des Moines County, IA",COVID-19,0.9118306414632904,0.9659590453908496,-0.05412840392755924,NA,NA,NA
County,19109,"Kossuth County, IA",COVID-19,0.9504121908568574,0.9740500156017364,-0.023637824744879077,NA,NA,NA
County,19117,"Lucas County, IA",COVID-19,0.9582747304266293,0.965107218838236,-0.006832488411606774,NA,NA,NA
County,19125,"Marion County, IA",COVID-19,1.03222127174223,0.9772880200675159,0.05493325167471419,NA,NA,NA
County,19129,"Mills County, IA",COVID-19,0.9449233716475096,0.9948343986859798,-0.04991102703847017,NA,NA,NA
County,19139,"Muscatine County, IA",COVID-19,0.915907641861736,0.9824983794041259,-0.06659073754238987,NA,NA,NA
County,19143,"Osceola County, IA",COVID-19,1.0063694267515924,0.9607511460995547,0.04561828065203766,NA,NA,NA
County,19145,"Page County, IA",COVID-19,1.0052906509509778,0.9750886065016275,0.030202044449350263,NA,NA,NA
County,19155,"Pottawattamie County, IA",COVID-19,0.9538731645030858,0.9966829883797168,-0.042809823876631015,NA,NA,NA
County,19161,"Sac County, IA",COVID-19,0.981264869151467,0.9762361771406312,0.005028692010835889,NA,NA,NA
County,19167,"Sioux County, IA",COVID-19,1.0619462599854756,0.989017974820344,0.07292828516513161,NA,NA,NA
County,19169,"Story County, IA",COVID-19,1.0039490590280402,1.0051777024023345,-0.0012286433742942915,NA,NA,NA
County,19197,"Wright County, IA",COVID-19,0.9647260808490712,0.96281543054312,0.001910650305951167,NA,NA,NA
County,20009,"Barton County, KS",COVID-19,0.9432977461447212,0.9678802414156713,-0.024582495270950133,NA,NA,NA
County,20037,"Crawford County, KS",COVID-19,1.0224329940853627,0.9833591819716438,0.03907381211371885,NA,NA,NA
County,20039,"Decatur County, KS",COVID-19,0.937625754527163,0.9820801875613046,-0.04445443303414154,NA,NA,NA
County,20043,"Doniphan County, KS",COVID-19,0.9728362183754994,0.9647018988907773,0.008134319484722097,NA,NA,NA
County,20047,"Edwards County, KS",COVID-19,0.9692307692307692,0.9452890728395913,0.023941696391177936,NA,NA,NA
County,20073,"Greenwood County, KS",COVID-19,0.9343899113837764,0.9822334233090487,-0.047843511925272364,NA,NA,NA
County,20077,"Harper County, KS",COVID-19,0.9743844320889596,0.945114314967899,0.029270117121060646,NA,NA,NA
County,20081,"Haskell County, KS",COVID-19,1.007705986959099,0.9493609490236024,0.05834503793549661,NA,NA,NA
County,20087,"Jefferson County, KS",COVID-19,1.019308726264135,1.0111537322582376,0.008154994005897365,NA,NA,NA
County,20099,"Labette County, KS",COVID-19,0.9316488004083716,0.9524034800993109,-0.02075467969093925,NA,NA,NA
County,20103,"Leavenworth County, KS",COVID-19,1.0382739702168422,1.008918599135785,0.029355371081057235,NA,NA,NA
County,20113,"McPherson County, KS",COVID-19,1.0192794126719724,0.9745454953460928,0.04473391732587961,NA,NA,NA
County,20121,"Miami County, KS",COVID-19,1.0445962587228057,1.0311616159056534,0.013434642817152342,NA,NA,NA
County,20155,"Reno County, KS",COVID-19,0.9812962768010668,0.9678752521960686,0.013421024604998166,NA,NA,NA
County,20161,"Riley County, KS",COVID-19,0.9783056432788686,0.9847801762190569,-0.006474532940188293,NA,NA,NA
County,20163,"Rooks County, KS",COVID-19,0.9719917012448132,0.9610470653957685,0.010944635849044704,NA,NA,NA
County,20169,"Saline County, KS",COVID-19,0.9975696057757604,0.9716964308980905,0.025873174877669824,NA,NA,NA
County,20185,"Stafford County, KS",COVID-19,0.9700049578582052,0.9682458923756873,0.0017590654825179186,NA,NA,NA
County,20187,"Stanton County, KS",COVID-19,1.0631067961165048,1.0872917532246895,-0.02418495710818469,NA,NA,NA
County,20189,"Stevens County, KS",COVID-19,1.1218032076289552,0.9486342189512663,0.17316898867768893,NA,NA,NA
County,20197,"Wabaunsee County, KS",COVID-19,1.049770290964778,0.9966065017564315,0.05316378920834641,NA,NA,NA
County,20199,"Wallace County, KS",COVID-19,1.065015479876161,0.9878154527344502,0.07720002714171093,NA,NA,NA
County,21009,"Barren County, KY",COVID-19,0.9386201209455745,1.0057262608016804,-0.06710613985610592,NA,NA,NA
County,21021,"Boyle County, KY",COVID-19,1.0176255271743455,1.0008638952036928,0.016761631970652724,NA,NA,NA
County,21029,"Bullitt County, KY",COVID-19,1.018158505312004,1.0365668550905627,-0.018408349778558764,NA,NA,NA
County,21033,"Caldwell County, KY",COVID-19,1.0834889802017182,0.9861551452770092,0.09733383492470904,NA,NA,NA
County,21035,"Calloway County, KY",COVID-19,0.9322454157536616,0.9983342102683748,-0.06608879451471317,NA,NA,NA
County,21037,"Campbell County, KY",COVID-19,0.989515392296416,0.9975439478019966,-0.00802855550558057,NA,NA,NA
County,21051,"Clay County, KY",COVID-19,0.9770012479942948,0.9628921972868701,0.01410905070742463,NA,NA,NA
County,21053,"Clinton County, KY",COVID-19,0.8938274861514113,0.9585690104267754,-0.06474152427536417,NA,NA,NA
County,21069,"Fleming County, KY",COVID-19,0.9764468371467026,1.0088735224250422,-0.032426685278339695,NA,NA,NA
County,21085,"Grayson County, KY",COVID-19,0.948695652173913,0.9985960899952214,-0.049900437821308374,NA,NA,NA
County,21093,"Hardin County, KY",COVID-19,0.960899742383274,1.0110805394466236,-0.05018079706334955,NA,NA,NA
County,21095,"Harlan County, KY",COVID-19,0.973108541173192,0.9564615580905442,0.01664698308264778,NA,NA,NA
County,21113,"Jessamine County, KY",COVID-19,1.036321923092541,1.0417974157521837,-0.0054754926596427556,NA,NA,NA
County,21119,"Knott County, KY",COVID-19,0.9568087077350624,0.9557425789261119,0.0010661288089505172,NA,NA,NA
County,21135,"Lewis County, KY",COVID-19,0.9779719419148412,0.9874334904688549,-0.00946154855401371,NA,NA,NA
County,21141,"Logan County, KY",COVID-19,0.9866717120753448,0.9955291716841216,-0.008857459608776819,NA,NA,NA
County,21147,"McCreary County, KY",COVID-19,1.0198183319570602,0.977573606899628,0.04224472505743215,NA,NA,NA
County,21163,"Meade County, KY",COVID-19,0.994102811364142,0.9986781979696091,-0.00457538660546708,NA,NA,NA
County,21171,"Monroe County, KY",COVID-19,0.9775583482944344,0.9955488108926779,-0.01799046259824344,NA,NA,NA
County,21179,"Nelson County, KY",COVID-19,1.012455598099368,1.0108854709209412,0.00157012717842675,NA,NA,NA
County,21183,"Ohio County, KY",COVID-19,0.9395290581162324,0.9880275131277626,-0.04849845501153016,NA,NA,NA
County,21191,"Pendleton County, KY",COVID-19,0.987923792379238,0.9931002868218507,-0.0051764944426127,NA,NA,NA
County,21197,"Powell County, KY",COVID-19,1.0505715946521992,0.9888155027023688,0.06175609194983034,NA,NA,NA
County,21201,"Robertson County, KY",COVID-19,1.0101910828025478,0.9887669367166545,0.02142414608589327,NA,NA,NA
County,22017,"Caddo Parish, LA",COVID-19,0.975602139597667,0.973463508145176,0.0021386314524909356,NA,NA,NA
County,22025,"Catahoula Parish, LA",COVID-19,1.06435974590438,0.9730567123414116,0.09130303356296854,NA,NA,NA
County,22037,"East Feliciana Parish, LA",COVID-19,0.985097927902356,0.977589944178375,0.007507983723980982,NA,NA,NA
County,22057,"Lafourche Parish, LA",COVID-19,0.995432609445019,0.9942391016817389,0.0011935077632800883,NA,NA,NA
County,22067,"Morehouse Parish, LA",COVID-19,0.9456225068234306,0.9420409802965148,0.0035815265269157903,NA,NA,NA
County,22079,"Rapides Parish, LA",COVID-19,1.006880481450222,0.9926163649163053,0.014264116533916571,NA,NA,NA
County,22113,"Vermilion Parish, LA",COVID-19,1.0089692661509513,1.0075582045229554,0.0014110616279958688,NA,NA,NA
County,22115,"Vernon Parish, LA",COVID-19,1.0442428035043805,0.9722572637018668,0.07198553980251365,NA,NA,NA
County,23011,"Kennebec County, ME",COVID-19,1.0019986009793145,0.9912863913619386,0.010712209617375845,NA,NA,NA
County,23013,"Knox County, ME",COVID-19,0.9672913543228384,0.9969415679517212,-0.02965021362888276,NA,NA,NA
County,23019,"Penobscot County, ME",COVID-19,0.9773801716128327,1.0011660937663975,-0.023785922153564787,NA,NA,NA
County,23031,"York County, ME",COVID-19,1.0033886078654888,1.0133944340752141,-0.010005826209725344,NA,NA,NA
County,24001,"Allegany County, MD",COVID-19,0.8676581528181916,0.9759226986417232,-0.10826454582353162,NA,NA,NA
County,24003,"Anne Arundel County, MD",COVID-19,0.9813497169325784,1.0193105053864626,-0.037960788453884176,NA,NA,NA
County,24019,"Dorchester County, MD",COVID-19,0.9816989626149932,0.9918208033037605,-0.010121840688767314,NA,NA,NA
County,24029,"Kent County, MD",COVID-19,0.9469017094017094,0.9715153834106918,-0.0246136740089824,NA,NA,NA
County,24035,"Queen Anne's County, MD",COVID-19,1.021257138591318,1.0207014323483674,5.557062429506487e-4,NA,NA,NA
County,24037,"St. Mary's County, MD",COVID-19,0.9992143168921868,1.0154903909059536,-0.01627607401376685,NA,NA,NA
County,24041,"Talbot County, MD",COVID-19,0.9395202162405676,0.9990528225239922,-0.059532606283424605,NA,NA,NA
County,24043,"Washington County, MD",COVID-19,0.9532531784737688,1.0123565860697794,-0.059103407596010626,NA,NA,NA
County,24510,"Baltimore city, MD",COVID-19,0.9350910384808984,0.9679351831451475,-0.03284414466424912,NA,NA,NA
County,25007,"Dukes County, MA",COVID-19,0.9961659457333858,1.0110529295248536,-0.0148869837914678,NA,NA,NA
County,25021,"Norfolk County, MA",COVID-19,1.001033765426912,1.0127913114247793,-0.01175754599786738,NA,NA,NA
County,26017,"Bay County, MI",COVID-19,0.990699349590051,0.972865511211733,0.01783383837831798,NA,NA,NA
County,26019,"Benzie County, MI",COVID-19,1.0274371361327883,1.0074396900149436,0.01999744611784471,NA,NA,NA
County,26033,"Chippewa County, MI",COVID-19,1.042547133999747,0.9729817246436554,0.06956540935609157,NA,NA,NA
County,26043,"Dickinson County, MI",COVID-19,1.001875312552092,0.97003799467462,0.031837317877472016,NA,NA,NA
County,26053,"Gogebic County, MI",COVID-19,0.9310848062266904,0.9645085633895278,-0.03342375716283741,NA,NA,NA
County,26055,"Grand Traverse County, MI",COVID-19,1.0179991841729554,1.009937281655818,0.008061902517137343,NA,NA,NA
County,26063,"Huron County, MI",COVID-19,0.9408866995073892,0.9665714415449159,-0.025684742037526687,NA,NA,NA
County,26067,"Ionia County, MI",COVID-19,1.0017683027598745,0.9973667377652965,0.004401564994578,NA,NA,NA
County,26079,"Kalkaska County, MI",COVID-19,1.031396255850234,1.0245395460176066,0.006856709832627539,NA,NA,NA
County,26095,"Luce County, MI",COVID-19,0.8345943673812526,0.976312417937201,-0.14171805055594844,NA,NA,NA
County,26097,"Mackinac County, MI",COVID-19,1.0536466415428951,0.9880045986309081,0.06564204291198705,NA,NA,NA
County,26099,"Macomb County, MI",COVID-19,0.9811555714560916,0.9990840390243738,-0.017928467568282258,NA,NA,NA
County,26103,"Marquette County, MI",COVID-19,1.007581390837671,0.9878166863637307,0.019764704473940298,NA,NA,NA
County,26105,"Mason County, MI",COVID-19,0.948972442783746,1.0133886833487709,-0.06441624056502482,NA,NA,NA
County,26113,"Missaukee County, MI",COVID-19,1.0711678832116789,1.0021697164835615,0.06899816672811743,NA,NA,NA
County,26121,"Muskegon County, MI",COVID-19,0.9974249418227596,1.011852665235396,-0.014427723412636428,NA,NA,NA
County,26133,"Osceola County, MI",COVID-19,1.082449160035367,0.9843023826585523,0.09814677737681465,NA,NA,NA
County,26135,"Oscoda County, MI",COVID-19,0.7687623436471362,0.9822150839576994,-0.21345274031056316,NA,NA,NA
County,26143,"Roscommon County, MI",COVID-19,1.1236146095717885,1.018012752997047,0.10560185657474142,NA,NA,NA
County,26145,"Saginaw County, MI",COVID-19,0.9687752177002662,0.9804353431662086,-0.011660125465942417,NA,NA,NA
County,26149,"St. Joseph County, MI",COVID-19,0.975275783575556,0.9793668634624578,-0.004091079886901827,NA,NA,NA
County,26151,"Sanilac County, MI",COVID-19,0.92008528554464,0.9845585214357699,-0.06447323589112997,NA,NA,NA
County,26153,"Schoolcraft County, MI",COVID-19,1.0330726621049202,0.9823121389493843,0.05076052315553592,NA,NA,NA
County,27007,"Beltrami County, MN",COVID-19,1.0368570751362882,1.0193795840372313,0.01747749109905694,NA,NA,NA
County,27031,"Cook County, MN",COVID-19,0.9331046312178388,1.0280900044021752,-0.09498537318433642,NA,NA,NA
County,27039,"Dodge County, MN",COVID-19,1.0174626735353185,1.0082518873479713,0.009210786187347164,NA,NA,NA
County,27051,"Grant County, MN",COVID-19,1.0037978863936592,1.0047009407043572,-9.030543106980371e-4,NA,NA,NA
County,27053,"Hennepin County, MN",COVID-19,0.98481047285757,1.0082152585132953,-0.023404785655725346,NA,NA,NA
County,27059,"Isanti County, MN",COVID-19,1.0601420754535855,1.0479369429153527,0.012205132538232855,NA,NA,NA
County,27079,"Le Sueur County, MN",COVID-19,1.007293616471955,1.0206560695435178,-0.013362453071562808,NA,NA,NA
County,27085,"McLeod County, MN",COVID-19,0.9877034450890796,0.9856726407195271,0.002030804369552497,NA,NA,NA
County,27095,"Mille Lacs County, MN",COVID-19,1.0258320726172463,1.0030621636788408,0.02276990893840547,NA,NA,NA
County,27109,"Olmsted County, MN",COVID-19,1.020620291806437,1.020212469992648,4.0782181378906657e-4,NA,NA,NA
County,27111,"Otter Tail County, MN",COVID-19,1.0147641155185363,1.0031352236932256,0.011628891825310683,NA,NA,NA
County,27117,"Pipestone County, MN",COVID-19,0.9423359194799747,0.9706723966021116,-0.028336477122136827,NA,NA,NA
County,27131,"Rice County, MN",COVID-19,1.0091812970261556,1.0139369687806288,-0.004755671754473223,NA,NA,NA
County,27133,"Rock County, MN",COVID-19,0.9973524962178516,0.9923928962977853,0.004959599920066338,NA,NA,NA
County,27153,"Todd County, MN",COVID-19,1.046404399323181,0.9943566452783033,0.052047754044877825,NA,NA,NA
County,27159,"Wadena County, MN",COVID-19,1.017133468940698,0.9927689078657443,0.02436456107495355,NA,NA,NA
County,27167,"Wilkin County, MN",COVID-19,0.9774501300954032,0.9697094915948734,0.007740638500529751,NA,NA,NA
County,27171,"Wright County, MN",COVID-19,1.064751173955245,1.044284636779923,0.020466537175322097,NA,NA,NA
County,28013,"Calhoun County, MS",COVID-19,0.961666358765934,0.969125964198495,-0.007459605432560967,NA,NA,NA
County,28017,"Chickasaw County, MS",COVID-19,0.917976653696498,0.9808415429087577,-0.06286488921225974,NA,NA,NA
County,28019,"Choctaw County, MS",COVID-19,0.9815,0.969132699654177,0.012367300345823007,NA,NA,NA
County,28021,"Claiborne County, MS",COVID-19,0.9616685456595264,0.9513560389355895,0.01031250672393691,NA,NA,NA
County,28035,"Forrest County, MS",COVID-19,1.0221737603184826,0.9902000405152034,0.03197371980327923,NA,NA,NA
County,28045,"Hancock County, MS",COVID-19,1.020786461899638,1.0266675783294754,-0.005881116429837352,NA,NA,NA
County,28049,"Hinds County, MS",COVID-19,0.9366909222481306,0.9680326946305132,-0.03134177238238267,NA,NA,NA
County,28053,"Humphreys County, MS",COVID-19,0.9054831288343558,0.910913008053048,-0.005429879218692202,NA,NA,NA
County,28057,"Itawamba County, MS",COVID-19,0.9998058063889698,0.985871186012206,0.01393462037676374,NA,NA,NA
County,28063,"Jefferson County, MS",COVID-19,0.9244386873920551,0.9434909026476643,-0.019052215255609184,NA,NA,NA
County,28067,"Jones County, MS",COVID-19,0.9779904636859926,1.0321701384754067,-0.0541796747894141,NA,NA,NA
County,28077,"Lawrence County, MS",COVID-19,1.0549112426035503,0.995924635349622,0.05898660725392835,NA,NA,NA
County,28161,"Yalobusha County, MS",COVID-19,0.9581381733021076,0.9664608478407244,-0.008322674538616792,NA,NA,NA
County,29001,"Adair County, MO",COVID-19,0.9216030936895764,0.9832767697096442,-0.06167367602006779,NA,NA,NA
County,29011,"Barton County, MO",COVID-19,1.0130071830712484,0.97630667110507,0.036700511966178406,NA,NA,NA
County,29021,"Buchanan County, MO",COVID-19,0.9335174063517916,0.9729202294453173,-0.03940282309352572,NA,NA,NA
County,29041,"Chariton County, MO",COVID-19,0.987303506650544,0.9701140457082875,0.017189460942256485,NA,NA,NA
County,29047,"Clay County, MO",COVID-19,1.0330258568942854,1.0448560766186532,-0.011830219724367819,NA,NA,NA
County,29059,"Dallas County, MO",COVID-19,1.0444981296758105,1.0223958808376337,0.022102248838176797,NA,NA,NA
County,29067,"Douglas County, MO",COVID-19,1.028593172428789,0.9894307537025009,0.039162418726288006,NA,NA,NA
County,29077,"Greene County, MO",COVID-19,1.0257195050494603,1.01590224226732,0.009817262782140235,NA,NA,NA
County,29087,"Holt County, MO",COVID-19,0.9293103448275862,0.9704784422072503,-0.04116809737966409,NA,NA,NA
County,29095,"Jackson County, MO",COVID-19,1.0075395155875166,1.0077452529348137,-2.057373472970081e-4,NA,NA,NA
County,29099,"Jefferson County, MO",COVID-19,1.0258436399200284,1.0149728792531023,0.01087076066692605,NA,NA,NA
County,29107,"Lafayette County, MO",COVID-19,1.007424970362513,0.9995165693557915,0.007908401006721633,NA,NA,NA
County,29109,"Lawrence County, MO",COVID-19,0.9565076178103225,1.0025609670376343,-0.04605334922731186,NA,NA,NA
County,29117,"Livingston County, MO",COVID-19,0.9681093394077448,0.9950373917428581,-0.026928052335113306,NA,NA,NA
County,29125,"Maries County, MO",COVID-19,1.011196067722556,0.9902257085546695,0.020970359167886476,NA,NA,NA
County,29135,"Moniteau County, MO",COVID-19,0.9870093194012992,1.0001710439305436,-0.013161724529244356,NA,NA,NA
County,29141,"Morgan County, MO",COVID-19,1.0539680559021711,1.0287524288124164,0.025215627089754777,NA,NA,NA
County,29151,"Osage County, MO",COVID-19,1.0171981104222023,0.9768306758232059,0.04036743459899639,NA,NA,NA
County,29179,"Reynolds County, MO",COVID-19,0.8743551952837141,0.9775090659440562,-0.1031538706603421,NA,NA,NA
County,29181,"Ripley County, MO",COVID-19,1.012888888888889,0.9679351196964269,0.04495376919246208,NA,NA,NA
County,29186,"Ste. Genevieve County, MO",COVID-19,1.0238538133274977,1.0041658527402424,0.019687960587255304,NA,NA,NA
County,29221,"Washington County, MO",COVID-19,0.9862734584450402,1.0003876843313828,-0.01411422588634259,NA,NA,NA
County,29510,"St. Louis city, MO",COVID-19,0.9424931818750468,0.9464258970409907,-0.003932715165943845,NA,NA,NA
County,30021,"Dawson County, MT",COVID-19,0.930752453653217,0.9618535135371413,-0.03110105988392431,NA,NA,NA
County,30037,"Golden Valley County, MT",COVID-19,1.0989445910290236,1.012570589385546,0.08637400164347775,NA,NA,NA
County,30039,"Granite County, MT",COVID-19,0.995830174374526,1.0114965814775878,-0.015666407103061775,NA,NA,NA
County,30047,"Lake County, MT",COVID-19,1.0806315304240934,1.035034548895309,0.04559698152878444,NA,NA,NA
County,30049,"Lewis and Clark County, MT",COVID-19,1.0371976332733917,1.0242410573718586,0.012956575901533096,NA,NA,NA
County,30053,"Lincoln County, MT",COVID-19,1.0887668566662032,1.0391400698992166,0.04962678676698662,NA,NA,NA
County,30055,"McCone County, MT",COVID-19,0.9952941176470588,0.9849638362700723,0.010330281376986439,NA,NA,NA
County,30061,"Mineral County, MT",COVID-19,1.1549865229110512,1.0249292698755856,0.13005725303546556,NA,NA,NA
County,30063,"Missoula County, MT",COVID-19,1.0475287198707988,1.0231970397449948,0.024331680125804,NA,NA,NA
County,30065,"Musselshell County, MT",COVID-19,1.0530646992054484,0.966244506334442,0.0868201928710064,NA,NA,NA
County,30073,"Pondera County, MT",COVID-19,0.933130699088146,0.9777951806673192,-0.04466448157917313,NA,NA,NA
County,30103,"Treasure County, MT",COVID-19,0.9212410501193318,1.0756908852982119,-0.1544498351788801,NA,NA,NA
County,30109,"Wibaux County, MT",COVID-19,0.9304245283018868,1.0039054426016827,-0.07348091429979586,NA,NA,NA
County,31003,"Antelope County, NE",COVID-19,0.9799043062200956,0.9732169818805159,0.006687324339579748,NA,NA,NA
County,31009,"Blaine County, NE",COVID-19,0.9881422924901184,1.0349001800689543,-0.04675788757883592,NA,NA,NA
County,31021,"Burt County, NE",COVID-19,1.0180546519193234,0.9695961662293425,0.0484584856899809,NA,NA,NA
County,31023,"Butler County, NE",COVID-19,1.015006821282401,0.9729681397004082,0.042038681581992865,NA,NA,NA
County,31025,"Cass County, NE",COVID-19,1.0282608695652171,1.0337691205922306,-0.005508251027013467,NA,NA,NA
County,31041,"Custer County, NE",COVID-19,0.9841124908692476,0.9845458105327687,-4.333196635211145e-4,NA,NA,NA
County,31043,"Dakota County, NE",COVID-19,1.016371394119284,0.9848891490885208,0.031482245030763245,NA,NA,NA
County,31061,"Franklin County, NE",COVID-19,1.0423669467787116,0.9672546822495032,0.07511226452920838,NA,NA,NA
County,31063,"Frontier County, NE",COVID-19,0.9686226568867156,0.9690367947178244,-4.14137831108885e-4,NA,NA,NA
County,31093,"Howard County, NE",COVID-19,1.0673343605546994,1.0082560916555885,0.05907826889911094,NA,NA,NA
County,31099,"Kearney County, NE",COVID-19,0.9826238053866204,1.0074393935357746,-0.02481558814915419,NA,NA,NA
County,31105,"Kimball County, NE",COVID-19,0.9890899414582224,0.9726927378371754,0.01639720362104702,NA,NA,NA
County,31109,"Lancaster County, NE",COVID-19,1.0205584499882243,1.0222552954471462,-0.0016968454589219029,NA,NA,NA
County,31113,"Logan County, NE",COVID-19,0.9197860962566844,1.0142681938053149,-0.09448209754863046,NA,NA,NA
County,31117,"McPherson County, NE",COVID-19,0.875,1.097358849545128,-0.22235884954512808,NA,NA,NA
County,31129,"Nuckolls County, NE",COVID-19,1.0404294198264048,0.9678613678249738,0.07256805200143102,NA,NA,NA
County,31153,"Sarpy County, NE",COVID-19,1.0494809479740876,1.0513831886436302,-0.0019022406695425875,NA,NA,NA
County,31159,"Seward County, NE",COVID-19,0.9959289415247964,1.004718071220679,-0.008789129695882525,NA,NA,NA
County,31163,"Sherman County, NE",COVID-19,0.976065573770492,0.9786641096006038,-0.0025985358301118255,NA,NA,NA
County,31171,"Thomas County, NE",COVID-19,0.9942528735632185,0.9828144444839231,0.011438429079295376,NA,NA,NA
County,31173,"Thurston County, NE",COVID-19,1.0773704617553754,0.9351446022444917,0.14222585951088373,NA,NA,NA
County,31179,"Wayne County, NE",COVID-19,0.992557978539287,0.9837093338352294,0.008848644704057551,NA,NA,NA
County,32003,"Clark County, NV",COVID-19,1.0174095860223953,1.0574116147342707,-0.040002028711875415,NA,NA,NA
County,32009,"Esmeralda County, NV",COVID-19,0.9840989399293286,1.0084929672313754,-0.02439402730204676,NA,NA,NA
County,32011,"Eureka County, NV",COVID-19,0.902456647398844,0.9814859711576643,-0.07902932375882032,NA,NA,NA
County,32033,"White Pine County, NV",COVID-19,0.9735245449531164,0.9443833629953859,0.02914118195773041,NA,NA,NA
County,33015,"Rockingham County, NH",COVID-19,0.9908437195067862,1.0114875649400288,-0.020643845433242602,NA,NA,NA
County,33017,"Strafford County, NH",COVID-19,0.9888579573591016,1.0122857097472093,-0.02342775238810768,NA,NA,NA
County,34007,"Camden County, NJ",COVID-19,1.0303346237725213,1.0016372089140262,0.028697414858495085,NA,NA,NA
County,34023,"Middlesex County, NJ",COVID-19,1.0189993209880923,1.0044995495332592,0.014499771454833166,NA,NA,NA
County,34027,"Morris County, NJ",COVID-19,1.0120256261276417,0.9990639525683696,0.012961673559272135,NA,NA,NA
County,35007,"Colfax County, NM",COVID-19,0.9786187512547682,0.9508651266693341,0.027753624585434067,NA,NA,NA
County,35017,"Grant County, NM",COVID-19,0.9642925338934504,0.9667087179062376,-0.0024161840127872036,NA,NA,NA
County,35033,"Mora County, NM",COVID-19,0.8057875894988067,0.9987856959046079,-0.19299810640580117,NA,NA,NA
County,35045,"San Juan County, NM",COVID-19,0.9654179572999604,0.975337486204428,-0.009919528904467567,NA,NA,NA
County,36001,"Albany County, NY",COVID-19,1.0008398799259115,0.9967421873926139,0.004097692533297614,NA,NA,NA
County,36007,"Broome County, NY",COVID-19,0.9700565172152856,0.9758901948822071,-0.005833677666921444,NA,NA,NA
County,36011,"Cayuga County, NY",COVID-19,0.9715379061371842,0.9664971909173535,0.005040715219830627,NA,NA,NA
County,36031,"Essex County, NY",COVID-19,0.985541457657126,0.9681809447061993,0.017360512950926665,NA,NA,NA
County,36047,"Kings County, NY",COVID-19,0.9702177611567396,0.994936084918082,-0.02471832376134242,NA,NA,NA
County,36057,"Montgomery County, NY",COVID-19,0.9794626593806922,0.9855535199617582,-0.006090860581066004,NA,NA,NA
County,36061,"New York County, NY",COVID-19,0.9709844260035044,0.9839977360546609,-0.013013310051156468,NA,NA,NA
County,36063,"Niagara County, NY",COVID-19,0.9765391389833286,0.9768968071895459,-3.5766820621729867e-4,NA,NA,NA
County,36071,"Orange County, NY",COVID-19,1.015007894455901,1.0133412035441838,0.001666690911717117,NA,NA,NA
County,36075,"Oswego County, NY",COVID-19,0.9977623264122312,0.9735473528584804,0.024214973553750796,NA,NA,NA
County,36083,"Rensselaer County, NY",COVID-19,0.9808671053130092,0.9969232480023654,-0.01605614268935618,NA,NA,NA
County,36099,"Seneca County, NY",COVID-19,0.8736156351791531,0.975880627744654,-0.10226499256550092,NA,NA,NA
County,36101,"Steuben County, NY",COVID-19,0.9485962164116158,0.9610368745222984,-0.012440658110682512,NA,NA,NA
County,37019,"Brunswick County, NC",COVID-19,1.1870240810173551,1.1614204549370992,0.025603626080255903,NA,NA,NA
County,37027,"Caldwell County, NC",COVID-19,1.0058269834155087,0.9937766710584888,0.012050312357019921,NA,NA,NA
County,37103,"Jones County, NC",COVID-19,1.0194931773879143,0.9774792687004966,0.04201390868741772,NA,NA,NA
County,37107,"Lenoir County, NC",COVID-19,1.0061476290787157,0.991539596418567,0.014608032660148651,NA,NA,NA
County,37111,"McDowell County, NC",COVID-19,0.9831113225499524,0.9980984139732044,-0.014987091423252052,NA,NA,NA
County,37113,"Macon County, NC",COVID-19,1.0655977646197858,1.0348261042232139,0.030771660396571976,NA,NA,NA
County,37129,"New Hanover County, NC",COVID-19,1.0707243181227424,1.0417328107717656,0.028991507350976775,NA,NA,NA
County,37135,"Orange County, NC",COVID-19,1.0610774589762602,1.0163373043563895,0.04474015461987069,NA,NA,NA
County,37157,"Rockingham County, NC",COVID-19,0.998218895198761,0.9935676387950355,0.0046512564037254345,NA,NA,NA
County,37159,"Rowan County, NC",COVID-19,1.0420311729916214,1.022552121583423,0.01947905140819839,NA,NA,NA
County,37177,"Tyrrell County, NC",COVID-19,0.9146810146041506,1.0121486916982287,-0.09746767709407811,NA,NA,NA
County,37185,"Warren County, NC",COVID-19,0.9717658428827832,0.9976462001015244,-0.025880357218741157,NA,NA,NA
County,37189,"Watauga County, NC",COVID-19,1.0239839592812523,1.0207691322656245,0.003214827015627808,NA,NA,NA
County,38015,"Burleigh County, ND",COVID-19,1.0272077426609374,1.0251898820993859,0.00201786056155151,NA,NA,NA
County,38017,"Cass County, ND",COVID-19,1.065992356352135,1.0418894596566564,0.024102896695478604,NA,NA,NA
County,38043,"Kidder County, ND",COVID-19,1.0184672206832872,0.978648241203689,0.03981897947959823,NA,NA,NA
County,38059,"Morton County, ND",COVID-19,1.022809872525088,1.0256100430796211,-0.002800170554533077,NA,NA,NA
County,38077,"Richland County, ND",COVID-19,1.0028885037550548,0.9867998055393166,0.016088698215738217,NA,NA,NA
County,38087,"Slope County, ND",COVID-19,0.863013698630137,1.0775359080020306,-0.2145222093718936,NA,NA,NA
County,38089,"Stark County, ND",COVID-19,0.9810232502540196,1.0006940716731425,-0.019670821419122908,NA,NA,NA
County,39019,"Carroll County, OH",COVID-19,0.980105424247577,0.9796211529550167,4.842712925602344e-4,NA,NA,NA
County,39025,"Clermont County, OH",COVID-19,1.0193632795464458,1.0094328040593632,0.00993047548708259,NA,NA,NA
County,39033,"Crawford County, OH",COVID-19,0.972972972972973,0.9757164223327663,-0.002743449359793315,NA,NA,NA
County,39039,"Defiance County, OH",COVID-19,0.9693624868282402,0.9870374310526259,-0.017674944224385647,NA,NA,NA
County,39043,"Erie County, OH",COVID-19,0.982412899991645,0.9766258516069575,0.005787048384687576,NA,NA,NA
County,39045,"Fairfield County, OH",COVID-19,1.042603723016094,1.0334264491701572,0.009177273845936806,NA,NA,NA
County,39051,"Fulton County, OH",COVID-19,0.961274322777566,0.9897115271842617,-0.028437204406695726,NA,NA,NA
County,39057,"Greene County, OH",COVID-19,0.9974482995010854,1.0077011032147662,-0.01025280371368087,NA,NA,NA
County,39073,"Hocking County, OH",COVID-19,0.98058017727639,0.9809963621858139,-4.1618490942385566e-4,NA,NA,NA
County,39075,"Holmes County, OH",COVID-19,1.0441258422412485,0.9922846998501614,0.05184114239108706,NA,NA,NA
County,39107,"Mercer County, OH",COVID-19,0.9885473854738548,0.9859078001878716,0.0026395852859831814,NA,NA,NA
County,39109,"Miami County, OH",COVID-19,1.005808714989552,1.0172259075936751,-0.011417192604123105,NA,NA,NA
County,39121,"Noble County, OH",COVID-19,0.9803850782190132,0.9899097692786303,-0.009524691059617063,NA,NA,NA
County,39125,"Paulding County, OH",COVID-19,1.0079299325363948,0.9713691009957104,0.03656083154068446,NA,NA,NA
County,39139,"Richland County, OH",COVID-19,0.9653892629035042,0.9903452440881758,-0.024955981184671572,NA,NA,NA
County,39143,"Sandusky County, OH",COVID-19,0.9768081054862932,0.9747817876901954,0.002026317796097743,NA,NA,NA
County,39149,"Shelby County, OH",COVID-19,0.978131995688583,0.9762922448974201,0.0018397507911629418,NA,NA,NA
County,39155,"Trumbull County, OH",COVID-19,0.9667912477002648,0.9738140690284464,-0.00702282132818155,NA,NA,NA
County,39171,"Williams County, OH",COVID-19,0.9467684942437022,0.9738736882049649,-0.027105193961262652,NA,NA,NA
County,39175,"Wyandot County, OH",COVID-19,1.0201177625122668,0.9664867266855444,0.05363103582672246,NA,NA,NA
County,40005,"Atoka County, OK",COVID-19,1.0146801477736729,0.9948224466579553,0.019857701115717608,NA,NA,NA
County,40019,"Carter County, OK",COVID-19,0.999250796029219,0.9996745784133474,-4.2378238412843494e-4,NA,NA,NA
County,40023,"Choctaw County, OK",COVID-19,1.1568802427271103,0.9849822868846343,0.17189795584247602,NA,NA,NA
County,40027,"Cleveland County, OK",COVID-19,1.057958459595088,1.0225371927703568,0.035421266824731124,NA,NA,NA
County,40055,"Greer County, OK",COVID-19,0.9194111776447106,0.9896481952618463,-0.07023701761713574,NA,NA,NA
County,40067,"Jefferson County, OK",COVID-19,0.988445854100589,0.9800717361630525,0.008374117937536507,NA,NA,NA
County,40069,"Johnston County, OK",COVID-19,0.8375975715524718,0.9987963709182097,-0.1611987993657379,NA,NA,NA
County,40073,"Kingfisher County, OK",COVID-19,1.0023699718165513,0.99483738392008,0.007532587896471266,NA,NA,NA
County,40083,"Logan County, OK",COVID-19,1.1081582759869613,1.065565146281003,0.0425931297059583,NA,NA,NA
County,40089,"McCurtain County, OK",COVID-19,1.1510889656835168,0.9947274983547122,0.15636146732880463,NA,NA,NA
County,40097,"Mayes County, OK",COVID-19,1.031335947100474,1.0004689965402487,0.03086695056022526,NA,NA,NA
County,40121,"Pittsburg County, OK",COVID-19,0.9258027270727952,0.9861577279288519,-0.06035500085605672,NA,NA,NA
County,40133,"Seminole County, OK",COVID-19,1.0083096186681844,0.9887772960679083,0.019532322600276042,NA,NA,NA
County,40135,"Sequoyah County, OK",COVID-19,1.039979332170768,1.005036109215097,0.03494322295567098,NA,NA,NA
County,40137,"Stephens County, OK",COVID-19,1.073764847650198,0.9891778161742243,0.08458703147597368,NA,NA,NA
County,41001,"Baker County, OR",COVID-19,1.0267078776351244,1.0093668751068645,0.017341002528259875,NA,NA,NA
County,41003,"Benton County, OR",COVID-19,1.0267843471793865,1.0117549518543563,0.015029395325030226,NA,NA,NA
County,41011,"Coos County, OR",COVID-19,1.0188518077075883,1.0045865331935149,0.014265274514073445,NA,NA,NA
County,41023,"Grant County, OR",COVID-19,1.0315696649029982,0.9903345581536837,0.04123510674931452,NA,NA,NA
County,41027,"Hood River County, OR",COVID-19,0.994593586875466,0.995077265539529,-4.836786640630697e-4,NA,NA,NA
County,41035,"Klamath County, OR",COVID-19,1.031380673610583,1.0119993897447077,0.019381283865875343,NA,NA,NA
County,41039,"Lane County, OR",COVID-19,1.0173430701944708,1.0256771601962877,-0.008334090001816952,NA,NA,NA
County,42003,"Allegheny County, PA",COVID-19,0.963402607923476,0.9969521221192312,-0.03354951419575525,NA,NA,NA
County,42005,"Armstrong County, PA",COVID-19,0.9567735742892132,0.9647006725188292,-0.007927098229616014,NA,NA,NA
County,42023,"Cameron County, PA",COVID-19,0.8867586912065439,0.9398096488601746,-0.05305095765363066,NA,NA,NA
County,42033,"Clearfield County, PA",COVID-19,0.9797614589035176,0.9835328692499522,-0.0037714103464345783,NA,NA,NA
County,42039,"Crawford County, PA",COVID-19,0.9704882033153904,0.9644632171512374,0.0060249861641530345,NA,NA,NA
County,42041,"Cumberland County, PA",COVID-19,1.0320280452233077,1.0285332736894797,0.003494771533828045,NA,NA,NA
County,42047,"Elk County, PA",COVID-19,0.9105667810395222,0.9648923467936102,-0.05432556575408809,NA,NA,NA
County,42071,"Lancaster County, PA",COVID-19,1.011871254848253,1.004360387241425,0.007510867606827842,NA,NA,NA
County,42083,"McKean County, PA",COVID-19,0.9311511773404618,0.9594007272756302,-0.028249549935168372,NA,NA,NA
County,42085,"Mercer County, PA",COVID-19,0.9375235700817096,0.9599502386717402,-0.02242666859003062,NA,NA,NA
County,42089,"Monroe County, PA",COVID-19,0.9754068442978868,1.0036381975970894,-0.028231353299202566,NA,NA,NA
County,42097,"Northumberland County, PA",COVID-19,0.9934240526075792,0.9780336367934005,0.01539041581417866,NA,NA,NA
County,42121,"Venango County, PA",COVID-19,0.8972498966989578,0.9614961276428358,-0.06424623094387794,NA,NA,NA
County,42127,"Wayne County, PA",COVID-19,1.0080100975775523,1.0005812932678024,0.0074288043097499035,NA,NA,NA
County,42131,"Wyoming County, PA",COVID-19,0.9708448866416572,0.9672868385053224,0.003558048136334868,NA,NA,NA
County,44005,"Newport County, RI",COVID-19,0.9917492934808642,0.9912195567610566,5.297367198076053e-4,NA,NA,NA
County,44009,"Washington County, RI",COVID-19,1.014111127979353,0.9901865785752412,0.023924549404111928,NA,NA,NA
County,45005,"Allendale County, SC",COVID-19,0.9440924338427134,0.8958412276289833,0.048251206213730025,NA,NA,NA
County,45011,"Barnwell County, SC",COVID-19,0.9412753692806533,0.9772636778255889,-0.03598830854493562,NA,NA,NA
County,45013,"Beaufort County, SC",COVID-19,1.0379911696904185,1.0686810361035595,-0.030689866413140976,NA,NA,NA
County,45039,"Fairfield County, SC",COVID-19,0.9739379171522408,0.9796430016759271,-0.0057050845236863434,NA,NA,NA
County,45047,"Greenwood County, SC",COVID-19,0.9804205178861216,1.0004381996824427,-0.02001768179632113,NA,NA,NA
County,45075,"Orangeburg County, SC",COVID-19,0.988045738045738,0.9701027667962868,0.01794297124945121,NA,NA,NA
County,45083,"Spartanburg County, SC",COVID-19,1.0534513777104442,1.067180573266141,-0.01372919555569685,NA,NA,NA
County,45089,"Williamsburg County, SC",COVID-19,0.8364478042979699,0.9645185237899271,-0.12807071949195714,NA,NA,NA
County,46013,"Brown County, SD",COVID-19,0.9574863599053643,1.001823532075602,-0.04433717217023758,NA,NA,NA
County,46015,"Brule County, SD",COVID-19,1.0493387589013226,0.9872773620362252,0.062061396865097374,NA,NA,NA
County,46017,"Buffalo County, SD",COVID-19,1.0073770491803278,0.9942828638173855,0.013094185362942268,NA,NA,NA
County,46027,"Clay County, SD",COVID-19,0.9908199975189182,1.0008152492006108,-0.009995251681692574,NA,NA,NA
County,46029,"Codington County, SD",COVID-19,1.040933012799688,0.9943176893210252,0.04661532347866293,NA,NA,NA
County,46031,"Corson County, SD",COVID-19,0.9409751924721984,0.963608575407889,-0.022633382935690616,NA,NA,NA
County,46035,"Davison County, SD",COVID-19,1.0059662533793232,0.9821370654150057,0.023829187964317544,NA,NA,NA
County,46039,"Deuel County, SD",COVID-19,1.0860238832375055,1.0041445989552653,0.08187928428224023,NA,NA,NA
County,46041,"Dewey County, SD",COVID-19,1.0657690315898498,0.9381430483128935,0.1276259832769563,NA,NA,NA
County,46055,"Haakon County, SD",COVID-19,1.0061936936936935,0.9741420736300623,0.03205162006363116,NA,NA,NA
County,46067,"Hutchinson County, SD",COVID-19,1.0266806173162435,0.9909099122488068,0.03577070506743674,NA,NA,NA
County,46069,"Hyde County, SD",COVID-19,0.9884726224783862,0.9565653017427739,0.03190732073561231,NA,NA,NA
County,46075,"Jones County, SD",COVID-19,0.9246411483253588,1.022079576042203,-0.09743842771684419,NA,NA,NA
County,46079,"Lake County, SD",COVID-19,1.0153546375681994,1.001048421600592,0.014306215967607505,NA,NA,NA
County,46083,"Lincoln County, SD",COVID-19,1.1234338292873922,1.1217125989165875,0.0017212303708047383,NA,NA,NA
County,46087,"McCook County, SD",COVID-19,1.0128813559322034,1.0015210224587399,0.011360333473463546,NA,NA,NA
County,46097,"Miner County, SD",COVID-19,1.0560263653483992,0.9798171671242453,0.07620919822415395,NA,NA,NA
County,46101,"Moody County, SD",COVID-19,1.0040625,0.998476136358044,0.0055863636419560825,NA,NA,NA
County,46107,"Potter County, SD",COVID-19,0.9724025974025974,0.9749501549936088,-0.00254755759101144,NA,NA,NA
County,46109,"Roberts County, SD",COVID-19,0.9719101123595506,0.9949353085661848,-0.023025196206634235,NA,NA,NA
County,46111,"Sanborn County, SD",COVID-19,1.0682684973302825,0.9844463408117211,0.0838221565185614,NA,NA,NA
County,47011,"Bradley County, TN",COVID-19,0.956911091478596,1.0353139373639044,-0.07840284588530844,NA,NA,NA
County,47017,"Carroll County, TN",COVID-19,0.9954128440366972,0.9889681648995897,0.006444679137107445,NA,NA,NA
County,47063,"Hamblen County, TN",COVID-19,0.99452589309391215,1.0100017501965461,-0.015475857102633994,NA,NA,NA
County,47069,"Hardeman County, TN",COVID-19,0.9373575011399908,0.9831957725723297,-0.04583827143233887,NA,NA,NA
County,47089,"Jefferson County, TN",COVID-19,1.0267001275352778,1.033348156689663,-0.0066480291543851155,NA,NA,NA
County,47099,"Lawrence County, TN",COVID-19,1.0174917306721982,1.0185447265866672,-0.001052995914468946,NA,NA,NA
County,47101,"Lewis County, TN",COVID-19,1.085579382254574,1.0205273048849488,0.06505207736962526,NA,NA,NA
County,47109,"McNairy County, TN",COVID-19,0.9874194219172384,0.993439324878464,-0.006019902961225565,NA,NA,NA
County,47123,"Monroe County, TN",COVID-19,1.033950953678474,1.0172396946662845,0.016711259012189394,NA,NA,NA
County,47137,"Pickett County, TN",COVID-19,0.8986562150055991,1.0295176034912947,-0.13086138848569562,NA,NA,NA
County,47157,"Shelby County, TN",COVID-19,0.9587274946597498,0.9984114285874962,-0.039683933927746384,NA,NA,NA
County,47167,"Tipton County, TN",COVID-19,0.9863886475528526,1.0130247891773179,-0.02663614162446526,NA,NA,NA
County,48001,"Anderson County, TX",COVID-19,0.9874499050833158,0.9613952045364103,0.026054700546905507,NA,NA,NA
County,48015,"Austin County, TX",COVID-19,1.0350236197224685,1.0106638586559438,0.02435976106652471,NA,NA,NA
County,48019,"Bandera County, TX",COVID-19,1.0961348481106443,1.0793205857388433,0.01681426237180106,NA,NA,NA
County,48023,"Baylor County, TX",COVID-19,1.0905310300703774,0.9747049231219121,0.11582610694846529,NA,NA,NA
County,48031,"Blanco County, TX",COVID-19,1.1651716068642746,1.055007564165751,0.11016404269852353,NA,NA,NA
County,48041,"Brazos County, TX",COVID-19,1.110811030154379,1.0355116897044712,0.07529934044990783,NA,NA,NA
County,48043,"Brewster County, TX",COVID-19,1.038878657663188,0.9903401053794635,0.04853855228372461,NA,NA,NA
County,48049,"Brown County, TX",COVID-19,0.978978978978979,0.9992537812618241,-0.02027480228284506,NA,NA,NA
County,48055,"Caldwell County, TX",COVID-19,1.14702154626109,1.0660222166060824,0.08099932965500756,NA,NA,NA
County,48065,"Carson County, TX",COVID-19,1.0039275956284153,0.9799444490678281,0.0239831465605872,NA,NA,NA
County,48089,"Colorado County, TX",COVID-19,1.0650330972012545,1.0176011188454948,0.04743197835575974,NA,NA,NA
County,48091,"Comal County, TX",COVID-19,1.225278223797132,1.1927348210557265,0.03254340274140555,NA,NA,NA
County,48097,"Cooke County, TX",COVID-19,1.0379877325911036,1.0319692426391054,0.006018489951998163,NA,NA,NA
County,48101,"Cottle County, TX",COVID-19,1.6748091603053434,1.068979822845968,0.6058293374593755,NA,NA,NA
County,48121,"Denton County, TX",COVID-19,1.1637132116755822,1.1625236671064112,0.001189544569170975,NA,NA,NA
County,48125,"Dickens County, TX",COVID-19,0.9742120343839542,0.9806941290307046,-0.006482094646750425,NA,NA,NA
County,48139,"Ellis County, TX",COVID-19,1.2019642529690315,1.1626863394500375,0.03927791351899401,NA,NA,NA
County,48143,"Erath County, TX",COVID-19,1.05376262241843,1.026357273834132,0.027405348584297995,NA,NA,NA
County,48155,"Foard County, TX",COVID-19,0.9979423868312756,0.9971827618969733,7.59624934302261e-4,NA,NA,NA
County,48165,"Gaines County, TX",COVID-19,1.048961083687292,1.0153597256820814,0.03360135800521058,NA,NA,NA
County,48173,"Glasscock County, TX",COVID-19,1.0425531914893618,1.3159426862309278,-0.27338949474156604,NA,NA,NA
County,48183,"Gregg County, TX",COVID-19,0.9903357813584712,1.0057839179456018,-0.015448136587130623,NA,NA,NA
County,48195,"Hansford County, TX",COVID-19,0.9945604873803308,0.9465228333966028,0.048037653983727946,NA,NA,NA
County,48197,"Hardeman County, TX",COVID-19,1.0216787103946636,0.9801261964579929,0.0415525139366707,NA,NA,NA
County,48221,"Hood County, TX",COVID-19,1.0569968867246746,1.1471454604967237,-0.0901485737720491,NA,NA,NA
County,48223,"Hopkins County, TX",COVID-19,1.0777963671128108,1.027727333048619,0.05006903406419183,NA,NA,NA
County,48239,"Jackson County, TX",COVID-19,0.9616785431512272,0.9968597387923025,-0.03518119564107525,NA,NA,NA
County,48241,"Jasper County, TX",COVID-19,0.9556266793108898,0.9988250306776003,-0.043198351366710463,NA,NA,NA
County,48247,"Jim Hogg County, TX",COVID-19,0.9807592303692148,0.923012082081889,0.057747148287325745,NA,NA,NA
County,48251,"Johnson County, TX",COVID-19,1.1560257945870085,1.1284344354428282,0.027591359144180316,NA,NA,NA
County,48259,"Kendall County, TX",COVID-19,1.141728671898889,1.1623726416580884,-0.020643969759199354,NA,NA,NA
County,48277,"Lamar County, TX",COVID-19,1.016958301470919,0.9997819054208449,0.01717639605007404,NA,NA,NA
County,48295,"Lipscomb County, TX",COVID-19,0.8836828309305373,0.9355754157048931,-0.051892584774355766,NA,NA,NA
County,48299,"Llano County, TX",COVID-19,1.1247711221553751,1.0714730309048153,0.05329809125055984,NA,NA,NA
County,48301,"Loving County, TX",COVID-19,2.286666666666666,1.4672288125628394,0.8194378541038267,NA,NA,NA
County,48309,"McLennan County, TX",COVID-19,1.0698920976359256,1.0421755942054547,0.02771650343047094,NA,NA,NA
County,48323,"Maverick County, TX",COVID-19,0.9985757603601948,0.985976191070476,0.012599569289718837,NA,NA,NA
County,48327,"Menard County, TX",COVID-19,0.9812633832976444,0.958131008049022,0.02313237524862244,NA,NA,NA
County,48341,"Moore County, TX",COVID-19,1.055221835809885,0.9736720647482167,0.08154977106166839,NA,NA,NA
County,48345,"Motley County, TX",COVID-19,1.080046403712297,0.9932092314588444,0.08683717225345255,NA,NA,NA
County,48349,"Navarro County, TX",COVID-19,1.001631212012871,1.0263292995270836,-0.024698087514212652,NA,NA,NA
County,48357,"Ochiltree County, TX",COVID-19,0.8998158002455997,0.9467658463439133,-0.04695004609831355,NA,NA,NA
County,48361,"Orange County, TX",COVID-19,0.993803886413373,1.0100459424307884,-0.01624205601741535,NA,NA,NA
County,48363,"Palo Pinto County, TX",COVID-19,0.9882239070817874,1.0398765511505006,-0.05165264406871317,NA,NA,NA
County,48365,"Panola County, TX",COVID-19,0.9276668813050012,0.9666401785731372,-0.03897329726813603,NA,NA,NA
County,48381,"Randall County, TX",COVID-19,1.0794171530825274,1.0456949390450798,0.03372221403744757,NA,NA,NA
County,48387,"Red River County, TX",COVID-19,1.014758100310697,0.9942307667733662,0.020527333537330716,NA,NA,NA
County,48409,"San Patricio County, TX",COVID-19,1.0284649567864517,1.0132762708236358,0.015188685962815862,NA,NA,NA
County,48411,"San Saba County, TX",COVID-19,0.8790496760259179,0.9925755551971093,-0.11352587917119139,NA,NA,NA
County,48439,"Tarrant County, TX",COVID-19,1.0690584162984156,1.0441821744356317,0.02487624186278392,NA,NA,NA
County,48449,"Titus County, TX",COVID-19,1.0735569364378228,0.9990233304848454,0.07453360595297742,NA,NA,NA
County,48453,"Travis County, TX",COVID-19,1.122952389464142,1.0666496154004892,0.056302774063652805,NA,NA,NA
County,48455,"Trinity County, TX",COVID-19,1.0250528541226216,1.0098973843127452,0.015155469809876365,NA,NA,NA
County,48457,"Tyler County, TX",COVID-19,1.0173552319674908,1.034774406490075,-0.017419174522584235,NA,NA,NA
County,48461,"Upton County, TX",COVID-19,1.9865724381625445,0.9732277719041086,1.013344666258436,NA,NA,NA
County,48465,"Val Verde County, TX",COVID-19,0.974017403206883,0.9951619066369091,-0.02114450343002605,NA,NA,NA
County,48487,"Wilbarger County, TX",COVID-19,0.9967834772304046,0.9793314080572322,0.017452069173172435,NA,NA,NA
County,48489,"Willacy County, TX",COVID-19,1.114054262569114,0.9558220378391054,0.15823222473000875,NA,NA,NA
County,48503,"Young County, TX",COVID-19,1.0104965430546826,0.9921083010431168,0.01838824201156586,NA,NA,NA
County,49005,"Cache County, UT",COVID-19,1.094913431719366,1.025102783000185,0.06981064871918097,NA,NA,NA
County,49019,"Grand County, UT",COVID-19,1.1216981132075472,1.0007991875179683,0.12089892568957894,NA,NA,NA
County,49027,"Millard County, UT",COVID-19,1.043742075710922,1.0100226351624935,0.03371944054842846,NA,NA,NA
County,49033,"Rich County, UT",COVID-19,1.064609450337512,1.0245770820996811,0.04003236823783096,NA,NA,NA
County,49035,"Salt Lake County, UT",COVID-19,1.0681427983251124,1.0213361706946895,0.04680662763042287,NA,NA,NA
County,49041,"Sevier County, UT",COVID-19,1.0606926698049766,1.007420413923606,0.05327225588137052,NA,NA,NA
County,49049,"Utah County, UT",COVID-19,1.1322969104728062,1.067562387711842,0.06473452276096414,NA,NA,NA
County,49051,"Wasatch County, UT",COVID-19,1.1293429449302763,1.1429858641588817,-0.013642919228605388,NA,NA,NA
County,50003,"Bennington County, VT",COVID-19,0.9481221805532908,0.9701303020158134,-0.022008121462522623,NA,NA,NA
County,50005,"Caledonia County, VT",COVID-19,0.9770935035674052,0.9688574714802812,0.008236032087123979,NA,NA,NA
County,50011,"Franklin County, VT",COVID-19,0.9972313649564376,1.0016131447528689,-0.004381779796431284,NA,NA,NA
County,51003,"Albemarle County, VA",COVID-19,1.024095104795989,1.0175630753742009,0.006532029421788099,NA,NA,NA
County,51005,"Alleghany County, VA",COVID-19,0.947973624959794,0.9807493647948617,-0.03277573983506776,NA,NA,NA
County,51007,"Amelia County, VA",COVID-19,1.0177142857142858,1.0237263510556482,-0.006012065341362449,NA,NA,NA
County,51009,"Amherst County, VA",COVID-19,0.983872029491146,0.9799497123295059,0.003922317161640154,NA,NA,NA
County,51033,"Caroline County, VA",COVID-19,1.0243670671282157,1.0325645883875998,-0.00819752125938411,NA,NA,NA
County,51035,"Carroll County, VA",COVID-19,0.9732327836247616,0.9988187183068313,-0.02558593468206971,NA,NA,NA
County,51043,"Clarke County, VA",COVID-19,1.0480653367251305,1.014954909562946,0.033110427162184486,NA,NA,NA
County,51045,"Craig County, VA",COVID-19,0.9891196834817012,0.9979565571550725,-0.00883687367337127,NA,NA,NA
County,51069,"Frederick County, VA",COVID-19,1.0795524964589236,1.0554529976543066,0.024099498804617037,NA,NA,NA
County,51071,"Giles County, VA",COVID-19,1.0244972330948845,0.9973684215464199,0.027128811548464582,NA,NA,NA
County,51099,"King George County, VA",COVID-19,1.0726259101941749,1.019568256143621,0.05305765405055385,NA,NA,NA
County,51105,"Lee County, VA",COVID-19,0.9942559805379104,0.9802698689402756,0.013986111597634854,NA,NA,NA
County,51117,"Mecklenburg County, VA",COVID-19,1.0435480084513655,0.9890327676396132,0.0545152408117523,NA,NA,NA
County,51125,"Nelson County, VA",COVID-19,0.9765895953757224,1.0043481541753603,-0.027758558799637845,NA,NA,NA
County,51127,"New Kent County, VA",COVID-19,1.1393583254696749,1.1316923291052525,0.007665996364422334,NA,NA,NA
County,51133,"Northumberland County, VA",COVID-19,0.9458370635631156,1.0007226216380298,-0.05488555807491424,NA,NA,NA
County,51137,"Orange County, VA",COVID-19,1.0175625179649324,1.0460308167304373,-0.02846829876550494,NA,NA,NA
County,51157,"Rappahannock County, VA",COVID-19,1.0119583567810917,1.0019040961288195,0.010054260652272218,NA,NA,NA
County,51167,"Russell County, VA",COVID-19,0.9836921420882668,0.9762001485742917,0.007491993513975115,NA,NA,NA
County,51550,"Chesapeake city, VA",COVID-19,1.0275164768052387,1.037618491641604,-0.010102014836365303,NA,NA,NA
County,51590,"Danville city, VA",COVID-19,0.96834453197405,0.9781121705911028,-0.009767638617052765,NA,NA,NA
County,51620,"Franklin city, VA",COVID-19,0.9856330014224752,0.9868970782841827,-0.001264076861707486,NA,NA,NA
County,51683,"Manassas city, VA",COVID-19,1.0149605268896933,1.0121768779326688,0.0027836489570245426,NA,NA,NA
County,51720,"Norton city, VA",COVID-19,0.9603436880370124,0.9860116385993453,-0.025667950562332842,NA,NA,NA
County,51750,"Radford city, VA",COVID-19,1.099740932642487,1.0068958680640552,0.09284506457843178,NA,NA,NA
County,51760,"Richmond city, VA",COVID-19,1.01612125274887,1.0145516319849346,0.0015696207639355197,NA,NA,NA
County,51770,"Roanoke city, VA",COVID-19,0.9872638415808068,0.9984787261542398,-0.011214884573433004,NA,NA,NA
County,51775,"Salem city, VA",COVID-19,1.0305629379077073,1.0004008192073852,0.030162118700322038,NA,NA,NA
County,51790,"Staunton city, VA",COVID-19,1.0382256745707277,1.028302939147823,0.009922735422904783,NA,NA,NA
County,51830,"Williamsburg city, VA",COVID-19,1.0524676942238829,1.0051625599628606,0.04730513426102223,NA,NA,NA
County,53003,"Asotin County, WA",COVID-19,0.999371266897202,1.0064450941348078,-0.007073827237605745,NA,NA,NA
County,53011,"Clark County, WA",COVID-19,1.0278474671700863,1.0410381398350927,-0.013190672665006398,NA,NA,NA
County,53019,"Ferry County, WA",COVID-19,0.9448231785257776,1.0333722072291078,-0.08854902870333026,NA,NA,NA
County,53043,"Lincoln County, WA",COVID-19,0.8758007117437723,1.0362373453182538,-0.16043663357448157,NA,NA,NA
County,53047,"Okanogan County, WA",COVID-19,0.9508175105485231,1.005767039749735,-0.054949529201211766,NA,NA,NA
County,53051,"Pend Oreille County, WA",COVID-19,0.9724458204334364,1.0436661021672775,-0.0712202817338411,NA,NA,NA
County,53065,"Stevens County, WA",COVID-19,1.0163878456811195,1.0391251714339331,-0.02273732575281362,NA,NA,NA
County,53073,"Whatcom County, WA",COVID-19,0.9794653976160824,1.0362966509818603,-0.05683125336577788,NA,NA,NA
County,53075,"Whitman County, WA",COVID-19,0.945499068174923,1.0050276081806242,-0.05952854000570118,NA,NA,NA
County,53077,"Yakima County, WA",COVID-19,0.9768681824476796,0.9982681212748109,-0.021399938827131315,NA,NA,NA
County,54033,"Harrison County, WV",COVID-19,0.99433128996111,0.9739719989584334,0.020359291002676527,NA,NA,NA
County,54035,"Jackson County, WV",COVID-19,0.7623566627125345,0.9775852196424024,-0.21522855692986786,NA,NA,NA
County,54047,"McDowell County, WV",COVID-19,0.8626949973103819,0.915037164334146,-0.05234216702376404,NA,NA,NA
County,54051,"Marshall County, WV",COVID-19,0.9101878612716764,0.9574850093273616,-0.04729714805568519,NA,NA,NA
County,54071,"Pendleton County, WV",COVID-19,1.0030091859360153,0.9825499465542299,0.0204592393817854,NA,NA,NA
County,54079,"Putnam County, WV",COVID-19,1.0312809148826718,0.9931278945534469,0.03815302032922496,NA,NA,NA
County,54087,"Roane County, WV",COVID-19,1.015235457063712,0.9930922808595833,0.022143176204128756,NA,NA,NA
County,54091,"Taylor County, WV",COVID-19,1.0118742889647327,0.996184815220889,0.015689473743843774,NA,NA,NA
County,54095,"Tyler County, WV",COVID-19,0.9552687411598304,0.9480172540303561,0.007251487129474321,NA,NA,NA
County,54099,"Wayne County, WV",COVID-19,1.000626130513427,0.9780668854330302,0.02255924508039675,NA,NA,NA
County,55005,"Barron County, WI",COVID-19,0.9546636052506172,0.9804941452614182,-0.025830540010800984,NA,NA,NA
County,55015,"Calumet County, WI",COVID-19,1.0068416837853835,0.9967129625473914,0.010128721237992133,NA,NA,NA
County,55027,"Dodge County, WI",COVID-19,0.99795935452814,0.979110306091126,0.01884904843701396,NA,NA,NA
County,55041,"Forest County, WI",COVID-19,0.9656357388316152,0.9848435144778067,-0.01920777564619147,NA,NA,NA
County,55053,"Jackson County, WI",COVID-19,0.8464368511238787,0.9842582767927792,-0.13782142566890054,NA,NA,NA
County,55057,"Juneau County, WI",COVID-19,0.987906181285121,0.9884619522645259,-5.55770979404957e-4,NA,NA,NA
County,55063,"La Crosse County, WI",COVID-19,0.999294020592388,0.9986247242315129,6.692963608750935e-4,NA,NA,NA
County,55073,"Marathon County, WI",COVID-19,0.9927462702939884,0.994670606131113,-0.0019243358371245911,NA,NA,NA
County,55081,"Monroe County, WI",COVID-19,0.9895750155265726,0.9863932907640361,0.0031817247625364198,NA,NA,NA
County,55097,"Portage County, WI",COVID-19,0.9618865938692276,0.98676974933127,-0.02488315546204245,NA,NA,NA
County,55107,"Rusk County, WI",COVID-19,0.92363112391930835,0.9697261253283683,-0.04609500140905998,NA,NA,NA
County,55117,"Sheboygan County, WI",COVID-19,0.9847668360142188,0.9821060254511097,0.002660810563109073,NA,NA,NA
County,55119,"Taylor County, WI",COVID-19,0.9514007430464906,0.979210504630951,-0.02780976158446047,NA,NA,NA
County,55131,"Washington County, WI",COVID-19,1.0053992630644684,1.0041185610999737,0.0012807019644947015,NA,NA,NA
County,55135,"Waupaca County, WI",COVID-19,0.959355771369264,0.9800607327844743,-0.020704961415210277,NA,NA,NA
County,56013,"Fremont County, WY",COVID-19,1.0164195853759377,0.9688800353269961,0.047539550048941615,NA,NA,NA
County,56017,"Hot Springs County, WY",COVID-19,1.025268336314848,0.9527755373545684,0.0724927989602796,NA,NA,NA
County,56027,"Niobrara County, WY",COVID-19,0.8446014127144299,1.0362798003167903,-0.19167838760236044,NA,NA,NA
County,56037,"Sweetwater County, WY",COVID-19,0.935684549153184,0.9587288894391951,-0.0230443402860111,NA,NA,NA
County,56041,"Uinta County, WY",COVID-19,0.9827224608009588,0.9699170838404557,0.012805376960503101,NA,NA,NA
County,72017,"Barceloneta Municipio, PR",COVID-19,1.143081525804039,1.1229593204109118,0.020122205393127146,NA,NA,NA
County,72019,"Barranquitas Municipio, PR",COVID-19,1.143251033964156,1.144837019716112,-0.0015859857519560094,NA,NA,NA
County,72029,"Canovanas Municipio, PR",COVID-19,1.1352124183006536,1.1335490611141519,0.0016633571865016794,NA,NA,NA
County,72041,"Cidra Municipio, PR",COVID-19,1.149812734082397,1.1350617398461544,0.014750994236242487,NA,NA,NA
County,72043,"Coamo Municipio, PR",COVID-19,1.202310334061817,1.1176249996016148,0.08468533446020232,NA,NA,NA
County,72047,"Corozal Municipio, PR",COVID-19,1.1376233675605625,1.1291733263678942,0.008450041192668234,NA,NA,NA
County,72055,"Guanica Municipio, PR",COVID-19,1.1252417794970986,1.1348126990209717,-0.009570919523873123,NA,NA,NA
County,72065,"Hatillo Municipio, PR",COVID-19,1.180164694595459,1.1371893067143388,0.0429753878811201,NA,NA,NA
County,72075,"Juana Diaz Municipio, PR",COVID-19,1.2004276211593286,1.1450312748436504,0.055396346315678135,NA,NA,NA
County,72077,"Juncos Municipio, PR",COVID-19,1.153416634127294,1.1306368131913174,0.022779820935976636,NA,NA,NA
County,72089,"Luquillo Municipio, PR",COVID-19,1.1426434847635072,1.1369159060792366,0.00572757868427054,NA,NA,NA
County,72095,"Maunabo Municipio, PR",COVID-19,1.118200408997955,1.1345761516154858,-0.01637574261753083,NA,NA,NA
County,72099,"Moca Municipio, PR",COVID-19,1.2413152610441769,1.1389842868697893,0.10233097417438763,NA,NA,NA
County,72101,"Morovis Municipio, PR",COVID-19,1.1365159128978224,1.1370377790230632,-5.218661252408552e-4,NA,NA,NA
County,72103,"Naguabo Municipio, PR",COVID-19,1.1224072672218015,1.1181087399779994,0.004298527243802086,NA,NA,NA
County,72117,"Rincon Municipio, PR",COVID-19,1.28133887551958,1.1586722145222,0.1226666609973801,NA,NA,NA
County,72129,"San Lorenzo Municipio, PR",COVID-19,1.147924666300969,1.1389618305449523,0.008962835756016752,NA,NA,NA
County,72141,"Utuado Municipio, PR",COVID-19,1.1318642882126615,1.1461605370483179,-0.014296248835656389,NA,NA,NA
County,72149,"Villalba Municipio, PR",COVID-19,1.108875128998968,1.1175700488611666,-0.008694919862198613,NA,NA,NA
