fips,county_name,recovery_ratio_2008,recovery_ratio_covid,recovery_gap,peak_to_trough_loss_2008,peak_to_trough_loss_covid,poverty_change_pp,income_change_pct,population_change_pct,density_change_pct,proprietor_share_change_pp,migration_rate_change,high_school_change_pp,bachelors_change_pp,birth_rate_change,recovery_quartile_2008,recovery_quartile_covid,never_recovered_2008,never_recovered_covid
01001,"Autauga County, AL",1.006422634539501,1.0393256254591856,0.032902990919684516,0.04684745193518591,0.031050616758826033,1.6999999999999993,0.15599007444168733,0.06610056292338506,0.06610056292338529,2.071784800300919,-6.669492562481611,,,-2.28038381,Q4: Highest,Q4: Highest,FALSE,FALSE
01003,"Baldwin County, AL",0.9669104927593536,1.0626020975303272,0.0956916047709736,0.06393021301833635,0.03412111546082841,-0.20000000000000107,0.21780607367329097,0.29483074638639484,0.29483074638639484,2.0612228325392614,5.710047725892569,2.2589750420955,5.795072826931104,-2.8657197379999992,Q3,Q4: Highest,FALSE,FALSE
01005,"Barbour County, AL",0.81232822928936,0.909977126674654,0.09764889738529403,0.19630938358853556,0.060886613658642896,1,0.18445834705301278,-0.11063875779082755,-0.11063875779082755,7.202018809385372,2.301759470276427,,,-4.409276867000001,Q1: Lowest,Q1: Lowest,TRUE,TRUE
01007,"Bibb County, AL",0.9437755698421976,0.988695242581253,0.044919672739055394,0.09772063120981878,0.051577955723033475,2.1000000000000014,0.23160356748143007,-0.0019609590872626814,-0.0019609590872626814,-1.1458003552280993,-6.997146127640753,,,-2.229383432999999,Q3,Q2,FALSE,FALSE
01009,"Blount County, AL",0.8941428516775699,1.0176175154987053,0.12347466382113537,0.13133631738015994,0.0378639252923173,3.200000000000001,0.22271529607544038,0.02820056899004264,0.02820056899004264,3.60811073433604,-8.73130809016051,,,-1.338199435,Q2,Q3,FALSE,FALSE
01011,"Bullock County, AL",1.259623861298854,0.9821907782385948,-0.27743308306025916,0.055833088451366475,0.041229568187362786,-4,0.27782450238295486,-0.0826446280991735,-0.0826446280991735,7.235215965313127,-7.4094619549165,,,-7.123907593,Q4: Highest,Q2,FALSE,TRUE
01013,"Butler County, AL",0.920810103538514,0.9654617479574152,0.04465164441890124,0.11776083741039933,0.06561029957910369,-1.5999999999999979,0.3113591595535128,-0.06920647075715514,-0.06920647075715514,-0.49291554517292,-4.902254458135967,,,-4.269237322,Q2,Q1: Lowest,TRUE,TRUE
01015,"Calhoun County, AL",0.8433949863862548,0.9912533146956648,0.14785832830941004,0.1688292179138109,0.03646679137459663,0.09999999999999787,0.27400074710496836,-0.02242472743544066,-0.02242472743544066,1.378732975450339,-3.7619128351023954,6.18806788779078,4.084624946234241,-2.307480365,Q1: Lowest,Q2,TRUE,TRUE
01017,"Chambers County, AL",0.90900888859186,1.0728783458074338,0.16386945721557378,0.19862327073447839,0.03697830775085631,4.000000000000002,0.23923430863614903,-0.0457141217321434,-0.0457141217321434,3.417009740180596,-15.878133459225634,,,-1.0843089209999999,Q2,Q4: Highest,FALSE,FALSE
01019,"Cherokee County, AL",0.9088597776437128,1.0017682125896736,0.0929084349459608,0.10729983624924588,0.04122461351924822,-2.9999999999999982,0.2302547089041096,0.025163385903807844,0.025163385903807844,3.3797071446724836,4.901112509625756,,,-1.9029833308999997,Q2,Q3,TRUE,FALSE
01021,"Chilton County, AL",0.9397321428571428,1.0371836295099623,0.09745148665281955,0.08352367109634551,0.03677975228863761,-0.6999999999999993,0.25285530595265104,0.03607658403488734,0.03607658403488734,3.6635214668119085,-8.873330297621376,,,-1.1977707560000006,Q2,Q4: Highest,FALSE,FALSE
01023,"Choctaw County, AL",0.8259456264775413,0.8917050691244239,0.0657594426468826,0.17828999211977936,0.07329383366249731,0.8000000000000007,0.2634251618636536,-0.11444850872256618,-0.11444850872256607,2.948052675563298,-0.028178658888499797,,,-1.158423203,Q1: Lowest,Q1: Lowest,TRUE,TRUE
01025,"Clarke County, AL",0.7269352049638897,0.997270810073192,0.2703356051093022,0.2725053402502289,0.017739734524252593,-3.400000000000002,0.34312072823121964,-0.10644575578756243,-0.10644575578756243,-0.3933243667189751,-3.253764186451054,,,-0.36272122500000137,Q1: Lowest,Q2,TRUE,FALSE
01027,"Clay County, AL",0.8313748531139835,0.9943734015345268,0.1629985484205433,0.19623971797884843,0.01705029838022165,1.1000000000000014,0.12644061206920498,-0.060347887823926194,-0.06034788782392608,1.859480936845881,-11.980367993504814,,,-0.3994239999999998,Q1: Lowest,Q2,TRUE,FALSE
01029,"Cleburne County, AL",0.8401918316831684,1.0687854107648724,0.22859357908170408,0.16676980198019797,0.023194050991501403,-2.0999999999999996,0.31753944190348937,0.0075005067909994505,0.0075005067909992285,2.4040035440813288,-3.7707969555286986,,,-0.9592274679999999,Q1: Lowest,Q4: Highest,TRUE,FALSE
01031,"Coffee County, AL",0.9740541859897486,0.9997996348902444,0.025745448900495793,0.0652184525262387,0.021862059753328333,-1.5,0.5562345528124066,0.10291204854819003,0.10291204854819003,-0.8523860882104273,-10.955198507794844,,,-2.9864918449999998,Q3,Q3,FALSE,FALSE
01033,"Colbert County, AL",0.8996403318755876,1.004480032434624,0.10483970055903635,0.11358155883434828,0.04046219339144541,-1.9000000000000004,0.24388489208633102,0.013856770546562425,0.013856770546562425,-0.8342461670662327,3.064924132316927,,,-0.7284633310000004,Q2,Q3,FALSE,FALSE
01035,"Conecuh County, AL",0.8398605700225549,0.960720540405304,0.1208599703827491,0.1794135739183924,0.06404803602702025,-2.5,0.5074941027036834,-0.10222453686481658,-0.1022245368648167,1.4311474100220796,-0.5778995504645472,,,-4.128936270999999,Q1: Lowest,Q1: Lowest,TRUE,TRUE
01037,"Coosa County, AL",0.8760402978537013,0.9963818860877685,0.12034158823406715,0.14016644765659225,0.06209150326797386,2.0000000000000018,0.2122191132777569,-0.06783809773581606,-0.06783809773581595,2.249199534155244,-0.7406001097430088,,,-2.4588545435999993,Q2,Q2,TRUE,FALSE
01039,"Covington County, AL",0.8747976740003597,0.9615535761068902,0.0867559021065305,0.11264312691085665,0.04813990044537597,-2.1999999999999993,0.37999384425977234,-0.015465972203768219,-0.015465972203768219,1.1676682354015004,4.222471198006706,,,-1.3515710470000002,Q1: Lowest,Q1: Lowest,TRUE,TRUE
01041,"Crenshaw County, AL",0.907981220657277,0.949188803708326,0.04120758305104899,0.10688575899843511,0.07327509359957207,-1.5,0.3062190855350464,-0.013184293493837762,-0.013184293493837873,-1.2921160936932796,-10.68517319317415,,,-2.3941086948,Q2,Q1: Lowest,TRUE,TRUE
01043,"Cullman County, AL",0.8760470318922012,1.0302398191263156,0.15419278723411434,0.15363404609541642,0.025704519150539618,-2,0.29859162116650517,0.05267919975872126,0.05267919975872126,-1.553300654388312,-1.480635305232525,8.699091652835932,2.5529447993646084,-1.2182903639999996,Q2,Q3,FALSE,FALSE
01045,"Dale County, AL",1.0210395411400437,1.0182017051828585,-0.0028378359571852307,0.0645652504948987,0.02153915189589406,1.4000000000000021,0.09477362061435435,-0.006385386356288381,-0.006385386356288492,2.4776261995599764,-1.9773422661031967,,,-2.996321814999998,Q4: Highest,Q3,FALSE,FALSE
01047,"Dallas County, AL",1.0064167854960278,0.9201663893510816,-0.08625039614494612,0.13471854417057105,0.07108153078202994,-4.199999999999999,0.23101964046732015,-0.15834728696203104,-0.15834728696203104,0.1100443689269398,-9.30355252136141,,,-5.243070219,Q4: Highest,Q1: Lowest,FALSE,TRUE
01049,"DeKalb County, AL",0.8677262577170629,0.9939597964048708,0.12623353868780784,0.14248653618809926,0.03176341730558596,-0.1999999999999993,0.2452050171550706,0.029704823614110865,0.029704823614111087,0.1124458208691892,-2.021241245619456,7.2068377893796765,0.272040353114674,-4.436115777000001,Q1: Lowest,Q2,FALSE,FALSE
01051,"Elmore County, AL",0.9727407873295406,1.0404759443956384,0.06773515706609778,0.041053203350581824,0.03436514908790245,0.09999999999999964,0.26664362815847786,0.052966651107307694,0.052966651107307694,-1.3869103647769443,-16.506984152669613,9.611745015332176,3.2579387508146596,-1.7146352710000006,Q3,Q4: Highest,FALSE,FALSE
01053,"Escambia County, AL",0.9776873319281923,0.9820982839313572,0.004410952003164881,0.055018533323642704,0.05070202808112323,-1.8999999999999986,0.2339159323992488,-0.03187187822088322,-0.03187187822088322,1.7344224704095939,-1.4671204917487768,,,-1.710211696,Q3,Q2,TRUE,TRUE
01055,"Etowah County, AL",0.905725853094274,0.9193395051947758,0.013613652100501805,0.11858788984295054,0.09724077050182212,1.4000000000000021,0.21533032185206102,-0.015641092277631774,-0.015641092277632107,1.0349639210932737,-4.356920746327592,4.5810099308626775,2.3723471567433574,-1.515693744,Q2,Q1: Lowest,TRUE,TRUE
01057,"Fayette County, AL",0.8204785456489774,0.9895768993205682,0.16909835367159087,0.21293944659804842,0.02872143298332308,-0.1999999999999993,0.22957977584336842,-0.06967984934086624,-0.06967984934086624,5.801374443900928,4.529963049142353,,,0.08748975999999864,Q1: Lowest,Q2,TRUE,TRUE
01059,"Franklin County, AL",0.9677551629016624,0.9786729857819904,0.010917822880327943,0.12987400283307238,0.03682099890630697,-4,0.4586055582642614,0.011546897174558035,0.011546897174558257,-1.08444100527674,5.563871238750862,,,-1.4185673019999996,Q3,Q2,FALSE,TRUE
01061,"Geneva County, AL",0.9235982747997536,1.0222140627868552,0.09861578798710158,0.10650470909250942,0.022489443730493885,-3.3999999999999986,0.27731665382107074,-0.0019375427399134226,-0.0019375427399134226,2.829904721612597,-1.7801946964794024,,,-1.0398416689999994,Q2,Q3,FALSE,FALSE
01063,"Greene County, AL",0.7804085422469823,0.879975379565039,0.09956683731805671,0.18910554008047042,0.10874025441116131,0.3999999999999986,0.1417034650117357,-0.13574853489611083,-0.13574853489611094,10.836319777012204,-10.651425640784462,,,-3.054987844000001,Q1: Lowest,Q1: Lowest,TRUE,TRUE
01065,"Hale County, AL",0.7993142690399767,0.9699493120926864,0.1706350430527097,0.2020717829004961,0.0865314989138306,-3.5,0.29427273593596137,-0.10762577658667316,-0.10762577658667316,8.373933457868427,-9.267323133183131,,,0.8113670010000007,Q1: Lowest,Q2,TRUE,TRUE
01067,"Henry County, AL",0.9097661623108666,1.0477172717271728,0.13795110941630617,0.11471801925722147,0.021589658965896596,-0.6999999999999993,0.3854772494013001,0.005669862052840813,0.005669862052840813,6.952447439312021,0.8802005713467622,,,-1.908189394199999,Q2,Q4: Highest,FALSE,FALSE
01069,"Houston County, AL",0.9318901909722224,1.0246705822829365,0.09278039131071414,0.07999131944444449,0.024835566114520757,3.6999999999999993,0.2391685820913967,0.08344674450254286,0.08344674450254286,2.262704301779195,-6.131371224619456,3.0147745417667977,3.896616057572217,-1.8337891329999998,Q2,Q3,FALSE,FALSE
01071,"Jackson County, AL",0.8371344244700831,1.0029373693119583,0.1658029448418752,0.16815516117904095,0.05167778552225433,-2.900000000000002,0.22510918237602962,-0.03200645004031277,-0.03200645004031277,-1.1786019540296122,1.7228643203755623,,,-0.3050460959999999,Q1: Lowest,Q3,TRUE,FALSE
01073,"Jefferson County, AL",0.956196873696287,0.9951753338539884,0.038978460157701345,0.09070583020442224,0.04248287969638487,1.0999999999999996,0.2052863632314954,0.005204811627030237,0.005204811627030015,3.6252940517023156,2.3983453047670955,5.428584371108315,6.351252157018141,-1.898141605000001,Q3,Q2,FALSE,FALSE
01075,"Lamar County, AL",0.9256791832496972,0.9697286012526096,0.0440494180029124,0.17926976985637655,0.04289238944771301,-3.1999999999999993,0.29772291977016385,-0.07355211059660427,-0.07355211059660427,-2.4066406464454513,-7.235138124345539,,,-0.33201883200000104,Q2,Q2,TRUE,TRUE
01077,"Lauderdale County, AL",0.964118322253575,1.0163302391827511,0.05221191692917615,0.05523937060595918,0.038382201267128324,-2.400000000000002,0.26873963297438186,0.01780324234142272,0.01780324234142272,4.16118095532646,-1.6476294938161962,3.4778255351810543,2.608790544119447,-2.2058774417,Q3,Q3,FALSE,FALSE
01079,"Lawrence County, AL",0.8586537833779461,1.03769608181881,0.17904229844086383,0.14323953776849252,0.014097159836915174,2.6999999999999993,0.21782001630656334,-0.03992068352141831,-0.03992068352141842,3.7907925407925425,-0.05486409058092967,,,-1.6331835590000008,Q1: Lowest,Q4: Highest,FALSE,FALSE
01081,"Lee County, AL",1.005392912172573,1.051754079108468,0.04636116693589498,0.0589289644979718,0.038092501436745696,-1.8000000000000007,0.3635791434829678,0.24715387997028815,0.24715387997028815,1.8305830602260487,-6.068103926358333,8.572258192103845,9.59825836636988,-1.6659145229999996,Q4: Highest,Q4: Highest,FALSE,FALSE
01083,"Limestone County, AL",1.0229472630173564,1.1388954856538354,0.11594822263647897,0.026340676457498935,0.0032815907079168927,-0.5999999999999996,0.38448869591256174,0.3004351655864217,0.3004351655864219,4.83894996651037,0.6365039006975337,8.177862604804588,8.183608997701779,-2.823484488,Q4: Highest,Q4: Highest,FALSE,FALSE
01085,"Lowndes County, AL",0.8125417687680998,0.9120667522464698,0.09952498347837002,0.23123190020049011,0.06675224646983313,-3.3999999999999986,0.18927444794952675,-0.18767226259082936,-0.18767226259082925,9.746426504709078,2.708721602837313,,,-3.9080793180000004,Q1: Lowest,Q1: Lowest,TRUE,TRUE
01087,"Macon County, AL",0.8910407346362138,0.9343532145623548,0.04331247992614096,0.13174005180127146,0.06506584043377228,-0.3000000000000007,0.26914960571618973,-0.17655637590010032,-0.17655637590010032,1.0846971516339676,0.513570433550063,,,-1.6621689488999998,Q2,Q1: Lowest,TRUE,TRUE
01089,"Madison County, AL",0.984276903589195,1.0944461592498378,0.11016925566064284,0.03236854888794605,0.012447713218311285,0.1999999999999993,0.2976924531870626,0.18061856714546676,0.18061856714546698,1.4996808000625554,-1.964995683484883,5.0608221996326535,6.239126238234185,-1.7640041229999994,Q3,Q4: Highest,FALSE,FALSE
01091,"Marengo County, AL",0.8425668319825813,0.9746480798141316,0.13208124783155029,0.16426756985605417,0.03621702883695499,4.800000000000001,0.18600177115460959,-0.12162980209545982,-0.12162980209545982,0.46598549300464476,-1.0674555092639366,,,-2.028145737000001,Q1: Lowest,Q2,TRUE,TRUE
01093,"Marion County, AL",0.868649270913277,1.075239630163712,0.2065903592504349,0.19424405218726015,-0.0058529137331411185,-2.8000000000000007,0.36403883732291153,-0.03695419624623164,-0.03695419624623142,2.0704267635557496,3.2386566957748126,,,-2.56895087,Q1: Lowest,Q4: Highest,TRUE,FALSE
01095,"Marshall County, AL",0.9197496148861776,1.0381799163179917,0.1184303014318141,0.08873511504511333,0.01933930135253481,-3.900000000000002,0.3244428799653407,0.08000669605490773,0.08000669605490773,-1.431557302882955,-2.95743808942001,5.646577710570838,4.530275044332404,-2.9381173769999993,Q2,Q4: Highest,FALSE,FALSE
01097,"Mobile County, AL",0.9683759011904096,1.0051640992049151,0.0367881980145055,0.056988766556754,0.03836510661366099,-3.1000000000000014,0.3171523619427812,0.018473559025424358,0.018473559025424358,3.0024638792662457,-3.5258109648048004,6.6492867920451175,3.969494349445082,-2.3197979579999988,Q3,Q3,FALSE,FALSE
01099,"Monroe County, AL",0.7468318624123105,0.9314958327240824,0.18466397031177195,0.2239194387870559,0.016230443047229093,-0.3000000000000007,0.23598109185281313,-0.11537312796006316,-0.11537312796006316,3.854620463363384,-6.040078822056142,,,-3.1125905081000003,Q1: Lowest,Q1: Lowest,TRUE,TRUE
01101,"Montgomery County, AL",0.9647263570338248,0.9929385818487156,0.02821222481489083,0.06869998930512478,0.04750776452497296,-2.3000000000000007,0.27942425787033676,-0.006152144913290747,-0.006152144913290747,1.115833550537146,-4.1753325771945935,5.301027999621311,3.5759651924209663,-1.9227513270000003,Q3,Q2,TRUE,FALSE
01103,"Morgan County, AL",0.9637359652299892,1.0451696840870777,0.0814337188570885,0.072654835204636,0.012717144323096119,-0.5,0.24613127306907545,0.02819660300523208,0.02819660300523208,0.8254447541590715,-1.7577452169927894,3.6583742292889383,3.885357090978289,-2.243551299,Q3,Q4: Highest,FALSE,FALSE
01105,"Perry County, AL",0.9749547374773688,0.8851749901690916,-0.0897797473082772,0.07181653590826798,0.10696028313016126,1.1999999999999957,0.2254268191612796,-0.17180248746983484,-0.17180248746983473,0.7652597513029546,-6.386945914618273,,,-5.605751442999999,Q3,Q1: Lowest,TRUE,TRUE
01107,"Pickens County, AL",0.8937347227582658,0.9321418399316436,0.03840711717337775,0.13598353274154118,0.10723440615209345,2.1000000000000014,0.2778677334349302,-0.002951623392866032,-0.002951623392866032,2.359623343722755,1.1298989155525758,,,-1.8694328759999994,Q2,Q1: Lowest,TRUE,TRUE
01109,"Pike County, AL",0.9026723853513692,1.0459778283115406,0.14330544296017145,0.08835367865390964,0.002984650369528108,-5.199999999999999,0.5985978231397917,0.04259941437612169,0.04259941437612169,0.20220317206225968,-3.873566845701901,,,-3.663809443,Q2,Q4: Highest,TRUE,FALSE
01111,"Randolph County, AL",0.9004935092801202,1.006908253545025,0.10641474426490471,0.12466473554339663,0.032238516543449225,-3.3999999999999986,0.24947601304145328,0.002647603918453756,0.002647603918453756,4.675058315693476,2.2881813743616157,,,-0.9965494050000014,Q2,Q3,TRUE,FALSE
01113,"Russell County, AL",1.0931591195578396,0.9855786297479588,-0.10758048980988077,0.06690584698923685,0.03501064962726308,-2.3000000000000007,0.30179455076611217,0.1348435603242355,0.1348435603242355,4.810214344937891,-0.836127387319352,,,-1.3356739910000002,Q4: Highest,Q2,FALSE,TRUE
01115,"St. Clair County, AL",1.0159634957639163,1.0545198562967275,0.038556360532811196,0.05160061408995276,0.03165355859792218,-0.40000000000000036,0.30685769092434967,0.12809396582144483,0.12809396582144483,0.30421880387984657,-18.595283687353565,10.282062132482963,0.6246883249760184,-2.7550410789999997,Q4: Highest,Q4: Highest,FALSE,FALSE
01117,"Shelby County, AL",1.0145629584352078,1.0627281555143953,0.04816519707918743,0.045588834555827185,0.026605405599812948,-0.7000000000000002,0.16067192791395035,0.1864451117493502,0.18644511174934997,2.709717138564596,-6.79382446230608,2.470601617285652,6.350416309776172,-4.329866895999999,Q4: Highest,Q4: Highest,FALSE,FALSE
01119,"Sumter County, AL",1.0794547872340423,0.9563721136767318,-0.1230826735573105,0.08577127659574468,0.05106571936056836,1.3999999999999986,0.24617091172831596,-0.10764038489156968,-0.10764038489156957,1.6199367990018365,1.7451680849335478,,,-2.5346650800000017,Q4: Highest,Q1: Lowest,FALSE,FALSE
01121,"Talladega County, AL",0.8564787837050378,1.0166197864682576,0.16014100276321974,0.1862584097049319,0.037292441702204915,-0.6000000000000014,0.23483593830866378,-0.02733928441125677,-0.02733928441125666,1.4123460127021232,1.9527847841614232,8.405518298826436,4.138670216505007,-2.2702528070000003,Q1: Lowest,Q3,TRUE,FALSE
01123,"Tallapoosa County, AL",0.938665164742326,0.9684298752095364,0.02976471046721041,0.10042241622078285,0.06239523188675733,-1.1000000000000014,0.315605709337728,-0.025281305838605328,-0.025281305838605328,3.4593451367156467,-1.865885044246732,,,-3.1424032030000006,Q2,Q2,TRUE,TRUE
01125,"Tuscaloosa County, AL",1.0196844961596836,1.0014930558816073,-0.018191440278076287,0.06297429057627746,0.0625581024104871,-2.400000000000002,0.2591050237103725,0.1356387306753457,0.13563873067534593,3.4587319130657797,-2.5599534577306766,5.446936512257338,4.861323991410998,-2.1498492579999997,Q4: Highest,Q3,FALSE,FALSE
01127,"Walker County, AL",0.8418876185842861,0.9948538414447504,0.15296622286046435,0.16335962748027943,0.04859198041016222,-1.8000000000000007,0.29563061667183144,-0.06165891129330081,-0.0616589112933007,-1.4078187700526823,1.090137681163288,5.505456028991958,4.127411112453574,-1.8225406170000014,Q1: Lowest,Q2,TRUE,FALSE
01129,"Washington County, AL",0.9168294515401954,1.1709844559585492,0.2541550044183538,0.0988730277986476,0.042314335060449015,-0.09999999999999787,0.3645350460765149,-0.0666056829226459,-0.0666056829226459,1.9443286865019116,3.5122663983863798,,,-1.3974810009999992,Q2,Q4: Highest,FALSE,FALSE
01131,"Wilcox County, AL",0.8853754940711462,0.9257635746606336,0.040388080589487396,0.3162055335968379,0.07946832579185525,-3.200000000000003,0.45359906213364587,-0.15031127129750987,-0.15031127129750976,-4.36278811665522,-3.9372493792799883,,,-1.4895248500000005,Q2,Q1: Lowest,FALSE,TRUE
01133,"Winston County, AL",0.8490501033566296,0.9823903891569976,0.13334028580036805,0.21498178954621516,0.02043330937467913,0.6999999999999993,0.23770690596010424,-0.04944082387963633,-0.04944082387963622,-3.579124199492095,3.425699455832656,,,-1.8992366300000008,Q1: Lowest,Q2,TRUE,FALSE
02013,"Aleutians East Borough, AK",1.919694072657744,0.7589543021819679,-1.160739770475776,0.026768642447418722,0.05475504322766567,-2.099999999999998,0.19268949047423867,0.10790172642762275,0.10790172642762275,-6.947526924585606,-23.2039577182231,,,-4.0182631036,Q4: Highest,Q1: Lowest,FALSE,TRUE
02016,"Aleutians West Census Area, AK",1.3124793114862627,1.0257234726688105,-0.28675583881745226,0.07778881165177098,0.058170125694241404,-2.5999999999999996,0.376852574102964,0.03073545554335899,0.03073545554335877,-1.3687669185825744,11.806551644457542,,,-1.0281979330000004,Q4: Highest,Q3,FALSE,FALSE
02020,"Anchorage Borough/municipality, AK",1.0337390072104364,1.0007719352416509,-0.032967071968785566,0.004028952889037041,0.053319672418753794,1.5,0.21598679556708333,0.033028207409107946,0.033028207409107946,0.1353306018749667,-1.395379291132219,3.2660548669775977,4.748119093316248,-2.7977191649999984,Q4: Highest,Q3,FALSE,FALSE
02050,"Bethel Census Area, AK",1.0056133399372629,0.954711584300016,-0.05090175563724686,0.01320785867591212,0.04957889718735098,2.1000000000000014,0.2212353551456261,0.09944387968665902,0.09944387968665902,-6.203460080066919,5.453296347413511,,,-3.0177105139999973,Q4: Highest,Q1: Lowest,FALSE,TRUE
02060,"Bristol Bay Borough, AK",0.3948667324777887,0.9897959183673468,0.5949291858895581,0.5745310957551826,0.1489795918367347,1.3000000000000007,0.39725156882993096,-0.22304832713754652,-0.22304832713754652,-4.786393504594705,12.726561249355225,,,-2.46960247,Q1: Lowest,Q2,TRUE,FALSE
02068,"Denali Borough, AK",0.6132686084142395,0.9350165562913908,0.32174794787715133,0.43495145631067966,0.4950331125827815,0.1999999999999993,0.2148067838612251,0.16306156405990024,0.16306156405990002,-0.1404428013509207,11.48142064925966,,,-4.2288814421,Q1: Lowest,Q1: Lowest,TRUE,TRUE
02070,"Dillingham Census Area, AK",1.001054852320675,0.846684350132626,-0.15437050218804904,0.021097046413502074,0.17718832891246683,-3.3999999999999986,0.1645816014112209,0.01738410596026485,0.01738410596026485,-0.9512631826538609,-7.630847240258865,,,-0.6037986139999987,Q4: Highest,Q1: Lowest,FALSE,TRUE
02090,"Fairbanks North Star Borough, AK",1.0403029952584713,1.005840061425347,-0.034462933833124154,0.013993292471377372,0.03943786500383906,-0.5999999999999996,0.19179470678143362,0.03531989951360304,0.03531989951360304,0.5107183516799091,-33.82708156955818,,,-0.921994702000001,Q4: Highest,Q3,FALSE,FALSE
02100,"Haines Borough, AK",0.7356020942408377,0.9718397997496871,0.23623770550884948,0.25804038893044123,0.18272841051314148,-1.5999999999999996,0.3306669503244335,0.06347204707860454,0.06347204707860454,-0.9006107428452259,-4.855728733134294,,,-3.4322054639,Q1: Lowest,Q2,TRUE,FALSE
02110,"Juneau Borough/city, AK",0.904168529280286,1.0184712979662915,0.11430276868600553,0.0722507822977202,0.08228123639529816,-0.7999999999999998,0.13435234123927642,0.04210938009256249,0.04210938009256249,0.9659145101671013,-0.4914710397948294,,,-2.8027139759999997,Q2,Q3,TRUE,FALSE
02122,"Kenai Peninsula Borough, AK",1.0203562866826486,1.0913832006471114,0.07102691396446281,-8.266512358434674e-5,0.02677849206011329,0.09999999999999964,0.21142847055500646,0.10204234870100626,0.10204234870100626,-1.0969994343534517,-6.5690170322565775,,,-1.4838101529999985,Q4: Highest,Q4: Highest,FALSE,FALSE
02130,"Ketchikan Gateway Borough, AK",0.8399692741006273,0.9888332140300644,0.14886393992943714,0.17155293816412753,0.1192555476020043,0.5999999999999996,0.32348519282542565,0.0419758638782699,0.0419758638782699,-0.3647556511184008,6.146115289513867,,,-2.9771161589999995,Q1: Lowest,Q2,TRUE,FALSE
02150,"Kodiak Island Borough, AK",1.0374622862889709,0.9715025906735753,-0.06595969561539561,0,0.04490500863557856,-0.40000000000000036,0.3500932045416032,-0.012234972262329946,-0.012234972262330057,-2.268863598260873,6.6024701655481035,,,-3.7083685179999986,Q4: Highest,Q2,FALSE,TRUE
02158,"Kusilvak Census Area, AK",1.0228255646323885,0.883576803895529,-0.13924876073685954,-0.011532916866890952,0.16954404603806994,,,,,-1.648523867646623,,,,,Q4: Highest,Q1: Lowest,FALSE,TRUE
02164,"Lake and Peninsula Borough, AK",0.4868301544050863,0.9298611111111112,0.44303095670602494,0.5322434150772025,0.1958333333333333,-1.5,0.2740424902647016,-0.022713321055862545,-0.022713321055862434,-6.244678179598267,-36.860561246996184,,,1.1113220089999984,Q1: Lowest,Q1: Lowest,TRUE,TRUE
02170,"Matanuska-Susitna Borough, AK",1.03843249576878,1.1063921160887844,0.06795962032000435,0.006769951829188936,0.023913927941774826,0.09999999999999964,0.16757222675429828,0.33064298174492035,0.33064298174492013,-2.793758336723279,-15.035062352394853,2.726258965496811,4.344728209857362,-2.910838545999999,Q4: Highest,Q4: Highest,FALSE,FALSE
02180,"Nome Census Area, AK",1.0143814576933818,1.023920174958994,0.009538717265612062,0.024015638089919022,0.04756697648988517,-2.400000000000002,0.24545183417834782,0.08198139736102106,0.08198139736102084,0.7422235504873614,1.3078480483212278,,,-3.255517774000001,Q4: Highest,Q3,FALSE,FALSE
02185,"North Slope Borough, AK",0.7548164672480228,0.9179775280898876,0.16316106084186488,0.2634354086392212,0.19757994814174584,-2.4000000000000004,0.23611657846010292,0.1541260711351098,0.15412607113510957,0.04382429606841522,15.96505528111145,,,-10.811611500000001,Q1: Lowest,Q1: Lowest,FALSE,FALSE
02188,"Northwest Arctic Borough, AK",0.9523449319213312,1.0589887640449438,0.10664383212361261,0.051815431164901615,0.03483146067415732,2.8000000000000007,0.2290703237123266,0.02432795698924739,0.02432795698924739,-0.09929297382033353,-9.20496985550679,,,-4.296408888000002,Q3,Q4: Highest,FALSE,FALSE
02220,"Sitka Borough/city, AK",0.9851709304958116,1.0290178571428572,0.04384692664704559,0.03667647724700018,0.09539473684210531,-0.3000000000000007,0.3680925404525255,-0.04044740707264716,-0.04044740707264716,2.377730969550468,23.980670451316932,,,-5.229226887200001,Q3,Q3,FALSE,FALSE
02240,"Southeast Fairbanks Census Area, AK",0.7946979038224414,1.1258599757183327,0.3311620718958913,0.19790382244143034,0.018211250505868026,-1.5,0.33090005732849237,-0.0074874010079193365,-0.0074874010079193365,0.7521378897896613,-36.49256761040431,,,-1.7204536150000003,Q1: Lowest,Q4: Highest,FALSE,FALSE
02282,"Yakutat Borough/city, AK",0.8597972972972973,1.256140350877193,0.39634305357989563,0.1317567567567568,-0.08771929824561409,-0.40000000000000036,0.2484694911818366,-0.11737804878048785,-0.11737804878048774,-0.5461749901831292,,,,-6.694865205700001,Q1: Lowest,Q4: Highest,FALSE,FALSE
02290,"Yukon-Koyukuk Census Area, AK",0.9310844370860928,0.9843419382141346,0.05325750112804184,0.1245860927152318,0.07151925518408797,0.6999999999999993,0.31049630806617445,-0.0843837535014006,-0.0843837535014007,-2.180875018404599,-30.53542640765675,,,-0.7450007209999985,Q2,Q2,FALSE,FALSE
04001,"Apache County, AZ",0.964488017429194,0.944386779568424,-0.020101237860770005,0.03540305010893241,0.0639715924610762,0,0.180477715505738,0.03282951639320708,0.03282951639320708,3.731046772978491,-6.0637043060750955,11.487252430055491,1.9178409606031508,-3.8498053689999985,Q3,Q1: Lowest,FALSE,TRUE
04003,"Cochise County, AZ",0.8078373015873016,1.0237983822448025,0.21596108065750086,0.16459235209235212,-0.007442565233861442,0.3000000000000007,0.1315269217350854,-0.017815078857463806,-0.017815078857463806,1.679435826379669,3.2119576031062724,5.330399236306775,5.14131619685741,-3.721156799000001,Q1: Lowest,Q3,FALSE,FALSE
04005,"Coconino County, AZ",0.968986507501592,1.0077533930118394,0.03876688551024743,0.046075919370843765,0.07349119260756565,-0.29999999999999893,0.20086922490679515,0.09992180432682729,0.09992180432682707,1.254306663723448,-0.7425378529372533,6.677619025948772,6.205731727926043,-6.320285101,Q3,Q3,FALSE,FALSE
04007,"Gila County, AZ",0.9343446720909716,0.9999750124937532,0.0656303404027816,0.08837368885403396,0.035082458770614666,2.900000000000002,0.32274675642242734,0.014384436265304501,0.014384436265304501,-4.335437173318901,-0.20465926743993812,,,-4.040685778699999,Q2,Q3,FALSE,FALSE
04009,"Graham County, AZ",0.8956456456456456,1.0967356967356967,0.20109005109005107,0.14578214578214577,-0.011653211653211759,-2.299999999999997,0.3063817722563018,0.10410803127221047,0.10410803127221024,-0.3058273237420056,-18.44770607327009,,,-2.7142451559999987,Q2,Q4: Highest,FALSE,FALSE
04011,"Greenlee County, AZ",0.9225110348209908,1.0855292050944223,0.16301817027343146,0.3045610593428151,0.02020202020202022,-1.8999999999999986,0.3560314772387687,0.15758683729433276,0.15758683729433276,-0.8123973906511484,-29.168730990417302,,,0.6198170689999998,Q2,Q4: Highest,FALSE,FALSE
04012,"La Paz County, AZ",1.0096774193548388,1.0195520469983477,0.009874627643508882,0.0465638148667602,0.04057279236276845,-1.6999999999999993,0.3174311313185343,0.0223276989393133,0.02232769893931308,-0.9821475862518664,0.6662041237705534,,,-2.364771705999999,Q4: Highest,Q3,FALSE,FALSE
04013,"Maricopa County, AZ",0.9577563334043264,1.0787424509176518,0.12098611751332533,0.06672019286863218,0.01874987844599807,-0.7000000000000011,0.2539784042533755,0.20837003906837204,0.20837003906837204,2.4954068230176096,3.683227085207519,4.613291834985972,6.1684591603584416,-5.532721308000001,Q3,Q4: Highest,FALSE,FALSE
04015,"Mohave County, AZ",0.8203928311772241,1.0707853499500446,0.25039251877282054,0.20966383160421453,0.0103460062049745,2.5,0.2531699815977211,0.06217961553864648,0.06217961553864648,0.7414271492140023,5.127415193159235,5.6347745929519135,1.9746623038138615,-4.826586775000001,Q1: Lowest,Q4: Highest,TRUE,FALSE
04017,"Navajo County, AZ",1.0498897069355717,1.0297893740385753,-0.02010033289699642,0.021084596212794016,0.030706425275115357,1.8000000000000007,0.046435646111496975,0.03738064286849907,0.03738064286849907,2.1394128032032778,-1.255616904460834,3.6995020911012517,0.45463578550109496,-4.5876136769999984,Q4: Highest,Q3,FALSE,FALSE
04019,"Pima County, AZ",0.9947975011511474,1.020709950499221,0.025912449348073574,0.029538097823472387,0.03431996387372227,-0.9000000000000004,0.28427986551085294,0.09563025895807908,0.09563025895807908,2.2598786201545873,-0.28310952761546826,1.069368177631759,3.1727526527086916,-3.77991473,Q4: Highest,Q3,FALSE,FALSE
04021,"Pinal County, AZ",1.2160754300997545,1.176528763132025,-0.03954666696772957,0.01609259794708684,0.0010185832218023716,-0.40000000000000036,0.24367811485592905,0.5115228595504517,0.511522859550452,3.4520818598208605,-43.713998855080305,4.306842528020638,2.5307897862795627,-7.192474931000001,Q4: Highest,Q4: Highest,FALSE,FALSE
04023,"Santa Cruz County, AZ",1.0961798186378546,1.013279262086514,-0.08290055655134054,0.014020194224709015,0.03588846480067853,-1.3000000000000007,0.33981099800902936,0.02558560148220046,0.02558560148220046,5.063496908081577,-4.102108067030617,,,-5.272659252999999,Q4: Highest,Q3,FALSE,FALSE
04025,"Yavapai County, AZ",0.9325106874890944,1.070739842004554,0.13822915451545958,0.09064735648228928,0.021892738409569512,-0.5999999999999996,0.2253094786301617,0.12609868134289393,0.12609868134289393,0.9406869400363338,-0.8017418730870176,4.786965377106156,3.9771337074576607,-4.3133855479,Q2,Q4: Highest,FALSE,FALSE
04027,"Yuma County, AZ",1.042214553459868,1.058987582863362,0.01677302940349401,0.01500862735764863,0.022546255070743038,2.599999999999998,0.18207184334229898,0.14106758754676907,0.14106758754676907,2.8211113930564355,-4.534159232878544,1.669595962489808,0.4149362444021012,-3.4570291849999997,Q4: Highest,Q4: Highest,FALSE,FALSE
05001,"Arkansas County, AR",0.7775990440297822,0.9820910581410014,0.2044920141112192,0.17786561264822132,0.0192962542565267,-2.099999999999998,0.406892673521851,-0.10023669856951734,-0.10023669856951734,-0.17076291426663393,-0.03164000790011379,,,-1.5917194820000002,Q1: Lowest,Q2,TRUE,TRUE
05003,"Ashley County, AR",0.8443364611260054,0.8474982864976011,0.0031618253715957056,0.08512064343163539,0.15490061686086365,-2.1999999999999993,0.3539403907778691,-0.11570471006343064,-0.11570471006343075,0.5728817340098058,-3.2840258432476865,,,-2.9300881699999994,Q1: Lowest,Q1: Lowest,FALSE,TRUE
05005,"Baxter County, AR",0.9082499698686272,1.043735460285809,0.13548549041718194,0.10425454983729054,0.014024592888002618,0.29999999999999893,0.17031664109359745,0.010628811067460386,0.010628811067460386,-2.3061708654684985,-4.796368010474065,,,-1.1402969338000002,Q2,Q4: Highest,TRUE,FALSE
05007,"Benton County, AR",1.039691458425748,1.1122284290894084,0.0725369706636605,0.010340578638671216,0.007192760074285931,-2.4000000000000004,0.44250366867764557,0.37059568701390533,0.37059568701390533,1.9177358976189718,-7.006115280283758,5.850239532825682,9.637115614726945,-2.595837596000001,Q4: Highest,Q4: Highest,FALSE,FALSE
05009,"Boone County, AR",0.9627414330218068,1.0102618322034953,0.04752039918168849,0.06479750778816196,0.04409478201380679,-1.799999999999999,0.36451068003487364,0.018308441470116232,0.018308441470116232,-2.946644904179277,-7.713234195892063,,,-2.0931820630000004,Q3,Q3,FALSE,FALSE
05011,"Bradley County, AR",0.7606797919762258,0.9343279775567456,0.17364818558051975,0.27674591381872216,0.08467227748023465,-1.5,0.32610281923714757,-0.08298543068927322,-0.08298543068927322,0.4262091386456279,-4.418844546704572,,,-3.9570425059999987,Q1: Lowest,Q1: Lowest,TRUE,TRUE
05013,"Calhoun County, AR",0.8672097759674134,1.01179718875502,0.14458741278760645,0.08146639511201625,0.02459839357429716,-2.299999999999999,0.38935919878325254,-0.08305354302880363,-0.08305354302880363,0.989912113329236,12.81977715239031,,,-5.603620019299999,Q1: Lowest,Q3,FALSE,FALSE
05015,"Carroll County, AR",0.8875934562143756,0.9891295116772824,0.10153605546290678,0.1401288030202088,0.03524416135881103,-2.900000000000002,0.36746724890829685,0.06296115959399229,0.06296115959399229,-1.9077191484622946,0.62825251443935,,,-3.1742403699999997,Q2,Q2,TRUE,TRUE
05017,"Chicot County, AR",0.7842082143641556,0.8626891236083357,0.07848090924418016,0.24906654952778384,0.10333999429060803,-1.3999999999999986,0.4852534007463585,-0.1782668724112726,-0.1782668724112727,1.2295496804278494,0.997255370466716,,,-4.599972584,Q1: Lowest,Q1: Lowest,TRUE,TRUE
05019,"Clark County, AR",0.9240708478513356,0.9162811300324836,-0.007789717818852071,0.1034649632210608,0.12215769268628807,-1.6999999999999993,0.3015315607755187,-0.035394788020225554,-0.035394788020225554,-1.0096916185254212,3.073570804214084,,,-2.4320961190000006,Q2,Q1: Lowest,TRUE,TRUE
05021,"Clay County, AR",0.9703474903474903,0.9442263657180242,-0.02612112462946614,0.08463320463320467,0.06820412168792933,0.3000000000000007,0.39665648278466237,-0.1161929057337221,-0.11619290573372199,2.206236633436337,1.191579845266597,,,-0.48003146999999835,Q3,Q1: Lowest,FALSE,TRUE
05023,"Cleburne County, AR",0.8251433612704014,0.9924549901134352,0.16731162884303374,0.18517865019850022,0.045061921115620795,-2.299999999999999,0.23974568768945992,-0.024505774124094715,-0.024505774124094604,-1.374508119729867,-8.558545109918123,,,-1.8439647714999996,Q1: Lowest,Q2,TRUE,FALSE
05025,"Cleveland County, AR",0.7977613838717883,0.9378871861754156,0.14012580230362726,0.1485627066904096,0.08346918813172477,-2.6999999999999993,0.4283096047598811,-0.10566546762589923,-0.10566546762589935,2.0132743947388567,-6.090546115144083,,,-2.5317032460999993,Q1: Lowest,Q1: Lowest,TRUE,TRUE
05027,"Columbia County, AR",0.85747437632953,0.9954249113576576,0.1379505350281276,0.13904467221040417,0.04529337755919016,-2.3000000000000007,0.16178578188799664,-0.05594236728780133,-0.05594236728780133,2.1825932463858164,4.316201571316932,,,-2.0229141110000004,Q1: Lowest,Q2,TRUE,TRUE
05029,"Conway County, AR",0.8887730636922756,1.0289308176100629,0.1401577539177873,0.17606588137183365,0.00720411663807885,-3.0999999999999996,0.2755939759691186,-0.006955030487804881,-0.006955030487804881,0.3702692543573305,-8.710266657872014,,,-2.2249853460000004,Q2,Q3,TRUE,FALSE
05031,"Craighead County, AR",1.0407081256968622,1.032340201357996,-0.008367924338866128,0.00837372289348537,0.022204011550768787,0.5999999999999979,0.19990956591639875,0.20779419813902567,0.20779419813902567,0.752354010390105,-6.987660529822307,4.063757139877936,1.651886306382771,-1.9785085700000007,Q4: Highest,Q3,FALSE,FALSE
05033,"Crawford County, AR",0.9279811097992916,0.9981895719343418,0.07020846213505016,0.07268299881936247,0.038542001931123226,-0.09999999999999787,0.19401386769469653,0.050606211592758577,0.0506062115927588,0.15031373353207034,-4.081633312131633,,,-3.2278062510000005,Q2,Q2,TRUE,FALSE
05035,"Crittenden County, AR",0.9746801834419504,0.9700407642060802,-0.00463941923587019,0.04919140719285542,0.05088158734836201,-3.3000000000000007,0.16944336100741064,-0.04922875609659383,-0.04922875609659383,5.480277887348486,-6.1229799410505645,,,-3.0183849620000025,Q3,Q2,TRUE,TRUE
05037,"Cross County, AR",0.9778632694248234,0.9568872746838848,-0.020975994740938586,0.03733602421796167,0.05757331181059999,-2.8999999999999986,0.36463105859657574,-0.0964670922298041,-0.0964670922298041,1.7356983797540693,11.979431923874131,,,-1.1534577280000011,Q3,Q1: Lowest,FALSE,TRUE
05039,"Dallas County, AR",0.7695366054291198,0.9757855822550832,0.20624897682596333,0.24952015355086377,0.030314232902033278,-2.3999999999999986,0.30505101557317493,-0.1623042906657105,-0.1623042906657104,0.8566013019712909,-2.7937240553443043,,,-1.5601486839999996,Q1: Lowest,Q2,TRUE,TRUE
05041,"Desha County, AR",0.9522348816827344,0.8839710210550147,-0.06826386062771972,0.12865907099035934,0.10618066561014261,-1.2000000000000028,0.3160140830043743,-0.1598757672114176,-0.1598757672114176,-0.4498506966620047,4.08340420106504,,,-4.8531638080000015,Q3,Q1: Lowest,TRUE,TRUE
05043,"Drew County, AR",0.9886058123159648,0.9801843317972352,-0.008421480518729596,0.06106772500320057,0.04792626728110594,-4.100000000000001,0.30618160307601294,-0.01704882654437545,-0.01704882654437556,2.869132219687345,0.22765018238000012,,,-2.4001386159999996,Q3,Q2,FALSE,TRUE
05045,"Faulkner County, AR",1.0469491078822557,1.0559758330908655,0.00902672520860981,0.009993977264172282,0.04082016875759498,-0.5,0.28900154286973767,0.19283016367371286,0.19283016367371286,2.02355373265479,-14.515581460578966,7.538729284637981,1.1869395349993397,-2.8942719199999996,Q4: Highest,Q4: Highest,FALSE,FALSE
05047,"Franklin County, AR",0.8494643516808275,1.004632981033734,0.15516862935290654,0.14382465213643636,0.033733893151874916,-3.8000000000000007,0.2558088376825143,-0.02862312880407958,-0.02862312880407969,-1.7532236211921348,-7.2267222746956215,,,-2.7534067349999987,Q1: Lowest,Q3,TRUE,FALSE
05049,"Fulton County, AR",0.8447261663286004,0.9866137828458106,0.14188761651721016,0.06592292089249496,0.02379771938522557,-2.6000000000000014,0.08806714913585134,0.009956289460903323,0.0099562894609031,-2.9512965546000194,-5.494364122457395,,,1.0843690971999997,Q1: Lowest,Q2,TRUE,FALSE
05051,"Garland County, AR",0.9702672327672328,1.0043894460879814,0.03412221332074861,0.05187312687312684,0.0453616182023715,-1.2000000000000028,0.26135706217802146,0.04889554948128283,0.04889554948128283,-0.5967325188058953,-4.594532445404243,5.590610188407709,8.008413831607132,-1.6495165650000008,Q3,Q3,FALSE,FALSE
05053,"Grant County, AR",0.9712362301101592,1.028305423644089,0.057069193533929696,0.0479804161566707,0.038740314921269725,1.5,0.24669519126381,0.044729165475032806,0.044729165475032806,-1.9607485404503744,5.656515196906545,,,-3.2037784581000004,Q3,Q3,FALSE,FALSE
05055,"Greene County, AR",1.0294299876084263,1.0037485135205004,-0.02568147408792587,0.047087980173482036,0.05030763662685489,-0.6999999999999993,0.24848902555402397,0.10770321130064997,0.10770321130064997,3.051651852601883,-1.2844463899884846,,,-0.7901963219999999,Q4: Highest,Q3,FALSE,FALSE
05057,"Hempstead County, AR",0.8752050168837434,0.9551651192854624,0.07996010240171902,0.08827785817655576,0.07615465977200608,-3,0.21317461259870574,-0.060476481368356705,-0.060476481368356705,-0.21181500399362618,-6.100224342544931,,,-3.350308455000002,Q1: Lowest,Q1: Lowest,TRUE,TRUE
05059,"Hot Spring County, AR",0.9164670453767708,0.9961544437538844,0.07968739837711358,0.10519471630962973,0.02680236171535111,5.399999999999999,0.21631657118608105,0.034936103705065724,0.034936103705065724,0.16697408937275116,2.2020859676844973,,,-1.7790975079999996,Q2,Q2,TRUE,TRUE
05061,"Howard County, AR",1.0141400854981917,0.9110639083856668,-0.10307617711252492,0.056231502795133226,0.08293313631326193,-1.5999999999999979,0.2561630128263441,-0.03494152046783627,-0.034941520467836384,1.5439095806274117,1.4027535257372836,,,-0.7184899700000003,Q4: Highest,Q1: Lowest,FALSE,TRUE
05063,"Independence County, AR",0.917945762300552,1.0375191894381333,0.11957342713758123,0.12230783231207909,0.013570770647835406,0.8000000000000007,0.29523577763357123,0.05982067806108149,0.05982067806108171,-0.9916644562991961,4.066610900170874,,,-1.6393101110000003,Q2,Q4: Highest,FALSE,FALSE
05065,"Izard County, AR",0.8800829056454796,0.941740589786622,0.061657684141142366,0.09238057639163044,0.11436106449292738,-5.4,0.28823924946367385,0.005681818181818121,0.005681818181818121,-4.977589564514762,1.1731334920857261,,,-1.4182358614999995,Q2,Q1: Lowest,FALSE,TRUE
05067,"Jackson County, AR",0.7912875654811139,0.9768712438535786,0.1855836783724647,0.22415219189412738,0.026771079949007515,-0.9000000000000021,0.3163435658069571,-0.07619626478063879,-0.07619626478063879,-1.051358166701713,3.4781855809315276,,,-1.2179831369999992,Q1: Lowest,Q2,TRUE,TRUE
05069,"Jefferson County, AR",0.796042916126699,0.9299255917042666,0.1338826755775676,0.1563846779783611,0.06467189107892024,-0.6000000000000014,0.11743311382360244,-0.15185053561456063,-0.15185053561456074,2.6055341082899393,-0.47873463262938465,5.902419090119423,2.9662457371527697,-2.5076350000000005,Q1: Lowest,Q1: Lowest,TRUE,TRUE
05071,"Johnson County, AR",0.91656050955414,0.9630066902794177,0.04644618072527762,0.10627843494085532,0.052735143644234594,1,0.27892104096751735,0.05850491855509987,0.05850491855509987,-1.9147134627104516,-11.512629826723938,,,-2.8732095730000005,Q2,Q1: Lowest,TRUE,TRUE
05073,"Lafayette County, AR",0.8511555708865126,0.89578111946533,0.0446255485788174,0.1283201103828907,0.08771929824561409,0.8999999999999986,0.2936958262261984,-0.15564053537284894,-0.15564053537284894,2.463978386102333,-3.593803401040079,,,-2.9816896140000004,Q1: Lowest,Q1: Lowest,TRUE,TRUE
05075,"Lawrence County, AR",0.9488091780424048,1.012156862745098,0.06334768470269325,0.04792332268370603,0.03325490196078429,-4.100000000000001,0.26586971808476645,-0.05090824945042227,-0.05090824945042216,-5.150801509513581,-3.5144593761599765,,,-0.7734941220000007,Q3,Q3,TRUE,FALSE
05077,"Lee County, AR",0.8743144424131627,0.8725376593279258,-0.0017767830852368771,0.07921998781230954,0.12012359984550014,3.599999999999998,0.2573258937797065,-0.18165018941143862,-0.18165018941143862,4.171255849563455,0.17714502454539982,,,-2.9288400768000002,Q1: Lowest,Q1: Lowest,FALSE,TRUE
05079,"Lincoln County, AR",0.7832486234646336,0.9230093676814988,0.13976074421686513,0.1495129182549767,0.07640515222482436,0.3000000000000007,0.4315462717454568,-0.08520053382032733,-0.08520053382032733,0.49831774229204817,6.717166132334356,,,-2.612857451700001,Q1: Lowest,Q1: Lowest,TRUE,TRUE
05081,"Little River County, AR",0.8130346865764505,0.948141661801907,0.13510697522545645,0.17467724373930626,0.06830122591943955,-1.5,0.2973726831023933,-0.06469825284199282,-0.06469825284199271,-0.054353400840354005,-2.7154188121982283,,,-1.5398647360000002,Q1: Lowest,Q1: Lowest,TRUE,TRUE
05083,"Logan County, AR",0.906423034330011,0.9662433155080212,0.05982028117801019,0.1364139736232759,0.040552584670231706,-0.20000000000000284,0.23315139663173867,-0.05677124527638633,-0.05677124527638622,2.0780487423372906,-7.534806512823582,,,-2.760332341,Q2,Q1: Lowest,TRUE,TRUE
05085,"Lonoke County, AR",1.0123739837398371,1.030728092976009,0.018354109236171867,0.01177235772357721,0.043858862896238526,-0.5,0.3131562434637105,0.13870982773885898,0.13870982773885876,-1.6921072573041984,-13.509851871870778,,,-3.120896073000001,Q4: Highest,Q3,FALSE,FALSE
05087,"Madison County, AR",0.9214295186314811,1.0764886347789708,0.15505911614748968,0.1381779604826946,0.029145168037930547,-0.7000000000000028,0.37672391547438133,0.07965869862567576,0.07965869862567576,-2.591383146905213,2.6837024482028724,,,-1.9546940510000006,Q2,Q4: Highest,FALSE,FALSE
05089,"Marion County, AR",0.9263078089461714,0.9479241231209736,0.021616314174802254,0.1008339651250948,0.08607730851825335,-0.8000000000000007,0.24774658768993052,-0.00601369455195,-0.00601369455195,-0.022236871723962937,-4.010639579966497,,,-0.6448130470999995,Q2,Q1: Lowest,TRUE,TRUE
05091,"Miller County, AR",0.923124837788736,0.9723798599372132,0.04925502214847721,0.04443290942123024,0.05602511470659266,-4.6,0.3718805584002587,0.01280730508077732,0.01280730508077732,0.06455094392754379,4.57366950384753,,,-3.9303020880000012,Q2,Q2,FALSE,TRUE
05093,"Mississippi County, AR",0.869808425325479,1.0465489566613162,0.17674053133583723,0.16103163209742088,0.08103171528200581,-5.199999999999999,0.26498592351247896,-0.13231590181430097,-0.13231590181430086,1.5820809627299814,-5.893963156248912,,,-2.4818779510000013,Q1: Lowest,Q4: Highest,TRUE,FALSE
05095,"Monroe County, AR",0.8018080667593881,0.8775652173913043,0.07575715063191624,0.20222531293463142,0.06365217391304345,-1.6999999999999993,0.26336538815813704,-0.22710495963091115,-0.22710495963091126,0.39904417416929405,-1.3802274686747324,,,-2.4208261044999997,Q1: Lowest,Q1: Lowest,TRUE,TRUE
05097,"Montgomery County, AR",0.7354573980207579,0.9754479097544791,0.2399905117337212,0.23437122857832493,0.06104844061048442,1.8999999999999986,0.1336005726556908,-0.051909685587676724,-0.05190968558767706,6.0831879835466225,4.432512237859207,,,-1.956683355400001,Q1: Lowest,Q2,TRUE,TRUE
05099,"Nevada County, AR",0.7702507232401157,0.8417328270624784,0.07148210382236275,0.15139826422372227,0.10182947877114257,3.1000000000000014,0.1306877979322727,-0.10952843422898462,-0.1095284342289845,-0.7191550961222648,2.223370539979425,,,-1.3177651840000006,Q1: Lowest,Q1: Lowest,TRUE,TRUE
05101,"Newton County, AR",1.0205682154483575,0.9701720841300192,-0.05039613131833831,0.055637762651672085,0.03862332695984705,-3.599999999999998,0.3063603872445262,-0.08009017560512577,-0.08009017560512544,-2.837351214233763,2.29040050084567,,,1.454860257,Q4: Highest,Q2,FALSE,TRUE
05103,"Ouachita County, AR",0.7955883645311539,1.0220672966121227,0.2264789320809688,0.1747956762457158,0.03134362756395481,-5.599999999999998,0.3882638099227962,-0.11592558983666057,-0.11592558983666068,0.4582539589958856,9.69980398156337,,,-3.9351436260000003,Q1: Lowest,Q3,TRUE,FALSE
05105,"Perry County, AR",0.8590830073880922,1.0070564516129032,0.14797344422481107,0.13515862668405043,0.05720766129032262,0.3000000000000007,0.34859032834546966,-0.00390625,-0.00390625,-0.7710017468088193,-7.315952295552369,,,-1.0025020609999995,Q1: Lowest,Q3,TRUE,FALSE
05107,"Phillips County, AR",0.7388642093888822,0.7800484932455837,0.041184283856701476,0.18681714491535595,0.16505022514721168,-3.9000000000000057,0.20029701839229275,-0.21923161361141608,-0.21923161361141597,6.151675492599784,3.1196015754161817,,,-3.623561927999999,Q1: Lowest,Q1: Lowest,TRUE,TRUE
05109,"Pike County, AR",0.820500099226037,0.9321802457897131,0.1116801465636762,0.22782298075014884,0.04506144742831131,-0.7000000000000028,0.31081081081081074,-0.055016751895609284,-0.055016751895609284,0.886465265472397,7.192632634076613,,,-0.902814921800001,Q1: Lowest,Q1: Lowest,TRUE,TRUE
05111,"Poinsett County, AR",0.9160298051203668,0.966375770020534,0.050345964900167184,0.1074703859380971,0.04425051334702257,-2.1999999999999993,0.3255289231876002,-0.05178736952403984,-0.05178736952403995,-0.8166956724316554,0.09873753671341268,,,-1.7788718450000012,Q2,Q1: Lowest,TRUE,TRUE
05113,"Polk County, AR",0.9044187708432588,0.985210780926054,0.08079201008279513,0.05478799428299186,0.04146510020732552,0.8000000000000007,0.2840471957329884,-0.02026794915836483,-0.02026794915836483,0.16858960430304326,-3.5438746803676366,,,-3.580746767000001,Q2,Q2,TRUE,TRUE
05115,"Pope County, AR",0.978277492006117,0.987695749440716,0.009418257434599009,0.0475114694842208,0.07591096955219356,0.5999999999999979,0.2256641733298943,0.07156356095195093,0.07156356095195093,-0.6264828311954435,-1.341506501003607,,,-2.404459505,Q3,Q2,TRUE,FALSE
05117,"Prairie County, AR",0.8397481587075315,1.006188831318365,0.1664406726108334,0.15490615348063674,0.012665515256188864,-1.3999999999999986,0.32108649035025016,-0.09931851189811192,-0.09931851189811203,-4.512900216501803,13.351974105497499,,,-1.0558450490000002,Q1: Lowest,Q3,TRUE,FALSE
05119,"Pulaski County, AR",0.9960262745703632,1.0134927670984064,0.01746649252804322,0.031679498775618264,0.045008324864315497,-0.9000000000000004,0.17312788082566977,0.049565750676882514,0.049565750676882736,2.375759440881758,-1.8444439752139905,3.4305372674185293,2.8329363726667722,-3.2664117729999997,Q4: Highest,Q3,FALSE,FALSE
05121,"Randolph County, AR",0.8299191750278707,1.0004931661265324,0.17057399109866167,0.15105908584169458,0.005917993518388065,-0.09999999999999787,0.3151840490797546,-0.005317381189763992,-0.005317381189764103,-5.2098082647103805,9.06577886713324,,,0.9832741139999985,Q1: Lowest,Q3,FALSE,FALSE
05123,"St. Francis County, AR",0.8610368236988274,0.9181012658227848,0.05706444212395745,0.1493519851882329,0.08468354430379743,-0.6000000000000014,0.21438660922381514,-0.11974360780446569,-0.1197436078044658,1.9474538764820082,-5.127989892047575,,,-3.1767849320000003,Q1: Lowest,Q1: Lowest,TRUE,TRUE
05125,"Saline County, AR",1.0747817284575478,1.057537615493655,-0.01724411296389272,0.020962503690581613,0.03673594862773899,-1.0999999999999996,0.31652539872957197,0.22384374718870892,0.22384374718870914,1.255323350495391,-11.763982137157896,3.0142365006678347,3.3224328279140067,-2.406681077,Q4: Highest,Q4: Highest,FALSE,FALSE
05127,"Scott County, AR",0.8958378030465566,1.022481788495353,0.1266439854487964,0.06329113924050633,0.03943732730469729,-2.8999999999999986,0.12339157124306466,-0.08912908655975904,-0.08912908655975893,-3.1040817397694043,2.9662109156379,,,-3.432622618,Q2,Q3,TRUE,FALSE
05129,"Searcy County, AR",0.8851450336946968,0.9877300613496932,0.10258502765499644,0.15206563140931728,0.045527930255085614,-1.5,0.41594941872323066,-0.04761329305135953,-0.04761329305135953,0.49187095997393904,-6.096685170767125,,,-2.706963569000001,Q2,Q2,TRUE,FALSE
05131,"Sebastian County, AR",0.9602571097319784,0.9908731603307503,0.030616050598771927,0.0769794721407625,0.03567528212595561,-0.20000000000000107,0.20717721050684434,0.03970035625396506,0.039700356253965285,2.181170134734081,-2.991209237534212,3.3290527303437614,7.205028493984468,-2.4669539500000006,Q3,Q2,TRUE,TRUE
05133,"Sevier County, AR",0.8311468758452799,1.005853944094834,0.17470706824955406,0.2529077630511225,0.04434362651836676,-0.6999999999999993,0.3068417415342086,0.04037438062029741,0.04037438062029719,8.248273043803728,5.308934195405358,,,-3.428552211999998,Q1: Lowest,Q3,TRUE,FALSE
05135,"Sharp County, AR",0.963156151680742,1.0479676197037546,0.08481146802301265,0.09504884914720979,0.04254219772648982,0.1999999999999993,0.38324256697085657,-0.0036558894093453587,-0.0036558894093453587,-4.811657156162319,4.536213986383924,,,-0.13745472300000117,Q3,Q4: Highest,FALSE,FALSE
05137,"Stone County, AR",1.0693235097119893,0.9727479182437548,-0.09657559146823447,0.062290689886135286,0.07090587938430482,-1.8000000000000007,0.35339172499725136,0.022567457072771857,0.022567457072771635,2.6519937620234746,0.6317948578468107,,,-0.14418248710000015,Q4: Highest,Q2,FALSE,TRUE
05139,"Union County, AR",0.8419686287369514,0.9433193381081748,0.10135070937122337,0.16773241515002457,0.06575697703136574,-0.10000000000000142,0.2554418103448275,-0.08481794307615875,-0.08481794307615886,2.6142482965821277,0.2977867339673379,,,-2.086462933,Q1: Lowest,Q1: Lowest,TRUE,TRUE
05141,"Van Buren County, AR",0.8987887963663891,1.03839748334567,0.13960868697928086,0.1252081756245269,0.04829755736491492,2.799999999999997,0.19333416865054498,-0.039533263671194696,-0.03953326367119481,1.710144927536228,0.16487127188349504,,,-2.3456356300999985,Q2,Q4: Highest,TRUE,FALSE
05143,"Washington County, AR",0.9942607160057794,1.073178322334203,0.0789176063284237,0.06244983143361693,0.02175951978990809,-0.3000000000000007,0.21554918548556246,0.2295888467351408,0.2295888467351408,0.8207975118978583,-1.5514265347746619,0.4379307348703776,3.7627625634279234,-4.943838579000001,Q3,Q4: Highest,FALSE,FALSE
05145,"White County, AR",1.083035397945051,1.034134876730726,-0.0489005212143252,-0.00937288626920485,0.019857384964666047,-0.09999999999999964,0.2269036472797481,0.07040626316719445,0.07040626316719445,-1.9127565867496976,-6.69688822086066,-1.4227981152270246,-0.6236131738522097,-3.153514951,Q4: Highest,Q4: Highest,FALSE,FALSE
05147,"Woodruff County, AR",0.876233045622688,1.0442214790040878,0.1679884333813998,0.09124537607891492,0.015979189892233348,0.6000000000000014,0.37732580037664776,-0.17364016736401677,-0.17364016736401655,-2.334037684194584,11.330173189979346,,,-1.9246791450000007,Q2,Q4: Highest,FALSE,FALSE
05149,"Yell County, AR",0.8608412667573344,0.9915607189829022,0.1307194522255678,0.17000194287934722,0.05370451556334943,-2.5000000000000018,0.3014428282946531,-0.013497896731844872,-0.013497896731844872,-3.5620249419689607,-1.7065008574428184,,,-4.646997954,Q1: Lowest,Q2,TRUE,TRUE
06001,"Alameda County, CA",0.9974145656818788,0.9648488537745183,-0.03256571190736046,0.04052511495077915,0.08911152335906736,-2.0999999999999996,0.5760953957487951,0.14811553085597118,0.14811553085597096,0.9636465348503265,0.0539463951151955,3.871718891964349,10.325507134489648,-3.632614865999999,Q4: Highest,Q1: Lowest,FALSE,TRUE
06003,"Alpine County, CA",1.0860566448801745,0.94,-0.14605664488017456,0.159041394335512,0.15200000000000002,1.299999999999999,0.2595803710768163,-0.11381475667189955,-0.11381475667189955,-5.690408134809975,-6.98510650427644,,,-6.6214426002,Q4: Highest,Q1: Lowest,FALSE,FALSE
06005,"Amador County, CA",0.7866088917908233,0.9711458621644063,0.18453697037358308,0.23832136285392058,0.07929698311652367,-0.29999999999999893,0.1409212611332713,0.02569924656827327,0.02569924656827327,-1.4853805666320608,5.125541906107472,,,-0.028820917500000043,Q1: Lowest,Q2,TRUE,TRUE
06007,"Butte County, CA",0.9597286963808724,0.9097474448855478,-0.04998125149532462,0.09344786047242448,0.12608750739082697,-1,0.4796026959914863,0.00789537819183428,0.007895378191833835,-4.22297908587288,-36.55592624717228,5.198233570891205,6.575848584193583,-0.9663142649999994,Q3,Q1: Lowest,TRUE,TRUE
06009,"Calaveras County, CA",0.9653465346534652,1.06050733805668,0.09516080340321487,0.09931611717872824,0.03574139676113364,1.799999999999999,0.32656909052034133,-0.00784559522780326,-0.00784559522780326,-5.616774007953074,1.6550153706859252,,,0.42160809489999984,Q3,Q4: Highest,TRUE,FALSE
06011,"Colusa County, CA",1.011766637478109,0.9617469879518072,-0.05001964952630167,0.025175131348511348,0.07158634538152608,-0.6999999999999993,0.34560867781778404,0.02239620403321463,0.02239620403321463,-3.5391093104228584,11.767809738770183,,,-5.8303821639999995,Q4: Highest,Q1: Lowest,FALSE,TRUE
06013,"Contra Costa County, CA",0.989601931300202,0.9884336687690454,-0.0011682625311566497,0.05725184686627194,0.08619693855857136,-0.7999999999999989,0.3962157841634235,0.1430646721207509,0.1430646721207509,2.355468231563207,-1.3267766157476075,1.1933486894008638,5.870236680359412,-3.1142783939999994,Q3,Q2,FALSE,TRUE
06015,"Del Norte County, CA",0.856487674374164,0.9642325741101064,0.10774489973594248,0.13558188419644568,0.07416733432528333,-4.400000000000002,0.36393762183235867,-0.021221185993313352,-0.021221185993313352,-0.9193220120344126,-1.239561299683436,,,-3.8581593145,Q1: Lowest,Q1: Lowest,TRUE,TRUE
06017,"El Dorado County, CA",0.9221229088348534,1.0105927145994462,0.08846980576459285,0.10422605594612089,0.06720853623603551,0.5,0.34154008964143423,0.08525330061791614,0.08525330061791592,-2.9423949309989372,5.264245167423887,0.4463941901522759,4.348467714065283,-2.6289211958000003,Q2,Q3,TRUE,FALSE
06019,"Fresno County, CA",0.9666640913714736,1.027062618227676,0.060398526856202506,0.05707111677676058,0.05689964592326724,0.5,0.22297892452789658,0.11515146779948937,0.11515146779948959,0.3823843565782997,1.2309550435884329,3.6794131818429037,3.4125451287089916,-4.711435148,Q3,Q3,FALSE,FALSE
06021,"Glenn County, CA",1.0116911364872214,0.989076596497435,-0.022614539989786464,0.013231828892514064,0.04917742791438173,-3.700000000000001,0.44549726123413214,0.02225022502250229,0.02225022502250229,-5.662927816647157,5.216515030152682,,,-2.2009796779999995,Q4: Highest,Q2,FALSE,FALSE
06023,"Humboldt County, CA",1.0244521032166845,0.9500660367774052,-0.07438606643927925,0.031901732060798826,0.09419553659114765,2.200000000000003,0.3715833802741342,0.02694676555480635,0.02694676555480635,-2.167833569395994,4.404797035023112,1.8948682644776795,3.708844025790576,-2.862289865100001,Q4: Highest,Q1: Lowest,FALSE,TRUE
06025,"Imperial County, CA",1.0029905255914888,1.019519047868349,0.01652852227686008,0.023712486105965214,0.06500532258345981,1,0.43263045032165826,0.1009684317966415,0.1009684317966415,1.4993716148148013,-12.729209129537015,9.516501886047728,7.774763467882943,-4.829063229000001,Q4: Highest,Q3,FALSE,FALSE
06027,"Inyo County, CA",1.004903091832026,0.9479512735326688,-0.05695181829935725,0.015459160129210892,0.09437676879537349,0.29999999999999893,0.27184466019417486,-0.02100293064148484,-0.02100293064148473,-3.0630836330199696,4.6712621224872795,,,-2.665514495,Q4: Highest,Q1: Lowest,FALSE,TRUE
06029,"Kern County, CA",1.0471817489936457,1.0224874845985636,-0.024694264395082044,0.04241512848021367,0.05908601494078081,0.8999999999999986,0.14164111580436978,0.1206564079070711,0.12065640790707133,-0.6315443420096906,-4.1732655784362755,6.230046419689742,3.022631891930777,-5.003850328,Q4: Highest,Q3,FALSE,FALSE
06031,"Kings County, CA",0.9490255579010856,1.0061243535404596,0.057098795639374034,0.06664656212303977,0.05881323638060432,-1.1999999999999993,0.2708097677822876,0.016753091344236193,0.016753091344236193,-0.241359284497647,1.3397976707457904,-0.6037204238211018,4.783893693123334,-3.517552804000001,Q3,Q3,FALSE,FALSE
06033,"Lake County, CA",1.1257580452392546,0.9840052124931692,-0.1417528327460854,0.03762560311628527,0.06868720837361808,1.9000000000000021,0.2304725421772098,0.004822323142469109,0.004822323142469109,-6.459219657584536,1.5493878147870117,-1.9617854383494944,0.12837627701373755,-0.10515637800000022,Q4: Highest,Q2,FALSE,FALSE
06035,"Lassen County, CA",0.8134392076502732,0.8715871757108871,0.05814796806061384,0.16308060109289613,0.11963294437521244,-0.6999999999999993,0.1245280644349358,-0.14156956338621363,-0.14156956338621374,-3.0099470704297024,0.4214656594218198,,,1.5124263109000005,Q1: Lowest,Q1: Lowest,FALSE,TRUE
06037,"Los Angeles County, CA",0.949083945441545,0.9725990472583538,0.023515101816808825,0.07566693676015246,0.11537739452570939,-1.1999999999999993,0.3594234867461772,0.03492118178306591,0.034921181783066135,3.310109096361802,5.345307597596056,4.596886199757137,5.441452456232895,-4.357495345,Q3,Q2,FALSE,TRUE
06039,"Madera County, CA",0.9042322437449556,1.0486364469322138,0.14440420318725822,0.13645076674737688,0.05947323704333052,0.7000000000000028,0.38062315009376624,0.07708791171174867,0.07708791171174889,-2.139542961185539,-1.5572391837693542,5.368543960182862,0.6006873298341642,-4.9307395389999975,Q2,Q4: Highest,FALSE,FALSE
06041,"Marin County, CA",1.0071730647912334,0.9393424521186012,-0.06783061267263213,0.04556181219187361,0.10841452888436143,0.10000000000000053,0.33558574663329765,0.051078587440304135,0.051078587440304135,-0.6152845918672545,-17.33773338994242,1.5478191420107663,7.593006220573962,-3.071831420399999,Q4: Highest,Q1: Lowest,FALSE,TRUE
06043,"Mariposa County, CA",0.854611566431952,0.9759964439176174,0.1213848774856654,0.1541036592404479,0.12090680100755669,2.5999999999999996,0.2339499964918026,-0.06332353261461399,-0.06332353261461399,-1.8899632019394486,-15.22592328746593,,,0.8581393242999988,Q1: Lowest,Q2,TRUE,FALSE
06045,"Mendocino County, CA",0.9046726032037942,0.9447594007613728,0.0400867975575786,0.1255142041329913,0.10672911017993592,-1.4000000000000004,0.235772165654752,-0.0036981314099987506,-0.0036981314099987506,-2.9854746785044517,5.236952173174341,4.156014176607485,-0.4343730079831758,-2.6130685489999994,Q2,Q1: Lowest,TRUE,TRUE
06047,"Merced County, CA",1.0473789211471904,1.0083397221339216,-0.0390391990132688,0.02367568282520993,0.0504590586959367,-2.3000000000000007,0.3641097079175135,0.11724470910115081,0.11724470910115081,-0.9190972935139069,5.6898321924614805,2.5385283542013326,2.019428973238412,-5.0588186,Q4: Highest,Q3,FALSE,FALSE
06049,"Modoc County, CA",0.8207725553754727,1.0273479668945664,0.20657541151909375,0.18152350081037272,0.015833033465275315,0.8999999999999986,0.3440215940438407,-0.07181102362204728,-0.07181102362204717,-3.586439785934786,9.166953893233654,,,-0.2330457199999998,Q1: Lowest,Q3,TRUE,FALSE
06051,"Mono County, CA",0.9400977995110024,1.0392297650130549,0.0991319655020525,0.08215158924205379,0.15887728459530026,0.5,0.22246834274744343,0.05600233952332223,0.05600233952332223,-0.1667414848343679,12.041017461025188,,,-3.8380210495,Q2,Q4: Highest,TRUE,FALSE
06053,"Monterey County, CA",0.98235654013817,0.9841462703396257,0.0017897302014556749,0.04004384735003952,0.0836767822080523,0.5,0.3501270558339804,0.07874475614847798,0.0787447561484782,-1.923095759720697,7.489991751025579,2.6421819777966533,2.1131859477468886,-5.483335563999999,Q3,Q2,FALSE,TRUE
06055,"Napa County, CA",0.9186838071829994,0.9689501841172792,0.05026637693427982,0.13041797268748012,0.12343500312651978,-1.1999999999999993,0.455604310511712,0.03892655921196542,0.03892655921196542,-1.1214281945758713,-5.809853684476157,5.047399508062796,9.853139426942406,-4.2431442022,Q2,Q2,TRUE,TRUE
06057,"Nevada County, CA",0.9086430764125114,1.0049155705247828,0.09627249411227135,0.1045797726707044,0.08317782531518825,0.5999999999999996,0.18568652187254941,0.020052354950201412,0.020052354950201412,-1.2918975840287839,1.611288495720788,2.3436801415832917,4.288835033434278,-0.6882873429000007,Q2,Q3,TRUE,FALSE
06059,"Orange County, CA",0.9270075613554658,0.9801719369775124,0.05316437562204657,0.11056903479711033,0.09290601937451604,0.5999999999999996,0.30987456741488506,0.08325166656490302,0.0832516665649028,1.9573783261309567,7.873237928826971,3.4736183228662867,5.625981242072477,-3.4265061140000004,Q2,Q2,FALSE,TRUE
06061,"Placer County, CA",0.95605042971717,1.0550868909653206,0.09903646124815058,0.0836827090423019,0.05531526177347812,0.5999999999999996,0.40221338653882044,0.2106418092352207,0.2106418092352209,-2.3429137362533936,-2.5987141657073103,1.525601236631445,7.601535552194029,-2.8330003243999986,Q3,Q4: Highest,FALSE,FALSE
06063,"Plumas County, CA",0.7583874747044413,0.9725200162844349,0.2141325415799935,0.2450740227926297,0.06825892251323107,1.6999999999999993,0.30450830477194835,-0.08999854841050947,-0.0899985484105097,-4.10714616326186,1.307495673307015,,,-0.642454346900001,Q1: Lowest,Q2,TRUE,TRUE
06065,"Riverside County, CA",1.001718891221744,1.0634107410001186,0.0616918497783745,0.0631529042488842,0.04737611225155258,-0.3999999999999986,0.26273035887487883,0.19051958309218997,0.19051958309218997,0.5360281805994016,-10.716248875164462,3.5138647290776674,3.394311213282517,-4.975657567999999,Q4: Highest,Q4: Highest,FALSE,FALSE
06067,"Sacramento County, CA",0.9647639520872764,1.0153887587266457,0.0506248066393693,0.07802079687272523,0.05992378182792446,0.40000000000000036,0.26517431321823914,0.12373430758615389,0.12373430758615411,1.3459543018528974,3.2863164095972506,3.8186345323780557,4.216014151851272,-3.6935792700000007,Q3,Q3,FALSE,FALSE
06069,"San Benito County, CA",1.0794732662784543,1.068131941211678,-0.011341325066776209,0.04861478736544911,0.044723016559154116,-1.299999999999999,0.27063811808730565,0.16156236129604973,0.16156236129604973,1.1231042546365588,25.352834864938714,,,-4.006547308,Q4: Highest,Q4: Highest,FALSE,FALSE
06071,"San Bernardino County, CA",0.9444950671167776,1.0421376956155517,0.09764262849877414,0.08487321847910645,0.04917407067407553,1.200000000000001,0.2036431824270024,0.09433173322838861,0.09433173322838839,0.6233148727321919,2.200122516705787,3.430078652805861,4.433268693237007,-4.301477876,Q3,Q4: Highest,FALSE,FALSE
06073,"San Diego County, CA",0.9581736717885544,1.0066452019910603,0.04847153020250594,0.07880898392573898,0.08620747134837659,-0.7999999999999989,0.35402760676560163,0.12184792902072838,0.12184792902072838,1.4891756389970756,-0.8351697417092527,2.914317743777005,6.4194659053967555,-3.829514916000001,Q3,Q3,FALSE,FALSE
06075,"San Francisco County/city, CA",1.0588546571697648,0.93709954488033,-0.12175511228943481,0.03318353463961454,0.10425895797860951,-1.0999999999999996,0.8088455883444967,0.13211707610254875,0.13211707610254897,-2.2667635168564932,-10.99348547485421,3.5100404614892398,9.249710544791654,-1.2126840370000007,Q4: Highest,Q1: Lowest,FALSE,TRUE
06077,"San Joaquin County, CA",0.9815498843369898,1.061316669885553,0.0797667855485632,0.04720170136556978,0.03837120197369648,-0.5999999999999996,0.31969772911285044,0.14080349658723512,0.14080349658723512,0.27721341837223246,7.667169856086311,3.03479888483173,3.159053679474436,-4.684730711,Q3,Q4: Highest,FALSE,FALSE
06079,"San Luis Obispo County, CA",0.9779370995564316,0.9778831446925664,-5.395486386516879e-5,0.07445940118284866,0.0909070052003671,0.09999999999999964,0.3692574452111115,0.07740990219583677,0.07740990219583654,-1.6106337796334358,-1.2757046250475543,2.905200499851503,7.236337282113926,-2.177714116099999,Q3,Q2,FALSE,TRUE
06081,"San Mateo County, CA",1.0481621547861393,0.987214937354389,-0.060947217431750245,0.035648543954284295,0.09247582917529773,0.09999999999999964,0.6310349402385633,0.10481243037029664,0.10481243037029686,-0.25925173686914826,-5.273103624342734,1.7931292935885779,8.80950267443118,-3.240441575,Q4: Highest,Q2,FALSE,TRUE
06083,"Santa Barbara County, CA",0.9560378355019926,0.9895407205854756,0.03350288508348298,0.07985307533490182,0.0701022705948583,-0.1999999999999993,0.2907639285776138,0.08573033461967738,0.08573033461967738,-0.45682782865216764,3.0791183193846754,-0.08674981936830761,4.39713447144949,-3.6251671230000007,Q3,Q2,FALSE,FALSE
06085,"Santa Clara County, CA",1.0478489195815766,0.9846884139482563,-0.06316050563332021,0.044055426210494075,0.07234995625546803,-2.200000000000001,0.5717557704859668,0.1260646742514424,0.1260646742514424,-1.6225017050717716,-6.991776118240547,3.5346276901963734,9.240046190803831,-4.737950696,Q4: Highest,Q2,FALSE,TRUE
06087,"Santa Cruz County, CA",0.932671827863192,0.9432218115419164,0.010549983678724395,0.11042779776832767,0.09502422359333818,0,0.36469951789209065,0.0785972586299466,0.0785972586299466,-2.3945138939001187,2.368778985948075,4.559926058544079,3.9536944878100257,-5.290431443199999,Q2,Q1: Lowest,TRUE,TRUE
06089,"Shasta County, CA",0.8609758610917897,1.0112878434386408,0.15031198234685106,0.16913980987711574,0.037575824115499645,-0.09999999999999964,0.46412577417818013,0.02000589074925796,0.02000589074925818,-2.4793696778696277,-2.680050102872717,4.987625773505684,3.0212909912572066,-1.470292015,Q1: Lowest,Q3,TRUE,FALSE
06091,"Sierra County, CA",0.8381174899866488,0.9868630573248408,0.148745567338192,0.16288384512683574,0.060509554140127375,1,0.24275862068965526,-0.10910168989030533,-0.10910168989030533,1.6415884817371773,22.477509319628865,,,2.6444873506000004,Q1: Lowest,Q2,TRUE,FALSE
06093,"Siskiyou County, CA",0.9138683198438666,0.9703579056371756,0.05648958579330898,0.09132655989897254,0.055271503462559046,-0.3000000000000007,0.28751540961560007,-0.020825368267176403,-0.020825368267176403,-3.6188941296815047,-1.6929292093125596,,,-3.9136453833000004,Q2,Q2,TRUE,TRUE
06095,"Solano County, CA",0.9309102766699276,0.9792457465461762,0.048335469876248593,0.11249905937241322,0.08362877897454668,-0.5999999999999996,0.2873300788584303,0.09651114654752191,0.09651114654752213,0.050805471682849324,7.954581101276607,4.650664734469643,6.490735333210264,-3.148135819,Q2,Q2,FALSE,FALSE
06097,"Sonoma County, CA",0.9150012465518766,0.9471525269678778,0.03215128041600113,0.123155304279292,0.10802697983687726,-1.7000000000000002,0.3982883475971033,0.057729011716977974,0.057729011716978196,-1.248756834613135,0.20066436515510588,3.4619497505172916,6.725328312531769,-3.545149242600001,Q2,Q1: Lowest,FALSE,TRUE
06099,"Stanislaus County, CA",0.9716710295016816,1.0153069444021126,0.04363591490043095,0.04600084072149191,0.05111313336265111,-0.5999999999999996,0.2460738181745985,0.08433070649070373,0.08433070649070351,-0.49352242356169584,2.0755000890481883,4.528858253298068,0.9413182911583426,-4.231065835999999,Q3,Q3,FALSE,FALSE
06101,"Sutter County, CA",1.0055609025772645,1.0050724461811034,-4.884563961611299e-4,0.05689231098278258,0.043322088197461306,0.6000000000000014,0.2404284783317041,0.043158811949354,0.043158811949354,-0.9227179251989098,-4.102880251022137,0.7549561393054205,3.8082183270178724,-4.6804048599999994,Q4: Highest,Q3,FALSE,FALSE
06103,"Tehama County, CA",0.946511726356786,1.0168496856847298,0.07033795932794373,0.08318516637033269,0.03369937136945966,-3,0.4009326537251925,0.04725891837095908,0.04725891837095908,-4.151334283774055,-2.4986173842750583,,,-1.2479515779999986,Q3,Q3,FALSE,FALSE
06105,"Trinity County, CA",0.9797606093579978,0.9617539115317753,-0.01800669782622255,0.08988030467899888,0.06374348078037473,-0.5,0.23821213916871242,-0.09986811254396244,-0.09986811254396244,-4.415890926089655,-8.449242564131193,,,0.574712463900001,Q3,Q1: Lowest,FALSE,FALSE
06107,"Tulare County, CA",0.9580505826152952,1.050627465623326,0.09257688300803091,0.062391178177597206,0.04215573269260953,-4.300000000000001,0.40381762436949864,0.10436111242715684,0.10436111242715684,-0.6895978113861001,-1.5225700154560258,8.282445482831122,0.9733036095008494,-5.490038446999998,Q3,Q4: Highest,FALSE,FALSE
06109,"Tuolumne County, CA",0.7892138865091992,0.94071545340898155,0.15150156689978234,0.21800677191694207,0.10770266371766513,-1.1999999999999993,0.42330357535511687,-0.033032180194891625,-0.0330321801948914,-2.0175218763453073,3.4837336893230706,,,-0.011721783500000527,Q1: Lowest,Q1: Lowest,TRUE,FALSE
06111,"Ventura County, CA",0.9742971344238102,0.9827721173421032,0.008474982918293072,0.057050793260361554,0.07768240237697266,-0.5,0.256782386410489,0.057471810326401584,0.057471810326401584,0.732066044019164,1.8068431190156553,4.286846207910628,3.5495895855529014,-4.913911755000001,Q3,Q2,TRUE,TRUE
06113,"Yolo County, CA",0.9735943926441136,1.0258268831692516,0.05223249052513801,0.046318826848123384,0.06478357937389967,2.3999999999999986,0.26725369722083303,0.13461528566062397,0.1346152856606242,-0.5173795688451333,-10.441042623008894,4.493623618838001,-0.8266202137418972,-3.7581663899999995,Q3,Q3,FALSE,FALSE
06115,"Yuba County, CA",0.9624436555107904,1.094232732221844,0.13178907671105355,0.05197654473652713,0.01789724396053083,-4,0.3941924043150584,0.11174234394652416,0.11174234394652416,-1.620115932526736,-2.3209344749072063,0.7207020785645142,7.160458779668971,-4.2587620449999974,Q3,Q4: Highest,FALSE,FALSE
08001,"Adams County, CO",1.0049805659349944,1.0466211760762727,0.04164061014127829,0.0291839570385114,0.052446546127531524,-3.5,0.4338649512789281,0.24456038061701135,0.24456038061701135,0.5057646051737363,-5.829524207161472,3.4751475467187163,5.519296412941831,-5.758000568,Q4: Highest,Q4: Highest,FALSE,FALSE
08003,"Alamosa County, CO",0.908637666708214,0.9479863653579094,0.03934869864969537,0.1488221363579708,0.06880444388334805,-2.299999999999997,0.06182616427698129,0.06936758893280626,0.06936758893280648,-1.1545649910812665,4.905466320619029,,,-5.006229998,Q2,Q1: Lowest,FALSE,TRUE
08005,"Arapahoe County, CO",0.9925756267371888,1.0271902038130942,0.03461457707590543,0.0325883099009634,0.05680506597622981,-3.8999999999999995,0.3889610280105904,0.2113335018328939,0.2113335018328939,2.3553827557287796,-7.153703859389287,2.48435746191808,5.64810246531497,-3.796640192,Q3,Q3,FALSE,FALSE
08007,"Archuleta County, CO",0.8141328297135663,1.0251355347461804,0.2110027050326141,0.19405099150141647,0.012485625102677811,0.40000000000000036,0.08278195488721796,0.14410373511662056,0.1441037351166201,-3.4129026766716697,-5.8861052307486315,,,-3.2201094896000004,Q1: Lowest,Q3,FALSE,FALSE
08009,"Baca County, CO",0.7652322113336174,0.9271676300578034,0.16193541872418604,0.22582019599488712,0.07052023121387285,-0.5,0.28121196170674745,-0.07371960682876355,-0.07371960682876366,-1.0503864368134719,-1.5466465031501375,,,-0.7659279970000004,Q1: Lowest,Q1: Lowest,FALSE,TRUE
08011,"Bent County, CO",0.73428695275249245,0.9728070175438596,0.23852006479136711,0.3415691374078891,0.09181286549707601,6.199999999999999,0.11612520675342508,-0.02414698162729656,-0.02414698162729667,3.7155991201483998,25.792849051480186,,,-5.147842091100001,Q1: Lowest,Q2,FALSE,TRUE
08013,"Boulder County, CO",0.967606024153222,1.0231508365198143,0.055544812366592256,0.07527243136144923,0.05311654304214919,-1.4000000000000004,0.37390939205897444,0.13487899578329188,0.1348789957832921,1.158796012676913,-0.07344621255691125,1.5562444038340715,10.265663274201252,-3.5845729316999986,Q3,Q3,FALSE,FALSE
08014,"Broomfield County/city, CO",1.0121934604904632,1.072326269098078,0.06013280860761472,0.03198228882833787,0.036175455889600805,-1.5,0.5233724774826132,0.36756200753017887,0.3675620075301791,1.705527120961825,-20.577228704758692,,,-4.5751155568,Q4: Highest,Q4: Highest,FALSE,FALSE
08015,"Chaffee County, CO",0.977392614920874,1.022186322024771,0.044793707103897074,0.05023863350916857,0.045018847603661816,-1.3000000000000007,0.4207564054257724,0.1714335040570869,0.1714335040570869,0.5629899897381219,4.591090354367063,,,-1.45846258,Q3,Q3,FALSE,FALSE
08017,"Cheyenne County, CO",0.734984984984985,0.8901477832512316,0.15516279826624657,0.30330330330330335,0.09162561576354677,1.299999999999999,0.1880462170567272,-0.01717659688674178,-0.01717659688674189,-0.03153662769798116,33.86333008223319,,,-5.174397068099999,Q1: Lowest,Q1: Lowest,TRUE,TRUE
08019,"Clear Creek County, CO",0.913786897048236,0.9998191681735984,0.08603227112536238,0.10313174946004322,0.06057866184448468,0,0.2266453782028648,0.059877622377622286,0.05987762237762251,13.370309881313256,5.2725560521952275,,,-1.087514066099999,Q2,Q3,FALSE,FALSE
08021,"Conejos County, CO",0.9420783645655876,0.9313225715094874,-0.010755793056100194,0.0840431572969903,0.05126026621353719,-2.200000000000003,0.3444980790069945,-0.0014603870025556853,-0.0014603870025555743,-0.659524305140341,8.519458143915754,,,-4.793184123,Q3,Q1: Lowest,FALSE,TRUE
08023,"Costilla County, CO",1.1387973640856672,0.9543343653250774,-0.1844629987605898,0.030477759472817167,0.059597523219814263,-0.6999999999999993,0.3801859799713876,0.08971124194000568,0.08971124194000546,-6.282422947818128,4.86500868486236,,,0.5809334800999988,Q4: Highest,Q1: Lowest,FALSE,TRUE
08025,"Crowley County, CO",0.8793007769145395,0.8826476793248945,0.003346902410355068,0.3190899001109878,0.11023206751054848,-3.799999999999997,0.23718280683583637,0.007647547797173804,0.007647547797173804,-1.2750413917235803,7.433349749971987,,,0.2729328489,Q2,Q1: Lowest,FALSE,TRUE
08027,"Custer County, CO",0.9895561357702348,1.1268696581196582,0.1373135223494234,0.06109660574412534,0.010683760683760646,0.10000000000000142,0.29841830154096805,0.23249027237354092,0.23249027237354092,3.1418680968128165,3.2731889109664927,,,0.7215881469000003,Q3,Q4: Highest,FALSE,FALSE
08029,"Delta County, CO",0.7523782523782524,0.9637370182816926,0.21135876590344016,0.20487620487620484,0.06454381598146086,3,0.3183818637736042,0.034560605557584445,0.034560605557584445,2.220667964364187,0.5933931823799643,,,-2.6213068504,Q1: Lowest,Q1: Lowest,TRUE,TRUE
08031,"Denver County/city, CO",1.0638605843627875,1.030870832683518,-0.03298975167926943,0.033109738505521014,0.04741773336372468,-5.299999999999999,0.6812459615427464,0.28847881359686034,0.28847881359686034,4.5499537352475805,2.7709993025728394,8.584305488155138,14.406387353857738,-4.637628205,Q4: Highest,Q3,FALSE,FALSE
08033,"Dolores County, CO",0.9085801838610827,0.9915174363807728,0.08293725251969009,0.16649642492339123,0.041470311027332674,0,0.3651112862461614,0.037878787878787845,0.037878787878787845,-6.373312253974339,-16.53763916537639,,,-8.4066813568,Q2,Q2,FALSE,TRUE
08035,"Douglas County, CO",0.9965601773882058,1.1030242803842103,0.1064641029960045,0.05594751181829416,0.03455504989439928,0.30000000000000027,0.3153378277790775,0.31431223496034466,0.31431223496034466,-1.7713623077440677,-9.44248531451538,0.9044035902853409,4.874849559353173,-5.869611922999999,Q4: Highest,Q4: Highest,FALSE,FALSE
08037,"Eagle County, CO",0.9760035477301096,0.9511348311382744,-0.024868716591835205,0.07742592470928322,0.09979627557315429,1.1000000000000005,0.21552287581699336,0.10690119069132376,0.10690119069132376,2.328551846856297,-11.96656160735048,,,-7.378942862000001,Q3,Q1: Lowest,FALSE,TRUE
08039,"Elbert County, CO",0.9405905230573856,1.1180246553359108,0.17743413227852523,0.07802206524327326,0.03917134729010141,0.7999999999999998,0.3205732310448226,0.19315239710740117,0.19315239710740095,4.322350611099301,19.76699714840629,,,-1.7408580840999992,Q2,Q4: Highest,FALSE,FALSE
08041,"El Paso County, CO",0.9778914668819544,1.0641001816980509,0.08620871481609649,0.03932394959458041,0.02929291141630086,-1.1999999999999993,0.31531319566358396,0.22771620854728236,0.22771620854728236,0.768437209330719,5.2123547825032,3.1011721933735146,5.41415676966588,-2.0934618549999993,Q3,Q4: Highest,FALSE,FALSE
08043,"Fremont County, CO",0.754914004914005,0.978400370468378,0.22348636555437307,0.28677491720969983,0.04617623709976182,-2.599999999999998,0.5084897487727404,0.018739751698289897,0.018739751698289897,-0.6553509314466299,2.8060808768710537,,,-1.0363809853000001,Q1: Lowest,Q2,TRUE,TRUE
08045,"Garfield County, CO",0.8079664215893405,0.9728642458942294,0.16489782430488886,0.21547085833403756,0.08091004972125959,1.7999999999999998,0.14982936749100095,0.12192251653155006,0.12192251653154984,1.694765420710681,-15.913928807812903,,,-5.693773723000001,Q1: Lowest,Q2,TRUE,TRUE
08047,"Gilpin County, CO",0.9674011469966798,1.035143769968051,0.06774262297137124,0.08874132206459406,0.05925065349985481,0.5999999999999996,0.19220348707487322,0.275904353157572,0.2759043531575722,10.22054672017158,10.8646024442532,,,-4.663294533099999,Q3,Q4: Highest,FALSE,FALSE
08049,"Grand County, CO",0.9427194260733102,0.9411796075085324,-0.0015398185647778062,0.09774688936217912,0.1138011945392492,0.7999999999999998,0.2014783991339355,0.09981825807353562,0.09981825807353562,-1.828245730787309,1.7358698810901938,,,-5.4913414324000005,Q3,Q1: Lowest,FALSE,TRUE
08051,"Gunnison County, CO",0.999837925445705,0.9880408361691784,-0.011797089276526673,0.04689357104267966,0.05337870685464263,0.9000000000000004,0.22449476009973046,0.16080569035431758,0.1608056903543178,2.256636107118587,0.09179579908953128,,,-3.5564757506999998,Q4: Highest,Q2,FALSE,FALSE
08053,"Hinsdale County, CO",0.6360708534621579,0.9916666666666668,0.35559581320450895,0.3365539452495975,0.03888888888888886,0.40000000000000036,0.305913635396724,-0.017964071856287456,-0.017964071856287345,1.1389971698616996,,,,-8.452088452,Q1: Lowest,Q2,FALSE,FALSE
08055,"Huerfano County, CO",0.7024960998439937,0.9851357173632056,0.28263961751921185,0.3157566302652106,0.050409306333476955,-2,0.3415371184904139,-0.021840873634945357,-0.021840873634945468,5.218671106940737,7.709834274188715,,,-0.6586348410999996,Q1: Lowest,Q2,TRUE,TRUE
08057,"Jackson County, CO",0.6895910780669146,0.9489247311827956,0.2593336531158811,0.29832713754646845,0.05913978494623651,-1.5999999999999996,0.37352270105365704,-0.010660980810234588,-0.010660980810234477,-2.111360916705957,18.532644658480994,,,2.7609499253999985,Q1: Lowest,Q1: Lowest,FALSE,TRUE
08059,"Jefferson County, CO",0.9693188616357576,1.00875487585908,0.039436014223322435,0.05592000683702247,0.057107919014302566,-0.8999999999999995,0.38960153684080057,0.11043776945044015,0.11043776945044037,0.4954095054974905,0.5073428616223885,2.1397640038795203,11.015502763650929,-1.8251458189999994,Q3,Q3,FALSE,FALSE
08061,"Kiowa County, CO",0.8494926719278467,0.882051282051282,0.032558610123435305,0.1848928974069899,0.09743589743589742,-1.1999999999999993,0.37604154441966897,-0.0028368794326241176,-0.0028368794326241176,-0.2215323478566178,,,,-3.583927566999998,Q1: Lowest,Q1: Lowest,FALSE,TRUE
08063,"Kit Carson County, CO",0.9506314580941446,0.9364427860696516,-0.014188672024493032,0.09942594718714126,0.08955223880597019,-1.3000000000000007,0.15187191589787608,-0.10774453105355797,-0.10774453105355797,1.533718362323644,-1.5546982864589607,,,-0.5623910890000001,Q3,Q1: Lowest,FALSE,TRUE
08065,"Lake County, CO",1.030248654191233,0.9988560970029742,-0.03139255718825884,0.09433478595231992,0.08716540837336995,-1.299999999999999,0.37014364214788387,0.09943181818181812,0.09943181818181812,-1.5129962730835167,2.696189469445283,,,-4.566880257000001,Q4: Highest,Q2,FALSE,FALSE
08067,"La Plata County, CO",0.9354304635761588,0.9603798297314996,0.024949366155340824,0.0965894039735099,0.0802398924619998,0,0.4487900223380492,0.13939160569888331,0.13939160569888331,1.3628488707111974,-4.832002139748605,,,-3.7522658208,Q2,Q1: Lowest,TRUE,TRUE
08069,"Larimer County, CO",0.9693469555824764,1.0383916616345927,0.06904470605211632,0.07173761256556999,0.04743626768883402,-1.8999999999999986,0.4222171877359915,0.2474101051336539,0.2474101051336539,-0.06401076236028924,-2.1567439898561105,2.7166445285906065,7.5207845664508,-3.0292443574999997,Q3,Q4: Highest,FALSE,FALSE
08071,"Las Animas County, CO",0.6925187925068608,0.8885658914728682,0.19604709896600747,0.285884739291254,0.08930878552971577,0.40000000000000213,0.18698609555549495,-0.0780475403584594,-0.07804754035845929,2.289882154964512,-2.3236857355773295,,,-3.1587707048,Q1: Lowest,Q1: Lowest,TRUE,TRUE
08073,"Lincoln County, CO",0.6359782977280434,0.9021193530395984,0.2661410553115551,0.3275686673448627,0.10485220301171216,-0.5,0.1882654750082755,0.039569657184536755,0.03956965718453698,-3.318051720660181,20.338479525070845,,,-0.36756112299999977,Q1: Lowest,Q1: Lowest,FALSE,TRUE
08075,"Logan County, CO",0.9981322886297376,0.8704624781849912,-0.12766981044474635,0.06632653061224492,0.10933682373472953,-0.7999999999999989,0.42949062974017704,0.011099580381717322,0.011099580381717544,3.148582304760689,9.242266858769767,,,-2.0074761697000003,Q4: Highest,Q1: Lowest,FALSE,TRUE
08077,"Mesa County, CO",0.8759330381636533,1.0126689302537812,0.13673589209012793,0.1434550163959527,0.05090386912350864,-0.8000000000000007,0.20676601370027647,0.10597128390492982,0.10597128390492982,0.46786855207111566,-17.705322202518705,0.8392105963351213,4.376844620583526,-4.096643772,Q2,Q3,TRUE,FALSE
08079,"Mineral County, CO",0.9079822616407982,0.9629186602870812,0.05493639864628297,0.1507760532150776,0.13397129186602874,0.09999999999999964,0.43115078013217967,-0.047087980173482036,-0.047087980173482036,-7.351351351351354,,,,5.060888490499999,Q2,Q1: Lowest,TRUE,TRUE
08081,"Moffat County, CO",0.7792782026768642,0.9420435252353758,0.16276532255851162,0.1615678776290631,0.08797653958944285,1.5999999999999996,0.1640005154354509,-0.0048696433922684745,-0.0048696433922684745,-0.2214869626748106,-10.064253043702669,,,-3.0919576300000013,Q1: Lowest,Q1: Lowest,FALSE,TRUE
08083,"Montezuma County, CO",0.8963679431504146,0.9485658640226629,0.05219792087224828,0.07350967232530592,0.05692280453257792,0.9000000000000004,0.2707543753771877,0.04078387725086463,0.04078387725086441,0.13352533192055316,2.9503068133109447,,,-3.9051779260000004,Q2,Q1: Lowest,TRUE,TRUE
08085,"Montrose County, CO",0.8963009247688078,1.0031338881280945,0.1068329633592866,0.12626843289177703,0.042663014853049575,0.5999999999999996,0.12049763556812665,0.07776069367075844,0.07776069367075844,-1.7493390011261267,-15.569926461371407,,,-3.0263697830000016,Q2,Q3,TRUE,FALSE
08087,"Morgan County, CO",1.0020673146670536,0.949396084964598,-0.052671229702455524,0.03547076744523425,0.085381091211995,-0.40000000000000036,0.3214285714285714,0.04768426743557397,0.04768426743557397,-0.268395800761731,3.991160925334305,,,0.10732995400000078,Q4: Highest,Q1: Lowest,FALSE,TRUE
08089,"Otero County, CO",0.8389656353465007,0.9146195724339398,0.07565393708743906,0.1549263614567873,0.07462488381357057,-0.6999999999999993,0.3665145643205401,-0.026886013948783427,-0.026886013948783538,-2.246643187351474,14.543245118485327,,,-1.5801604880000006,Q1: Lowest,Q1: Lowest,TRUE,TRUE
08091,"Ouray County, CO",0.6708305199189737,1.0322793148880105,0.3614487949690368,0.38926401080351114,0.029424681598594682,-0.5,0.3225115299415333,0.16517647058823526,0.16517647058823548,0.5077959583512814,-11.66910576831702,,,-4.957283475400001,Q1: Lowest,Q3,TRUE,FALSE
08093,"Park County, CO",0.9234099412079102,1.0523436600253369,0.12893371881742666,0.0811330839123463,0.05873546009443742,1.1999999999999993,0.24576120799522472,0.14594101550623284,0.14594101550623284,0.25723585933155046,-2.274253945208068,,,-1.8707088002,Q2,Q4: Highest,TRUE,FALSE
08095,"Phillips County, CO",0.9501061571125266,0.9229166666666668,-0.02718949044585972,0.14055201698513797,0.08708333333333329,-1.0999999999999996,0.35511032208977933,-0.02581087254454084,-0.025810872544540953,0.8720731945328797,4.6514679332932385,,,-5.592710409499999,Q3,Q1: Lowest,FALSE,TRUE
08097,"Pitkin County, CO",0.90460821230052,0.9776503331365438,0.0730421208360238,0.11188811188811187,0.10677237075145485,1.6000000000000005,0.2762797860491977,0.12349816618186416,0.12349816618186416,3.382581098981613,-8.038297319811601,,,-3.5244086099,Q2,Q2,FALSE,TRUE
08099,"Prowers County, CO",0.8476437395150221,0.9565627141877998,0.10891897467277767,0.16257434802501147,0.07693625771076085,-1.6000000000000014,0.36060264306989387,-0.04428391959798994,-0.04428391959798983,1.209525871388395,30.022230566239017,,,-1.300819692000001,Q1: Lowest,Q1: Lowest,TRUE,TRUE
08101,"Pueblo County, CO",0.9651732229525878,1.001729340430983,0.03655611747839527,0.03748670038332047,0.030857695920749273,0,0.25893517377372444,0.08575885921313042,0.08575885921313042,-0.5267773758741018,-5.641816456597205,6.966972302100132,1.496256663056137,-3.258415041000001,Q3,Q3,FALSE,FALSE
08103,"Rio Blanco County, CO",0.5175740210124165,0.9261213720316622,0.4085473510192458,0.46055396370582613,0.08905013192612132,2.1000000000000014,0.12098706684114813,-0.007688686646791121,-0.007688686646791343,4.605986689978003,-17.11799452802993,,,-6.716138701800002,Q1: Lowest,Q1: Lowest,TRUE,TRUE
08105,"Rio Grande County, CO",0.7517837323608689,0.9748118123914302,0.2230280800305613,0.3158395433645156,0.05809689249179695,-3.700000000000001,0.2984203480589023,-0.049358758015524806,-0.04935875801552492,-2.227796136941179,26.238986493009655,,,-2.4122336680000007,Q1: Lowest,Q2,FALSE,TRUE
08107,"Routt County, CO",0.89628442467456,0.9844281057085386,0.08814368103397852,0.14626807090992344,0.10022889644170074,1,0.3745317177923726,0.1399226357209551,0.13992263572095487,0.5202628983521695,-14.350384821999633,,,-3.6161382796000012,Q2,Q2,TRUE,TRUE
08109,"Saguache County, CO",0.9436478826275424,0.9963815789473685,0.05273369631982605,0.1260420140046682,0.08059210526315785,-5.200000000000003,0.22558208856357442,0.10995445673389725,0.10995445673389725,4.417376483805674,2.86485525845098,,,-1.5741879230000002,Q3,Q2,FALSE,FALSE
08111,"San Juan County, CO",0.725925925925926,1.0885416666666667,0.36261574074074077,0.19259259259259254,0.08072916666666663,-0.6000000000000014,0.320647201819275,0.10136157337367635,0.10136157337367635,-2.256019552805938,13.495203737261226,,,-8.575351935099999,Q1: Lowest,Q4: Highest,TRUE,FALSE
08113,"San Miguel County, CO",0.8724899598393574,0.964100666173205,0.0916107063338476,0.18583424607520993,0.12324204293116214,1.3000000000000007,0.28739599486435563,0.11704452335427473,0.11704452335427473,-0.6958699095001575,-23.321629776578874,,,-5.516042602399999,Q1: Lowest,Q1: Lowest,TRUE,TRUE
08115,"Sedgwick County, CO",0.5758678611422172,0.8360445205479452,0.260176659405728,0.4378499440089586,0.1404109589041096,2.4000000000000004,0.3341644330860811,-0.06333333333333335,-0.06333333333333346,3.2229134872965695,-24.061387900355875,,,-0.15257857789999996,Q1: Lowest,Q1: Lowest,TRUE,TRUE
08117,"Summit County, CO",1.0807429188670188,0.936208295546752,-0.1445346233202668,0.07177148343734996,0.11488711756002101,-0.5999999999999996,0.2603916430079347,0.16569559824079994,0.16569559824079994,-0.7089451570396726,-10.086910204410797,,,-4.5931217536,Q4: Highest,Q1: Lowest,FALSE,TRUE
08119,"Teller County, CO",0.8908838651758753,1.0391776897800995,0.14829382460422424,0.11850159144699257,0.03833515881708649,0.5,0.19507405840033853,0.11806931783150576,0.11806931783150554,-3.0327530666328206,0.2936796398817556,,,-3.9122416041999992,Q2,Q4: Highest,FALSE,FALSE
08121,"Washington County, CO",0.8797716732072779,0.8910692831397677,0.01129760993248985,0.1387798787013914,0.117741289547457,-1.5999999999999996,0.3961833861962305,0.005119803399549427,0.0051198033995496495,-3.0949057473619535,4.114619504723488,,,0.5274169765999996,Q2,Q1: Lowest,FALSE,TRUE
08123,"Weld County, CO",1.1034907725436458,1.0122791755888652,-0.09121159695478065,0.02202309978466299,0.06086967101421059,-3.1999999999999993,0.49651527916060356,0.3651784662504418,0.3651784662504416,-3.1253114477056085,0.3615553796343889,2.761949072135323,5.889200013617383,-3.6312356660000003,Q4: Highest,Q3,FALSE,FALSE
08125,"Yuma County, CO",0.7637287621359223,0.8932544587674378,0.12952569663151547,0.3153822815533981,0.123256224615928,0.7000000000000011,0.2711330286264133,0.023600326930935944,0.023600326930935722,-0.029806259314457684,5.815513662578085,,,-1.802281978,Q1: Lowest,Q1: Lowest,FALSE,TRUE
09110,"Capitol Planning Region, CT",0.9966433286156235,0.9884895216600044,-0.00815380695561918,0.017131966449986047,0.07481264553249989,,,,,,,,,,Q4: Highest,Q2,FALSE,TRUE
09120,"Greater Bridgeport Planning Region, CT",1.0173516622247158,1.00103498685536,-0.01631667536935577,0.03297797727591523,0.08477678681113487,,,,,,,,,,Q4: Highest,Q3,FALSE,FALSE
09130,"Lower Connecticut River Valley Planning Region, CT",0.9581131408122504,0.9945417523959788,0.03642861158372834,0.0644661284953395,0.062332761212328,,,,,,,,,,Q3,Q2,TRUE,TRUE
09140,"Naugatuck Valley Planning Region, CT",0.9953732140472692,0.9853970251124632,-0.009976188934806007,0.04916099167668131,0.07144642272359059,,,,,,,,,,Q4: Highest,Q2,FALSE,TRUE
09150,"Northeastern Connecticut Planning Region, CT",0.9465175089764872,0.9812974752583248,0.03477996628183755,0.08511254391722323,0.07695206362428353,,,,,,,,,,Q3,Q2,TRUE,TRUE
09160,"Northwest Hills Planning Region, CT",0.9829073903306548,0.9904491654529324,0.007541775122277605,0.031846923988934295,0.06989436324979492,,,,,,,,,,Q3,Q2,FALSE,FALSE
09170,"South Central Connecticut Planning Region, CT",0.9831684789614696,1.0134438261944128,0.030275347232943117,0.023419889137031746,0.05128004915823314,,,,,,,,,,Q3,Q3,FALSE,FALSE
09180,"Southeastern Connecticut Planning Region, CT",0.9214502123515568,0.9558397308111012,0.03438951845954441,0.11038223280222903,0.11197353352843875,,,,,,,,,,Q2,Q1: Lowest,TRUE,TRUE
09190,"Western Connecticut Planning Region, CT",0.9427764922127584,1.0037822201908595,0.06100572797810111,0.0650977302939294,0.08090208865671367,,,,,,,,,,Q3,Q3,FALSE,FALSE
10001,"Kent County, DE",0.9334109128523403,1.0277114190157668,0.09430050616342645,0.09365345092755162,0.02987401614403906,0.5999999999999996,0.24040753475225185,0.1741714241178418,0.1741714241178418,3.762274128250076,-8.80954176489728,3.13880710390049,5.762634444864371,-2.761459616,Q2,Q3,FALSE,FALSE
10003,"New Castle County, DE",0.9620666132811342,1.0260803724165009,0.06401375913536667,0.07154773556366223,0.03796026248632889,0.3000000000000007,0.2706652636501812,0.05314811847970513,0.05314811847970491,3.8570188365430997,2.1269637544466957,2.0578187001631107,6.242457096364813,-2.749522101,Q3,Q3,FALSE,FALSE
10005,"Sussex County, DE",0.9508545360381704,1.0731275648131942,0.12227302877502377,0.08663265418562882,0.04124122371978145,2.4000000000000004,0.2933655150402936,0.2510348511149687,0.2510348511149687,1.0095196625740073,4.849803050522418,5.372889685377203,11.41476964609032,-3.3708396775999994,Q3,Q4: Highest,FALSE,FALSE
11001,District of Columbia,1.0161793495421534,1.0049521159040682,-0.011227233638085199,0.022857593937480214,0.06009605863854439,-3.0000000000000018,0.6491826607312268,0.2286631012318856,0.22866310123188582,3.0600433822057087,-1.8939550747101128,6.117450817647608,12.191863790608991,-1.6184115859999988,Q4: Highest,Q3,FALSE,FALSE
12001,"Alachua County, FL",0.9499246839486116,1.0238190145982655,0.0738943306496539,0.0671456399498419,0.05136092538413517,-4.400000000000002,0.31004596191726863,0.1086099264478646,0.1086099264478646,2.758519013810343,-5.325464095938961,4.06081532991908,5.357733730303991,-1.9611218679999993,Q3,Q3,FALSE,FALSE
12003,"Baker County, FL",0.8979154156300935,1.0051784160139252,0.10726300038383174,0.12001372565840263,0.05561357702349867,0.5,0.32044645392394555,0.11437509537616353,0.11437509537616353,4.223195796941151,-3.831458688335541,,,-5.6020496810000004,Q2,Q3,FALSE,FALSE
12005,"Bay County, FL",0.9322113054067794,1.0160966382138978,0.0838853328071184,0.08737393442816777,0.09424444470393167,0.09999999999999964,0.22909779976839673,0.05660890864555923,0.05660890864555923,3.3044925390993907,-33.99647398252966,5.39133994342734,2.477651545487433,-2.1665390319999993,Q2,Q3,FALSE,FALSE
12007,"Bradford County, FL",0.8399635338969004,0.9799120234604104,0.13994848956351003,0.1553124482015581,0.06754643206256106,4.100000000000001,0.17184648019337967,-0.021647875108412817,-0.021647875108412817,7.463126300577278,-2.644871856419871,,,-2.971001810999999,Q1: Lowest,Q2,TRUE,TRUE
12009,"Brevard County, FL",0.9415884877439356,1.0636934830403164,0.12210499529638086,0.09392652916430488,0.03947087846234165,0.8000000000000007,0.14565965659258673,0.11528777011741287,0.11528777011741287,3.4373894334467137,6.382569266730092,2.4095794027673065,4.121112348391609,-2.0110331494999993,Q2,Q4: Highest,FALSE,FALSE
12011,"Broward County, FL",0.909706293162064,1.0370168865318927,0.12731059336982875,0.13676383848479134,0.07855376351634602,0.9000000000000004,0.1699870486058206,0.1347917423328926,0.13479174233289282,8.781737272268925,13.082383272091693,2.999742116266262,3.376108308697134,-2.091692065,Q2,Q4: Highest,FALSE,FALSE
12013,"Calhoun County, FL",0.856155664666303,0.9924575738529228,0.13630190918661977,0.18403346062920534,0.04294992667085695,-3,0.4687788263677002,-0.00822669104204754,-0.00822669104204743,1.808005251857281,-11.2020255500824,,,-3.4987110826,Q1: Lowest,Q2,TRUE,FALSE
12015,"Charlotte County, FL",0.8791740995739286,1.095595300827625,0.21642120125369635,0.14563092482566453,0.0421406651994668,2.200000000000001,0.18192022103263694,0.18259443352405746,0.18259443352405746,3.9520921671887868,12.101281884080587,1.59925791705885,2.0056404248851294,-2.2149654128,Q2,Q4: Highest,FALSE,FALSE
12017,"Citrus County, FL",0.8586059823783602,1.0612740480227765,0.2026680656444163,0.17382195035261983,0.05214678975904874,3.0999999999999996,0.34568268476703,0.06159291784300658,0.06159291784300658,4.206847845386491,-3.3190822030071274,2.7246862061519437,5.9935650009460595,-1.1873463741999997,Q1: Lowest,Q4: Highest,TRUE,FALSE
12019,"Clay County, FL",0.9702402372929412,1.0625905690674813,0.0923503317745401,0.05658607866871679,0.046547605060118236,0.3000000000000007,0.2909908682022626,0.18993139979159435,0.18993139979159435,3.054929730878336,-10.341381785728176,5.8205739024673875,6.335801959326329,-3.4445981349999997,Q3,Q4: Highest,FALSE,FALSE
12021,"Collier County, FL",0.9442003662291144,1.07318559040189,0.1289852241727757,0.13699383581398783,0.06082740185870139,-0.5,0.3058152053179308,0.22409894509870032,0.22409894509870032,5.755244496217468,17.832054112833948,3.9793959774703183,4.583076730478538,-5.3763555326,Q3,Q4: Highest,FALSE,FALSE
12023,"Columbia County, FL",0.8571996290899457,1.0046457827669903,0.1474461536770446,0.16508809113789902,0.038872876213592256,1.6999999999999993,0.16488545841373514,0.07630172362020304,0.07630172362020304,0.8917638171174969,-3.7314396460050183,5.200277876550871,5.284349118686979,-1.7210729310000001,Q1: Lowest,Q3,TRUE,FALSE
12027,"DeSoto County, FL",0.8879942487419122,0.9301639089567312,0.04216966021481894,0.17426312005751254,0.08234288821564517,0.40000000000000213,0.15796932310770262,0.1002982308828213,0.1002982308828213,1.568486935763855,8.229962954885476,,,-4.0776826239999995,Q2,Q1: Lowest,TRUE,TRUE
12029,"Dixie County, FL",0.9169369369369368,1.026290722042294,0.10935378510535732,0.0972972972972973,0.023433034863783564,0.5999999999999979,0.28290025146689013,0.04619784866007581,0.04619784866007581,-0.6199745086623354,2.8113735948647287,,,-4.2320104879,Q2,Q3,FALSE,FALSE
12031,"Duval County, FL",0.9574885446775102,1.04333646126577,0.08584791658825985,0.06419653851815676,0.04756959649671566,1.0999999999999996,0.1863548551093035,0.12540289271978877,0.12540289271978855,4.394995994804726,0.43368673653003253,3.0261941656432896,5.355519377803525,-2.6574028910000003,Q3,Q4: Highest,FALSE,FALSE
12033,"Escambia County, FL",0.924064132062379,1.0216207524922285,0.09755662042984947,0.08574559000766957,0.042076678457855454,0.5,0.2645312649621756,0.07035471581375496,0.07035471581375474,2.6910174049289415,13.311741045628743,2.8603732860042754,1.9462737663091012,-2.686306009999999,Q2,Q3,FALSE,FALSE
12035,"Flagler County, FL",1.258992198318079,1.1216127907989892,-0.13737940751908972,0.04471613360802462,0.05515378583253461,-0.40000000000000036,0.376695370187778,0.2713884838039684,0.2713884838039684,2.7479990549348465,-24.624474786514625,1.2247418525419533,7.496952340188276,-5.115309687800001,Q4: Highest,Q4: Highest,FALSE,FALSE
12037,"Franklin County, FL",0.943827035764801,1.020303965803847,0.0764769300390461,0.08042028692665182,0.03490857278556159,0.5999999999999979,0.35023591609345694,0.05517361413279964,0.05517361413279964,1.1902258320628356,17.650065896483756,,,-2.5448033896999993,Q3,Q3,TRUE,FALSE
12039,"Gadsden County, FL",0.8293075684380032,0.9944739702862664,0.16516640184826314,0.18201337041916754,0.05598502234569391,-5.699999999999999,0.21666383556989977,-0.0045130485970305,-0.0045130485970305,7.363579199019335,-16.997965064218846,,,-5.1682609930000005,Q1: Lowest,Q2,TRUE,FALSE
12041,"Gilchrist County, FL",0.8041842661034847,1.0667502787068004,0.2625660126033157,0.20274551214361136,0.05351170568561869,-0.40000000000000036,0.1723586318970114,0.11872366044551486,0.11872366044551486,-1.505992937524142,-2.1017860467274243,,,-2.9714270323999994,Q1: Lowest,Q4: Highest,FALSE,FALSE
12043,"Glades County, FL",1.060550259965338,0.9949871764980182,-0.06556308346731987,0.048526863084922045,0.10048962462112376,2.900000000000002,0.22009672219236975,0.11766610018612922,0.11766610018612944,1.1764646576668314,12.364465926371757,,,-5.408410003500001,Q4: Highest,Q2,FALSE,FALSE
12045,"Gulf County, FL",0.9057174709348622,1.081652074609821,0.17593460367495883,0.11833094441790093,0.01579748762847355,-2.6999999999999993,0.3948637316561845,-0.14263263766658285,-0.14263263766658285,5.220228975542307,15.76350380993226,,,-2.0740477254,Q2,Q4: Highest,TRUE,FALSE
12047,"Hamilton County, FL",0.9364039955604884,0.9527638190954774,0.016359823534988993,0.06859045504994454,0.07211055276381906,4.800000000000001,0.26702399018436607,-0.011035711837685924,-0.011035711837685813,3.532210859712337,0.096080531904561,,,-1.5366080990000004,Q2,Q1: Lowest,FALSE,TRUE
12049,"Hardee County, FL",0.8135279428226987,1.0482019064124783,0.23467396358977965,0.13510720743993798,0.04397746967071059,-1.8999999999999986,0.13227657830008188,-0.02008075957655786,-0.02008075957655786,2.8456079727475463,-4.810870475011173,,,-5.741818501999999,Q1: Lowest,Q4: Highest,TRUE,FALSE
12051,"Hendry County, FL",0.9154507710557532,1.0636164982245289,0.14816572716877563,0.1386714116251483,0.03201311117181094,-0.5,0.17865168539325849,0.07732143772752909,0.07732143772752909,4.083455076048509,10.67299363140048,,,-6.178816889,Q2,Q4: Highest,FALSE,FALSE
12053,"Hernando County, FL",0.98881517393893,1.1139741795812763,0.12515900564234628,0.06809560261971592,0.03696174459434487,3.5,0.17350953527124613,0.14143774537791876,0.14143774537791876,2.826695172359417,-6.797207625970934,3.355210678162919,5.104576680788513,-1.7974114700000001,Q3,Q4: Highest,FALSE,FALSE
12055,"Highlands County, FL",0.8185281428967883,1.0239778939862134,0.2054497510894251,0.183136967984459,0.08001545043974323,-1.5999999999999979,0.3409290867499559,0.0726901830887774,0.0726901830887774,1.7754606696032322,-2.432895075666032,7.920848774572235,3.459816525584145,-3.6591772976999994,Q1: Lowest,Q3,TRUE,FALSE
12057,"Hillsborough County, FL",1.042107586445666,1.0792298716452742,0.03712228519960825,0.06373999221015281,0.04438289915789173,1.9000000000000004,0.21091413291076555,0.2424963239204312,0.2424963239204312,5.746262272508476,5.968675085741168,2.5567847659735463,5.186032411361872,-3.667580320999999,Q4: Highest,Q4: Highest,FALSE,FALSE
12059,"Holmes County, FL",0.7695072463768116,1.0334302325581397,0.26392298618132815,0.2579710144927536,0.03848283499446292,0.3000000000000007,0.1666516611146125,-0.01870841878845475,-0.01870841878845475,-1.007575869307653,-5.800181065829932,,,-1.4403124760000008,Q1: Lowest,Q4: Highest,TRUE,FALSE
12061,"Indian River County, FL",0.9152920158947474,1.0647967129460882,0.14950469705134084,0.1160216382275353,0.05613174724145931,1.8000000000000007,0.286146794777453,0.1884530780892364,0.1884530780892364,5.562295446280907,2.118449871706833,4.600448657504543,7.132597665749717,-2.8815856283,Q2,Q4: Highest,FALSE,FALSE
12063,"Jackson County, FL",0.7812809508088479,1.012456993712184,0.23117604290333604,0.23208979861340373,0.018982085656661485,-7.900000000000002,0.1294258573139817,-0.0403986106516705,-0.0403986106516705,0.26348937184213495,-8.60942014327438,,,-1.5683430449999989,Q1: Lowest,Q3,TRUE,FALSE
12065,"Jefferson County, FL",0.7317020355132092,1.0660910264686896,0.33438899095548036,0.28670420095279336,0.05890897353131053,-0.1999999999999993,0.17343411989954505,-0.009525133838559463,-0.009525133838559352,8.239915461858304,16.75723937004303,,,-4.1732799308,Q1: Lowest,Q4: Highest,TRUE,FALSE
12067,"Lafayette County, FL",1.1571428571428573,1.0004032258064517,-0.15673963133640556,-0.004181184668989646,0.028225806451612878,-4,0.234025234025234,0.00285782329125972,0.00285782329125972,9.228919889312223,-2.3608203805578656,,,-4.1113595036,Q4: Highest,Q3,FALSE,FALSE
12069,"Lake County, FL",0.9483740655326656,1.1142222385428908,0.16584817301022525,0.08326239378414768,0.08520000979240105,1.9000000000000004,0.2384818609446484,0.26632150088476036,0.26632150088476036,4.670194173005148,-2.77488617932352,4.022553327031716,5.572843902583145,-2.7769527794,Q3,Q4: Highest,FALSE,FALSE
12071,"Lee County, FL",0.9207512971781932,1.0840688830276637,0.16331758584947054,0.11930840855782221,0.05230939090964848,1.0999999999999996,0.228847290640394,0.27427916575714884,0.27427916575714884,4.210317889467566,-4.402530085860157,2.6787987865889136,4.436492834074983,-4.7845665531999995,Q2,Q4: Highest,FALSE,FALSE
12073,"Leon County, FL",0.9863529511127376,1.041901119365626,0.05554816825288844,0.033283596796216286,0.051449434977339004,3.8000000000000007,0.13012166847904139,0.09333790160100408,0.09333790160100408,2.8948157063446223,0.9017502009828386,1.1165030851191204,5.061181816263677,-2.6244465439999995,Q3,Q4: Highest,FALSE,FALSE
12075,"Levy County, FL",0.9738831192773304,1.061629216813897,0.08774609753656659,0.08695384993547595,0.04814134108021584,-0.3000000000000007,0.2001797153540683,0.03231021788876731,0.03231021788876731,3.740801052250664,0.969312583697036,,,-3.4253479635,Q3,Q4: Highest,FALSE,FALSE
12077,"Liberty County, FL",0.6749932849852269,0.9755501222493888,0.3005568372641618,0.32849852269674995,0.04645476772616142,4.600000000000001,0.20343870722019686,0.029705411068655208,0.02970541106865543,6.85038774206623,-9.588113503655762,,,-5.191684585999999,Q1: Lowest,Q2,TRUE,TRUE
12079,"Madison County, FL",1.0318861209964414,1.098582369235783,0.06669624823934162,0.07985765124555155,0.004073651621313346,1.6999999999999993,-0.03744225008884605,-0.04290446123589686,-0.042904461235896973,0.28457351808085507,4.390029483400095,,,-5.4575553564,Q4: Highest,Q4: Highest,FALSE,FALSE
12081,"Manatee County, FL",0.9235771967917148,1.0839720495431855,0.1603948527514707,0.12606423419659307,0.05639540359800321,0.7000000000000011,0.31080915406620346,0.2744635125312096,0.2744635125312096,7.270083191311194,15.459554690144893,4.23008531308804,3.6740307890773565,-4.6296458176,Q2,Q4: Highest,FALSE,FALSE
12083,"Marion County, FL",0.9045830911712092,1.083119812539693,0.17853672136848386,0.13703231260425552,0.033199745965004523,1.9000000000000004,0.24711592214260314,0.12266839457796186,0.12266839457796164,5.149213463676477,-5.614348280111578,4.233282182132584,4.561091165781672,-1.9174960703999986,Q2,Q4: Highest,FALSE,FALSE
12085,"Martin County, FL",0.9502934558557424,1.0095938622842668,0.05930040642852441,0.10663540666844995,0.05672380279201272,0.40000000000000036,0.28204385377247454,0.12162293962742621,0.12162293962742621,3.6930359920328115,4.668954337255025,2.6305228882712015,5.640831183948748,-2.0425089637000005,Q3,Q3,FALSE,FALSE
12086,"Miami-Dade County, FL",0.9779957901880276,1.0255466818857863,0.047550891697758724,0.09507006234879567,0.12348253897347139,0.3999999999999986,0.26430624209679277,0.12475864969680117,0.12475864969680095,9.756166370932782,2.3722443623110383,3.4103431206517882,4.508446153590722,-2.732141585000001,Q3,Q3,FALSE,FALSE
12087,"Monroe County, FL",0.9152673613415632,1.063915399088704,0.14864803774714086,0.13774031547974608,0.09994786117471044,-0.5999999999999996,0.2265775420496241,0.018132938304117552,0.018132938304117552,2.036802491422524,10.745719690836651,2.5052222214902713,4.249295348432469,-1.6772505363000008,Q2,Q4: Highest,FALSE,FALSE
12089,"Nassau County, FL",0.9543971590252917,1.1263012937133616,0.17190413468806998,0.07460445778958313,0.02981605013139277,0.09999999999999964,0.28881415929203547,0.26663236576198024,0.26663236576198024,4.3486833584271025,4.4312534055732655,3.344785208071997,12.914295138215191,-1.8018400837000002,Q3,Q4: Highest,FALSE,FALSE
12091,"Okaloosa County, FL",0.8762428666906585,1.0543112013477904,0.1780683346571319,0.16004318544033724,0.04212924964361309,1.1999999999999993,0.1626672523932422,0.15360992352622382,0.15360992352622382,3.0056853130272843,16.017020916659966,2.4455923330253313,2.98759207003625,-2.553687644,Q2,Q4: Highest,FALSE,FALSE
12093,"Okeechobee County, FL",0.964123040520556,1.0082083024961312,0.044085261975575274,0.07619047619047614,0.05476687075287623,2,0.22266079104598657,0.05843373493975901,0.05843373493975901,-0.9004526728498163,6.566476492195304,,,-2.2740068739999995,Q3,Q3,TRUE,FALSE
12095,"Orange County, FL",1.01009656229926,1.0473049423757672,0.037208380076507286,0.06574075992733652,0.1032925823953793,1,0.23819330038440412,0.2660114858044651,0.2660114858044649,5.855614045069735,1.1223640845656835,2.2660720177109397,4.68565104927665,-4.0214096470000005,Q4: Highest,Q4: Highest,FALSE,FALSE
12097,"Osceola County, FL",1.0092636579572447,1.152454522014134,0.1431908640568893,0.07693663320818334,0.08312065545130687,2.200000000000001,0.12169789051267199,0.48095553400966407,0.48095553400966407,10.576644599136387,-11.846663291981725,2.5644859732244214,4.843033068278732,-4.394240367999998,Q4: Highest,Q4: Highest,FALSE,FALSE
12099,"Palm Beach County, FL",0.9757651102779112,1.0573279288440742,0.08156281856616299,0.0803107824539332,0.06948158439382113,1.200000000000001,0.24525233644859812,0.16336568251170158,0.16336568251170158,8.094220895598724,10.18255039695006,2.3781650551479885,6.464051966726689,-2.5070070149999992,Q3,Q4: Highest,FALSE,FALSE
12101,"Pasco County, FL",0.9984933762362386,1.1505448480820597,0.15205147184582113,0.06198680628046882,0.030692899628408155,-0.5999999999999996,0.2602581782831823,0.2212800857182542,0.2212800857182542,4.920036666256101,-1.8033983800249658,3.9762663474930378,5.725891731367668,-2.532203708399999,Q4: Highest,Q4: Highest,FALSE,FALSE
12103,"Pinellas County, FL",0.9524402632692356,1.0520828184402986,0.09964255517106302,0.0985607978623515,0.05403099459066807,0.09999999999999964,0.2793683023124647,0.061365694778277025,0.061365694778277025,4.792377855130065,10.387043036885593,3.9504205212981702,5.799179503549226,-2.1412372581999985,Q3,Q4: Highest,FALSE,FALSE
12105,"Polk County, FL",0.983412770391525,1.1205734931429443,0.13716072275141933,0.05635335661771801,0.01968038077764256,1.1999999999999993,0.17190609734032924,0.2368588113628063,0.2368588113628065,4.779652566930478,1.095362840799332,4.7251723810768596,3.015005791410154,-3.959555151,Q3,Q4: Highest,FALSE,FALSE
12107,"Putnam County, FL",0.8248712884110999,1.0480828814872192,0.22321159307611926,0.18935984198426314,0.04616576297443842,2.1999999999999993,0.2615227450273421,-0.007802202191540042,-0.007802202191540264,5.517310183972398,6.770191347772446,10.661034568344832,1.4945650745697758,-4.021122919,Q1: Lowest,Q4: Highest,TRUE,FALSE
12109,"St. Johns County, FL",1.0244784392694362,1.196384481873518,0.17190604260408193,0.029436920112161258,0.008653775637421424,-0.2999999999999998,0.42541739894551855,0.5096681458834802,0.5096681458834802,4.9041203403582925,10.88819411118989,4.294960206810046,8.357996110510527,-1.9401658271000013,Q4: Highest,Q4: Highest,FALSE,FALSE
12111,"St. Lucie County, FL",0.9549237229305294,1.1170480841579238,0.16212436122739438,0.08114491796617052,0.03713851701472193,-0.3000000000000007,0.24204912524118205,0.23022183916660421,0.23022183916660421,5.899316310291336,-8.381702083645322,6.156077145891473,5.5171233539341,-4.967020190200001,Q3,Q4: Highest,FALSE,FALSE
12113,"Santa Rosa County, FL",0.969767714172802,1.0908948056519334,0.12112709147913137,0.052765621112103145,0.028624226881882597,-0.8999999999999986,0.29849808579562187,0.26105310691169836,0.26105310691169814,1.4543301475714698,11.660457747095451,0.9418862474932013,2.1546159517902126,-2.06134997,Q3,Q4: Highest,FALSE,FALSE
12115,"Sarasota County, FL",0.891357747012412,1.0709504800578131,0.17959273304540113,0.13943852878679364,0.05779620771533778,-0.2999999999999998,0.3243389098758769,0.155643775394658,0.1556437753946578,4.673988088817333,11.42913062270978,3.5979576035013565,6.81423593527634,-2.448250583,Q2,Q4: Highest,FALSE,FALSE
12117,"Seminole County, FL",0.9137787361259064,1.038770843144611,0.12499210701870456,0.1128397649565307,0.1064207661177673,0.20000000000000107,0.2421912456716684,0.14085852247860697,0.1408585224786072,4.63217870111938,8.364557333152069,2.6726944889159796,7.860589729960132,-1.70120599,Q2,Q4: Highest,FALSE,FALSE
12119,"Sumter County, FL",0.7888553042121685,1.1887179683903637,0.39986266417819516,0.28516640665626625,0.03291391744667793,-4,0.48183431400018684,0.612891438593927,0.612891438593927,1.7090849855854406,-19.5176300663896,16.84489613414908,21.229473177708186,-3.9689202048000003,Q1: Lowest,Q4: Highest,FALSE,FALSE
12121,"Suwannee County, FL",0.9967781981555924,0.997985204787394,0.0012070066318016215,0.055509576732088006,0.06188729175437546,-0.6999999999999993,0.37163698896100295,0.10191272420551245,0.10191272420551245,0.49251858364466883,-4.731102010702605,,,-3.523992508000001,Q4: Highest,Q2,FALSE,TRUE
12123,"Taylor County, FL",0.9815523842673164,0.8987019007881316,-0.08285048347918478,0.03805545886993855,0.08453098439190232,1.3999999999999986,0.12957220937565683,-0.010823205686769088,-0.010823205686769088,4.96057528711121,-3.893170543824792,,,-3.0650320110000013,Q3,Q1: Lowest,FALSE,TRUE
12125,"Union County, FL",0.8356862745098039,0.9830274075936636,0.14734113308385965,0.09313725490196079,0.03746542620065374,-1.6000000000000014,0.2375498492364556,-0.011803618911732316,-0.011803618911732205,6.200654578639633,2.167547079170487,,,-2.6636513312000005,Q1: Lowest,Q2,TRUE,TRUE
12127,"Volusia County, FL",0.8712064608060492,1.055029747514033,0.18382328670798365,0.1451844048945995,0.06322870897891397,-1,0.267010504400492,0.10893002094461202,0.1089300209446118,4.144553770433465,6.850212383685584,3.5910853712590978,4.157042138318573,-1.899233130599999,Q1: Lowest,Q4: Highest,FALSE,FALSE
12129,"Wakulla County, FL",0.8713177789363921,1.085539979231568,0.21422220029517602,0.15628258602711154,0.041536863966770476,0.6999999999999993,0.24773921739685512,0.18018049531271862,0.18018049531271862,0.8059779394501976,-13.96545319521311,,,-0.6248894622999988,Q1: Lowest,Q4: Highest,FALSE,FALSE
12131,"Walton County, FL",0.7993563278176913,1.1689668651151603,0.36961053729746907,0.23318487695458534,0.020746887966805017,-1,0.3822646175587352,0.4147836882819216,0.4147836882819216,6.596724592858033,18.778704557381335,,,-2.3952611299999997,Q1: Lowest,Q4: Highest,FALSE,FALSE
12133,"Washington County, FL",0.9300266666666668,1.0036508841985168,0.07362421753185,0.03914666666666666,0.03217341699942955,1.2000000000000028,0.23115679745186046,0.08538923686565258,0.08538923686565258,3.984635115191268,5.142474295569798,,,-1.4418770989999992,Q2,Q3,TRUE,FALSE
13001,"Appling County, GA",0.9167153369933418,1.062338668043366,0.14562333105002412,0.09987151033757735,0.01652039235931857,0.7999999999999972,0.3169346356123215,0.022296358076174583,0.022296358076174583,0.8589167954564714,-9.861787296852071,,,-3.6011263519999996,Q2,Q4: Highest,TRUE,FALSE
13003,"Atkinson County, GA",0.9608214849921012,0.947286012526096,-0.013535472466005172,0.12985781990521328,0.039665970772442605,2.1999999999999993,0.26781900036147355,-0.021687035705727276,-0.021687035705727276,-1.840701012776963,-10.298438229372065,,,-4.759085707999999,Q3,Q1: Lowest,FALSE,TRUE
13005,"Bacon County, GA",0.965422006186478,0.995967741935484,0.030545735749005987,0.11025187803800263,0.04250217959895375,-2.1000000000000014,0.3304162423625254,0.01787016776075867,0.01787016776075845,-0.014717792495572146,-15.00854836884526,,,-1.7053840859999987,Q3,Q2,FALSE,FALSE
13007,"Baker County, GA",0.5614925373134328,0.9805045871559632,0.4190120498425304,0.3970149253731343,0.026376146788990806,-2,-0.05455197990190219,-0.18024824608742585,-0.18024824608742585,5.929614718412058,4.416445477273481,,,0.11925481799999993,Q1: Lowest,Q2,TRUE,TRUE
13009,"Baldwin County, GA",0.8533999388316852,1.0086454519853565,0.1552455131536713,0.183301050056071,0.029062235989862018,3.599999999999998,0.13397141398672785,-0.05167314517491972,-0.05167314517491983,6.503046411571703,-3.0750585445134266,,,-3.198967468600001,Q1: Lowest,Q3,TRUE,FALSE
13011,"Banks County, GA",0.7014056031577934,1.1755852842809364,0.474179681123143,0.2911331472032348,0.022125032158476943,-0.8999999999999986,0.22066509939972145,0.0959544159544159,0.0959544159544159,4.62465451507692,2.5815218598830967,,,-1.4335104859999994,Q1: Lowest,Q4: Highest,TRUE,FALSE
13013,"Barrow County, GA",0.9766203064075404,1.1224482211871964,0.14582791477965606,0.050658561296859195,0.034956892280249674,-1.5,0.3439931361269817,0.285361334156887,0.285361334156887,1.9420553522828121,-18.890471719926072,8.213714621817871,9.906047443914765,-5.569876087999999,Q3,Q4: Highest,FALSE,FALSE
13015,"Bartow County, GA",0.983283097611871,1.0544482159772657,0.07116511836539463,0.06849060978437282,0.041265393116514004,0.9000000000000004,0.2457924988628375,0.12562425559479284,0.12562425559479262,1.8981148502310807,-2.7982430422589264,7.78921576641082,0.9696104935486751,-4.814790771,Q3,Q4: Highest,FALSE,FALSE
13017,"Ben Hill County, GA",0.7519812914122386,1.0509044700254149,0.2989231786131763,0.34338053787189815,0.0145014202421887,1.6999999999999993,0.13058116484692106,-0.057508888763474264,-0.057508888763474264,4.609453066167352,-1.4893515638174524,,,-8.173289551,Q1: Lowest,Q4: Highest,TRUE,FALSE
13019,"Berrien County, GA",0.814164506245581,1.0501517834556031,0.2359872772100221,0.2104642941315107,0.04502909182899062,1.2000000000000028,0.22048752176436448,0.06255820323199113,0.06255820323199135,7.288955132666808,0.32525988602941247,,,-5.103036267,Q1: Lowest,Q4: Highest,TRUE,FALSE
13021,"Bibb County, GA",0.9146316953070044,0.963407724511316,0.048776029204311566,0.10968029056663364,0.04838049671062983,-1,0.1653948151756237,-0.007304616102562722,-0.007304616102562833,2.397953935573738,1.9009972793361642,6.731241321543024,2.067023669194196,-2.9566929259999988,Q2,Q1: Lowest,TRUE,TRUE
13023,"Bleckley County, GA",0.8412572110602745,1.0268612521150593,0.18560404105478479,0.18102247861547638,0.032360406091370586,0.5,0.24292836661414063,-0.010986478180700643,-0.010986478180700643,10.075528358063512,-9.417458752998598,,,-2.7909366060000007,Q1: Lowest,Q3,FALSE,FALSE
13025,"Brantley County, GA",0.933259484907228,1.0393747526711516,0.10611526776392366,0.1297424536139573,0.05540166204986152,-0.7999999999999972,0.16609249399728565,0.11111757181067561,0.11111757181067561,-1.5561314694899298,0.2848800320105571,,,0.23813377499999966,Q2,Q4: Highest,FALSE,FALSE
13027,"Brooks County, GA",0.7978881067061875,0.9682889733840304,0.17040086667784293,0.24379399777695443,0.03330798479087449,-1.5,0.22450622252492103,-0.053633747627502615,-0.053633747627502615,2.480888023216521,-1.2106353145461566,,,-4.5694073913,Q1: Lowest,Q2,TRUE,TRUE
13029,"Bryan County, GA",0.8794235338251845,1.1430621764313906,0.2636386426062062,0.18325622108290607,0.021836075657388876,-1.8999999999999995,0.30251810969299764,0.40014839940640234,0.4001483994064021,-2.5254273503842795,-7.917350065275592,,,-1.0487038260000006,Q2,Q4: Highest,FALSE,FALSE
13031,"Bulloch County, GA",0.9862792442979736,1.047722404683707,0.061443160385733386,0.04055861911443204,0.03475653291446523,-1.5,0.399500874903187,0.21043668653448488,0.21043668653448488,2.486403052824776,-3.7958255517722277,6.143700767936821,1.0475568388041658,-2.058854435999999,Q3,Q4: Highest,FALSE,FALSE
13033,"Burke County, GA",0.9838161070879964,0.9788139788139788,-0.005002128274017581,0.08437568575817422,0.024156024156024136,-0.09999999999999787,0.28634361233480177,-0.02563990945498873,-0.02563990945498873,-10.228801665907127,-1.9176682006051877,,,-2.5580161080000003,Q3,Q2,FALSE,TRUE
13035,"Butts County, GA",0.9737920168067228,1.0851031706089582,0.11131115380223544,0.07731092436974785,0.03502767991947664,1.5,0.017163698777086456,0.07556935817805388,0.07556935817805388,-1.4166419323487112,-4.070503304193725,,,-2.272552341999999,Q3,Q4: Highest,FALSE,FALSE
13037,"Calhoun County, GA",0.7798672566371682,1.015003061849357,0.2351358052121889,0.1446902654867257,0.03551745254133498,4.899999999999999,0.23324396782841816,-0.012761205933960795,-0.012761205933960573,6.412588183421517,-4.442993541997814,,,-8.9411421258,Q1: Lowest,Q3,FALSE,FALSE
13039,"Camden County, GA",0.9520965382740126,1.0626846469074622,0.11058810863344959,0.09268649439297905,0.014724101782140453,1.700000000000001,0.256939226756542,0.11684066439209762,0.11684066439209762,4.044320389151023,-19.130772456698917,,,-4.621973447,Q3,Q4: Highest,FALSE,FALSE
13043,"Candler County, GA",1.062614678899083,0.9909130720385372,-0.07170160686054572,0.11077981651376145,-0.00613093934749287,0.9000000000000021,0.3337494798168956,0.020498771962969897,0.020498771962969897,0.05742673573166934,-1.9238538517799126,,,-6.743561549000001,Q4: Highest,Q2,FALSE,FALSE
13045,"Carroll County, GA",0.93201316839585,1.077517972551013,0.14550480415516287,0.08749002394253791,0.04573015757751797,-2.4000000000000004,0.37033521622372434,0.10137956988260344,0.10137956988260366,-0.10198181587640076,-8.275049590980196,4.2800800829678565,1.537310888366104,-2.950695799,Q2,Q4: Highest,FALSE,FALSE
13047,"Catoosa County, GA",0.8636006060252899,1.035613841049139,0.17201323502384902,0.165316706485636,0.038141886553958004,-1.8000000000000007,0.2920122495853006,0.08060570204192574,0.08060570204192596,3.631098312418529,-8.148990673501299,,,-2.9881384126000015,Q1: Lowest,Q4: Highest,TRUE,FALSE
13049,"Charlton County, GA",1.0320009242144177,1.0455580865603644,0.013557162345946727,0.09380776340110908,0.0015186028853454436,5.299999999999997,0.09220779220779218,0.11081619110816199,0.11081619110816177,5.276611297747919,-5.359001679934103,,,-5.291906710599999,Q4: Highest,Q4: Highest,FALSE,FALSE
13051,"Chatham County, GA",0.9451936103847002,1.042912212573168,0.09771860218846784,0.09644286209395381,0.05320730293525655,-1.5,0.2658895487988653,0.1486183482087935,0.14861834820879372,3.017152560396208,-10.231750750061728,1.4253464124050055,4.487691024283777,-4.126980825,Q3,Q4: Highest,FALSE,FALSE
13053,"Chattahoochee County, GA",0.930227374052608,0.8307464892830746,-0.09948088476953343,0.31966116807846634,0.14264597191426465,5.6,0.017612783614372685,-0.08842457166736317,-0.08842457166736306,0.3835751169218339,-32.02094094082895,,,5.709683286000001,Q2,Q1: Lowest,FALSE,TRUE
13055,"Chattooga County, GA",0.9253300733496332,0.9022759141408694,-0.023054159208763858,0.1008312958435208,0.11476647610829471,-0.6000000000000014,0.24598273174241525,-0.054937094929470076,-0.054937094929470076,2.454513966249969,-8.757055564980636,,,-1.323123583000001,Q2,Q1: Lowest,TRUE,TRUE
13057,"Cherokee County, GA",1.006905273204486,1.0819844471119793,0.07507917390749319,0.05600572655690761,0.03447581697397162,0.5,0.39543121634812173,0.2776137530610632,0.2776137530610634,-0.6599025722276997,-14.249619219906723,1.7013954324365415,7.518893047146264,-6.2249457249999995,Q4: Highest,Q4: Highest,FALSE,FALSE
13059,"Clarke County, GA",0.8602631749320212,0.975269192343678,0.11500601741165684,0.169186197073676,0.07155203856705628,-2.900000000000002,0.13490790419824106,0.12575990175007679,0.12575990175007656,1.656506007551134,-7.89248056387192,4.2668246870493505,5.047874527157646,-4.030542492999999,Q1: Lowest,Q2,FALSE,FALSE
13061,"Clay County, GA",0.5866302864938608,0.8699507389162562,0.28332045242239534,0.42291950886766716,0.05024630541871922,-2.8999999999999986,-0.05063145368699862,-0.13120784794604534,-0.13120784794604534,15.695087958946342,-3.4822837516069,,,-9.646953506900001,Q1: Lowest,Q1: Lowest,TRUE,TRUE
13063,"Clayton County, GA",0.8801455072281188,1.0123201719667976,0.13217466473867878,0.1482158042266385,0.054255234166781685,3,0.16172093236250396,0.12215818553914315,0.12215818553914337,9.052080830118959,1.7768888848353503,1.2624553934024476,1.5329449743326755,-4.952435920999999,Q2,Q3,FALSE,FALSE
13065,"Clinch County, GA",0.9933078393881452,1.0802682821289484,0.08696044274080328,0.06539196940726577,-0.041973171787105246,-2,0.4252797237624091,-0.032173150043872445,-0.032173150043872556,3.889935712702286,-1.0625828271447375,,,-3.5604848900000015,Q3,Q4: Highest,FALSE,FALSE
13067,"Cobb County, GA",0.9798505086857222,1.0146194273879572,0.034768918702234974,0.07164509654647377,0.054209887372725696,-1.0999999999999996,0.23129977576741667,0.13379760693755416,0.13379760693755416,3.1857894187093865,-25.724231331624807,2.1428546222832807,5.00080890026873,-4.512294592999998,Q3,Q3,FALSE,FALSE
13069,"Coffee County, GA",0.9741226403142024,0.9772790017116668,0.0031563613974644467,0.13594324084631948,0.03191430622273761,-1.6999999999999993,0.23789579991683008,0.04779776750042375,0.04779776750042375,2.7271545833791047,-0.9451771623758521,,,-4.481641453999998,Q3,Q2,FALSE,TRUE
13071,"Colquitt County, GA",0.9793637804940418,1.021311072919224,0.04194729242518225,0.06295709098348079,0.006727228087404891,-0.3000000000000007,0.26874394379844957,0.03146418150150421,0.03146418150150421,4.898034326558487,-3.986158946757289,,,-4.725491953999999,Q3,Q3,FALSE,FALSE
13073,"Columbia County, GA",1.0384628854606266,1.0379144494474006,-5.484360132259614e-4,0.02295690545817497,0.02075901994035434,-1.2000000000000002,0.294046083489681,0.3618541112675322,0.3618541112675322,2.3134914035088325,-7.122212929823188,4.183217244841245,5.755167797791465,-2.5358433629999997,Q4: Highest,Q4: Highest,FALSE,FALSE
13075,"Cook County, GA",1.0139304973037748,1.0307619816908993,0.01683148438712445,0.10380467345715993,0.02329025309639199,-1.5,0.3287809978109584,0.02504748338081675,0.02504748338081675,5.223321123321126,-6.9082957617989464,,,-6.053416553999998,Q4: Highest,Q3,FALSE,FALSE
13077,"Coweta County, GA",1.0456268758885787,1.0792862398822665,0.03365936399368774,0.0445298650237832,0.04304635761589404,-1.0999999999999996,0.3514592252716324,0.2568891973323404,0.2568891973323404,2.450554353495865,-9.377328421003641,3.050941740451961,4.400876790927931,-3.456848443,Q4: Highest,Q4: Highest,FALSE,FALSE
13079,"Crawford County, GA",0.8887184730743013,0.9805927342256214,0.09187426115132014,0.12985685071574637,0.051434034416826035,-4.599999999999998,0.18263501149533146,-0.03807677394338893,-0.03807677394338893,13.168142058614812,5.517482446656002,,,-4.886010815500001,Q2,Q2,TRUE,TRUE
13081,"Crisp County, GA",0.8386200626325891,1.0272543741588156,0.18863431152622645,0.20224265077280534,0.04273216689098247,0.8999999999999986,0.3323021227579397,-0.03343990322301904,-0.03343990322301926,2.579601508856841,-8.702657061250772,,,-6.127888360999998,Q1: Lowest,Q3,TRUE,FALSE
13083,"Dade County, GA",0.938382854359474,1.0029669398135066,0.0645840854540326,0.1255479785679493,0.05298106809833292,0.09999999999999964,0.1311556058444434,-0.03195579048534358,-0.031955790485343694,-4.160858484473873,-8.764112157067888,,,-1.5277640675999997,Q2,Q3,TRUE,FALSE
13085,"Dawson County, GA",0.9508654118982314,1.202202926515517,0.2513375146172856,0.07689397521989971,0.02018009326258241,-0.29999999999999893,0.21401235868267676,0.21381747175600907,0.21381747175600907,-1.2165369745020305,6.978189561147502,,,-2.0858026969999983,Q3,Q4: Highest,FALSE,FALSE
13087,"Decatur County, GA",0.9614185155484274,1.0163076923076924,0.05488917675926497,0.08732068074489885,0.04158241758241754,0.8999999999999986,0.23960183767228171,-0.053043072840081806,-0.05304307284008192,2.3605214838036073,-3.3365500591470463,,,-2.147972673,Q3,Q3,FALSE,FALSE
13089,"DeKalb County, GA",0.9064105780201818,1.0151644545815257,0.10875387656134394,0.12740234833342778,0.05454841667958621,-1.5,0.22903020114775963,0.1150357876063568,0.11503578760635702,6.0878259583407255,1.4715117936495519,3.083043545411712,6.483291890525194,-1.8025513789999987,Q2,Q3,FALSE,FALSE
13091,"Dodge County, GA",0.7676784523015343,0.9819469252360296,0.21426847293449525,0.23348899266177447,0.04095432508292929,-1.1999999999999993,0.2693483159941963,-0.02921083627797405,-0.02921083627797405,10.048892663341721,-0.12399931517988405,,,-3.8053305270000006,Q1: Lowest,Q2,TRUE,TRUE
13093,"Dooly County, GA",0.9611135181975736,0.7989811080450011,-0.16213241015257251,0.1347487001733102,0.08448312460199536,1.5,0.22609528844247673,-0.0343982115814524,-0.03439821158145251,-0.8800577608741533,3.69119028078169,,,-6.845514005400001,Q3,Q1: Lowest,FALSE,TRUE
13095,"Dougherty County, GA",0.871041358559845,0.947234771311306,0.07619341275146096,0.0923045540313121,0.06227300912392597,2.3000000000000007,0.11553230732017061,-0.06946530966335884,-0.06946530966335884,3.8022957911700725,-2.566887218391787,1.6619313292371771,-0.4358141232414816,-3.257638730000002,Q1: Lowest,Q1: Lowest,TRUE,TRUE
13097,"Douglas County, GA",0.9816759922777396,1.0453620238441408,0.06368603156640118,0.06364320539249368,0.04995638266938063,0.40000000000000036,0.13036525988609204,0.16552245938196886,0.16552245938196886,7.257143628720586,-21.85237859664255,6.626287561950122,8.931761192199883,-4.450201657000001,Q3,Q4: Highest,FALSE,FALSE
13099,"Early County, GA",0.7399589015505325,0.8858257477243173,0.14586684617378487,0.26583224360171864,0.04369310793237968,-1.5999999999999979,0.39396578754834,-0.10840843468369932,-0.10840843468369943,0.12972878555991552,9.851735564823088,,,-3.3084996250000014,Q1: Lowest,Q1: Lowest,TRUE,TRUE
13101,"Echols County, GA",0.7878188214599824,0.974128540305011,0.18630971884502856,0.2673702726473175,0.02777777777777779,-5.5,0.2460067838421216,0.017267648552564685,0.017267648552564907,24.333785701067175,5.06578882311373,,,-7.2929700405,Q1: Lowest,Q2,TRUE,TRUE
13103,"Effingham County, GA",0.8969983854396008,1.118025965379494,0.2210275799398932,0.14850286217525321,0.03075898801597865,-0.8000000000000007,0.3232099312790955,0.2947241240434957,0.2947241240434957,4.5235444411564405,-12.186258369780003,,,-1.8472669500000016,Q2,Q4: Highest,FALSE,FALSE
13105,"Elbert County, GA",0.8007563479200432,1.0460997362140434,0.24534338829400015,0.204430037817396,0.01884185403843741,3.700000000000003,0.22846689059500958,-0.06603085008028808,-0.06603085008028808,4.610396679225803,9.449218674876741,,,-2.7048074070000006,Q1: Lowest,Q4: Highest,TRUE,FALSE
13107,"Emanuel County, GA",0.7925856636471051,1.0627203457295575,0.2701346820824524,0.23838125246159902,-0.003639258501080489,-6.100000000000001,0.4692826907676466,0.02428875118729934,0.02428875118729934,3.289756763820531,1.8875134188892,,,-4.158751040000002,Q1: Lowest,Q4: Highest,TRUE,FALSE
13109,"Evans County, GA",0.9273902904388382,1.007066381156317,0.07967609071747872,0.08119567521729909,0.006638115631691699,1,0.19982042518681564,-0.02247912652536932,-0.02247912652536943,1.2606090283554194,-7.741972976339075,,,-6.342665706,Q2,Q3,FALSE,FALSE
13111,"Fannin County, GA",0.8606017191977078,1.059904407859798,0.1993026886620901,0.15176695319961797,0.048327137546468446,-3.200000000000001,0.34360123214785765,0.12952339874919128,0.12952339874919128,-2.216824960220176,-0.5637575766000342,,,-2.6145661867999994,Q1: Lowest,Q4: Highest,FALSE,FALSE
13113,"Fayette County, GA",0.9619483241591412,1.0528574634401766,0.09090913928103539,0.09792552253717013,0.04534914163892734,0.10000000000000053,0.19449005886365356,0.08983798302679324,0.08983798302679324,2.8054406884697123,2.8437472332479707,3.3318909272323793,6.653532618015554,-1.3349802092000003,Q3,Q4: Highest,FALSE,FALSE
13115,"Floyd County, GA",0.8461571251971525,1.05096194652709,0.2048048213299376,0.16106824672833453,0.05026642146461069,-0.20000000000000284,0.1835539416656906,0.03347043270239647,0.03347043270239647,3.2019080970678155,1.616880926510948,9.340145818967272,7.239550260430612,-4.153268896,Q1: Lowest,Q4: Highest,TRUE,FALSE
13117,"Forsyth County, GA",1.0341610786820397,1.1131980018961274,0.07903692321408773,0.04046263688552265,0.03254487368446213,-0.7000000000000002,0.32834806254248816,0.5544679849041234,0.5544679849041232,6.604125014807419,-18.922329294138656,3.6306405752914372,9.644478745651625,-6.007499952000002,Q4: Highest,Q4: Highest,FALSE,FALSE
13119,"Franklin County, GA",0.8856335514574658,0.9872488013873304,0.10161524992986459,0.1654768986714258,0.05324900540650823,1.4000000000000004,0.3024634039764038,0.05199369227303441,0.05199369227303441,-3.7235773987005394,1.204016999714539,,,-2.0225315570000006,Q2,Q2,TRUE,FALSE
13121,"Fulton County, GA",0.9895902371396348,1.032746770109836,0.04315653297020128,0.06354290482471481,0.04668487035291313,-0.3999999999999986,0.3648969889064977,0.22386001157214364,0.2238600115721434,3.3150031181816835,-9.138904058337191,4.613541036450982,10.339172616796098,-2.415718086,Q3,Q3,FALSE,FALSE
13123,"Gilmer County, GA",0.8596814629110751,1.0686489020864265,0.20896743917535143,0.20122400825836895,0.004610455575525529,-0.09999999999999964,0.4286752543732144,0.12048149735676517,0.12048149735676517,8.048118092085094,8.68327414065077,,,-4.954582493,Q1: Lowest,Q4: Highest,FALSE,FALSE
13125,"Glascock County, GA",1.042432195975503,0.9923636363636364,-0.050068559611866514,0.1356080489938758,0.04072727272727272,0.8999999999999986,0.33400010812564207,-0.005689424364123119,-0.00568942436412323,1.14766583126506,-17.416350018045932,,,-4.1250327378,Q4: Highest,Q2,FALSE,FALSE
13127,"Glynn County, GA",0.8893752896945976,1.0446656323138823,0.15529034261928476,0.11935417417726735,0.05567097062613402,2.200000000000001,0.2541504539559014,0.1147386718596839,0.1147386718596839,4.263004288626829,-3.8987214875234475,5.74462506489931,2.006658280356799,-4.75999642,Q2,Q4: Highest,FALSE,FALSE
13129,"Gordon County, GA",0.922463542072838,1.03537969800507,0.11291615593223203,0.14817125477657334,0.03199970608765934,-2,0.24793658958591513,0.08526652811323943,0.08526652811323943,0.0550697129283656,-2.107701109950315,,,-5.639284278,Q2,Q4: Highest,FALSE,FALSE
13131,"Grady County, GA",0.8380486968449932,1.0274492099322798,0.18940051308728667,0.20241769547325106,0.012550790067720086,-0.5,0.2886569872958258,3.654970760234022e-4,3.654970760234022e-4,2.4953143289540347,-8.851356035252476,,,-5.13783123,Q1: Lowest,Q3,TRUE,FALSE
13133,"Greene County, GA",0.8162448162448163,1.055954897815363,0.23971008157054674,0.20434720434720433,0.02635658914728678,-5.899999999999999,0.5700527874340158,0.15806105036971507,0.15806105036971485,2.539050280032684,26.84301751518445,,,-2.3445269661,Q1: Lowest,Q4: Highest,FALSE,FALSE
13135,"Gwinnett County, GA",0.9860077005775432,1.0472318525741773,0.06122415199663411,0.06444483336250217,0.05109010413471726,0.7999999999999989,0.1284274666041716,0.22525123375765088,0.22525123375765088,6.587364215032931,-10.841233324004433,0.5098179528413453,4.20634818771493,-6.202716700999998,Q3,Q4: Highest,FALSE,FALSE
13137,"Habersham County, GA",0.9144614430432086,1.003221649484536,0.08876020644132743,0.15350423816415137,0.05476804123711343,0.7999999999999989,0.23023791250959325,0.08271826107727209,0.08271826107727231,1.672529149639959,-5.075563930234969,,,-3.236511714999999,Q2,Q3,FALSE,FALSE
13139,"Hall County, GA",0.953875177403164,1.0891435148851567,0.13526833748199274,0.09814577636239863,0.021869931460262615,1.5,0.28850166138629163,0.1855363418113496,0.1855363418113496,1.6066485543742348,-8.811902764831832,7.0198325862041315,5.893501422088054,-5.121590167000001,Q3,Q4: Highest,FALSE,FALSE
13141,"Hancock County, GA",0.7500801538954793,0.9851703406813628,0.23509018678588345,0.27797370952228273,0.019639278557114226,4.399999999999999,0.15638445270910806,-0.14480736171503694,-0.14480736171503683,7.43804313234786,4.5350021157755185,,,-6.0363608799,Q1: Lowest,Q2,TRUE,FALSE
13143,"Haralson County, GA",0.8972139795581932,1.0667616919639418,0.16954771240574862,0.10880316518298716,0.04060405270051626,-1.5,0.2659470068694798,0.0432103088451572,0.0432103088451572,1.6408034969407848,-5.699603155588389,,,-2.8469821710000005,Q2,Q4: Highest,FALSE,FALSE
13145,"Harris County, GA",0.933536704095541,1.0557167926565876,0.12218008856104656,0.041279937690660073,0.018021058315334737,-2.9000000000000004,0.1985821342440477,0.16382613291055614,0.16382613291055614,3.435728079568218,-2.2792803652193854,,,-3.0479732845999994,Q2,Q4: Highest,FALSE,FALSE
13147,"Hart County, GA",0.9645075421472936,1.0719078179696615,0.10740027582236789,0.12146307798481715,0.05134189031505254,-3.200000000000001,0.38126926118853466,0.05266329235960465,0.05266329235960465,4.677483352465189,7.706304956254359,,,-2.659663288199999,Q3,Q4: Highest,FALSE,FALSE
13149,"Heard County, GA",0.9896261076291334,1.0513820775746767,0.06175596994554333,0.09466176788415825,0.05283102987070887,0.3000000000000007,0.16417910447761197,0.026252367016698308,0.026252367016698308,7.723823795252366,-4.550877599329155,,,-0.8936581710000002,Q3,Q4: Highest,FALSE,FALSE
13151,"Henry County, GA",1.008966899827853,1.0727052633418988,0.06373836351404583,0.05733150290906719,0.03801108255982655,0.6999999999999993,0.15035886110892016,0.24279946592065116,0.24279946592065094,3.132320992868415,-15.159649193888368,2.014967887840868,1.43826434070996,-4.387061578999999,Q4: Highest,Q4: Highest,FALSE,FALSE
13153,"Houston County, GA",0.9608585084870396,1.017197826205691,0.05633931771865153,0.05959311232305897,0.025533890436397422,-0.3000000000000007,0.24059269339078826,0.1925619272812431,0.1925619272812431,4.830955204498877,-5.863054604304159,5.232160431528968,4.050698138936863,-3.511626714,Q3,Q3,FALSE,FALSE
13155,"Irwin County, GA",0.721984698469847,1.0438618925831202,0.3218771941132732,0.32223222322232226,-0.01406649616368294,-15.700000000000003,0.24821544451654765,-0.008111239860950192,-0.008111239860950303,5.800120450421792,-5.655421456636518,,,-2.1154571020000006,Q1: Lowest,Q4: Highest,TRUE,FALSE
13157,"Jackson County, GA",1.0371870109546166,1.2745238792850864,0.23733686833046974,0.07355242566510167,-0.027600351596835715,-1.8999999999999986,0.33771577679646736,0.26870186540567786,0.26870186540567786,1.3598227458224503,-15.438646485236717,,,-3.3778123900000008,Q4: Highest,Q4: Highest,FALSE,FALSE
13159,"Jasper County, GA",0.992986798679868,1.1402714932126696,0.14728469453280157,0.08201320132013201,0.03425985778926954,-3.799999999999999,0.3246895625908939,0.04790330901319173,0.04790330901319195,5.154906855317804,4.881733505034433,,,-3.538599692,Q3,Q4: Highest,FALSE,FALSE
13161,"Jeff Davis County, GA",1.108900215643991,1.02066266156927,-0.08823755407472111,0.10841011566359537,0.002730748225013624,0.3999999999999986,0.24817091915155243,0.06413686285553366,0.06413686285553344,0.1978485391516155,7.679693643206457,,,-6.173308449999999,Q4: Highest,Q3,FALSE,FALSE
13163,"Jefferson County, GA",0.9056517077653544,1.0021163191722842,0.09646461140692975,0.09894317659672236,0.019909076657783298,1.5,0.14247424677882914,-0.08722519310754606,-0.08722519310754606,8.731916389551719,-0.5821945068519891,,,-4.237599019000001,Q2,Q3,TRUE,FALSE
13165,"Jenkins County, GA",0.8443212466287084,1.0506349723217192,0.20631372569301076,0.3533113575067426,0.015630087919244584,3.6000000000000014,0.16538789428815015,0.02771855010660973,0.02771855010660973,10.485892163443944,15.412219676169634,,,-4.848804406999999,Q1: Lowest,Q4: Highest,FALSE,FALSE
13167,"Johnson County, GA",1.036540632054176,0.959340011785504,-0.07720062026867192,0.13910835214446948,0.04390100176782552,-7.699999999999999,0.33419286471211596,-0.04590877609577515,-0.04590877609577515,8.411022474041063,1.5486990641595058,,,-1.440024449000001,Q4: Highest,Q1: Lowest,FALSE,TRUE
13169,"Jones County, GA",0.9356545548730852,0.9840988005050504,0.048444245631965144,0.08539924517131647,0.04237689393939392,0.6000000000000014,0.12175234936428958,0.026250000000000107,0.026249999999999885,8.635096213832494,-7.035540281886202,,,-4.061908413299999,Q2,Q2,TRUE,TRUE
13171,"Lamar County, GA",0.9391964525665144,1.0861816048115007,0.14698515224498632,0.06987368986831499,0.021417045621241027,-1.8999999999999986,0.40268308775016504,0.09161135271229104,0.09161135271229104,1.8130473329007302,-3.836315831422384,,,-1.742101452,Q2,Q4: Highest,FALSE,FALSE
13173,"Lanier County, GA",0.8995661051556917,1.0141166980371068,0.11455059288141511,0.11638591117917307,0.030115622479161108,-1.8000000000000007,0.25340031138920716,0.15644069677133032,0.15644069677133032,10.353441766721422,-2.3688000890842815,,,-6.550377665999999,Q2,Q3,TRUE,FALSE
13175,"Laurens County, GA",0.8185312706348458,1.020002142130349,0.20147087149550313,0.18281294217526645,0.03143576286617045,0.8999999999999986,0.164191510584063,-0.002161640328233516,-0.002161640328233516,5.741152340167869,-1.840291495474904,,,-3.0765980550000016,Q1: Lowest,Q3,TRUE,FALSE
13177,"Lee County, GA",0.780443999528913,1.0361171032357472,0.25567310370683427,0.2321870215522318,0.018736517719568524,-0.29999999999999893,0.3062258774302926,0.0791594703511802,0.0791594703511802,4.053514192908003,-10.227165931640494,,,-0.13098318100000128,Q1: Lowest,Q4: Highest,TRUE,FALSE
13179,"Liberty County, GA",1.0529586426299045,1.0065554490809303,-0.04640319354897415,0.0062778366914103545,0.029619304817492864,-3.1999999999999993,0.25411655648525366,-0.035678407735292295,-0.035678407735292184,2.6663865052313773,10.515170212609721,,,-1.615824331999999,Q4: Highest,Q3,FALSE,FALSE
13181,"Lincoln County, GA",0.8420022371364653,1.000497347480106,0.15849511034364072,0.1319910514541387,0.04376657824933683,-0.8999999999999986,0.24928295642581366,-0.029408160764612168,-0.029408160764612168,7.753189845553177,7.441144579279632,,,-1.2124756285,Q1: Lowest,Q3,TRUE,FALSE
13183,"Long County, GA",0.9960861056751468,1.1400421667207266,0.1439560610455798,0.06996086105675148,0.021894258838793368,-7,0.3941983178871806,0.5797593086180437,0.5797593086180437,16.77782217092348,9.730509598367615,,,-1.3766959419999996,Q4: Highest,Q4: Highest,FALSE,FALSE
13185,"Lowndes County, GA",0.9242995953000058,0.993065012885248,0.06876541758524213,0.09882891161117524,0.028284690649290734,-0.10000000000000142,0.20131381575544416,0.1538446418743611,0.1538446418743611,2.4229937379161597,2.0717055249035687,6.196599393829786,-0.09977723464347932,-3.7940159509999987,Q2,Q2,TRUE,TRUE
13187,"Lumpkin County, GA",1.0937775639483602,1.069770598615447,-0.024006965332913133,0.07296928874989972,0.04017917741278676,1.1999999999999993,0.2253230861706239,0.1906617542865241,0.19066175428652432,-1.611696542154284,-1.8890319600539307,,,-4.133472705700001,Q4: Highest,Q4: Highest,FALSE,FALSE
13189,"McDuffie County, GA",0.8488677719369188,0.9656359265734266,0.1167681546365078,0.18621107966033157,0.054195804195804165,-1.3999999999999986,0.21361713739937227,-0.009987457611371764,-0.009987457611371764,9.210176722505247,-2.3676531085831036,,,-2.9941512820000007,Q1: Lowest,Q1: Lowest,TRUE,TRUE
13191,"McIntosh County, GA",1.06943359375,1.0182899955927722,-0.05114359815722769,0.08828124999999998,0.09629792860290876,0.3999999999999986,0.2957863765058568,0.05542097922630851,0.05542097922630851,9.216973932602324,-14.780935913012435,,,-6.6163321044,Q4: Highest,Q3,FALSE,FALSE
13193,"Macon County, GA",0.8395816072908037,0.977032227032227,0.13745061974142336,0.10335542667771336,0.04665704665704662,1.0999999999999979,0.24843198039074332,-0.10102763505068746,-0.10102763505068746,9.59285926299387,0.6824421404101368,,,-3.6982609154000006,Q1: Lowest,Q2,TRUE,FALSE
13195,"Madison County, GA",0.7802876091667214,1.0346330638770012,0.2543454547102798,0.22109133889290167,0.051434458709779696,3.4000000000000004,0.2275318460130904,0.0806900792072045,0.08069007920720472,5.426825063331087,-3.186312709577021,,,-1.660402466999999,Q1: Lowest,Q4: Highest,TRUE,FALSE
13197,"Marion County, GA",1.0202998126171143,0.9581603321622484,-0.06213948045486595,0.08151155527795129,0.05812839348450971,0,0.19554175253243544,0.012598425196850505,0.012598425196850505,14.56564577345501,5.168270702613902,,,-3.8815936129999997,Q4: Highest,Q1: Lowest,FALSE,TRUE
13199,"Meriwether County, GA",0.8721476510067114,1.0242950654582077,0.15214741445149627,0.12035794183445192,0.055513595166163165,1.3000000000000007,0.2415866412104979,-0.05949524571225451,-0.05949524571225451,6.087161271149194,14.112900339482495,,,-3.5481763310000005,Q1: Lowest,Q3,TRUE,FALSE
13201,"Miller County, GA",0.6895674300254453,1.032446594115276,0.34287916408983077,0.30421260955612106,0.01773478436114473,-0.09999999999999787,0.30957830380937446,-0.06629653821032,-0.06629653821032011,-2.8715176157815936,-13.70201792087919,,,-3.6756320580000015,Q1: Lowest,Q3,TRUE,FALSE
13205,"Mitchell County, GA",0.8488737824675324,0.9718462063474008,0.1229724238798684,0.1640625,0.04117847798885221,5.399999999999999,0.21641936743459578,-0.08805372486860763,-0.08805372486860763,6.607993892219896,-1.0232482832632783,,,-4.432543777999999,Q1: Lowest,Q2,TRUE,TRUE
13207,"Monroe County, GA",0.9043004941321804,1.05705378020265,0.15275328607046967,0.13009573810994446,0.029306313328137157,-0.8000000000000007,0.397933482736053,0.07198942703879352,0.07198942703879352,3.7146806831270087,2.367203893317633,,,-2.4651882608999998,Q2,Q4: Highest,FALSE,FALSE
13209,"Montgomery County, GA",0.8119234317343174,0.9826139088729016,0.1706904771385842,0.21817343173431736,0.026978417266187105,-2.400000000000002,0.24873430393867446,-3.269754768392419e-4,-3.269754768393529e-4,3.836250992077239,-2.834286556288479,,,-1.4351183820000006,Q1: Lowest,Q2,TRUE,TRUE
13211,"Morgan County, GA",0.9080587711487088,1.0886691608765366,0.18061038972782784,0.14603739982190556,0.034633885622661675,-1.9000000000000004,0.420023282887078,0.09224841341795109,0.09224841341795109,2.018028215333895,-3.220221144130111,,,-1.2858551819999988,Q2,Q4: Highest,FALSE,FALSE
13213,"Murray County, GA",0.8038289285890053,0.9968067407288144,0.19297781213980902,0.30621585707958066,0.05801534911179096,-1.0999999999999996,0.397688248597035,-0.001046389954656446,-0.0010463899546563349,7.490385292262691,6.529985516448699,,,-4.4712577809999985,Q1: Lowest,Q2,TRUE,FALSE
13215,"Muscogee County, GA",0.9385289315935744,0.9639249726111506,0.0253960410175762,0.0847447065714535,0.03969276332422378,-0.20000000000000284,0.14454313176785494,0.05990666146916146,0.05990666146916146,4.3428398334488945,7.94344970656561,5.792082188096032,3.241566602202383,-2.9931865910000006,Q2,Q1: Lowest,FALSE,TRUE
13217,"Newton County, GA",0.9798151639155824,1.080707482467495,0.1008923185519125,0.06453170260701646,0.04528506018044476,0,0.16455645564556454,0.16766110408677215,0.16766110408677193,5.129742253238861,-22.11813817921639,3.892304589481725,0.4693334877000197,-4.708761555000001,Q3,Q4: Highest,FALSE,FALSE
13219,"Oconee County, GA",0.8997812797936179,1.0470576121093549,0.147276332315737,0.12366103976221188,0.03413478865262831,-1.5,0.42338300033863874,0.30970573890424324,0.30970573890424324,-0.2946651332616901,-4.023312184566592,,,-2.392032383,Q2,Q4: Highest,FALSE,FALSE
13221,"Oglethorpe County, GA",0.856999060528788,1.0273167866059627,0.17031772607717466,0.16427325191249498,0.06006755764429428,-1.5,0.24893137840694957,0.060979001529689825,0.06097900152969005,5.900326637308984,-3.520563296689181,,,0.18466673200000017,Q1: Lowest,Q3,FALSE,FALSE
13223,"Paulding County, GA",1.066640372327838,1.0883550028264557,0.02171463049861777,0.05154216297231207,0.03527416619559076,-0.10000000000000053,0.2800026743330881,0.2858460647089318,0.2858460647089318,10.08492458116606,-23.493559030162658,3.212703570545699,4.6015908886483246,-5.602960519000002,Q4: Highest,Q4: Highest,FALSE,FALSE
13225,"Peach County, GA",0.9973944294699012,0.9891180769855448,-0.00827635248435643,0.04591194968553458,0.03654377131719988,-1,0.2609477041462056,0.04076774851702125,0.04076774851702125,-4.367413591910735,-7.866853402468056,,,-2.140253351,Q4: Highest,Q2,FALSE,TRUE
13227,"Pickens County, GA",0.8778348013038352,1.088726237000729,0.21089143569689373,0.13322699216311806,0.04252500496787437,-1,0.30752513977517437,0.12015810276679839,0.12015810276679839,0.8286802232898183,-15.79378288072206,,,-2.9455759912,Q2,Q4: Highest,FALSE,FALSE
13229,"Pierce County, GA",0.9169839125629377,1.024393342650235,0.10740943008729731,0.11322608375291665,0.019692542243679334,-1.5,0.25631506738762,0.08542909719511504,0.08542909719511504,-0.09823852695338697,-18.93415266681276,,,-2.115593317,Q2,Q3,FALSE,FALSE
13231,"Pike County, GA",0.9930047071129708,1.0861944777911166,0.09318977067814571,0.07426778242677823,0.04825930372148857,-2.4000000000000004,0.4674881962267108,0.10116144018583051,0.10116144018583029,-3.976871568119905,-6.7239436388517575,,,-0.40180137299999963,Q3,Q4: Highest,FALSE,FALSE
13233,"Polk County, GA",0.8512060960839726,1.0199592777152655,0.16875318163129294,0.1706701655228099,0.03509617960670841,-1.4000000000000021,0.2666208282646638,0.04471793865993279,0.04471793865993279,2.42569698093881,8.560016923868018,,,-4.236224585999999,Q1: Lowest,Q3,TRUE,FALSE
13235,"Pulaski County, GA",0.834088335220838,0.9805421363392378,0.14645380111839978,0.13363533408833517,0.034889962426194354,2.3999999999999986,0.08184051591769892,-0.026911314984709445,-0.026911314984709445,2.4031932242745855,0.08254162297260229,,,-4.9055409636,Q1: Lowest,Q2,TRUE,FALSE
13237,"Putnam County, GA",0.7621585947811961,1.08105009744354,0.3188915026623439,0.2587064676616916,0.024532844204975368,0.1999999999999993,0.4113941261783902,0.06341346153846161,0.06341346153846161,9.018266316342489,1.0837293555488294,,,-3.8970870097,Q1: Lowest,Q4: Highest,TRUE,FALSE
13239,"Quitman County, GA",0.7081653225806451,0.9443620178041544,0.23619669522350928,0.16532258064516125,0.09940652818991103,-0.8000000000000007,0.23011393150257997,-0.09094503756425465,-0.09094503756425465,9.991024950637229,48.87472349884446,,,-6.969574712700001,Q1: Lowest,Q1: Lowest,TRUE,TRUE
13241,"Rabun County, GA",0.8525149190110827,1.080168142921483,0.22765322391040044,0.12901392441034387,0.028374118000300208,-1,0.19013473512299695,0.05096283576597571,0.05096283576597549,4.752467412335376,3.900350363687314,,,-2.4116913542000002,Q1: Lowest,Q4: Highest,FALSE,FALSE
13243,"Randolph County, GA",0.9463011641006384,0.9035277177825772,-0.042773446318061126,0.10627112279384154,0.08675305975521963,-0.3000000000000007,0.264960169139578,-0.12632121680845576,-0.12632121680845576,5.306975800174582,-6.302178217731402,,,-5.7670987361999995,Q3,Q1: Lowest,FALSE,TRUE
13245,"Richmond County, GA",0.9302774684264152,0.9692368204626992,0.03895935203628398,0.07395208871407244,0.04007199132290018,-2.1999999999999993,0.2129168471199654,0.03071512548159383,0.03071512548159383,2.529238749315678,2.614692996867598,5.5091185441750525,0.5380103047766696,-2.825718171,Q2,Q2,TRUE,TRUE
13247,"Rockdale County, GA",0.9916268888947494,1.0379426837956474,0.04631579490089799,0.07365700572272471,0.05191551949991957,0.7999999999999989,0.08337227274361103,0.10651766367199866,0.10651766367199866,8.270386456663854,-7.082721248504296,3.5264656562509344,4.937603089667842,-4.123474736,Q3,Q4: Highest,FALSE,FALSE
13249,"Schley County, GA",1.1055651176133103,0.9975037443834248,-0.10806137322988552,0.061962134251290824,0.04243634548177733,-1.9000000000000004,0.3593438438837635,0.14257770049989138,0.14257770049989138,13.93586800436079,-10.867202782003911,,,-6.778949343900001,Q4: Highest,Q2,FALSE,FALSE
13251,"Screven County, GA",0.7164146234033182,0.9680961438699636,0.2516815204666454,0.29305535163705765,0.06692028358983226,3.5,0.2969851093817024,-0.06047763202152712,-0.060477632021527006,4.870520707244136,-3.397945103236879,,,0.3361901940000003,Q1: Lowest,Q2,TRUE,TRUE
13253,"Seminole County, GA",0.7769067233590221,1.007958801498127,0.231052078139105,0.2513951634334308,0.00811485642946319,0.6000000000000014,0.24197594391200883,-0.08068181818181819,-0.08068181818181819,-0.7229060263756415,1.8858860546128786,,,-1.7968582160000004,Q1: Lowest,Q3,TRUE,FALSE
13255,"Spalding County, GA",0.9324308952337618,1.049738127877957,0.11730723264419518,0.07500094793918022,0.04706668072691478,-1.6999999999999993,0.2525311625540574,0.06414919753677295,0.06414919753677295,3.991207569656949,0.8099067868832774,,,-3.5864430170000006,Q2,Q4: Highest,FALSE,FALSE
13257,"Stephens County, GA",0.8129105411323115,0.9732433900760594,0.16033284894374789,0.19307162965279945,0.07207533502354224,-3.1000000000000014,0.33714117473870164,0.011904761904761862,0.011904761904761862,-0.013033850984575657,-0.23143683702989393,,,-2.205355074,Q1: Lowest,Q2,TRUE,TRUE
13259,"Stewart County, GA",0.997626957759848,0.859504132231405,-0.13812282552844302,0.03274798291409586,0.15893197711379525,6.900000000000002,0.24845595405786103,0.16341591987348436,0.16341591987348458,0.4802753151154998,6.033660569630487,,,-8.391234934700002,Q4: Highest,Q1: Lowest,FALSE,TRUE
13261,"Sumter County, GA",0.8907605921388464,0.9035708904625585,0.012810298323712055,0.13213738788011375,0.05710411330420373,1.6999999999999993,0.15389025858609018,-0.10498074999242124,-0.10498074999242113,4.95539290004953,-3.594270017575824,,,-3.6731466810000004,Q2,Q1: Lowest,TRUE,TRUE
13263,"Talbot County, GA",0.889229720518064,0.9371134020618556,0.04788368154379152,0.11929107021131558,0.0890721649484536,-4.799999999999997,0.3023956845946374,-0.11827497865072589,-0.11827497865072589,9.041929726929048,-22.565924283998076,,,-1.4853134900000011,Q2,Q1: Lowest,TRUE,TRUE
13265,"Taliaferro County, GA",0.6910621761658031,0.9941089837997056,0.30304680763390246,0.32772020725388606,0.07069219440353458,-5.300000000000001,0.3710077347248437,-0.16963803349540785,-0.16963803349540785,-2.0336481700118094,4.641497483116796,,,-4.145675367499999,Q1: Lowest,Q2,TRUE,FALSE
13267,"Tattnall County, GA",1.0432636469221834,0.9756111964095902,-0.06765245051259328,0.026596980255516822,0.020077949687020147,0.6999999999999993,0.2561585310426324,0.07857020986179841,0.07857020986179841,1.3423849567162693,-4.29514270075705,,,-6.091042624,Q4: Highest,Q2,FALSE,TRUE
13269,"Taylor County, GA",0.8029627269831157,0.9087250482936252,0.10576232131050955,0.1420834660719974,0.17836445589182226,-1.4000000000000021,-0.04798192669521528,-0.09562471808750561,-0.0956247180875055,-2.432928126287015,10.206047803360342,,,-2.945289388999999,Q1: Lowest,Q1: Lowest,FALSE,TRUE
13271,"Telfair County, GA",1.0055266579973992,0.7070039880358924,-0.2985226699615068,0.15236237537928043,0.20737786640079758,-2.6999999999999993,0.25264248704663217,-0.004519206628169736,-0.004519206628169625,11.748714559004533,-5.427290448466512,,,-4.009002107499999,Q4: Highest,Q1: Lowest,FALSE,TRUE
13273,"Terrell County, GA",0.772107243650047,0.9581318016928658,0.1860245580428188,0.22248353715898406,0.03476420798065294,-6.300000000000001,0.2213594788445088,-0.12060612308009488,-0.12060612308009477,5.13475399898104,10.524396970290843,,,-3.8246195579999984,Q1: Lowest,Q1: Lowest,TRUE,TRUE
13275,"Thomas County, GA",0.7353718046290908,1.01948083811767,0.2841090334885793,0.2897434749518736,0.02242504538986212,0.8999999999999986,0.20958023446363283,0.004111229076780631,0.004111229076780631,4.120461025613043,-6.190542654067609,,,-3.3607872709999995,Q1: Lowest,Q3,TRUE,FALSE
13277,"Tift County, GA",0.9135450524857462,1.047806671920147,0.13426161943440085,0.11935844834017162,0.005726293669556126,-7.399999999999999,0.2793357439400026,0.023262839879154118,0.023262839879153896,0.907396589913026,6.874836283866012,,,-3.850055875999999,Q2,Q4: Highest,FALSE,FALSE
13279,"Toombs County, GA",0.8572084832708062,1.021066402020931,0.1638579187501248,0.1773217977183983,0.006946950559364895,-3.6000000000000014,0.275923645320197,-0.013058672061798782,-0.013058672061798893,-0.25702995684912244,-12.011993031554269,,,-3.442789385000001,Q1: Lowest,Q3,TRUE,FALSE
13281,"Towns County, GA",0.7240327640292785,1.0458280657395702,0.3217953017102917,0.3520390379923318,0.03350189633375478,0.3999999999999986,0.21395141519946503,0.1516456180635286,0.1516456180635284,0.9597048115479512,7.832305296963398,,,-0.7844320385000003,Q1: Lowest,Q4: Highest,TRUE,FALSE
13283,"Treutlen County, GA",0.9100691775557264,0.9922613929492692,0.08219221539354282,0.047271329746348956,0.03611349957007737,4.400000000000002,0.27294341417023293,0.018898567842905667,0.018898567842905667,8.14791039377219,-10.33515428908903,,,-3.3183448899999988,Q2,Q2,TRUE,FALSE
13285,"Troup County, GA",1.103630409521462,1.1720966133856494,0.06846620386418745,0.0667277016796366,0.05113691184510982,2.8000000000000007,0.15731519318765752,0.07748019847751708,0.07748019847751708,0.7938096439380288,-3.4036795199079952,,,-3.4787988819999995,Q4: Highest,Q4: Highest,FALSE,FALSE
13287,"Turner County, GA",0.6358764186633039,1.0101465614430665,0.37427014277976256,0.3816729718369063,0.02001127395715896,3.3999999999999986,0.15754365312929175,-0.12358687301064653,-0.12358687301064653,5.093888804045959,-15.75986200115778,,,-4.0237080259999995,Q1: Lowest,Q3,TRUE,FALSE
13289,"Twiggs County, GA",0.6304995417048579,0.9112622036262203,0.28076266192136246,0.38313473877176907,0.07496513249651326,-0.5,0.22116023936170204,-0.14929282346778416,-0.14929282346778416,-5.989693818717984,-2.707940349962712,,,-2.084425293199999,Q1: Lowest,Q1: Lowest,TRUE,TRUE
13291,"Union County, GA",0.7967632495873831,1.1116720019699582,0.3149087523825751,0.2251054465431872,0.011204136912090656,0,0.3486123587537233,0.1678578235182009,0.16785782351820067,-1.404054918683556,4.540660176789661,,,-3.5206447597999997,Q1: Lowest,Q4: Highest,TRUE,FALSE
13293,"Upson County, GA",0.9574563770462312,1.0449579467614671,0.08750156971523593,0.08166936499370392,0.031995144368334394,1.1000000000000014,0.1677794898133882,-0.04022171170185607,-0.04022171170185618,3.8877949620942873,3.6786118013554843,,,-2.131551139999999,Q3,Q4: Highest,FALSE,FALSE
13295,"Walker County, GA",0.8724171448280187,1.0373546852490871,0.16493754042106845,0.13096917818957143,0.04191095179067972,-1.4000000000000021,0.26565161839863705,0.03495289666938661,0.034952896669386835,0.5794929662046422,-4.055496139844689,,,-2.5753393330000005,Q1: Lowest,Q4: Highest,TRUE,FALSE
13297,"Walton County, GA",0.9529278758447032,1.1152826458164824,0.16235476997177922,0.059867930830699634,0.03644288667205897,-1.3999999999999986,0.26375843989287473,0.1759448035803084,0.1759448035803084,7.79521366713693,-12.19916346786194,7.737648591232471,8.929758078233098,-2.176829490000001,Q3,Q4: Highest,FALSE,FALSE
13299,"Ware County, GA",0.9619622429644186,0.956405693950178,-0.005556549014240519,0.08274264860691982,0.04789442467378413,5.900000000000002,0.09788251764568634,-0.007829853398489517,-0.007829853398489628,0.12281463867956921,1.5078791123026432,,,-2.1831070940000004,Q3,Q1: Lowest,TRUE,TRUE
13301,"Warren County, GA",0.9917631344612644,1.003956043956044,0.01219290949477958,0.05788067675868214,0.047032967032967,3.1999999999999993,0.16734451257664884,-0.12155158000334387,-0.12155158000334398,13.123590901546372,5.848745618580142,,,-2.6253822939999996,Q3,Q3,FALSE,FALSE
13303,"Washington County, GA",0.9096055979643766,0.9865874816495396,0.07698188368516301,0.1444020356234097,0.04470839450153474,-0.40000000000000213,0.19890678941311846,-0.03691798629165677,-0.03691798629165677,5.8999153583085775,-6.520995228972412,,,-2.844232498,Q2,Q2,TRUE,FALSE
13305,"Wayne County, GA",0.9829968119022316,1.0618569849502593,0.07886017304802762,0.07297201558625577,0.010288240795850667,0.8999999999999986,0.22203595285379008,0.01719859963971304,0.017198599639713263,1.5875943550854728,-4.650625178348992,,,-4.450538584,Q3,Q4: Highest,FALSE,FALSE
13307,"Webster County, GA",0.7754098360655738,0.914945919370698,0.13953608330512424,0.2557377049180328,0.03244837758112096,-2.200000000000003,0.2481449214408027,-0.04680073126142592,-0.04680073126142581,9.41265279971581,-15.123114607066197,,,-1.8473159029000001,Q1: Lowest,Q1: Lowest,TRUE,TRUE
13309,"Wheeler County, GA",0.5808466342817488,0.9430297094351944,0.3621830751534456,0.4299097848716169,0.06496898465556644,3.200000000000003,0.13309363862869406,0.13544376987568651,0.13544376987568651,5.386762762071368,7.262008406560879,,,-3.3341977481999994,Q1: Lowest,Q1: Lowest,FALSE,TRUE
13311,"White County, GA",0.9832642781704444,1.055507846045749,0.07224356787530462,0.10610122674465838,0.033492075884143935,-3.6999999999999993,0.32573502722323044,0.176708822068544,0.17670882206854377,-5.160093061824162,2.346264959261525,,,-2.5264045466000002,Q3,Q4: Highest,FALSE,FALSE
13313,"Whitfield County, GA",0.929771611333844,0.9790668214926632,0.049295210158819214,0.14671832064507406,0.06770822337168791,-3.8000000000000007,0.2236223737559897,0.06055507125914805,0.06055507125914805,1.8738159143100814,-0.3616160231554044,6.983579115140657,3.083752343130124,-8.358996743,Q2,Q2,FALSE,TRUE
13315,"Wilcox County, GA",0.8518217306441119,1.0104498760184202,0.15862814537430825,0.18510084580351338,7.08466170740385e-4,2.5,0.20708584408619113,-0.028574642816964757,-0.028574642816964868,4.289843519126335,-2.1374863097940286,,,-3.1910267438,Q1: Lowest,Q3,TRUE,FALSE
13317,"Wilkes County, GA",0.8463119433660653,0.9456521739130436,0.09934023054697827,0.24206439826444393,0.09219486642221053,-0.5,0.22349896799236002,-0.07098061573546177,-0.07098061573546188,2.7623853664982767,-2.4884747427496334,,,-2.8823246454000007,Q1: Lowest,Q1: Lowest,TRUE,TRUE
13319,"Wilkinson County, GA",0.7700504124656279,0.8648259994247914,0.09477558695916355,0.24793767186067828,0.1150417026171987,-0.8999999999999986,0.24132666044617856,-0.0816410256410256,-0.0816410256410256,-2.191816628129084,-3.213690486417759,,,-5.799126675999998,Q1: Lowest,Q1: Lowest,TRUE,TRUE
13321,"Worth County, GA",0.8641810918774967,0.9724002248454188,0.10821913296792207,0.14053057461845742,0.0409218662169758,2,0.14608293706665254,-0.06463087868428352,-0.06463087868428341,6.260144963421144,5.063950098935452,,,-2.0678109839999994,Q1: Lowest,Q2,TRUE,TRUE
15001,"Hawaii County, HI",0.9662234294932625,1.0030086476797917,0.036785218186529245,0.061705257164547334,0.11619083089886983,0,0.16404023019415903,0.1337961999178543,0.1337961999178543,0.021654344765875688,-7.216234776238821,2.8868972239843487,2.362322677009459,-3.5751448299999993,Q3,Q3,FALSE,FALSE
15003,"Honolulu County/city, HI",0.9721705905489688,0.9684878994128734,-0.0036826911360954284,0.039323481485643685,0.11623746007730607,0.10000000000000053,0.34074542398494967,0.05320019236276585,0.053200192362766074,1.6159464914626498,0.42155897401580944,2.8045325474029283,5.460394010376518,-2.835340809,Q3,Q2,FALSE,TRUE
15007,"Kauai County, HI",1.0007781982421875,0.97414101892927,-0.026637179312917536,0.075225830078125,0.17215440994131104,0.3000000000000007,0.30909188685333233,0.12099550317878749,0.12099550317878749,-0.36135574815274185,-7.476982468079811,,,-2.5273056070000006,Q4: Highest,Q2,FALSE,FALSE
15009,"Maui County, HI",0.9687097883833816,0.9527014994479468,-0.016008288935434822,0.07580486934807817,0.20765513884436848,3.8999999999999995,0.2803011499958634,0.1311042347917737,0.1311042347917737,,0.6373409711952266,2.839549158160594,0.2626008369727302,-3.9915843120000005,Q3,Q1: Lowest,FALSE,TRUE
16001,"Ada County, ID",0.9866149612209156,1.107422409215967,0.12080744799505139,0.05684471687098658,-0.0036200987884735802,1.5,0.31156909344895767,0.2829729758530295,0.2829729758530295,0.7744148447720284,3.677909700344456,1.7108170040900461,4.650547369388306,-5.373240397,Q3,Q4: Highest,FALSE,FALSE
16003,"Adams County, ID",0.7482552342971087,1.0563694267515924,0.3081141924544837,0.284147557328016,0.006369426751592355,0.09999999999999964,0.32400253995131756,0.0873638895923019,0.0873638895923019,-5.145094358013585,0.6219848008545839,,,-8.745847160499999,Q1: Lowest,Q4: Highest,TRUE,FALSE
16005,"Bannock County, ID",0.9540211271114656,1.0355945945945946,0.08157346748312899,0.08615277293337986,0.024972972972972962,-1.8000000000000007,0.2073839184597961,0.10675842597494256,0.10675842597494278,-0.46900736837114376,5.0651885101768155,4.510535188238265,1.732299668303586,-4.7572607540000025,Q3,Q4: Highest,FALSE,FALSE
16007,"Bear Lake County, ID",0.8510704312752094,0.9667480170835876,0.11567758580837817,0.16816630468507598,0.10524710189139719,0.7000000000000011,0.2877714825306894,0.01256406017523548,0.012564060175235703,2.258225710688355,21.76351631742133,,,0.7533814899999989,Q1: Lowest,Q1: Lowest,FALSE,TRUE
16009,"Benewah County, ID",0.9529858564693556,0.9877502634351948,0.034764406965839156,0.05971712938711371,0.03424657534246578,0.20000000000000107,0.2838654236758502,2.15146299483715e-4,2.1514629948349295e-4,-0.5365830290154749,5.80716838407312,,,-1.8224223109999986,Q3,Q2,TRUE,TRUE
16011,"Bingham County, ID",0.9837728194726166,0.9829740706029366,-7.987488696800105e-4,0.04914254102895077,0.07542285892801359,-1.700000000000001,0.4037317975371073,0.06835402592660222,0.06835402592660222,0.0811317542116663,7.828517761495325,,,-5.797185726,Q3,Q2,FALSE,FALSE
16013,"Blaine County, ID",0.7984569473760826,1.064480651731161,0.26602370435507827,0.2102773127592984,0.05083503054989813,0.7000000000000002,0.15064457840472545,0.08748641881997266,0.08748641881997243,3.7705621460013328,9.255068770439896,,,-5.964114581199999,Q1: Lowest,Q4: Highest,TRUE,FALSE
16015,"Boise County, ID",0.7908120258499578,1.1412168207575306,0.3504047949075728,0.2422028659735881,0.016104980614375153,-0.40000000000000036,0.3154048702822967,0.08327569511689026,0.08327569511689048,3.562625708714334,11.004234406181109,,,0.1917447586000005,Q1: Lowest,Q4: Highest,FALSE,FALSE
16017,"Bonner County, ID",0.8498390503973443,1.09282678552918,0.2429877351318357,0.15858565536666336,-0.005234788017000058,-2.0999999999999996,0.3373173031588874,0.1227600765869703,0.1227600765869703,1.4722834742539825,8.874293723830807,,,-0.7950115120000003,Q1: Lowest,Q4: Highest,FALSE,FALSE
16019,"Bonneville County, ID",0.9418965832267496,1.1218250744652043,0.17992849123845467,0.06894451550033498,-0.016806570990161473,-1.5,0.2712641435817402,0.21628358361426092,0.21628358361426092,0.01157229187816744,0.2854956622925542,2.943461474082966,5.815962656321279,-4.611567770000001,Q2,Q4: Highest,FALSE,FALSE
16021,"Boundary County, ID",1.1077245230339692,1.0697154471544716,-0.038009075879497534,0.10283852954862727,-0.0024390243902439046,-0.7999999999999989,0.3467452792606167,0.13864608517760835,0.13864608517760835,1.6429734075401659,14.097816775214184,,,-2.179376018000001,Q4: Highest,Q4: Highest,FALSE,FALSE
16023,"Butte County, ID",0.8661103047895501,0.934016393442623,0.0679060886530729,0.11901306240928877,0.13278688524590165,-1.4000000000000004,0.35862829534712737,-0.08491895701198027,-0.08491895701198038,-0.7795637364413701,11.813381461723466,,,-4.382408246999999,Q1: Lowest,Q1: Lowest,FALSE,TRUE
16025,"Camas County, ID",0.9551386623164764,0.7654320987654321,-0.18970656355104432,0.1174551386623165,0.31481481481481477,1,0.1427697078504977,0.0027198549410698547,0.0027198549410698547,3.3390472109135096,-24.451643471118548,,,-4.9922940478,Q3,Q1: Lowest,FALSE,TRUE
16027,"Canyon County, ID",1.0022968043919382,1.139925562198863,0.13762875780692485,0.06020241755779354,0.004661575170202714,-4.4,0.3602429750533247,0.27946227281583114,0.27946227281583136,-1.6279612148234424,-2.400744670303169,3.8873088218872454,3.4062237922091008,-7.1184369159999985,Q4: Highest,Q4: Highest,FALSE,FALSE
16029,"Caribou County, ID",0.9694012134001584,0.8783222591362126,-0.09107895426394574,0.13716697441308356,0.1334440753045404,-0.5,0.2798651853701162,0.04103011785246613,0.04103011785246613,-3.277834160107856,-5.68224764299643,,,-0.7539233070000009,Q3,Q1: Lowest,TRUE,TRUE
16031,"Cassia County, ID",0.985452839042703,0.9541561712846348,-0.031296667758068164,0.09047395588925389,0.09546599496221664,-5.800000000000001,0.4082511827047599,0.11415059347181011,0.11415059347181011,-2.2130937620006867,3.4906833199351457,,,-2.781289144999999,Q3,Q1: Lowest,FALSE,TRUE
16033,"Clark County, ID",0.696551724137931,0.8902777777777777,0.19372605363984674,0.32068965517241377,0.1333333333333333,-0.5,0.2875148632580262,-0.10864978902953581,-0.10864978902953581,7.315557213002672,,,,-7.6874930597999995,Q1: Lowest,Q1: Lowest,TRUE,TRUE
16035,"Clearwater County, ID",0.9526402640264028,1.1001782531194295,0.14753798909302673,0.06138613861386144,0.002495543672014211,-1.5,0.2844140776073225,-0.003641329085116052,-0.003641329085116052,1.4027239523967783,8.575119982749849,,,-0.8612082980000011,Q3,Q4: Highest,FALSE,FALSE
16037,"Custer County, ID",0.7572254335260116,0.9382183908045976,0.180992957278586,0.15937241948802638,0.06436781609195408,0.5999999999999996,0.19523902343940347,0.027380952380952284,0.027380952380952506,3.0233525452652787,-0.0888373889532641,,,-3.0455951304999997,Q1: Lowest,Q1: Lowest,FALSE,TRUE
16039,"Elmore County, ID",0.9604631850895,1.0629963721933522,0.10253318710385217,0.08479424248016243,-0.01853122855181888,2.0999999999999996,-0.06135113904163392,0.03444256439180293,0.03444256439180293,0.4303940709987103,-13.4136873203683,,,-3.454037115000002,Q3,Q4: Highest,FALSE,FALSE
16041,"Franklin County, ID",0.9838126540673788,0.9692458924308384,-0.01456676163654047,0.09022185702547247,0.11206291251228762,-1.8000000000000007,0.22153405333921095,0.1302435448399446,0.1302435448399446,0.1456930182549554,-0.3345647727613996,,,-2.469752510000001,Q3,Q2,FALSE,TRUE
16043,"Fremont County, ID",1.1004495159059475,1.0016291698991466,-0.0988203460068009,0.11531811894882438,0.07307990690457722,-0.5,0.3842892706613099,0.0072279892349096375,0.0072279892349096375,3.7653205319382153,4.447683610386804,,,-5.403791538999998,Q4: Highest,Q3,FALSE,FALSE
16045,"Gem County, ID",0.9877055039313796,1.092238470191226,0.10453296625984643,0.1080771979985704,0.04071991001124864,-0.3000000000000007,0.298149400850406,0.07598170260797255,0.07598170260797255,-1.3961202703950903,19.648972818410073,,,-4.778610887000001,Q3,Q4: Highest,FALSE,FALSE
16047,"Gooding County, ID",0.8971951784886416,0.9502735562310032,0.05307837774236157,0.11138154844691706,0.07963525835866259,1.9000000000000004,0.2860216706370553,0.014435607832653963,0.01443560783265374,-2.013344649618615,4.350965598754724,,,-5.199598051999999,Q2,Q1: Lowest,TRUE,TRUE
16049,"Idaho County, ID",0.8851983950066875,1.100310318076028,0.21511192306934057,0.13122306434834297,-0.03273855702094641,-1.8999999999999986,0.3224182723533233,0.05688015218769826,0.05688015218769826,0.6349400533487537,6.334777553022176,,,-0.6552782070999985,Q2,Q4: Highest,FALSE,FALSE
16051,"Jefferson County, ID",1.0578029403707423,1.1438959586071875,0.08609301823644522,0.012236325449730634,-0.006572507341630507,-2.8000000000000007,0.32166953023509204,0.27246006389776367,0.27246006389776345,0.989417605388454,-11.17018301165726,,,-6.090351606999999,Q4: Highest,Q4: Highest,FALSE,FALSE
16053,"Jerome County, ID",1.015556685307575,0.9684877276326208,-0.047068957674954226,0.027554651753940007,0.07379255740300872,1.5,0.347690835128021,0.18666148162551033,0.18666148162551055,-3.2693532959443994,-1.4151310532851862,,,-6.412793646999999,Q4: Highest,Q2,FALSE,FALSE
16055,"Kootenai County, ID",0.9473257939397542,1.0821800084655542,0.13485421452579993,0.08481074735105731,0.0036042738221977455,-1.3000000000000007,0.343292526324801,0.24761503188741907,0.24761503188741885,0.8119547791079318,9.991090373247099,2.1578136131801386,4.384074844829268,-2.2910282029999998,Q3,Q4: Highest,FALSE,FALSE
16057,"Latah County, ID",1.0242798353909466,1.003439852435316,-0.0208399829556305,0.02610229276895948,0.06002293234956879,-5.300000000000001,0.308534177154957,0.10859891097045238,0.10859891097045238,0.10470358935412705,3.346856409003631,,,-1.0393818580000005,Q4: Highest,Q3,FALSE,FALSE
16059,"Lemhi County, ID",0.8195876288659794,1.0939431396786157,0.2743555108126363,0.17182130584192434,-0.040791100123609425,0,0.22756709218346072,0.03174807197943452,0.03174807197943452,1.186404116976364,13.808553586657883,,,-1.7740992023000004,Q1: Lowest,Q4: Highest,TRUE,FALSE
16061,"Lewis County, ID",0.91507747318236,0.9418132611637348,0.02673578798137477,0.1299165673420739,0.09066305818673881,0.1999999999999993,0.25639391504336495,0.03533854869166442,0.03533854869166442,-10.234355215177777,-2.476618113162246,,,-1.6141570624000003,Q2,Q1: Lowest,FALSE,TRUE
16063,"Lincoln County, ID",0.9731962918178154,0.9060616802552286,-0.06713461156258682,0.07255139056831927,0.14640198511166258,-3.9000000000000004,0.2566859526706564,0.08667476711219124,0.08667476711219124,-2.869187221813052,-15.561052466159959,,,-6.210081282999997,Q3,Q1: Lowest,FALSE,TRUE
16065,"Madison County, ID",1.0679213898472153,1.0527021080843233,-0.015219281762892,0.060867422375554425,0.027641105644225727,5.899999999999999,0.16776673494676686,0.1156243884711079,0.1156243884711079,0.30782014389926227,-18.978822864162787,,,0.41219440400000096,Q4: Highest,Q4: Highest,FALSE,FALSE
16067,"Minidoka County, ID",1.0120004120313144,1.0358690418873375,0.023868629856023116,0.07715286361763496,0.01771786230139627,-4.800000000000001,0.4224613826285135,0.09669516263552969,0.09669516263552946,-1.665830240512567,11.495815230311585,,,-2.5202339479999996,Q4: Highest,Q4: Highest,FALSE,FALSE
16069,"Nez Perce County, ID",1.0199231227329326,1.0331740158289648,0.013250893096032224,0.04520599859238805,0.01824442388734715,-1.5999999999999996,0.6609782448558661,0.043595041322314065,0.043595041322314065,-0.587486507017021,5.4541762861785,,,-0.6481933640000008,Q4: Highest,Q3,FALSE,FALSE
16071,"Oneida County, ID",0.8570209133589415,0.9752577319587628,0.11823681859982127,0.19206145966709343,0.20329896907216494,-0.1999999999999993,0.34735394193875324,0.0873530117590593,0.08735301175905952,1.463051032089846,16.321289750362233,,,-1.3353154739999997,Q1: Lowest,Q2,FALSE,FALSE
16073,"Owyhee County, ID",1.0421189752496742,1.013326319480975,-0.02879265576869927,0.09183673469387754,0.06575486586007362,-2.5999999999999996,0.3562480733122215,0.050466459351399484,0.050466459351399484,-2.668404441227379,25.286999231557523,,,-2.766555704,Q4: Highest,Q3,FALSE,FALSE
16075,"Payette County, ID",1.0049034175334324,1.0266672602617757,0.021763842728343308,0.017632491332342792,0.02119134538331402,-3.5,0.25468961968470794,0.06747782680393999,0.06747782680393999,-0.23062087324805525,-1.6158995948308075,,,-3.7179763290000007,Q4: Highest,Q3,FALSE,FALSE
16077,"Power County, ID",1.0046283691805065,1.0390832328106152,0.034454863630108745,0.12496596787367276,0.001688781664656247,-3.0000000000000018,0.33252306646802055,0.019782262347318058,0.019782262347318058,-1.3168045859631328,5.970515904263495,,,-1.412247711000001,Q4: Highest,Q4: Highest,FALSE,FALSE
16079,"Shoshone County, ID",0.851528384279476,1.0704965920155791,0.21896820773610315,0.19056768558951964,-0.020837390457643545,1.6000000000000014,0.1180794985040603,-0.00517414472160016,-0.00517414472160016,-2.0023355700132472,7.0673337337193605,,,2.024739778999999,Q1: Lowest,Q4: Highest,TRUE,FALSE
16081,"Teton County, ID",0.9622859341928036,1.1670614242854886,0.20477549009268503,0.04233211468154707,0.03584399178904152,-0.9999999999999991,0.41882466281310204,0.3593819973130319,0.3593819973130319,9.747890512244805,-8.015963214220616,,,-10.540958809000001,Q3,Q4: Highest,FALSE,FALSE
16083,"Twin Falls County, ID",0.9653883652908676,1.0679565496422714,0.1025681843514038,0.08325208536453255,-0.009602814290128547,-1.8000000000000007,0.40433249118243,0.1781984865334021,0.1781984865334021,-0.6448805455959689,-5.28070172381256,-0.5621192864226288,1.647474408005106,-3.5775322029999987,Q3,Q4: Highest,FALSE,FALSE
16085,"Valley County, ID",0.8578838174273858,1.0730475994230373,0.21516378199565145,0.17614107883817431,0.01875128786317737,-0.5,0.25896437839112996,0.14734615771981074,0.14734615771981074,0.29912358282283,1.7661651235004499,,,-4.2223622266,Q1: Lowest,Q4: Highest,FALSE,FALSE
16087,"Washington County, ID",0.9377386508273228,0.9785648784961029,0.04082622766878008,0.09736953754773015,0.07152682255845944,-2,0.23788808127752703,0.01665503141517899,0.01665503141517899,-1.629832691286598,8.984002952671304,,,-3.398705478,Q2,Q2,TRUE,TRUE
17001,"Adams County, IL",0.8446420584598384,0.945382982487175,0.10074092402733659,0.19116525033544685,0.07830650392122174,0.5,0.28301454061740294,-0.022526627130543875,-0.022526627130543875,0.6563237574543912,-1.2606651976042529,2.6300633344498294,3.1561551516915927,-1.5398917599999997,Q1: Lowest,Q1: Lowest,TRUE,TRUE
17003,"Alexander County, IL",0.692649967040211,0.7816504356740134,0.0890004686338024,0.22511535926170068,0.18298308559712972,-3.6999999999999993,0.3151917870829377,-0.32635640785781106,-0.32635640785781117,1.5813086753393546,-27.660327361703942,,,-4.570722653599999,Q1: Lowest,Q1: Lowest,TRUE,TRUE
17005,"Bond County, IL",0.8959541062801932,0.9610853739245532,0.06513126764435995,0.11304347826086958,0.08007941760423565,1.0999999999999996,0.1377996338399965,-0.09133152624882446,-0.09133152624882446,-3.234041316415798,-7.686597723885016,,,-2.4699802435000002,Q2,Q1: Lowest,TRUE,TRUE
17007,"Boone County, IL",0.9621625964010284,0.9348833732057416,-0.02727922319528686,0.11403438303341906,0.1055622009569378,-0.9000000000000004,0.21919030384647753,5.979967110181228e-4,5.979967110183448e-4,-0.3678920448185241,-26.141837104775647,,,-3.757763862000001,Q3,Q1: Lowest,FALSE,TRUE
17009,"Brown County, IL",0.7253687315634219,1.0334773218142548,0.3081085902508329,0.29115044247787614,0.024190064794816446,-1.3000000000000007,0.4276507522805355,-0.037318893604566084,-0.03731889360456597,-5.088125703421223,8.049173130396605,,,-0.7680473257999996,Q1: Lowest,Q4: Highest,TRUE,FALSE
17011,"Bureau County, IL",0.8756228336221837,0.9171390664576048,0.04151623283542105,0.12711221837088393,0.0897961645157399,1.299999999999999,0.2651220683932394,-0.07182886240150199,-0.07182886240150199,-1.3725347943051718,-2.333347112221434,,,-1.7776545600000002,Q2,Q1: Lowest,TRUE,TRUE
17013,"Calhoun County, IL",0.8489878542510122,0.9164133738601824,0.0674255196091702,0.11700404858299596,0.1149949341438703,-1.200000000000001,0.44393811661236304,-0.08158914728682165,-0.08158914728682165,1.1124190506337395,-25.080766393328656,,,-2.4174091759999996,Q1: Lowest,Q1: Lowest,TRUE,TRUE
17015,"Carroll County, IL",0.8780605475817151,0.9931223191835528,0.11506177160183761,0.12459293209504285,0.03135630823842628,-1.0999999999999996,0.36018306636155617,-0.09082242277869579,-0.0908224227786959,-2.5370469029678544,5.605614700566083,,,-0.5207366551999986,Q2,Q2,TRUE,FALSE
17017,"Cass County, IL",0.8345578231292518,0.9397151642660624,0.10515734113681063,0.20435374149659868,0.07752063440686197,1,0.26521652859764866,-0.11329294109059052,-0.11329294109059063,-2.261086527953371,-10.593542244714214,,,-0.5680927760000003,Q1: Lowest,Q1: Lowest,TRUE,FALSE
17019,"Champaign County, IL",0.996349600550552,1.0091919810907817,0.012842380540229681,0.039027358048332905,0.05072611787135117,1.6999999999999993,0.20905576779618862,0.06646289053559884,0.06646289053559884,0.6901521400407062,-9.050436319622783,0.6970095814247941,1.2456155887874516,-2.2716294880000003,Q4: Highest,Q3,FALSE,FALSE
17021,"Christian County, IL",0.902214780871813,0.9190198293172692,0.016805048445456272,0.1517448008459641,0.11590110441767065,-0.6999999999999993,0.23795007201152174,-0.07792430210652512,-0.07792430210652501,-1.5434435091480374,-1.6672033985071266,,,-2.0170030334,Q2,Q1: Lowest,TRUE,TRUE
17023,"Clark County, IL",0.8551902910333451,0.9570754716981132,0.10188518066476815,0.1700247437256981,0.08854447439353097,-0.6999999999999993,0.3010975772988891,-0.07439155976501621,-0.07439155976501621,-0.2797631096144615,-5.634350106858364,,,-0.24143624400000085,Q1: Lowest,Q1: Lowest,TRUE,TRUE
17025,"Clay County, IL",0.902532790592492,0.8916208346813329,-0.010911955911159121,0.1486506859641188,0.1407311549660304,0.10000000000000142,0.35647372324936133,-0.056601073345259434,-0.05660107334525932,2.3240505848528437,3.308775639578304,,,-1.8295544469999996,Q2,Q1: Lowest,TRUE,TRUE
17027,"Clinton County, IL",1.040963986508541,0.9831090284967036,-0.057854958011837376,0.07262539440757265,0.06968887920231026,-2,0.26803909729036146,0.010818083961248615,0.010818083961248615,1.8223139214358475,-1.8002600250613998,,,-2.0876191130000006,Q4: Highest,Q2,FALSE,TRUE
17029,"Coles County, IL",0.8699211415696583,0.9521893791818412,0.08226823761218294,0.16304919263987983,0.07567544676886595,-3.1999999999999993,0.40158857999833364,-0.05367157705825165,-0.05367157705825176,0.06939470410212145,-0.8115547530346836,,,-1.9400504607000002,Q1: Lowest,Q1: Lowest,TRUE,TRUE
17031,"Cook County, IL",0.9740483283816158,0.9970080493671856,0.022959720985569754,0.055145284658719707,0.09420085477680529,-1.5999999999999996,0.32007078433611147,-7.764488813567505e-4,-7.764488813567505e-4,2.8814170378235637,0.199247570061452,5.238928745184836,9.000576239139608,-3.1724799070000014,Q3,Q2,FALSE,FALSE
17033,"Crawford County, IL",1.0621282578133449,0.9809224049331964,-0.08120585288014848,0.054504163512490544,0.06243576567317577,-2.0999999999999996,0.20678746045441465,-0.06129940661772104,-0.06129940661772093,-0.4535060492740939,-5.845749119474765,,,0.791839972,Q4: Highest,Q2,FALSE,FALSE
17035,"Cumberland County, IL",0.9942591580098414,0.9871618128554196,-0.007097345154421841,0.08620375432841265,0.05186972255729794,-2.200000000000001,0.3208807339449542,-0.028076193915320014,-0.028076193915320014,-4.853596730611182,8.490655761450704,,,-1.344337845,Q3,Q2,FALSE,TRUE
17037,"DeKalb County, IL",0.8944807488519958,0.962821099169144,0.06834035031714825,0.11024373013069588,0.09823538379449648,1.5,0.1771043771043772,0.011094403639658301,0.011094403639658301,0.23608641669275177,-13.865183383177865,0.317799668739994,7.2597838761221,-2.5010997770000003,Q2,Q1: Lowest,TRUE,TRUE
17039,"De Witt County, IL",0.9251809150006132,0.9739130434782608,0.04873212847764763,0.07923463755672755,0.09757033248081837,1.5,0.255320046398819,-0.06594194242026041,-0.06594194242026041,-2.1415774596658,0.058989028880927386,,,-2.090494477,Q2,Q2,TRUE,TRUE
17041,"Douglas County, IL",0.9574351842654216,0.9966911384551752,0.039255954189753584,0.0871163206516341,0.05108055009823187,-0.6999999999999993,0.39243165966295535,-0.029709386371566726,-0.029709386371566837,-0.7093669401936065,0.34026453071023166,,,-1.8553818069999988,Q3,Q2,TRUE,FALSE
17043,"DuPage County, IL",0.943371947208493,1.0181764303243794,0.07480448311588639,0.09346227148157649,0.0941522396033323,1.2000000000000002,0.3052913923433309,0.017075772569884462,0.017075772569884462,0.7539938230599286,0.9497188445424118,1.9932287388470655,5.797493841110864,-1.7934878269999999,Q3,Q3,TRUE,FALSE
17045,"Edgar County, IL",0.8513567438148444,0.9833899584748962,0.1320332146600518,0.18345969672785312,0.05838681263369827,0.29999999999999893,0.2661059589581689,-0.09340165883036611,-0.09340165883036622,-1.8569303266278592,-8.2598457706802,,,-1.4473613317999998,Q1: Lowest,Q2,TRUE,TRUE
17047,"Edwards County, IL",0.8663426488456865,0.8625710227272727,-0.003771626118413751,0.20261239368165251,0.08877840909090906,0.20000000000000107,0.34073712472540874,-0.049494649227110554,-0.04949464922711044,0.4734536437525805,-3.997600496077216,,,3.1464331037999997,Q1: Lowest,Q1: Lowest,TRUE,TRUE
17049,"Effingham County, IL",0.9605803373280072,1.0209231118167386,0.06034277448873138,0.07556591211717711,0.04519165343615328,-0.9000000000000004,0.22790242276524375,-0.005352285689216418,-0.005352285689216529,-0.8696687252005758,3.3915782003158954,,,0.10380812699999886,Q3,Q3,FALSE,FALSE
17051,"Fayette County, IL",1.0276108578532948,0.9790415893461412,-0.048569268507153596,0.06827600497306263,0.058399738019866865,0.7999999999999989,0.2695771796402522,-0.02530835998172687,-0.025308359981726758,2.1414626343623566,-1.145602574004426,,,-1.4517042499999988,Q4: Highest,Q2,FALSE,TRUE
17053,"Ford County, IL",0.894960362400906,0.979689460476788,0.08472909807588191,0.11664779161947902,0.051599749058971134,1.3000000000000007,0.19360610502716225,-0.08808836980229362,-0.08808836980229373,-3.219538465853633,-7.080993262573252,,,0.7277843199999996,Q2,Q2,TRUE,TRUE
17055,"Franklin County, IL",0.9254576897847218,0.9456858339911348,0.020228144206413057,0.11002444987775062,0.10358856032545993,-1.2000000000000028,0.2865471248122957,-0.025435107541864066,-0.025435107541864288,-3.2906498398733888,-5.03773217758884,,,-0.07336856000000047,Q2,Q1: Lowest,TRUE,TRUE
17057,"Fulton County, IL",0.8729464602292873,0.9694030870099714,0.09645662678068401,0.14608202340148924,0.07526294222100804,0.7000000000000011,0.24080358021048487,-0.07866494955999137,-0.07866494955999137,-3.8951159721816953,-5.191650656297022,,,-2.0441309154000002,Q1: Lowest,Q2,TRUE,TRUE
17059,"Gallatin County, IL",0.9060015898251192,0.8449367088607594,-0.0610648809643598,0.10651828298887123,0.19665461121157324,-0.8999999999999986,0.376224148643451,-0.1793302736698963,-0.17933027366989618,2.2541725397590087,0.8681791481810226,,,-5.4354517651,Q2,Q1: Lowest,TRUE,TRUE
17061,"Greene County, IL",0.8020730503455084,0.9670596393897364,0.16498658904422803,0.18544634043153296,0.04975728155339809,-0.3000000000000007,0.382937508292424,-0.0737090207842297,-0.07370902078422947,0.2341226466481383,-13.759319230411535,,,-2.2084033739999995,Q1: Lowest,Q1: Lowest,TRUE,TRUE
17063,"Grundy County, IL",0.9674169879368236,1.0444957277998168,0.07707873986299318,0.07237905733117767,0.08933475740006103,0.1999999999999993,0.3230683536245722,0.05976128697457184,0.05976128697457184,-3.5959930943384926,-22.950863976274785,,,-4.5024329309999995,Q3,Q4: Highest,FALSE,FALSE
17065,"Hamilton County, IL",0.9689119170984456,0.9579320113314448,-0.010979905767000808,0.11670367628916856,0.0946175637393768,0.1999999999999993,0.36082666666666663,-0.03564638783269958,-0.0356463878326998,-0.9484504363692081,7.309354193097425,,,-1.4977103958000004,Q3,Q1: Lowest,FALSE,TRUE
17067,"Hancock County, IL",0.9002438248701368,0.9444183037289732,0.04417447885883641,0.13622389483727337,0.07681449241265736,1.5,0.1882423196868157,-0.08528333075055528,-0.08528333075055528,1.5369401132970195,3.3273934689238707,,,-1.5611051959999998,Q2,Q1: Lowest,TRUE,TRUE
17069,"Hardin County, IL",0.8265807243707797,1.1350277998411438,0.3084470754703641,0.05586249232658069,0.046068308181096085,-2.8999999999999986,0.3323270064265431,-0.14365755266696545,-0.14365755266696556,3.959876208177615,6.872363455113881,,,-2.6673932048999998,Q1: Lowest,Q4: Highest,TRUE,FALSE
17071,"Henderson County, IL",0.8672942997162755,0.9585574185384372,0.09126311882216176,0.12716017539334534,0.06675102815564693,-0.40000000000000036,0.3565304477393194,-0.12148050231328489,-0.12148050231328489,-3.901024923580254,7.1352322404344415,,,1.5239297974999992,Q1: Lowest,Q1: Lowest,TRUE,TRUE
17073,"Henry County, IL",0.9007090861087014,0.9469671859463042,0.04625809983760287,0.11153019273563913,0.08576400397746109,-1.1000000000000014,0.33480490813477903,-0.03196247625079163,-0.03196247625079163,-1.8059321029450737,-0.8233808247798592,,,-1.3689174741999999,Q2,Q1: Lowest,TRUE,TRUE
17075,"Iroquois County, IL",0.8481772470144563,0.883231210734507,0.03505396372005076,0.13972344437460715,0.11998759016520588,-0.3000000000000007,0.17132922755266677,-0.10461660392312266,-0.10461660392312278,-2.449919602338746,-10.09345230002102,,,0.17722999999999978,Q1: Lowest,Q1: Lowest,TRUE,TRUE
17077,"Jackson County, IL",0.8156308492750864,0.9558501222287784,0.14021927295369196,0.1661432061165572,0.06954396021242515,-3.200000000000003,0.19784241957233673,-0.046506939077253895,-0.046506939077254006,-0.9589543678985263,1.2708262987260497,,,-1.1519450449999997,Q1: Lowest,Q1: Lowest,TRUE,TRUE
17079,"Jasper County, IL",0.90097600650671,1.0465899218071242,0.14561391530041423,0.11407076047173648,0.03866203301476978,-1.1999999999999993,0.40392762680523364,-0.016980360065466438,-0.01698036006546655,6.49225850734017,-8.065495400828718,,,0.4479529479999993,Q2,Q4: Highest,TRUE,FALSE
17081,"Jefferson County, IL",0.8015378529397221,0.924452685727958,0.1229148327882359,0.2016515848291549,0.0957052278980739,-0.7999999999999989,0.21162930104304034,-0.043844514361108256,-0.043844514361108367,-1.1868003406423773,-1.9068654406054963,,,-0.2778996710000001,Q1: Lowest,Q1: Lowest,TRUE,TRUE
17083,"Jersey County, IL",0.9203066500267428,0.96655616224649,0.04624951221974716,0.0943127117133179,0.07215288611544457,0.7000000000000011,0.17249356850696818,-0.04663280497416589,-0.04663280497416589,-0.3097721074906967,11.267939689643015,,,-1.5361321746999987,Q2,Q1: Lowest,TRUE,TRUE
17085,"Jo Daviess County, IL",0.8346869070208729,0.968601462522852,0.13391455550197906,0.18664136622390892,0.09314442413162705,0.7000000000000011,0.3025416666666667,-0.06692152210211799,-0.06692152210211799,2.5561922678790316,0.5738390977244776,,,-1.9600004890999996,Q1: Lowest,Q2,TRUE,TRUE
17087,"Johnson County, IL",0.7768179991964644,1.0012285012285012,0.22441050203203672,0.243471273603857,0.04643734643734643,-1.299999999999999,0.30146415308560215,-0.029315196998123794,-0.029315196998123905,1.130903559450952,5.31739002133642,,,-0.3428407560999993,Q1: Lowest,Q3,TRUE,FALSE
17089,"Kane County, IL",0.9485941721192436,0.9654269522905292,0.016832780171285644,0.0732271967768634,0.09324560882981248,0.39999999999999947,0.23058397676353404,0.0739301102163985,0.0739301102163985,2.996719088544994,-9.00046747202076,3.021392736287069,0.4816393089758435,-5.523664627999999,Q3,Q1: Lowest,FALSE,TRUE
17091,"Kankakee County, IL",0.9485003643616,0.9258687633469228,-0.022631601014677205,0.05547884785026658,0.0780625121335663,-0.3000000000000007,0.2925822714799293,-0.014681746024628017,-0.014681746024628128,-1.5196070788931038,-12.453500871130599,4.92173475176476,1.964459878774857,-3.918409302999999,Q3,Q1: Lowest,TRUE,TRUE
17093,"Kendall County, IL",1.0269364781559904,1.0332949059730527,0.0063584278170623065,0.030054498347181324,0.07578355789322,0.2999999999999998,0.3547435140752906,0.27817909767432636,0.27817909767432636,1.5830322678854258,-72.03948221815796,3.1833046318624696,10.724080584337198,-7.510128176000002,Q4: Highest,Q3,FALSE,FALSE
17095,"Knox County, IL",0.909225822409102,0.9272744602773674,0.018048637868265383,0.11002555857861329,0.10546632988609828,1,0.14582893347412873,-0.06040382652096643,-0.06040382652096654,0.36795570084681983,-2.22278221521913,,,0.22152429600000012,Q2,Q1: Lowest,TRUE,TRUE
17097,"Lake County, IL",0.9512834241262772,0.953921659971172,0.002638235844894754,0.07364568372327562,0.08099539079584128,0.9000000000000004,0.18913021154241116,0.005108261964372085,0.005108261964372085,0.7837470212033792,-1.3115157559980353,1.7833739337306014,3.8376387536432404,-3.737555123,Q3,Q1: Lowest,FALSE,TRUE
17099,"LaSalle County, IL",0.971900587959456,0.928850357803479,-0.043050230155976976,0.05998629296973634,0.09790549503933033,1.8999999999999986,0.23455970799286563,-0.045037523946781066,-0.045037523946781066,0.4865388353228556,-4.151307487041505,1.7830342500164846,2.12569320883496,-1.9610155020000004,Q3,Q1: Lowest,TRUE,TRUE
17101,"Lawrence County, IL",0.7551414682786988,0.8714285714285714,0.11628710314987267,0.29128754829864145,0.1449206349206349,3.099999999999998,0.2424250415337148,-0.07515337423312884,-0.07515337423312873,-1.4899323265159026,0.6595542031857389,,,0.6859954855000012,Q1: Lowest,Q1: Lowest,TRUE,TRUE
17103,"Lee County, IL",0.9537272162970488,0.944240837696335,-0.009486378600713774,0.0762936628858416,0.0708115183246073,2.1999999999999993,0.21043233477584966,-0.057887320051946634,-0.057887320051946634,-2.5798106201873034,-6.8681097826808415,,,-2.182038950899999,Q3,Q1: Lowest,TRUE,TRUE
17105,"Livingston County, IL",0.8755876068376068,0.9834972341733252,0.1079096273357184,0.13023504273504272,0.08174554394591271,1.6999999999999993,0.14712701825386798,-0.08756302951188921,-0.08756302951188921,1.0702099971667156,0.13687991618015216,,,-1.5185944829999993,Q2,Q2,TRUE,TRUE
17107,"Logan County, IL",0.9683164458300856,0.8476534296028881,-0.12066301622719744,0.06352299298519093,0.10421179302045724,1.8000000000000007,0.20398299395837993,-0.061643386451570636,-0.061643386451570636,-0.4734763904463063,-1.4415168106467142,,,-0.08778700069999879,Q3,Q1: Lowest,TRUE,TRUE
17109,"McDonough County, IL",0.7936335684572255,0.953674623115578,0.1600410546583525,0.19026948815337308,0.078125,-0.09999999999999787,0.41389449409051604,-0.09904386098042195,-0.09904386098042184,1.0955170161848382,-16.19940019030478,,,-0.8298141063999989,Q1: Lowest,Q1: Lowest,TRUE,TRUE
17111,"McHenry County, IL",0.9178527676346828,1.032317167051578,0.11446439941689524,0.11427996520112915,0.09373979984603542,0.10000000000000053,0.2059502125075896,0.008708134912181142,0.008708134912181364,0.5575451762970585,-6.760095798825417,2.9389341027837617,5.040469263136359,-3.4025696080000003,Q2,Q3,FALSE,FALSE
17113,"McLean County, IL",1.026461368246358,1.0201363636363636,-0.0063250046099943,0.023176747187903413,0.07478409090909088,1.8000000000000007,0.25831546039477993,0.03809396996786152,0.03809396996786152,0.6090794144792855,-11.038690429526909,1.0819356153245963,6.0466081208910865,-2.7933203520000003,Q4: Highest,Q3,FALSE,FALSE
17115,"Macon County, IL",0.9175745999571208,0.9099783312951878,-0.00759626866193297,0.08743446313368541,0.10128510437450389,0.7999999999999989,0.16774669288523425,-0.06087529683704884,-0.06087529683704873,0.16799671107118608,-1.6490460841883499,6.564984555819848,1.854242027066583,-1.0313754880000001,Q2,Q1: Lowest,TRUE,TRUE
17117,"Macoupin County, IL",0.8970237079993177,0.9578225335668418,0.06079882556752403,0.09312638580931265,0.0785172212492703,1.5,0.23052810902896081,-0.0678286129266521,-0.0678286129266521,-1.1883835069387672,-9.209418564235591,,,-2.3343151032,Q2,Q1: Lowest,TRUE,TRUE
17119,"Madison County, IL",0.9579921117601012,0.9753299368683984,0.017337825108297178,0.08564159691696271,0.06949806949806947,-0.40000000000000036,0.27880091410135766,-0.016515696643753186,-0.016515696643753075,-0.8219487962561778,-2.829372524623831,4.613677467719199,6.5928789179399345,-2.0473234490000003,Q3,Q2,TRUE,TRUE
17121,"Marion County, IL",0.9644842845795984,0.9409701581262632,-0.023514126453335282,0.08493135141268582,0.09130900011889198,-0.5999999999999996,0.3666562124300874,-0.06749711765000754,-0.06749711765000743,-1.5535008403443102,-1.0814312149791938,,,-2.0013834920000004,Q3,Q1: Lowest,TRUE,TRUE
17123,"Marshall County, IL",0.7542179010580498,0.9695754255527294,0.2153575244946796,0.23234200743494426,0.08237135589904132,0.9000000000000004,0.3163142868964375,-0.11305831265508681,-0.11305831265508681,0.36838598349592244,-16.434907779865732,,,-0.2675074429999995,Q1: Lowest,Q2,TRUE,TRUE
17125,"Mason County, IL",0.8743786393978128,0.9523809523809524,0.07800231298313964,0.1477062917199261,0.09065619374897727,-0.40000000000000036,0.2100544870302241,-0.11400716275368084,-0.11400716275368095,-3.282317746556329,-9.452084284112019,,,-0.9600873809999992,Q1: Lowest,Q1: Lowest,TRUE,TRUE
17127,"Massac County, IL",0.8362475714682209,0.962807881773399,0.12656031030517811,0.19747432694976408,0.09458128078817729,0.9000000000000004,0.4081537141519982,-0.10981836985327387,-0.10981836985327387,5.68125029521207,-3.9528952570006606,,,-3.2498372769999992,Q1: Lowest,Q1: Lowest,TRUE,TRUE
17129,"Menard County, IL",0.9252650440495744,0.9577949320355764,0.03252988798600198,0.08571001941167689,0.09565363315992614,-0.5,0.39874791922993413,-0.04315079240546049,-0.0431507924054606,2.7102045228723393,-15.040468004238733,,,-1.6037679157000007,Q2,Q1: Lowest,TRUE,TRUE
17131,"Mercer County, IL",0.9423706997425696,0.9456980733702824,0.0033273736277128485,0.09361104610344018,0.09197677487463707,0,0.2760055762843905,-0.06994818652849744,-0.06994818652849744,-6.099073990829812,0.7600674108804597,,,-2.5119392426000005,Q3,Q1: Lowest,TRUE,TRUE
17133,"Monroe County, IL",1.004254719639335,0.9894538013536912,-0.014800918285643783,0.06694843617920543,0.06852405687601659,-0.2999999999999998,0.36189848384970347,0.07772488254146048,0.07772488254146048,-0.5907211278041613,-9.115609307799822,,,-2.114154504,Q4: Highest,Q2,FALSE,TRUE
17135,"Montgomery County, IL",0.9026690670006262,0.9687262918317456,0.06605722483111942,0.12273011897307451,0.06996543875916716,2.1999999999999993,0.30698203895775356,-0.06208945370523189,-0.062089453705232,0.16108918884127355,-2.5939910255565932,,,-0.872623956,Q2,Q2,TRUE,TRUE
17137,"Morgan County, IL",0.9131816856226304,0.9513188647746244,0.038137179151993994,0.06730825313502475,0.07025041736227045,-1.3999999999999986,0.3371500968135204,-0.06339047195013359,-0.06339047195013359,-0.03393559718796735,-9.2017215147261755,,,-0.8669654509999987,Q2,Q1: Lowest,TRUE,TRUE
17139,"Moultrie County, IL",0.8758074730842306,0.9572857142857144,0.08147824120148384,0.1645345155161495,0.06857142857142862,-0.20000000000000107,0.3969446103951524,-0.011250511386881268,-0.011250511386881268,-1.5111217265134647,-19.48641338992473,,,-1.410515299,Q2,Q1: Lowest,TRUE,TRUE
17141,"Ogle County, IL",0.9450789194111398,0.944490325625295,-5.885937858447488e-4,0.11792381241463046,0.08852446122384772,1.5,0.16793752870923284,-0.05576686430249467,-0.05576686430249467,0.6285505965447413,-8.83565085410172,,,-1.5769380760000011,Q3,Q1: Lowest,TRUE,TRUE
17143,"Peoria County, IL",0.9027819646010076,0.9572577156042688,0.054475751003261186,0.09009086602644156,0.08360974906259011,1.200000000000001,0.22411452810180266,-0.02645505520299052,-0.02645505520299063,0.2578990001744011,-7.061514717763729,5.469709668559602,6.517216648117522,-1.3856399190000008,Q2,Q1: Lowest,TRUE,TRUE
17145,"Perry County, IL",0.8736935618729097,0.931455512572534,0.05776195069962431,0.16043060200668902,0.08232591876208895,-1.1999999999999993,0.4590975553446375,-0.07434944237918217,-0.07434944237918228,1.8278893065264423,-4.333318403726429,,,-0.47496261690000097,Q1: Lowest,Q1: Lowest,TRUE,TRUE
17147,"Piatt County, IL",0.9282830548390716,0.9966968011126563,0.06841374627358476,0.09958506224066388,0.051808066759388094,-0.2999999999999998,0.3136941227799088,-0.019203072491598694,-0.019203072491598583,-3.2232190924519513,-0.9555420203502747,,,0.5644538179999987,Q2,Q2,TRUE,TRUE
17149,"Pike County, IL",0.8335525529116345,0.9431466584158416,0.109594105504207,0.14863087408824582,0.08323019801980203,0.7000000000000011,0.38476248756980036,-0.07220367278798001,-0.07220367278798001,-0.2427787471513787,-10.72058597759327,,,-0.01778348399999885,Q1: Lowest,Q1: Lowest,TRUE,TRUE
17151,"Pope County, IL",0.7494541484716157,1.048111510791367,0.29865736231975126,0.09170305676855894,0.1079136690647482,-4.100000000000001,0.2761319019247137,-0.059022302320342446,-0.05902230232034256,4.407125260205835,-0.13806714518078422,,,-2.537741648300001,Q1: Lowest,Q4: Highest,FALSE,FALSE
17153,"Pulaski County, IL",0.6758141236736187,0.8396478121664888,0.16383368849287006,0.28979143798024154,0.16275346851654215,-2.1999999999999993,0.2386528130729888,-0.16103160874351308,-0.16103160874351308,-1.9814558989424913,-8.001440814095337,,,-3.486523011000001,Q1: Lowest,Q1: Lowest,TRUE,TRUE
17155,"Putnam County, IL",0.9650626235992088,0.9744463373083476,0.009383713709138819,0.09228740936058011,0.07086882453151622,0.6999999999999993,0.3488410055501143,-0.04142308334725242,-0.04142308334725253,1.0508833063697154,-6.421300865239381,,,-1.2113516569999998,Q3,Q2,TRUE,TRUE
17157,"Randolph County, IL",0.8966516202923938,0.9372405841660262,0.04058896387363242,0.11176985784544902,0.07786318216756338,-0.10000000000000142,0.35979525360632847,-0.054050836359307075,-0.054050836359307075,-2.8262615980725907,-2.0477207086737534,,,-0.38446268899999936,Q2,Q1: Lowest,TRUE,TRUE
17159,"Richland County, IL",0.9472162452931684,0.9798113959357152,0.03259515064254681,0.12130177514792895,0.05352636472307082,-1.200000000000001,0.29396625679153554,-0.03962112301120535,-0.03962112301120546,2.1901661075050205,2.653771444386301,,,-0.932650164,Q3,Q2,FALSE,TRUE
17161,"Rock Island County, IL",0.88900595510765,0.9491474082392576,0.06014145313160757,0.11263660755186178,0.08106271056208991,0.40000000000000036,0.27788714636466194,-0.04082667423842945,-0.04082667423842945,-0.5306800699423408,-12.467606871653775,3.5861580303676277,2.5708626637539,-1.3562427989999986,Q2,Q1: Lowest,TRUE,TRUE
17163,"St. Clair County, IL",1.010444675130186,0.9604890764647468,-0.049955598665439305,0.06105986862257917,0.07433796756041045,-2.5,0.24334453347118123,-0.01917934462389148,-0.01917934462389148,2.2851260887983864,-5.053574525094431,4.89695265854759,5.390980931620717,-2.9856642190000002,Q4: Highest,Q1: Lowest,FALSE,TRUE
17165,"Saline County, IL",0.8239798064787547,0.9746031746031746,0.1506233681244199,0.1507782919646613,0.0712301587301587,-2.900000000000002,0.43953860751986706,-0.07479322567940139,-0.07479322567940128,-0.27290688687359177,-10.738120667298542,,,-0.16243056200000083,Q1: Lowest,Q2,TRUE,TRUE
17167,"Sangamon County, IL",0.944822987744931,0.977060905236086,0.03223791749115501,0.08289449349284062,0.08674027864862854,-0.6000000000000014,0.2780467618456446,0.0033346218270842165,0.0033346218270842165,-0.5126520065606627,-3.653699825561435,2.3245484256819537,3.5552848870503624,-1.9363304799999987,Q3,Q2,TRUE,TRUE
17169,"Schuyler County, IL",0.71875,0.9662233111655584,0.24747331116555837,0.25374531835205993,0.06685334266713339,-0.7999999999999989,0.3654535260707408,-0.10298210735586477,-0.10298210735586466,3.5637899308702647,-8.24820580065705,,,-4.571976847,Q1: Lowest,Q1: Lowest,TRUE,TRUE
17171,"Scott County, IL",0.902835538752363,0.9199332777314428,0.017097738979079846,0.10359168241965977,0.09633027522935778,0.6999999999999993,0.3836263388620238,-0.0811061618411284,-0.08110616184112862,6.013761630879938,2.145262623449973,,,-4.4780776608,Q2,Q1: Lowest,TRUE,TRUE
17173,"Shelby County, IL",0.9374004310748758,0.9372497905222976,-1.506405525781851e-4,0.11770218348795802,0.07178102597523506,-2.6999999999999993,0.4847715122045626,-0.03047414179438912,-0.03047414179438923,-1.728337337539948,1.5879817113387722,,,-0.6650276270000006,Q2,Q1: Lowest,FALSE,TRUE
17175,"Stark County, IL",0.9624735729386892,0.9444220700765203,-0.018051502862168833,0.10535588442565191,0.09544905356423683,1.299999999999999,0.27323838951745927,-0.13039231645775684,-0.13039231645775673,-3.3837996904584666,-14.975847383278097,,,-0.06618527100000016,Q3,Q1: Lowest,TRUE,TRUE
17177,"Stephenson County, IL",0.834144932320898,0.9418435044464312,0.10769857212553313,0.14934796962693964,0.07664800263492211,-2.8000000000000007,0.19185270425776757,-0.06896263129263092,-0.0689626312926308,-1.3549111777835632,0.27356926939694937,,,-1.9134312330000007,Q1: Lowest,Q1: Lowest,TRUE,TRUE
17179,"Tazewell County, IL",0.8972035141176973,0.9632313472893184,0.06602783317162109,0.10118039042588034,0.08274130908402011,0.1999999999999993,0.25520902455209016,-0.009975137270808454,-0.009975137270808676,1.7664666305073573,-8.73129149033532,4.416524196732681,3.492772224402458,-2.9210673430000007,Q2,Q1: Lowest,TRUE,TRUE
17181,"Union County, IL",0.8926426426426426,0.9534066808059384,0.060764038163295786,0.17580080080080085,0.06680805938494172,-3.6999999999999993,0.3599926166178835,-0.07821321819993354,-0.07821321819993365,0.5138770736049514,-7.372634733513697,,,-1.5320298430000001,Q2,Q1: Lowest,TRUE,TRUE
17183,"Vermilion County, IL",0.9096918154260694,0.9622235872235873,0.05253177179751789,0.09941618951386555,0.06911935859304286,-1.8000000000000007,0.21713639709748667,-0.07901966981934883,-0.07901966981934883,-0.5619750419205538,-4.1088138989064085,5.2405758396171365,-0.8192043315486384,-1.9096680700000004,Q2,Q1: Lowest,TRUE,TRUE
17185,"Wabash County, IL",0.8136962660809539,0.9727652305940406,0.15906896451308672,0.18073423282083467,0.07249952552666539,0.9000000000000004,0.1810977335568571,-0.0585927923510664,-0.058592792351066514,0.14771533648892388,-16.006463491868924,,,1.1605483850000002,Q1: Lowest,Q2,TRUE,TRUE
17187,"Warren County, IL",0.9124814941350644,0.9341773746535652,0.0216958805185008,0.06844322970048966,0.10833963214915598,-1.5,0.29278877450153096,-0.055194076733228625,-0.055194076733228514,-0.9717200295696365,-10.999137008125402,,,1.158361596999999,Q2,Q1: Lowest,TRUE,TRUE
17189,"Washington County, IL",1.020425636007828,0.9757901815736382,-0.044635454434189925,0.09393346379647749,0.07612642905178213,0.2999999999999998,0.3195353705337902,-0.0673606447280054,-0.0673606447280054,-5.115964496173947,-7.118165652798761,,,-1.6676119200000006,Q4: Highest,Q2,FALSE,TRUE
17191,"Wayne County, IL",0.9049937578027466,0.9859863215770416,0.08099256377429498,0.09176029962546817,0.07496312189888699,-1.5999999999999996,0.3717544927612948,-0.04341926729986434,-0.04341926729986423,4.869223268371231,-16.614179125397317,,,-1.4985283519999992,Q2,Q2,TRUE,TRUE
17193,"White County, IL",0.8271548336389835,0.9068812612908524,0.07972642765186899,0.1494629290018339,0.12908523567088193,0.40000000000000036,0.29125310953086925,-0.08509056501757228,-0.0850905650175724,3.036198569728965,-2.557138013678051,,,-2.2102369013,Q1: Lowest,Q1: Lowest,TRUE,TRUE
17195,"Whiteside County, IL",0.9206534422403734,0.9577931590126711,0.03713971677229777,0.08102821058411691,0.07833443199296852,0.20000000000000107,0.1584699453551912,-0.06195277036331792,-0.06195277036331803,-1.8780710002375662,-3.3415927444174875,,,-0.8356680940000007,Q2,Q1: Lowest,TRUE,TRUE
17197,"Will County, IL",0.956395716669266,1.0326735484970253,0.07627783182775927,0.07377239729393315,0.09137120706547208,0.5999999999999996,0.2605137086749445,0.04020040719947948,0.040200407199479704,-1.1546547752563114,-13.054743422682916,1.9719925266171288,5.210580096505893,-4.743629556,Q3,Q3,FALSE,FALSE
17199,"Williamson County, IL",0.8827084070274732,0.960774707688288,0.07806630066081477,0.15496403725975716,0.07600104513684758,-2.9000000000000004,0.46368916071336796,0.021410714559592536,0.021410714559592314,-0.33461761756478636,-12.249117562250797,,,-1.721942821999999,Q2,Q1: Lowest,TRUE,TRUE
17201,"Winnebago County, IL",0.9303592651459828,0.930967876140382,6.08610994399239e-4,0.11932070392485361,0.10279040741731305,2.3000000000000007,0.22969789643344218,-0.03884132507457716,-0.03884132507457705,0.3068363816765174,-13.033173091085281,4.762839345192958,3.8936695973064595,-2.140141141999999,Q2,Q1: Lowest,TRUE,TRUE
17203,"Woodford County, IL",0.8969111969111969,0.9755316285329744,0.07862043162177745,0.10641891891891897,0.07956931359353969,0.1999999999999993,0.23686025437456903,0.013118727114670214,0.013118727114670437,2.3572409570620847,-12.414029304596413,,,-0.8731118819999999,Q2,Q2,TRUE,TRUE
18001,"Adams County, IN",0.9559607113051294,0.9672238508077092,0.011263139502579844,0.16261154265904865,0.07584357263144759,0.09999999999999964,0.1487307139331775,0.05344208232730696,0.05344208232730696,2.684723131945482,0.30515650722501775,,,0.1953130519999995,Q3,Q1: Lowest,FALSE,TRUE
18003,"Allen County, IN",0.9248528472545872,1.0128457606335826,0.0879929133789954,0.09109948848957705,0.060603326096534293,-0.40000000000000036,0.18543391661626374,0.0851562365892875,0.0851562365892875,1.8579809064874664,3.2828178447909844,1.6256846622597294,3.586491480598138,-1.909166676,Q2,Q3,FALSE,FALSE
18005,"Bartholomew County, IN",1.0280993475057882,0.9679705429875664,-0.06012880451822189,0.08135129446432332,0.0791657209149832,0.29999999999999893,0.3331023504073416,0.11312030824420383,0.11312030824420405,-1.5877343078258748,-2.931974989412769,2.0638922280749625,9.316948188947045,-2.271580512,Q4: Highest,Q1: Lowest,FALSE,TRUE
18007,"Benton County, IN",0.968416269029766,1.003523608174771,0.03510733914500497,0.11451942740286303,0.07869391590321828,-1.5,0.23252010663799094,-0.0064735945485520086,-0.0064735945485520086,-1.1492242206425696,1.3110614136967005,,,0.62045137399999994,Q3,Q3,TRUE,FALSE
18009,"Blackford County, IN",0.7780774111675127,0.9274418604651162,0.1493644492976035,0.23032994923857864,0.1125581395348837,0.20000000000000107,0.1418431066445507,-0.1009328643523475,-0.10093286435234738,2.5159911569638926,-7.2135389996889145,,,-1.590397382899999,Q1: Lowest,Q1: Lowest,TRUE,TRUE
18011,"Boone County, IN",1.0298335887891394,1.0868542001218229,0.057020611332683435,0.03798992774250054,0.037848164350185454,0.3000000000000007,0.29230792860873045,0.2615381754620849,0.26153817546208513,-5.521363804098558,-1.5055088213370773,,,-0.9825925350000002,Q4: Highest,Q4: Highest,FALSE,FALSE
18013,"Brown County, IN",0.922732657628011,1.0138776062821555,0.09114494865414446,0.11030670001316312,0.061196858922285435,0.1999999999999993,0.14564356816172808,-0.01191567369385882,-0.01191567369385882,0.7132028892149089,9.280324793147704,,,0.5460429825000004,Q2,Q3,FALSE,FALSE
18015,"Carroll County, IN",0.9209302325581395,1.0260375494071146,0.10510731684897501,0.10479960415635825,0.07065217391304346,-0.40000000000000036,0.22810488825942965,0.006909235510488054,0.006909235510488054,1.885093219027184,5.610380023596084,,,0.5489096150000012,Q2,Q3,FALSE,FALSE
18017,"Cass County, IN",0.9377609530702,0.9438483547925608,0.006087401722360775,0.09241218059344203,0.07048530868273362,1,0.1822852445540486,-0.03443240335101072,-0.03443240335101083,-0.7456912387006048,3.8962392638991012,,,-2.1674042690000004,Q2,Q1: Lowest,FALSE,TRUE
18019,"Clark County, IN",0.9705095839177186,1.0420031786189226,0.07149359470120398,0.05909303412809719,0.05317699717816482,-0.6000000000000014,0.30783278327832786,0.11952078128548727,0.11952078128548727,-0.33382177023704995,-1.2022966792514724,4.752905077836019,3.064891768932821,-2.206414872,Q3,Q4: Highest,FALSE,FALSE
18021,"Clay County, IN",0.953492101675888,0.964686006263392,0.011193904587503911,0.07745970651912437,0.06807318279215424,0.5,0.2711729622266401,-0.028091761479450028,-0.028091761479450028,-3.0894103628431644,3.479821193070509,,,0.06678084600000034,Q3,Q1: Lowest,TRUE,TRUE
18023,"Clinton County, IN",0.9442524834947862,1.0164265857973211,0.07217410230253496,0.057937928055778354,0.05370229972201157,0.10000000000000142,0.1962471356305937,-0.023773653127636463,-0.023773653127636574,-1.0175302645869162,8.573452973257176,,,-2.057706134,Q3,Q3,FALSE,FALSE
18025,"Crawford County, IN",0.9109561752988048,0.986411149825784,0.07545497452697925,0.14422310756972112,0.047386759581881543,-0.10000000000000142,0.16841494913288702,-0.03256196835269365,-0.03256196835269365,-5.4850612021944025,9.308893492340918,,,-0.8819622140000014,Q2,Q2,TRUE,FALSE
18027,"Daviess County, IN",0.9514935505770536,1.0065331582403152,0.05503960766326155,0.058723693143245104,0.02987524622455684,-3.6999999999999993,0.3749210666925731,0.08628102403752202,0.08628102403752202,1.5496460638697973,-7.8722904572126495,,,-1.2315582089999992,Q3,Q3,FALSE,FALSE
18029,"Dearborn County, IN",0.942721996979092,1.0102301288092994,0.06750813183020743,0.09249542888941886,0.05977065661325798,2.1000000000000005,0.2592834451111896,0.002229067034124954,0.002229067034124954,-0.8397793663942554,0.2879638725463529,,,-2.5395207840999987,Q3,Q3,FALSE,FALSE
18031,"Decatur County, IN",1.0126988092264135,0.9425088391278728,-0.07018997009854078,0.06944791406445161,0.08411903358868589,-0.40000000000000036,0.3320863687077509,0.04210154594679438,0.04210154594679438,-3.666943957446647,-2.3764399086982686,,,-1.6011207719999998,Q4: Highest,Q1: Lowest,FALSE,TRUE
18033,"DeKalb County, IN",0.9251257768570584,0.9813103448275862,0.05618456797052773,0.12429712932820358,0.06634482758620686,0.6999999999999993,0.2173859860145564,0.03818416276626224,0.038184162766262464,-1.5373221485438182,-0.36999897449085895,,,-2.4880413800000003,Q2,Q2,FALSE,TRUE
18035,"Delaware County, IN",0.9280936143253768,0.9487572320341048,0.020663617708727933,0.09318575661020734,0.06750532886723504,3.5,0.19248850679203144,-0.02639278676777934,-0.02639278676777934,0.09499998168521206,3.3038007428455587,7.288659056812136,-0.13505712074326226,-1.5180154438000013,Q2,Q1: Lowest,TRUE,TRUE
18037,"Dubois County, IN",0.9461605947268782,0.9497565294378044,0.0035959347109262296,0.05822597774391647,0.06374501992031878,-2.9000000000000004,0.17397617822218958,0.02415644171779152,0.02415644171779152,0.9470080502354261,2.2061094021677965,,,-0.7535494169999986,Q3,Q1: Lowest,FALSE,TRUE
18039,"Elkhart County, IN",0.8730975670930524,0.9748016527322456,0.1017040856391932,0.24505643340857786,0.09934821826928675,-1.5,0.12930458548436086,0.0511298801858342,0.0511298801858342,-0.15763431036454334,2.6751501324324343,4.868577126639991,2.366739504882567,-3.6097847890000008,Q1: Lowest,Q2,FALSE,FALSE
18041,"Fayette County, IN",0.9632110366889932,0.915426564377484,-0.047784472311509174,0.18784364690592825,0.1096219613642666,-0.6999999999999993,0.214053269250025,-0.053700897063040154,-0.053700897063040265,0.9124920399066011,4.771042340983007,,,-1.172400874000001,Q3,Q1: Lowest,FALSE,TRUE
18043,"Floyd County, IN",0.973913162057492,1.0104208567980693,0.036507694740577246,0.053810069273986794,0.057899235720032194,-0.20000000000000107,0.22528160200250302,0.07747406553597891,0.07747406553597869,0.2722615344863538,-1.252203704340037,6.110839149009806,9.646600520975323,-0.42298106099999977,Q3,Q3,FALSE,FALSE
18045,"Fountain County, IN",0.93756727664155,1.008370607028754,0.07080333038720388,0.11290515488577924,0.07450479233226837,0.3000000000000007,0.2915023222162578,-0.06035870315014946,-0.06035870315014946,-0.40267153069339645,5.136677455339841,,,-0.07578580300000048,Q2,Q3,TRUE,FALSE
18047,"Franklin County, IN",0.9216322948661694,1.0108175208370278,0.08918522597085843,0.15884159719175073,0.06596914346515337,-0.10000000000000142,0.3060476125802758,-0.022254682935212267,-0.022254682935212156,2.601918331630543,0.5263734093131796,,,-1.0909503669999996,Q2,Q3,FALSE,FALSE
18049,"Fulton County, IN",0.9335544833132288,0.9542613044384248,0.020706821125196062,0.11369119420989149,0.06595123984163365,-1.200000000000001,0.19734894654361823,-0.02902143794662393,-0.029021437946623818,-0.7561410934772528,1.1789790779347555,,,-1.6074384229999996,Q2,Q1: Lowest,TRUE,TRUE
18051,"Gibson County, IN",0.97631404260455,1.0048156956004757,0.028501652995925664,0.0686741898497375,0.0441736028537455,-1.1999999999999993,0.31093077949869685,0.011084409732652345,0.011084409732652345,-3.6599999207216154,7.91845406634317,,,-1.7818617700000008,Q3,Q3,FALSE,FALSE
18053,"Grant County, IN",0.9980768603931028,0.9725427243236012,-0.025534136069501612,0.045405652074709035,0.048025149660546496,-1.3999999999999986,0.2794969163232879,-0.06060389647489006,-0.06060389647488995,-1.1541807251048115,4.175788713011907,2.8896236571253127,3.3402178271695284,-1.1434008260000006,Q4: Highest,Q2,FALSE,FALSE
18055,"Greene County, IN",0.8433394681728755,0.9883390216154722,0.14499955344259663,0.21292124135304946,0.05730944254835035,0.1999999999999993,0.25348270117578897,-0.033252574197456086,-0.0332525741974562,1.3955608047631185,7.631510650335571,,,-2.405179495999999,Q1: Lowest,Q2,TRUE,FALSE
18057,"Hamilton County, IN",1.0381282434065544,1.0844692743601356,0.04634103095358122,0.03395891092628134,0.040043301998298864,0.30000000000000027,0.2967890294850648,0.33219430485762147,0.33219430485762125,1.8022844666372662,-8.267615922641989,2.8900822198964846,10.290115031133574,-3.3949319669999998,Q4: Highest,Q4: Highest,FALSE,FALSE
18059,"Hancock County, IN",0.959447466361294,1.0801818582877871,0.12073439192649316,0.06475808760377899,0.041175461385750345,0.40000000000000036,0.19082557588541915,0.16468747671906425,0.16468747671906425,-4.741181074640038,2.201844423089238,-3.815940565276591,2.305023563816132,-2.2625230379999994,Q3,Q4: Highest,FALSE,FALSE
18061,"Harrison County, IN",0.9711625432295824,1.007309628360287,0.036147085130704526,0.08587390263367922,0.062493306201135246,-1.5,0.2747431472886668,0.06221488123328611,0.06221488123328611,-0.7147254782594814,7.764148977696335,,,-1.8636377270000004,Q3,Q3,FALSE,FALSE
18063,"Hendricks County, IN",1.004555138195885,1.0829932427911957,0.07843810459531064,0.03642708975724618,0.03858076314087555,-0.09999999999999964,0.29195267341040454,0.24072792441009128,0.24072792441009128,-1.9147044865949008,-8.388443862354292,2.2193834261670276,6.5105063639324,-3.5312546960000013,Q4: Highest,Q4: Highest,FALSE,FALSE
18065,"Henry County, IN",0.8959968420563785,0.9902999085351176,0.0943030664787391,0.13964612455301162,0.06027054349395855,2.5999999999999996,0.16515387888242805,-0.0012075785967103903,-0.0012075785967103903,-1.825253626194792,4.373047682631302,,,-0.7980414069999995,Q2,Q2,FALSE,FALSE
18067,"Howard County, IN",0.8947512826844459,0.8967980425173647,0.0020467598329187986,0.15861387768540625,0.1001105030519891,-0.8000000000000007,0.18606947705677102,-0.014317614606593976,-0.014317614606593976,-0.7378989725687513,8.227461050940526,8.035650575571637,0.2778307021509967,-2.01059446,Q2,Q1: Lowest,FALSE,TRUE
18069,"Huntington County, IN",0.8719185423365488,0.99965033084082,0.12773178850427125,0.1392333996835604,0.05616224648985957,0.09999999999999964,0.16701599794678756,-0.024754987048361654,-0.024754987048361654,-1.21706582326562,1.2556439387967706,,,-1.4533130620000012,Q1: Lowest,Q3,TRUE,FALSE
18071,"Jackson County, IN",0.907344712465322,1.0070827799911466,0.09973806752582459,0.1337283114684723,0.044400177069499724,-1.700000000000001,0.3235117391788138,0.06087352793034806,0.06087352793034784,-2.896063425282411,4.680973346940097,,,-1.1332818630000006,Q2,Q3,FALSE,FALSE
18073,"Jasper County, IN",0.9848758616074416,0.995777819478326,0.010901957870884438,0.04731312320149905,0.08237943328954778,0.6000000000000014,0.30847932725998595,0.020307654891469573,0.020307654891469573,-1.5893507384508427,-1.6871825399242315,,,-3.661909528999999,Q3,Q2,FALSE,FALSE
18075,"Jay County, IN",0.8668499955646234,0.9085517791288747,0.04170178356425136,0.17431029894438033,0.13385826771653542,1.6999999999999993,0.21721684759865112,-0.053012048192771055,-0.053012048192771055,1.914631401841116,-3.0430589062061517,,,-1.0306670879999995,Q1: Lowest,Q1: Lowest,TRUE,TRUE
18077,"Jefferson County, IN",0.8536467751657625,1.0008896797153024,0.14724290454953992,0.17070524412296562,0.05502326854640027,-1.3000000000000007,0.1833902363321953,0.005227131300560073,0.005227131300560073,1.1819867610813524,1.6632730442422607,,,0.707710435000001,Q1: Lowest,Q3,TRUE,FALSE
18079,"Jennings County, IN",0.90565965583174,0.999929706171798,0.09427005034005798,0.10944550669216058,0.05103331927456767,-0.3000000000000007,0.29056621475817423,-0.026910392253175264,-0.026910392253175153,-0.5515118842658123,2.092346345011202,,,-2.558696653,Q2,Q3,FALSE,FALSE
18081,"Johnson County, IN",0.9489670165332742,1.0508721295018195,0.10190511296854532,0.09111301891495194,0.04442213577613252,-1,0.23262284493466479,0.1809412168770952,0.1809412168770952,-1.5109832480221963,-8.963656662336676,2.8663573713761537,4.571855497417815,-2.1924508719999984,Q3,Q4: Highest,FALSE,FALSE
18083,"Knox County, IN",0.9029043280182232,0.96131067692478,0.058406348906556826,0.1147753158003727,0.06127193225217242,-4.400000000000002,0.21772139253783518,-0.0451663405088063,-0.0451663405088063,-0.7586110088416975,3.332277692053716,,,-2.9545293590000004,Q2,Q1: Lowest,TRUE,TRUE
18085,"Kosciusko County, IN",0.9140671865626876,0.946189349112426,0.03212216254973843,0.12295040991801642,0.07297041420118344,0.40000000000000036,0.27279346649611336,0.03415243648479804,0.03415243648479782,-1.2200377460435063,-4.444293457065731,5.463949291038617,7.815515370269306,-2.2900579269999994,Q2,Q1: Lowest,FALSE,TRUE
18087,"LaGrange County, IN",0.9323197792971092,1.022330946263598,0.09001116696648892,0.22208228379513018,0.10654348657956592,-1.5,0.40127161447501347,0.07264899407002257,0.07264899407002257,3.6068467070056345,1.9929471111587906,,,-1.4110423189999999,Q2,Q3,FALSE,FALSE
18089,"Lake County, IN",0.9665014016634618,0.9971369715521308,0.030635569888669,0.0544772142807497,0.07099509703597584,-0.5,0.19338305762740116,-0.016031519873207056,-0.01603151987320728,2.1550715809361853,0.962490190397363,4.3489234670774835,4.037511568203431,-2.865056386000001,Q3,Q2,FALSE,FALSE
18091,"LaPorte County, IN",0.9409429280397024,0.9965070263285414,0.055564098288839014,0.11545409429280395,0.06458972702309806,-0.1999999999999993,0.264612281488122,-0.008642621294408404,-0.008642621294408404,1.9488643772174186,-2.548238567665081,4.462266691799826,1.2570093264247042,-1.4924743120000006,Q2,Q2,TRUE,FALSE
18093,"Lawrence County, IN",0.8681210415200563,0.9609778030195466,0.09285676149949029,0.14623504574243495,0.06076955842680676,-3.3000000000000007,0.3389737731448428,-0.020086393088552867,-0.02008639308855309,-1.9630296082886272,-0.9373897652657701,,,-1.2622015659999999,Q1: Lowest,Q1: Lowest,FALSE,FALSE
18095,"Madison County, IN",0.9267941687387172,1.0224840850602737,0.09568991632155643,0.1080418270377056,0.05631179737234182,-0.5,0.25643941151900496,-0.012453983521718226,-0.012453983521718337,-0.6692635457645979,1.8569370183246379,2.700500352002024,3.655842119853487,-1.801781107,Q2,Q3,FALSE,FALSE
18097,"Marion County, IN",0.9572368271671654,1.0058681976146815,0.04863137044751609,0.07525192205515718,0.055620217940952066,-0.40000000000000036,0.1228299379982285,0.0916611871329609,0.09166118713296068,2.040269468244545,-0.84513909018197,2.9504112482649134,3.9637926828431347,-3.0548001560000007,Q3,Q3,FALSE,FALSE
18099,"Marshall County, IN",0.9703759535882326,0.9914770130701032,0.021101059481870577,0.10013247453291307,0.07179416872315147,1.5,0.06018125456591705,-0.013078449361012101,-0.013078449361012101,-0.192073175708124,4.48164376497459,,,-0.65408285,Q3,Q2,FALSE,FALSE
18101,"Martin County, IN",0.9436981430264716,0.997179125528914,0.053480982502442376,0.08020545239035959,0.017529719927463217,-1.4000000000000004,0.30203791251663836,-0.0076446680859298954,-0.0076446680859298954,-2.4697461025436325,4.5376572644327915,,,-2.997125894,Q3,Q2,FALSE,FALSE
18103,"Miami County, IN",0.8857817549092717,0.9403551745254134,0.054573419616141705,0.13118319661943822,0.09308022045315367,0.9000000000000004,0.2021238462227799,-0.05492283129324105,-0.05492283129324127,0.556579258405554,6.141719903946626,,,-1.3622419529999998,Q2,Q1: Lowest,FALSE,TRUE
18105,"Monroe County, IN",0.9518930028893986,1.0049929666717734,0.053099963782374804,0.07502010663965919,0.06261751229091517,-5.199999999999999,0.34249172206354417,0.12011561042606811,0.12011561042606833,0.7865041532440803,-6.196323370346221,3.830981190483783,7.920217215567284,-2.6365643959000007,Q3,Q3,FALSE,FALSE
18107,"Montgomery County, IN",0.9031305997681036,0.9971611626211064,0.09403056285300282,0.10103299251607467,0.05385977706011047,1.6999999999999993,0.12203578725775488,0.004348737294351812,0.004348737294351812,0.934698125494321,0.23259883122247677,,,-1.369929860000001,Q2,Q2,FALSE,FALSE
18109,"Morgan County, IN",0.8907234231484308,1.0227180054756215,0.13199458232719075,0.12412242972500487,0.05315430768334595,0.20000000000000107,0.18272189790551496,0.03123445592064833,0.03123445592064833,-0.18582712404079382,2.817389193975089,7.774354191701136,5.79788731018124,-1.4245387009999995,Q2,Q3,FALSE,FALSE
18111,"Newton County, IN",0.9381136566498066,0.9800925925925926,0.04197893594278601,0.08762273132996135,0.09212962962962967,0.1999999999999993,0.36247145675837444,-0.02713232224850426,-0.027132322248504148,3.646755340319979,-3.399231593147938,,,-1.8452831317999987,Q2,Q2,TRUE,FALSE
18113,"Noble County, IN",0.9349661024558884,0.9289017590871764,-0.0060643433687119774,0.1672428500875499,0.09296797337597784,-2.3,0.2995482056090699,0.0068537927834833035,0.0068537927834833035,1.4115709641951995,7.194081333672033,,,-2.490276784999999,Q2,Q1: Lowest,FALSE,TRUE
18115,"Ohio County, IN",0.9866283006093431,1.00844475721323,0.02181645660388687,0.057549085985105,0.07072484166080228,0.5,0.2119586685793884,-0.019526034712950557,-0.019526034712950557,6.707032309683974,12.796579836945714,,,0.815311362000001,Q3,Q3,FALSE,FALSE
18117,"Orange County, IN",0.795701630763036,0.9519311502938708,0.15622951953083475,0.20907992752164284,0.10075566750629728,-0.09999999999999964,0.26014828057629624,-0.011173746728407541,-0.011173746728407541,1.9286244663863583,-7.634286320254246,,,-1.6888615020000017,Q1: Lowest,Q1: Lowest,TRUE,TRUE
18119,"Owen County, IN",0.8216597734220464,1.0221800379658308,0.20052026454378435,0.2174968530839777,0.059046857827954824,-1.0999999999999996,0.2623726088293017,-0.047577616997893535,-0.047577616997893535,-1.2476392498247613,-1.0625273065636311,,,-1.755236095499999,Q1: Lowest,Q3,TRUE,FALSE
18121,"Parke County, IN",0.8597616865261228,1.0022754854368932,0.14251379891077032,0.1757234516171271,0.06583737864077666,-1.5000000000000018,0.3591163134029316,-0.029342655739583945,-0.029342655739583945,5.5088951862934445,-7.601146336898626,,,1.4616895470000006,Q1: Lowest,Q3,TRUE,FALSE
18123,"Perry County, IN",0.8836884011190015,0.9645022149685242,0.08081381384952269,0.13600172154077905,0.0674982513406388,0,0.26215728969118035,-0.010836472470199698,-0.010836472470199698,-1.8855049965046444,-6.2064027917643605,,,-2.366017413,Q2,Q1: Lowest,TRUE,TRUE
18125,"Pike County, IN",0.969658553076403,0.9510439164866812,-0.018614636589721845,0.0963488843813387,0.06209503239740821,-0.6999999999999993,0.3666797129810828,-0.050433049743236036,-0.050433049743236036,0.09067549399487396,1.5702556661303677,,,-1.822371254,Q3,Q1: Lowest,FALSE,TRUE
18127,"Porter County, IN",0.9504614700322472,1.0041994055855703,0.05373793555332307,0.08228622261759144,0.07178697341980822,-1,0.23456460861448192,0.05940249323841207,0.05940249323841229,1.205576471311129,-3.003350161665688,3.479753770571321,2.277690059641646,-2.2184795593000004,Q3,Q3,FALSE,FALSE
18129,"Posey County, IN",0.94759281617869,0.9521687226422604,0.004575906463570423,0.08127075158466646,0.08682849184241936,0.7999999999999998,0.23168712429358185,-0.03057684242632197,-0.03057684242632197,1.654209513814009,8.15756909726355,,,0.40679875400000043,Q3,Q1: Lowest,TRUE,TRUE
18131,"Pulaski County, IN",0.9190874524714828,1.0198223913732951,0.10073493890181229,0.13155893536121677,0.05978433238185854,-0.5,0.22932639328503446,-0.09989798892451185,-0.09989798892451185,-2.0648229689199105,9.179840673920761,,,-1.996270742,Q2,Q3,FALSE,FALSE
18133,"Putnam County, IN",0.9148834997622444,0.9376168224299064,0.022733322667662037,0.1220874940561103,0.08060747663551404,-1,0.32735556015738254,-0.016051742648406586,-0.016051742648406475,-1.9073854923196687,-2.5620396995361636,,,-0.9746742337000001,Q2,Q1: Lowest,FALSE,TRUE
18135,"Randolph County, IN",0.9666224396716144,1.0083116883116885,0.04168924864007406,0.052243137905299,0.06597402597402602,2,0.2601632103017144,-0.05941349197269574,-0.05941349197269574,-1.6996832886463642,-1.2705431827792033,,,-1.6724432680000003,Q3,Q3,FALSE,FALSE
18137,"Ripley County, IN",0.9529706565950028,0.9301999869715328,-0.022770669623469963,0.09921557234166178,0.09478209888606604,-1.5999999999999996,0.23298624398300127,-0.0013046084411691972,-0.0013046084411691972,-1.2323810604893015,-4.241894533040959,,,-1.5410819900000003,Q3,Q1: Lowest,FALSE,TRUE
18139,"Rush County, IN",0.906860592755214,0.9957027300303336,0.08884213727511958,0.15587266739846328,0.0662285136501517,-0.5999999999999996,0.2016752862131459,-0.06617481414733051,-0.0661748141473304,1.252997635966846,0.9219487738953893,,,-2.5676274590000006,Q2,Q2,TRUE,FALSE
18141,"St. Joseph County, IN",0.9118948738127332,0.9521038224433004,0.04020894863056723,0.10050568407601623,0.08936221839716707,1.9000000000000004,0.20522972307967602,0.021729406679321217,0.021729406679321217,0.5975315141992871,1.2150948446910284,4.715983625228134,3.687413436873385,-2.110307638,Q2,Q1: Lowest,FALSE,TRUE
18143,"Scott County, IN",0.898522950359914,0.9519867549668874,0.05346380460697342,0.1434046929045527,0.061940007791195906,-2.9000000000000004,0.28186864718258087,-0.010937564734639804,-0.010937564734639804,-6.734586601218398,4.892687296727537,,,-3.945254468,Q2,Q1: Lowest,TRUE,TRUE
18145,"Shelby County, IN",0.9005100928630597,1.0107716232904909,0.11026153042743114,0.11352836029123248,0.05685404564789831,0.29999999999999893,0.22768333743943492,0.014585129065916691,0.014585129065916469,-0.7320517615056338,0.36590278219091266,,,-1.2252584859999995,Q2,Q3,TRUE,FALSE
18147,"Spencer County, IN",0.9998521293375394,0.97123960316665,-0.028612526170889385,0.06062697160883279,0.08357550856799278,-0.5,0.13227725803057266,-0.03589767972613156,-0.03589767972613156,0.1485610723562264,3.178287207531339,,,-2.0781346749999994,Q4: Highest,Q2,FALSE,TRUE
18149,"Starke County, IN",0.9770236299648064,0.9396321249064272,-0.03739150505837918,0.08838612368024135,0.0963533311945246,-1.299999999999999,0.3223223468338312,-0.011392949269131591,-0.01139294926913137,-1.4995492594447823,2.811342403681536,,,-1.4163700969999997,Q3,Q1: Lowest,TRUE,TRUE
18151,"Steuben County, IN",1.1065463620656557,0.997796580292614,-0.10874978177304173,0.09937927945223013,0.0770315529702098,-3,0.27485630951359696,0.01735089989413008,0.017350899894129856,-3.5793874797039384,9.706379608513625,,,-2.4952234509999993,Q4: Highest,Q2,FALSE,FALSE
18153,"Sullivan County, IN",1.0092882851503542,0.952812871180218,-0.05647541397013622,0.07697666318355978,0.07817730266709855,0.7000000000000011,0.3031960348658349,-0.04123759161332219,-0.04123759161332241,-3.3624350630289177,-7.426329513419498,,,0.06404678430000033,Q4: Highest,Q1: Lowest,FALSE,TRUE
18155,"Switzerland County, IN",0.8349771689497717,0.9001144164759726,0.06513724752620087,0.17315068493150687,0.11762013729977117,0.09999999999999964,0.22088073138390674,0.046733521565572866,0.046733521565572866,5.5585677171580254,-12.516119640850794,,,-3.634715567999999,Q1: Lowest,Q1: Lowest,TRUE,TRUE
18157,"Tippecanoe County, IN",1.0216412979792313,1.0451231815667004,0.023481883587469055,0.03541643292568908,0.0638309413002679,-2.8999999999999986,0.2103484937979918,0.17750532407685915,0.17750532407685915,0.23911949095218044,-9.371708660982083,1.765082698714906,4.630605248759764,-2.8249312280000005,Q4: Highest,Q4: Highest,FALSE,FALSE
18159,"Tipton County, IN",0.9639060244126526,1.0032,0.039293975587347485,0.16760729754560966,0.05479999999999996,-0.10000000000000053,0.28282235587501825,-0.06821676816140743,-0.06821676816140732,-6.498633255927685,3.8587752875367585,,,-1.1039329999000014,Q3,Q3,FALSE,FALSE
18161,"Union County, IN",0.8970826580226904,0.9784746213127824,0.08139196329009202,0.13587250135062123,0.07494020728142436,-2.0999999999999996,0.31051261465099866,-0.05531003080219632,-0.05531003080219632,0.5077762376489436,9.389010350769736,,,-2.581149398699999,Q2,Q2,FALSE,FALSE
18163,"Vanderburgh County, IN",0.977212930975314,0.9707545482991372,-0.0064583826761768215,0.03895078816719666,0.06946493227839612,0.5,0.21384550244636813,0.020597449785982214,0.020597449785982214,0.4109099170172756,-0.03560924645403141,3.028846386218973,4.502363134721232,-3.187255876,Q3,Q2,FALSE,TRUE
18165,"Vermillion County, IN",0.9056172436316132,0.9474828214836628,0.041865577852049585,0.14252122795558464,0.08399943906885432,1.5,0.16238513188349346,-0.0641869452327758,-0.0641869452327758,1.2953352208180364,-1.2518975414464526,,,1.1876505254000005,Q2,Q1: Lowest,TRUE,TRUE
18167,"Vigo County, IN",1.001283129995793,0.9553133958159676,-0.045969734179825306,0.052145561632309656,0.07715453270173012,3.900000000000002,0.2862684251357641,0.0014314450109931265,0.0014314450109931265,1.0923291837336147,1.3525916598402459,7.6775366404926615,3.7038169564608587,-1.2599189429999988,Q4: Highest,Q1: Lowest,FALSE,TRUE
18169,"Wabash County, IN",0.8547044129891757,0.9824878387769284,0.1277834257877527,0.15487094088259779,0.07025712300208475,1.0999999999999996,0.31527613022274936,-0.07089116033692033,-0.07089116033692033,-0.2121850754330329,6.654131542364555,,,-1.4281940149000008,Q1: Lowest,Q2,TRUE,FALSE
18171,"Warren County, IN",0.7960934270359653,1.0137987012987013,0.217705274262736,0.21909880115750313,0.07977736549165115,1.0999999999999996,0.29262440519396726,-0.03378536357259765,-0.03378536357259765,8.071522652153384,12.686182412405525,,,0.02353407399999874,Q1: Lowest,Q3,TRUE,FALSE
18173,"Warrick County, IN",0.967329354968486,1.0026570123372385,0.03532765736875243,0.044555451253855405,0.06535318064576279,-0.10000000000000053,0.3110555080002635,0.09079890570350102,0.09079890570350124,-1.013790136073267,-1.4130686806650559,,,-2.3712348921000004,Q3,Q3,FALSE,FALSE
18175,"Washington County, IN",0.9381638564955804,1.0021679001270838,0.06400404363150336,0.11097080888360689,0.05972938625999846,-2.5999999999999996,0.3931559751126368,-0.007083156254427014,-0.007083156254427014,-0.8000137341754532,0.2941899867636233,,,-0.8493405510000009,Q2,Q3,FALSE,FALSE
18177,"Wayne County, IN",0.8627162710080782,0.9523166023166024,0.08960033130852418,0.1501439227459841,0.07258687258687258,0.29999999999999893,0.22034200667703052,-0.05018381027895913,-0.05018381027895924,-0.7608118318973012,4.062998382820702,6.209947612055018,3.613904173708871,-1.142052156,Q1: Lowest,Q1: Lowest,TRUE,TRUE
18179,"Wells County, IN",0.9221706285951904,0.9910482438157716,0.06887761522058122,0.11497678286783564,0.07263905972393059,-1.0999999999999996,0.3498313696290132,0.016525362839488356,0.016525362839488578,-0.4006254893853922,1.882684935631913,,,-0.9611271089999995,Q2,Q2,FALSE,FALSE
18181,"White County, IN",1.022235423915811,0.9951650106458482,-0.027070413269962734,0.05227870661121958,0.05101135557132719,0.9000000000000004,0.29887925848354535,-0.026653743639447502,-0.026653743639447502,-3.510047714735556,9.638042438849814,,,-0.699584959000001,Q4: Highest,Q2,FALSE,FALSE
18183,"Whitley County, IN",0.9415414190842364,1.0031575898030127,0.06161617071877634,0.09070255155540019,0.06060254924681341,0.7000000000000002,0.1631003574944303,0.03381730739962863,0.03381730739962863,-3.375710395330958,-0.4897235635893624,,,-0.9733502569999999,Q2,Q3,FALSE,FALSE
19001,"Adair County, IA",0.9072093023255814,1.0026448665544605,0.09543556422887911,0.09976744186046516,0.04279874969944697,-0.6000000000000014,0.2748361845287832,-0.09134798627874474,-0.09134798627874474,0.7485258804927397,5.398555482320198,,,0.4077511860000005,Q2,Q3,FALSE,FALSE
19003,"Adams County, IA",1.038064833005894,0.93360433604336035,-0.10446049696253357,0.007367387033398787,0.09051490514905147,1.6999999999999993,0.4309646983139894,-0.14135876042908224,-0.14135876042908213,-0.954749440516317,2.715217807085059,,,-4.6169429934,Q4: Highest,Q1: Lowest,FALSE,TRUE
19005,"Allamakee County, IA",0.9176463071811908,0.9494508402805346,0.031804533099343835,0.1339125990288781,0.07317718671430462,2.8000000000000007,0.3965037743345252,-0.04520404604115802,-0.04520404604115802,0.9807222239756996,-3.104129650928888,,,-1.577740618,Q2,Q1: Lowest,TRUE,TRUE
19007,"Appanoose County, IA",0.9094305163539764,0.9935470861060698,0.08411656975209336,0.07604183961480993,0.04355716878402904,0.8000000000000007,0.21319397944627205,-0.051812285387256796,-0.051812285387256574,-3.4065578609637437,18.484988553065893,,,-1.9605845740000003,Q2,Q2,TRUE,FALSE
19009,"Audubon County, IA",0.986251580278129,0.9919510624597552,0.005699482181626192,0.02718078381795197,0.056664520283322584,0.7000000000000011,0.3494241793922175,-0.11668273866923817,-0.11668273866923817,0.2437921792760478,13.746299579320597,,,0.7071672480000011,Q3,Q2,FALSE,FALSE
19011,"Benton County, IA",0.9678201926507314,0.9634286123647826,-0.004391580285948771,0.06799857295754552,0.08073644243857014,0.5999999999999996,0.2867853795688846,-0.016151308217601468,-0.016151308217601468,-1.553097273180265,-2.595590355941695,,,-0.48513621999999934,Q3,Q1: Lowest,TRUE,TRUE
19013,"Black Hawk County, IA",0.9551489182354594,0.95342761848867,-0.001721299746789473,0.06605788142736724,0.07191628852402698,-3.1999999999999993,0.43000119146908133,0.027176805786029545,0.027176805786029545,0.3153448253287783,1.395659683758372,5.056563017099833,4.044875685942305,-1.23154291,Q3,Q1: Lowest,TRUE,TRUE
19015,"Boone County, IA",0.9320634293986052,0.967635311940504,0.0355718825418988,0.08066850901434397,0.06596887481063218,-2,0.2863692115898899,-0.012013708432192183,-0.012013708432192294,1.7208284717087297,-4.869089670446435,,,-1.4089527010000005,Q2,Q1: Lowest,TRUE,TRUE
19017,"Bremer County, IA",0.9865863572537136,0.9751615812415452,-0.011424776012168403,0.030005173305742372,0.06403126409138737,-0.09999999999999964,0.296905744820402,0.03403886619631136,0.03403886619631136,-0.920642881039957,-4.588951125432223,,,-1.2885445180000001,Q3,Q2,FALSE,TRUE
19019,"Buchanan County, IA",0.977108768035516,0.9711678832116788,-0.005940884823837256,0.03089160192378837,0.05447080291970807,-0.8000000000000007,0.4347651545564031,0.0050310883288242625,0.0050310883288242625,-1.694004715194053,-0.6583058767439958,,,-3.018924321,Q3,Q2,FALSE,TRUE
19021,"Buena Vista County, IA",1.0511826289259405,0.9944950816713292,-0.05668754725461134,0.011244668476153574,0.03501489035285621,-0.40000000000000036,0.4312810477194038,-0.008990807152237545,-0.008990807152237545,-1.4922458805978174,-1.4090375998399303,,,1.3412574890000002,Q4: Highest,Q2,FALSE,FALSE
19023,"Butler County, IA",0.9674672221541478,1.0222889882615986,0.05482176610745082,0.05771351550055137,0.05422023476802684,0.8000000000000007,0.25381658429434384,-0.03489071586123926,-0.03489071586123926,-3.7964208224312235,5.3738167882522685,,,-3.0514613957000005,Q3,Q3,TRUE,FALSE
19025,"Calhoun County, IA",0.8679392286716011,0.954302273740526,0.08636304506892489,0.19244253992987925,0.07111012037449849,0.5,0.35241506927310695,-0.0280486578868,-0.02804865788680011,-0.5656856942294342,11.355415393767355,,,-0.4446151960000009,Q1: Lowest,Q1: Lowest,TRUE,TRUE
19027,"Carroll County, IA",0.929549014758018,0.9537585018991256,0.0242094871411076,0.09943111550828587,0.06995848423284157,-0.40000000000000036,0.2980649254520462,-0.0337342469691887,-0.0337342469691887,2.2757313631985547,-0.3115249880897186,,,-1.527384177,Q2,Q1: Lowest,TRUE,TRUE
19029,"Cass County, IA",0.9724264705882352,0.957463768115942,-0.014962702472293143,0.06672113289760351,0.07463768115942027,1.3000000000000007,0.3691699604743084,-0.08235630540463257,-0.08235630540463257,-1.8522209314699223,-2.0943027959771063,,,-0.8691902540000012,Q3,Q1: Lowest,TRUE,TRUE
19031,"Cedar County, IA",0.9632192279679532,0.9527824620573356,-0.010436765910617596,0.06864530225782961,0.07290943358793767,0.39999999999999947,0.3597450083274307,0.01670214507941714,0.01670214507941714,0.6239129541571797,-3.4324002858456732,,,-0.8051987690000004,Q3,Q1: Lowest,TRUE,TRUE
19033,"Cerro Gordo County, IA",0.8857795431976166,0.939654054054054,0.05387451085643735,0.12067527308838133,0.07398918918918918,-2.9000000000000004,0.2120384555607362,-0.045230651582285564,-0.04523065158228545,-0.6160269815148472,-1.3215833285846603,,,-0.7295554079999995,Q2,Q1: Lowest,TRUE,TRUE
19035,"Cherokee County, IA",1.030860349127182,0.985080456178722,-0.045779892948459966,0.017300498753117233,0.023902515231995047,1.8999999999999986,0.39587071516789774,-0.07546082949308752,-0.07546082949308752,2.4145459209547027,8.501145408419625,,,-1.9000863602999996,Q4: Highest,Q2,FALSE,FALSE
19037,"Chickasaw County, IA",0.937310491206792,0.9938566059554784,0.05654611474868643,0.09066100667070953,0.06446949985544959,0.5,0.41006333567909925,-0.04840510366826156,-0.04840510366826156,-1.5320551099937685,-2.1424177067307353,,,-1.1961859970000006,Q2,Q2,FALSE,FALSE
19039,"Clarke County, IA",0.978353140916808,1.005464480874317,0.027111339957508918,0.07788624787775889,0.06179066834804536,0.29999999999999893,0.34583362485132585,0.02688818450103847,0.02688818450103847,-2.4439415880016053,1.5239511485418702,,,-1.0269063989999996,Q3,Q3,FALSE,FALSE
19041,"Clay County, IA",0.9087272344457312,0.9929838803200742,0.084256645874343,0.11138014527845042,0.04615563029108194,0.10000000000000142,0.3162208204797643,-0.04239162929745888,-0.04239162929745888,2.103151945881115,1.8656604979474933,,,0.7645400780000013,Q2,Q2,TRUE,FALSE
19043,"Clayton County, IA",1.0212351143429237,0.9224644651063376,-0.09877064923658607,0.03793866582358518,0.08346692315913218,0.09999999999999964,0.2853623783418262,-0.038884933457473014,-0.038884933457473125,-1.6698602123844164,-4.710926670389842,,,-1.415063957000001,Q4: Highest,Q1: Lowest,FALSE,TRUE
19045,"Clinton County, IA",0.8501088440394052,0.9496678933668432,0.09955904932743798,0.1308711212780873,0.07840409298985729,1.5999999999999996,0.3258644407656974,-0.059036925945441965,-0.059036925945441965,1.6079045723060237,2.746178259383766,,,-2.0948489739999996,Q1: Lowest,Q1: Lowest,TRUE,TRUE
19047,"Crawford County, IA",0.9187725631768952,0.9389164305949008,0.020143867418005668,0.08018816322065414,0.07105760151085927,1.1999999999999993,0.39229976266391775,-0.006556021499025455,-0.006556021499025455,0.38991800526009535,-15.648620254932748,,,-2.496951609,Q2,Q1: Lowest,TRUE,TRUE
19049,"Dallas County, IA",1.127661504960077,1.1088884437484066,-0.01877306121167055,-0.004869344301959844,0.03651163637688026,-1,0.4796638196519867,0.5795585153133662,0.5795585153133662,3.8927855998856566,-8.440581331984017,,,-2.6756816500000014,Q4: Highest,Q4: Highest,FALSE,FALSE
19051,"Davis County, IA",0.9882516422435572,1.0084532785012563,0.020201636257699107,0.0702374936836786,0.05094813799405984,-1.4000000000000004,0.40101000196116887,0.03734439834024905,0.03734439834024905,1.4298236768656936,-5.679114799446749,,,0.7908498809999998,Q3,Q3,FALSE,FALSE
19053,"Decatur County, IA",0.9933526710176456,0.97267395361237,-0.020678717405275604,0.05317863185883487,0.06744868035190621,-1,0.40386059316731315,-0.0815731123818415,-0.08157311238184162,-5.199299448519201,-9.856545335028322,,,0.11155121500000043,Q3,Q2,FALSE,TRUE
19055,"Delaware County, IA",0.9451969855957264,0.9748025197480252,0.02960553415229883,0.07307068587236476,0.04489551044895512,-1.3000000000000007,0.6102138804015713,-0.05394583171125078,-0.05394583171125078,0.24363965180905223,-2.6390046638397213,,,0.2623436649999995,Q3,Q2,TRUE,FALSE
19057,"Des Moines County, IA",0.945704824041123,0.9118306414632904,-0.03387418257783259,0.07695729537366547,0.09405410913537471,1.8000000000000007,0.28864341924770764,-0.030816296075212635,-0.030816296075212635,0.7019012227998028,-2.427758036182181,,,-2.747160449999999,Q3,Q1: Lowest,TRUE,TRUE
19059,"Dickinson County, IA",0.915528921313184,1.0461201368106028,0.1305912154974188,0.09848879624804585,0.06380932022231722,-0.2999999999999998,0.38711164184107427,0.03751352651196349,0.03751352651196349,-1.8345227465911995,12.45004120464568,,,-1.8075294388999996,Q2,Q4: Highest,FALSE,FALSE
19061,"Dubuque County, IA",1.0376562375607037,0.9782380013149244,-0.059418236245779243,0.01761404346787676,0.06443129520052593,1.8999999999999986,0.3344938060657838,0.05623575382611534,0.05623575382611512,-0.4025469046553376,-4.8902048704446015,3.941290788297408,6.881647747505532,-1.796206892999999,Q4: Highest,Q2,FALSE,TRUE
19063,"Emmet County, IA",0.94399518238128,0.8681597081475476,-0.07583547423373238,0.07432897453544396,0.11876773408998786,0.40000000000000036,0.40078555782158776,-0.11606028607084573,-0.11606028607084584,-2.369110372970351,-12.974848054210657,,,-2.459491076000001,Q3,Q1: Lowest,TRUE,TRUE
19065,"Fayette County, IA",0.975538345296562,0.9748997995991984,-6.385456973636572e-4,0.05364563656970156,0.0639278557114229,1.299999999999999,0.34308893775115634,-0.0645084503689598,-0.06450845036895969,-1.281650300551923,2.2277744363543635,,,-0.6559066799999993,Q3,Q2,TRUE,TRUE
19067,"Floyd County, IA",0.9774646212391486,0.9268984220907298,-0.050566199148418756,0.08954691402069215,0.11143984220907299,-0.40000000000000036,0.2716520061551182,-0.051827605019094336,-0.051827605019094336,-2.1769310705631097,-1.3485731234182614,,,-2.3993744690000014,Q3,Q1: Lowest,TRUE,TRUE
19069,"Franklin County, IA",0.974321286529483,0.9585556011489536,-0.01576568538052947,0.05948469652429533,0.060320065654493216,1.0999999999999996,0.26390711990223137,-0.0640394088669951,-0.064039408866995,0.24288856362515987,-16.72528751938402,,,-2.071158972000001,Q3,Q1: Lowest,TRUE,TRUE
19071,"Fremont County, IA",0.9909780334728032,0.972452606635071,-0.018525426837732173,0.07662133891213385,0.03258293838862558,0.1999999999999993,0.2943240409918486,-0.08924365349384977,-0.08924365349384977,4.059415531332694,-16.14094974234945,,,-1.6423701729999998,Q3,Q2,FALSE,TRUE
19073,"Greene County, IA",0.9981681253816406,0.9656431178870516,-0.032525007494588976,0.019947079177691784,0.05196478419583428,0.8999999999999986,0.3285034550367023,-0.06912442396313367,-0.06912442396313367,-2.5109241430427365,-3.558362748717268,,,-0.9449317340000007,Q4: Highest,Q1: Lowest,FALSE,TRUE
19075,"Grundy County, IA",0.9863054480500149,0.9650051463020144,-0.02130030174800046,0.05775528431080679,0.06793118659020736,-0.5,0.42396366798724516,-0.006901031095234211,-0.006901031095234211,-0.6969700177962501,11.401947400724898,,,-0.820302440999999,Q3,Q1: Lowest,FALSE,TRUE
19077,"Guthrie County, IA",0.9458326202293342,0.9855072463768116,0.03967462614747741,0.09926407667294201,0.07246376811594202,-0.1999999999999993,0.3623781063227429,-0.038413098236775856,-0.038413098236775856,0.26836487450638824,1.2556164874881377,,,-0.3752608500000001,Q3,Q2,TRUE,FALSE
19079,"Hamilton County, IA",0.8063190039934226,0.9821823384055144,0.1758633344120918,0.22539346957951611,0.05306281701131488,0.6999999999999993,0.3283616578787052,-0.07593669856758611,-0.07593669856758611,4.512033386529265,-3.387021399143218,,,-0.9436286149999997,Q1: Lowest,Q2,TRUE,TRUE
19081,"Hancock County, IA",0.9594024307900068,0.9371207012811869,-0.022281729508819903,0.1423024983119514,0.06894807821982463,0.5999999999999996,0.33217361424306846,-0.0820379965457686,-0.08203799654576849,0.5956312725703933,4.693270422777779,,,-1.5071303730000007,Q3,Q1: Lowest,FALSE,TRUE
19083,"Hardin County, IA",0.9921043789898084,0.9328008043793988,-0.05930357461040958,0.07313248964049723,0.08591218858228133,1,0.2839636641633314,-0.05301028725616952,-0.05301028725616952,-1.2026077008618796,-4.53663079057636,,,-1.149711495,Q3,Q1: Lowest,FALSE,TRUE
19085,"Harrison County, IA",0.9659428719141786,0.960044035746665,-0.0058988361675136325,0.07069923743052864,0.06993912705608085,-1.5,0.3540355561206112,-0.07432298873295118,-0.07432298873295107,-2.266838774430069,0.18853618131023708,,,-1.4640711310000007,Q3,Q1: Lowest,TRUE,TRUE
19087,"Henry County, IA",0.9088019074110868,0.922414671421294,0.013612764010207168,0.1124577786608385,0.07407030056036679,-0.10000000000000142,0.31641096952150827,-0.019892922049216555,-0.019892922049216555,-0.5799885168010444,-2.969760849285347,,,-1.2776269419999995,Q2,Q1: Lowest,TRUE,TRUE
19089,"Howard County, IA",0.9761858475894246,0.992008681925809,0.015822834336384428,0.09720062208398139,0.05110497237569056,-2.4000000000000004,0.33680427570954663,-0.049605645496056505,-0.049605645496056616,-0.5606435084655692,9.021503495980486,,,-1.9903007880000008,Q3,Q2,FALSE,FALSE
19091,"Humboldt County, IA",0.9769944707740916,0.9431027425296766,-0.033891728244415,0.04364139020537128,0.07408923454768723,1.3000000000000007,0.26585246048048594,-0.03794665324609969,-0.03794665324609947,-0.6437802393684744,12.016156913640273,,,-1.287722560999999,Q3,Q1: Lowest,FALSE,TRUE
19093,"Ida County, IA",0.91389913899139,0.9368788611334944,0.02297972214210442,0.10824108241082409,0.0647327424120333,1.0999999999999996,0.31291980345309467,-0.050913115661317065,-0.050913115661317065,-2.4092342334111034,-4.274597814459803,,,-4.504879281899999,Q2,Q1: Lowest,TRUE,TRUE
19095,"Iowa County, IA",1.076382380506092,0.9159093397569256,-0.16047304074916635,0.06572164948453607,0.08003941749698895,0.5,0.2749027534131645,-0.007603630120186389,-0.007603630120186389,-2.2627124043167273,5.23095876449528,,,-1.8565145450000013,Q4: Highest,Q1: Lowest,FALSE,TRUE
19097,"Jackson County, IA",0.9826691380908248,0.9510537049626104,-0.031615433128214354,0.047451343836885984,0.08031465475381183,1.5,0.37520263182988467,-0.028778416187859146,-0.028778416187859257,-1.1922373482413762,0.9666807202073111,,,0.19543376400000056,Q3,Q1: Lowest,TRUE,TRUE
19099,"Jasper County, IA",1.0034728201595775,0.9831747381851044,-0.020298081974473137,0.06520865621950522,0.06974642496411676,-0.40000000000000036,0.4073044278128528,4.8430058923232266e-4,4.8430058923232266e-4,-1.0721529027916954,3.389661305747193,,,-0.2960884420000003,Q4: Highest,Q2,FALSE,TRUE
19101,"Jefferson County, IA",1.0273668639053255,1.0126955629648628,-0.01467130094046265,0.0692800788954635,0.0700179533213644,2,0.296766917293233,0.10210843373493983,0.10210843373493961,-2.6417943039662326,-6.739101802125145,,,0.6513853801000007,Q4: Highest,Q3,FALSE,FALSE
19103,"Johnson County, IA",1.0197189102605506,0.9811578752201724,-0.03856103504037822,0.021133401366695503,0.06833456938907945,0.5,0.3044953185880164,0.21357625199733432,0.21357625199733432,1.3509925042912845,-7.58603270181243,-0.4734838187614798,4.153970298598807,-1.9124434150000003,Q4: Highest,Q2,FALSE,FALSE
19105,"Jones County, IA",1.0100059148264984,0.972007629947544,-0.0379982848789544,0.014885646687697207,0.07582260371959948,-0.5,0.41968784289137195,-0.005864538768446836,-0.005864538768446836,3.094249166074442,0.259916371605851,,,-1.3274905977000007,Q4: Highest,Q2,FALSE,TRUE
19107,"Keokuk County, IA",0.9365178571428572,0.9808328468573652,0.04431498971450798,0.0798214285714286,0.05098268145553608,-0.6999999999999993,0.29260487988517925,-0.04135479041916168,-0.04135479041916157,-3.5447062303973045,-4.509737844241246,,,-1.4109408959999996,Q2,Q2,TRUE,FALSE
19109,"Kossuth County, IA",0.9285470085470086,0.9504121908568574,0.021865182309848796,0.09504273504273508,0.0749437921558831,1.3000000000000007,0.29628098274323755,-0.0670739387832221,-0.06707393878322199,-2.0585609232721183,7.429200478872492,,,0.12166878400000058,Q2,Q1: Lowest,TRUE,TRUE
19111,"Lee County, IA",0.984739785992218,0.88919106950857,-0.09554871648364804,0.04961089494163429,0.09569287205110366,1.3000000000000007,0.2756941669996005,-0.06844727373373927,-0.06844727373373938,-0.35234329101308803,7.193309071873635,,,-0.8550419260000002,Q3,Q1: Lowest,FALSE,TRUE
19113,"Linn County, IA",0.9705284466044296,0.9565508127816076,-0.013977633822822022,0.037145858779114915,0.07438424429619961,1.1999999999999993,0.22057050267540879,0.10136999611348618,0.10136999611348618,0.17067247652994277,-8.238949720810833,-0.0504915598916682,2.4159773767578265,-1.909409064,Q3,Q1: Lowest,FALSE,TRUE
19115,"Louisa County, IA",0.8887104544724587,0.965709156193896,0.0769987017214373,0.11964027621647666,0.05350089766606825,-1.4000000000000004,0.2789454783582248,-0.07206525395223684,-0.07206525395223684,-1.5105372621614432,-4.281190432972421,,,-0.17203243099999987,Q2,Q1: Lowest,TRUE,TRUE
19117,"Lucas County, IA",0.8479175431215819,0.9582747304266293,0.1103571873050474,0.1657551535549011,0.035161744022503494,1,0.36125855835064247,-0.07327586206896552,-0.07327586206896564,-2.3554619931676344,-0.757317562149158,,,0.8286743309999984,Q1: Lowest,Q1: Lowest,TRUE,TRUE
19119,"Lyon County, IA",0.9964146997311024,0.997497982243745,0.0010832825126425583,0.08186435613982668,0.05407586763518968,0.40000000000000036,0.35314456401653094,0.018984049930651947,0.018984049930651947,-4.211023108966377,0.6029983404824932,,,-1.0042140960000001,Q4: Highest,Q2,FALSE,FALSE
19121,"Madison County, IA",1.0288045493880578,1.016535781440106,-0.012268767947951842,0.04784274941278277,0.054861187921690036,-0.5,0.3101667990468626,0.0596705149824881,0.0596705149824881,2.4591226352035314,-0.8538730106116557,,,-2.2747441628999994,Q4: Highest,Q3,FALSE,FALSE
19123,"Mahaska County, IA",0.9751444074916856,1.011576022899478,0.03643161540779227,0.049711185016628745,0.04335746758713588,-2.6999999999999993,0.3392865216801555,-0.013087368232981955,-0.013087368232981844,-0.7605680978474583,1.252446969639079,,,-1.8985049319999998,Q3,Q3,FALSE,FALSE
19125,"Marion County, IA",0.9644548394548396,1.03222127174223,0.06776643228739054,0.05867405867405873,0.05640148274878809,-1.8000000000000007,0.22368057219754078,-7.812734757655093e-4,-7.812734757655093e-4,-0.0523553535718424,-1.3820886087205495,,,-3.336845385,Q3,Q3,FALSE,FALSE
19127,"Marshall County, IA",0.9282799124029464,0.9381077326747956,0.009827820271849252,0.07316344813856257,0.06353861192570875,-1.0999999999999996,0.22091517612202338,-0.012689655172413827,-0.012689655172413716,0.48697746176835366,-6.70139730104467,,,-3.2446435549999997,Q2,Q1: Lowest,FALSE,TRUE
19129,"Mills County, IA",0.8756923076923077,0.9449233716475096,0.06923106395520195,0.14276923076923076,0.09250136836343736,-3.799999999999999,0.41489672357739416,-0.008530743487105474,-0.008530743487105252,1.5813068368292604,-16.103581294430104,,,-2.6088062428,Q2,Q1: Lowest,TRUE,TRUE
19131,"Mitchell County, IA",0.9910136592379584,0.8399102445063448,-0.1511034147316136,0.04996405463695186,0.15815536985453416,0.3000000000000007,0.4077828345515562,-0.02090270070292266,-0.020902700702922994,-3.332764130450289,-0.047389459368046616,,,1.9134359209999996,Q3,Q1: Lowest,FALSE,TRUE
19133,"Monona County, IA",0.9868867284648428,0.9727982162764772,-0.014088512188365598,0.04567035948451281,0.05039018952062435,-1.0999999999999996,0.38428653354882436,-0.0857476387562347,-0.08574763875623459,-0.2205417916488539,-3.4888886794754983,,,-2.579631709699999,Q3,Q2,FALSE,TRUE
19135,"Monroe County, IA",0.9551171393341552,1.009046052631579,0.053928913297423775,0.07053020961775591,0.054550438596491224,0.29999999999999893,0.36040621381705895,-0.02158182049003432,-0.02158182049003421,-3.6201232486363146,-0.21096052863773052,,,-1.620513012,Q3,Q3,TRUE,FALSE
19137,"Montgomery County, IA",0.8903056610598662,0.9861724601497984,0.09586679908993223,0.13926568999819133,0.06183983099673518,2.0999999999999996,0.2787143723468768,-0.09689463618978233,-0.09689463618978233,1.527852204170721,22.28972193089355,,,-2.2813530570000005,Q2,Q2,TRUE,TRUE
19139,"Muscatine County, IA",0.872879177377892,0.915907641861736,0.04302846448384401,0.1415595544130248,0.07409600145732764,-0.5999999999999996,0.1918149191525489,0.008009450679267616,0.008009450679267616,-0.8028648806710337,-5.768961416556342,,,-2.9584519160000013,Q1: Lowest,Q1: Lowest,TRUE,TRUE
19141,"O'Brien County, IA",1.0260245091579918,0.9775972749901742,-0.04842723416781758,0.01660297799446564,0.04532949037075851,1.6999999999999993,0.3593182894113933,-0.04632133693918594,-0.04632133693918583,-2.0541460661309072,3.908784004526793,,,-0.12957994399999961,Q4: Highest,Q2,FALSE,FALSE
19143,"Osceola County, IA",1.0043833131801694,1.0063694267515924,0.001986113571422976,0.058041112454655375,0.033005211349160346,1,0.5270943396226415,-0.09727272727272729,-0.09727272727272729,-1.602513562465252,11.305502151423601,,,-0.29732472460000103,Q4: Highest,Q3,FALSE,FALSE
19145,"Page County, IA",0.848244199032138,1.0052906509509778,0.1570464519188398,0.22744757414071226,0.06790784891508173,2.700000000000001,0.2414999167241667,-0.070681594488189,-0.070681594488189,-0.23484362324491803,8.543933523542561,,,-1.4722577400999999,Q1: Lowest,Q3,TRUE,FALSE
19147,"Palo Alto County, IA",0.8700757575757576,0.908145908145908,0.038070150570150396,0.1393939393939394,0.09657909657909658,1.1999999999999993,0.28870273305877947,-0.07215203090738231,-0.0721520309073822,0.38438496150511314,-4.040917297286283,,,-1.869775001999999,Q1: Lowest,Q1: Lowest,FALSE,TRUE
19149,"Plymouth County, IA",1.0005333522969706,0.9917174614557188,-0.008815890841251783,0.02773431944246907,0.04704195051989957,0.7999999999999998,0.3764179104477612,0.011693321546250912,0.011693321546250912,-1.439067900960611,12.19225793461374,,,-2.333981830000001,Q4: Highest,Q2,FALSE,TRUE
19151,"Pocahontas County, IA",0.9749576578756352,0.9117797695262484,-0.06317788834938676,0.07040890394386645,0.08527528809218954,-1.0999999999999996,0.3704842804139816,-0.13668970914308076,-0.13668970914308065,-5.356310105795342,-3.103125129993133,,,0.422099459,Q3,Q1: Lowest,FALSE,TRUE
19153,"Polk County, IA",0.994298946572494,1.0074724624879765,0.013173515915482548,0.01725352717774231,0.06559598175019932,0.6999999999999993,0.2382257204332714,0.1867615441233439,0.1867615441233439,0.2651781004883169,-4.649049784766834,1.173484763009867,3.6965998076134667,-2.9835887230000004,Q4: Highest,Q3,FALSE,FALSE
19155,"Pottawattamie County, IA",0.9870393900889454,0.9538731645030858,-0.03316622558585958,0.028991952562473555,0.06761012981485426,0.09999999999999964,0.24459941816081043,0.021558763248172408,0.021558763248172408,0.02822630762464584,1.3240165289059849,2.0067125066744183,6.2903997046757105,-1.6167967460000003,Q3,Q1: Lowest,FALSE,TRUE
19157,"Poweshiek County, IA",0.9428654012910684,0.9580625812256324,0.015197179934563931,0.07630792947297427,0.09807057882635206,1,0.18628014956650363,-0.033228840125391845,-0.033228840125391734,-1.111791772169135,-1.3255796933510609,,,-2.5015992846999993,Q3,Q1: Lowest,TRUE,TRUE
19159,"Ringgold County, IA",1.0357142857142858,0.9306492411467115,-0.10506504456757426,0.027731092436974802,0.08473861720067455,1.0999999999999996,0.42568987253116686,-0.059027110171120944,-0.059027110171120944,-0.23698399814471305,-5.865317623445932,,,-3.0044497360000015,Q4: Highest,Q1: Lowest,FALSE,TRUE
19161,"Sac County, IA",0.9486145212206244,0.981264869151467,0.03265034793084265,0.07102770957558746,0.04996034892942114,-1.0999999999999996,0.533211141802411,-0.07700341815419676,-0.07700341815419642,3.0028367956335957,13.696703152790032,,,-1.3177342230000004,Q3,Q2,TRUE,TRUE
19163,"Scott County, IA",0.9523345411181948,0.9742529631072284,0.0219184219890336,0.06799523001421826,0.07906070891992656,0.40000000000000036,0.35869183222045353,0.08037382009907734,0.08037382009907712,0.304297220847527,-2.886846027102867,3.444897177280083,2.4436433363852146,-2.515389205,Q3,Q2,FALSE,TRUE
19165,"Shelby County, IA",0.9091031874662344,0.9493850520340588,0.040281864567824344,0.14910858995137766,0.0767896562598549,-0.8000000000000007,0.3276422050561798,-0.08338668373879643,-0.08338668373879654,1.5819415530347158,-14.57961221940593,,,0.28926022460000134,Q2,Q1: Lowest,TRUE,TRUE
19167,"Sioux County, IA",1.033131281732463,1.0619462599854756,0.028814978253012713,0.02590405139363794,0.01975308641975304,0,0.35014903973135114,0.05143288084464559,0.05143288084464559,0.7151814359821901,-3.754485562142494,,,-2.0468877889999995,Q4: Highest,Q4: Highest,FALSE,FALSE
19169,"Story County, IA",1.0823667843335014,1.0039490590280402,-0.0784177253054612,0.013111447302067591,0.05685511299221524,1.4000000000000004,0.30643124796350607,0.12222093829443037,0.12222093829443037,-0.7797619804011002,-5.544174463820129,1.5681040642311928,3.1059182127843954,-3.0263498675000005,Q4: Highest,Q3,FALSE,FALSE
19171,"Tama County, IA",0.9988999536822604,0.9418753640069888,-0.057024589675271575,0.036938397406206525,0.0670937682003494,2.299999999999999,0.25812581034559834,-0.06698405668733387,-0.06698405668733387,-4.7657318795092385,3.4240097022487612,,,-0.1496946709999989,Q4: Highest,Q1: Lowest,FALSE,TRUE
19173,"Taylor County, IA",0.9291386682956628,0.963020030816641,0.033881362520978175,0.08185705558949297,0.08104776579352846,1.4000000000000004,0.32348406988694767,-0.05071339950372211,-0.05071339950372211,-5.047876030304183,9.042417127223004,,,1.8362494496000004,Q2,Q1: Lowest,TRUE,TRUE
19175,"Union County, IA",1.020629750271444,0.939298709890837,-0.08133104038060712,-0.0032573289902280145,0.06615944426066822,-1.200000000000001,0.2999705188679245,-0.006331682766458346,-0.006331682766458346,-2.845122488591384,-5.861182312665768,,,-3.4639365509999998,Q4: Highest,Q1: Lowest,FALSE,TRUE
19177,"Van Buren County, IA",0.9493687532877432,0.9846083511124656,0.03523959782472241,0.07759074171488689,0.043889058213959165,-0.5,0.2977737742890232,-0.08400520156046809,-0.0840052015604682,0.14805172264167887,6.47532987891825,,,-1.5824464850000002,Q3,Q2,TRUE,TRUE
19179,"Wapello County, IA",0.9465842622227127,0.936901879395826,-0.009682382826886715,0.07664716918662395,0.07079441946270038,-3.5,0.31682084690553736,-0.013790963957358016,-0.013790963957357905,-0.5576323721958543,5.418415277016402,,,-1.5323833960000002,Q3,Q1: Lowest,TRUE,TRUE
19181,"Warren County, IA",0.9920221295702372,1.0334855950796678,0.041463465509430586,0.023292174470814664,0.0584109628457361,0.39999999999999947,0.28966735831928414,0.14705357938842822,0.14705357938842822,-1.974362847924488,1.6099029326337035,,,-0.02220417000000019,Q3,Q4: Highest,FALSE,FALSE
19183,"Washington County, IA",0.9692942633099464,0.9465754540272008,-0.02271880928274561,0.07148163433759802,0.07500610798924989,0.9000000000000004,0.25793295533671534,0.017463405595701254,0.017463405595701254,-3.7505611755258963,-12.104987380119997,,,-0.5236659610000007,Q3,Q1: Lowest,FALSE,TRUE
19185,"Wayne County, IA",0.8748003832641329,1.0315172632245804,0.15671687996044747,0.15234749281379756,0.04402914159011717,3.5000000000000018,0.45989539198784435,0.010194479297365167,0.010194479297364945,1.7113785625199662,8.89229171573185,,,-2.693885206000001,Q1: Lowest,Q3,FALSE,FALSE
19187,"Webster County, IA",0.9948744499093968,0.9466688911133356,-0.04820555879606114,0.06026404348951597,0.07602046490935377,-1.200000000000001,0.24449421425905182,-0.06482952621571636,-0.06482952621571647,-0.24168922765736012,-2.8378832554656963,,,-1.8257611799999989,Q4: Highest,Q1: Lowest,FALSE,TRUE
19189,"Winnebago County, IA",0.8886517253646389,0.9480020491803278,0.05935032381568894,0.1341159729633582,0.0636953551912568,0.8999999999999986,0.08454898575744507,-0.05752776260695436,-0.05752776260695425,-1.0451354192056783,-5.634209989492307,,,-2.3267220379000015,Q2,Q1: Lowest,FALSE,TRUE
19191,"Winneshiek County, IA",0.9889602899983524,0.9384314683606156,-0.050528821637736754,0.06310759597956828,0.10008958384233246,-1.8000000000000007,0.394836620798364,-0.05157035771894869,-0.05157035771894869,1.2044724825837017,-3.255497614594562,,,-1.7804937381000006,Q3,Q1: Lowest,FALSE,TRUE
19193,"Woodbury County, IA",0.9819637612899652,0.9868941597268638,0.004930398436898575,0.045898671986110307,0.06817565980815432,-1.5,0.312963545646604,0.02602197189826061,0.02602197189826061,-0.4445628124335216,7.1689315780805565,1.8863457327450561,3.600407046950547,-3.057219506000001,Q3,Q2,FALSE,TRUE
19195,"Worth County, IA",0.9712734675412804,0.9473975636766334,-0.023875903864646997,0.09975118751413703,0.07353266888150611,0.8000000000000007,0.35475659480525334,-0.035793598954931394,-0.03579359895493117,-2.0649845319185847,-11.399367681119573,,,-1.0069481919999994,Q3,Q1: Lowest,FALSE,TRUE
19197,"Wright County, IA",0.9544274588981828,0.9647260808490712,0.010298621950888376,0.08422267089702917,0.07616669267988141,-0.09999999999999964,0.24543158861340686,-0.0689297361399348,-0.0689297361399348,-2.9434467812879337,-2.3906918275923603,,,-1.2247414660000011,Q3,Q1: Lowest,TRUE,TRUE
20001,"Allen County, KS",0.8842643805309734,0.966383049716383,0.08211866918540955,0.11462942477876104,0.03003003003003002,1.4000000000000004,0.27213775816031816,-0.08682170542635659,-0.08682170542635659,0.6606570568253423,3.6146881331861787,,,-3.3153676979999993,Q2,Q1: Lowest,TRUE,FALSE
20003,"Anderson County, KS",0.8785557986870897,1.0522365655959172,0.1736807669088275,0.025528811086797942,-0.011407985589912961,0.3999999999999986,0.2732953136622862,-0.022636815920398012,-0.022636815920398123,-2.12490761271249,2.6690484963829357,,,0.392445618,Q2,Q4: Highest,FALSE,FALSE
20005,"Atchison County, KS",0.8766349583828775,0.9884748367268535,0.11183987834397602,0.15136741973840662,0.040338071456012314,-0.5,0.30488387892207425,-0.04690464895635671,-0.04690464895635671,3.373221041492963,-3.6416879887788998,,,-2.6208282880000002,Q2,Q2,TRUE,FALSE
20007,"Barber County, KS",0.9813418771202412,0.9462517680339464,-0.03509010908629484,0.006030908405578628,0.04856199905704861,2,0.2543019138874445,-0.10148163182463976,-0.10148163182463965,7.588960657662963,-8.66250143442808,,,-0.49890256499999985,Q3,Q1: Lowest,FALSE,TRUE
20009,"Barton County, KS",0.9606767717058902,0.9432977461447212,-0.017379025561168993,0.06176040420156892,0.03819691577698692,1,0.2546101745192071,-0.06230903535573984,-0.06230903535573984,4.60555196069882,-2.3749871083811493,,,-3.8706455579999997,Q3,Q1: Lowest,FALSE,TRUE
20011,"Bourbon County, KS",0.7700124900647213,0.8729483282674773,0.10293583820275598,0.2926081526058817,0.1120060790273556,-0.7000000000000011,0.2596092588660013,-0.033515095092432556,-0.033515095092432445,-0.4087105568697347,-4.188206445053202,,,-4.099780782,Q1: Lowest,Q1: Lowest,TRUE,TRUE
20013,"Brown County, KS",0.9521587998536408,0.8975289050102018,-0.05462989484343905,0.1022685693377241,0.059170256177737524,3.3000000000000007,0.23855409135892502,-0.047030689517736146,-0.047030689517736146,-1.8883739251486538,8.1594590715582,,,0.025675475999999975,Q3,Q1: Lowest,FALSE,TRUE
20015,"Butler County, KS",0.984388537688926,1.0214672391263766,0.03707870143745062,0.032570676764111295,0.04318337377885628,0.5999999999999996,0.17432413254807355,0.042016414121750945,0.04201641412175117,-0.12409087371265115,-0.1466881832082274,,,-2.351234334999999,Q3,Q3,FALSE,FALSE
20017,"Chase County, KS",0.722939729397294,0.8540474243663123,0.1311076949690183,0.27121771217712176,0.08013082583810305,1,0.2788109679683193,-0.06760563380281692,-0.06760563380281692,-1.2024199261003565,27.01587166503553,,,-2.0918706884000002,Q1: Lowest,Q1: Lowest,TRUE,TRUE
20019,"Chautauqua County, KS",0.7928730512249443,0.9904361132364192,0.1975630620114749,0.15033407572383073,-0.0038255547054322214,2.799999999999999,0.31756185878092946,-0.1349480968858131,-0.13494809688581322,2.7098100586087304,5.821666223050307,,,-2.209697994800001,Q1: Lowest,Q2,TRUE,FALSE
20021,"Cherokee County, KS",0.9390946890946892,0.98555738605162,0.04646269695693084,0.0746550746550747,0.04733662822624929,2.4000000000000004,0.24737089938785117,-0.08937705516989403,-0.08937705516989414,-0.987172334608899,-4.930128690093385,,,-1.4365178190000005,Q2,Q2,FALSE,TRUE
20023,"Cheyenne County, KS",0.9184173669467788,0.9861441013460016,0.06772673439922283,0.1113445378151261,0.03246239113222482,1.299999999999999,0.4571235027865874,-0.0544483985765124,-0.05444839857651251,-1.8122630992196243,-11.037519906458064,,,5.541431650800001,Q2,Q2,FALSE,FALSE
20025,"Clark County, KS",0.8785240464344942,1.077449947312961,0.19892590087846684,0.041459369817578806,-0.027397260273972712,0.3000000000000007,0.50205918242831,-0.09363636363636363,-0.09363636363636363,2.7224942979866382,18.96507704932981,,,-2.2782087630000003,Q2,Q4: Highest,FALSE,FALSE
20027,"Clay County, KS",0.8036612351639509,0.9785126093669584,0.17485137420300745,0.1957352645342989,0.02290272774060731,0.5,0.2556441061020578,-0.06156913334115166,-0.06156913334115166,3.851380951302569,-11.496627426349699,,,-3.912270144999999,Q1: Lowest,Q2,FALSE,TRUE
20029,"Cloud County, KS",0.7961369622475856,0.9952456418383518,0.19910867959076628,0.2493415276558385,-0.004527960153950739,0.40000000000000036,0.29178873357328206,-0.0775853018372703,-0.0775853018372703,1.8007815309375952,-1.1430735965652827,,,-1.9756084390000002,Q1: Lowest,Q2,TRUE,FALSE
20031,"Coffey County, KS",0.8954286835393369,0.929813508064516,0.0343848245251791,0.17127722189523253,0.048135080645161255,2.1999999999999993,0.3466534968113204,-0.042495902598923,-0.042495902598922664,0.4242368819377895,7.364930472071159,,,0.7331353360000001,Q2,Q1: Lowest,FALSE,TRUE
20033,"Comanche County, KS",0.9109141791044776,0.9776632302405498,0.06674905113607221,0.12033582089552242,0.0297823596792669,1.6999999999999993,0.3563674499022136,-0.07658881042911458,-0.07658881042911458,1.0886191594883798,,,,1.8321792338000016,Q2,Q2,TRUE,FALSE
20035,"Cowley County, KS",0.9289148351648352,0.9690767947648682,0.04016195960003299,0.08882783882783885,0.034195162635529575,-1.1999999999999993,0.3510813999213527,-0.03430341927630853,-0.03430341927630853,0.35576742333828515,-7.022141470802229,,,-1.8902221389999987,Q2,Q2,TRUE,TRUE
20037,"Crawford County, KS",0.9447567004944054,1.0224329940853627,0.07767629359095729,0.07946916471506638,0.012362125006660674,2.9000000000000004,0.2167634996582366,-0.002672010688042792,-0.002672010688042792,-0.5236906617189535,0.4783813251384701,,,-2.059586919999999,Q3,Q3,TRUE,FALSE
20039,"Decatur County, KS",0.825493612078978,0.937625754527163,0.11213214244818503,0.23809523809523814,0.0556673373574782,1.799999999999999,0.3442491325667423,-0.07098258297732496,-0.07098258297732485,2.7303125848392726,20.77416248486933,,,2.2296090251000003,Q1: Lowest,Q1: Lowest,FALSE,TRUE
20041,"Dickinson County, KS",0.8732552464616886,0.9555406613047364,0.08228541484304774,0.09087359687652519,0.04959785522788207,1.200000000000001,0.28661009062506926,-0.05078647064870978,-0.05078647064870967,1.618401403770936,-12.48236389889338,,,-1.1410647399999991,Q1: Lowest,Q1: Lowest,FALSE,FALSE
20043,"Doniphan County, KS",0.9171864171864172,0.9728362183754994,0.05564980118908214,0.04874104874104879,0.03515312916111846,-1,0.2699133206171378,-0.0485728592889334,-0.04857285928893362,0.6302327012045861,-13.695477426666315,,,-2.5363402061,Q2,Q2,TRUE,TRUE
20045,"Douglas County, KS",1.004993778515139,1.0127683446779865,0.0077745661628474405,0.023409373703857317,0.05526217368539155,-0.3000000000000007,0.40329744279946156,0.13316093871649426,0.13316093871649448,1.1742394942419216,3.1199936889679343,-0.2809215092802191,1.000450037147175,-1.9838809606000005,Q4: Highest,Q3,FALSE,FALSE
20047,"Edwards County, KS",0.9582107121836374,0.9692307692307692,0.011020057047131826,0.08593290170688639,0.07062937062937058,-0.20000000000000107,0.33005206638464046,-0.08800521512385917,-0.08800521512385928,-3.0766158556879475,-6.4103340717387045,,,-8.813401138900002,Q3,Q2,FALSE,TRUE
20049,"Elk County, KS",0.7815186246418339,0.994786235662148,0.2132676110203141,0.10243553008595985,0.02502606882168923,2.099999999999998,0.33246472607092925,-0.13916298060564813,-0.13916298060564813,0.4177708539182312,-1.8867163281856243,,,-0.8340283574000011,Q1: Lowest,Q2,FALSE,FALSE
20051,"Ellis County, KS",1.044389458621512,1.0088229943605602,-0.03556646426095167,-0.011328404483663235,0.013583166575708017,0.5,0.18182866632836636,0.030422230241790027,0.030422230241789805,3.6258775018923775,-2.93148174762545,,,-3.159676986000001,Q4: Highest,Q3,FALSE,FALSE
20053,"Ellsworth County, KS",0.9018503620273532,0.9617292700212616,0.05987890799390838,0.1316706891928131,0.038625088589652745,-0.09999999999999964,0.36416517055655295,-0.06166384745502074,-0.06166384745502085,3.4361373838283416,-10.417625871487195,,,0.5312185096000004,Q2,Q1: Lowest,TRUE,TRUE
20055,"Finney County, KS",1.0703477929570566,1.0182552175900066,-0.05209257536705003,-0.024165895607685117,0.019499314477225416,-2.4000000000000004,0.11138642611018623,0.02254437372066298,0.02254437372066298,0.13479540368111775,16.507283805254165,,,-2.0521111370000007,Q4: Highest,Q3,FALSE,FALSE
20057,"Ford County, KS",1.0342893124964223,1.0271878925644553,-0.007101419931967001,0.00526647203617836,0.010348746784710205,1.1000000000000014,0.21140321686078756,0.04510693857249448,0.04510693857249448,2.251579148944813,-12.15839488362648,,,-2.916175915,Q4: Highest,Q3,FALSE,FALSE
20059,"Franklin County, KS",0.988973674170164,1.0668541080912215,0.07788043392105748,0.05616177031667302,0.01249609497032178,0.7000000000000011,0.17529495738338152,-0.007383228413771703,-0.007383228413771703,0.031188818947736063,-7.36835960648842,,,-3.754214609,Q3,Q4: Highest,FALSE,FALSE
20061,"Geary County, KS",0.967968628669048,0.9497813301161212,-0.01818729855292678,0.09830719055754,0.05195294827326191,0.09999999999999964,0.4524454514111216,0.1330542735501412,0.13305427355014143,1.5863590534128251,-27.67951068504034,,,1.9102969979999997,Q3,Q1: Lowest,FALSE,TRUE
20063,"Gove County, KS",0.9096426163182738,0.8862745098039215,-0.023368106514352283,0.026298044504383,0.07686274509803925,-0.3000000000000007,0.40483071294111417,-0.0438882843670656,-0.04388828436706582,-0.5448790588928054,29.399987781137046,,,-1.4175643880000006,Q2,Q1: Lowest,FALSE,TRUE
20065,"Graham County, KS",0.836637047163363,1.027367506516073,0.19073045935271005,0.11141490088858508,0.022589052997393555,0.10000000000000142,0.3229470950989939,-0.08311784263021793,-0.08311784263021782,1.541810244812164,-4.296914883578462,,,-4.238834933000001,Q1: Lowest,Q3,TRUE,FALSE
20067,"Grant County, KS",0.9817876517695686,0.891395908543923,-0.09039174322564558,0.0051666236114699116,0.15282791817087849,-0.3000000000000007,0.29050013859739443,-0.07813305827746264,-0.07813305827746264,2.1917283801293266,1.837765122963681,,,-3.315441162000001,Q3,Q1: Lowest,FALSE,TRUE
20069,"Gray County, KS",1.079453755431409,0.9549295774647888,-0.12452417796662019,-0.04283054003724396,0.07323943661971832,-0.5,0.3713917014095691,0.04411508282476029,0.04411508282476029,-0.4832464149097937,3.519244242626492,,,1.3174835619999996,Q4: Highest,Q1: Lowest,FALSE,TRUE
20071,"Greeley County, KS",1.0547752808988764,0.8879310344827587,-0.16684424641611773,0.053370786516853896,0.08908045977011492,0.5999999999999996,0.463544012410549,-0.0337254901960784,-0.03372549019607851,-0.4617070219152031,,,,6.260010935,Q4: Highest,Q1: Lowest,FALSE,TRUE
20073,"Greenwood County, KS",0.9413914060216312,0.9343899113837764,-0.0070014946378548215,0.06927798889213677,0.08350374914792091,1.3000000000000007,0.3310790769413301,-0.1401466149202243,-0.14014661492022418,0.71823113764381,-4.532571409787794,,,-1.1852585454,Q2,Q1: Lowest,TRUE,TRUE
20075,"Hamilton County, KS",1.4096045197740112,1.008139534883721,-0.40146498489029026,-0.03874092009685226,0.015503875968992276,0.9000000000000004,0.4894802805258527,-0.035700721610330444,-0.035700721610330444,-2.4678102808912694,,,,-6.616073166,Q4: Highest,Q3,FALSE,FALSE
20077,"Harper County, KS",0.8819465304896366,0.9743844320889596,0.09243790159932308,0.17452688495043556,0.04050833995234315,1.8999999999999986,0.20761043513602773,-0.09369789929976657,-0.09369789929976657,-2.8683158927712062,-9.69215639944735,,,-3.76650379,Q2,Q2,TRUE,FALSE
20079,"Harvey County, KS",0.969743382267946,0.9865552113170049,0.01681182904905887,0.055542711825222524,0.04898579528847835,0.9000000000000004,0.3672015808560074,0.017916802176034086,0.017916802176034086,-0.6925461892772877,-1.5551089194324241,,,-3.2877417169999994,Q3,Q2,TRUE,FALSE
20081,"Haskell County, KS",1.1146421845574388,1.007705986959099,-0.10693619759833983,-0.04284369114877595,0.0462359217545939,-1.3000000000000007,0.3469805747795529,-0.05162523900573612,-0.05162523900573601,-0.9399022224749864,-10.522998519706407,,,-4.7455532940000005,Q4: Highest,Q3,FALSE,FALSE
20083,"Hodgeman County, KS",1.052094522019334,1.0176537585421412,-0.034440763477192826,0.06981740064446829,-0.03075170842824604,0.09999999999999964,0.40768971006802057,-0.08422664624808573,-0.08422664624808573,-3.4652034689448943,16.6105838587362,,,3.314374806400001,Q4: Highest,Q3,FALSE,FALSE
20085,"Jackson County, KS",1.0730628431970717,1.02383523603826,-0.04922760715881158,0.016320927394752882,0.024529466214131435,0.40000000000000036,0.2654752708824819,-0.013260413545100436,-0.013260413545100325,0.6115537926304426,-7.4516638485305675,,,-0.8426729049999988,Q4: Highest,Q3,FALSE,FALSE
20087,"Jefferson County, KS",1.0503134457414611,1.019308726264135,-0.031004719477326192,0.031668828361435364,0.025282696820994266,0.09999999999999964,0.30856161114822944,-3.149771641556276e-4,-3.149771641556276e-4,-1.996564487853869,-0.10414883213252901,,,-3.3277400863000004,Q4: Highest,Q3,FALSE,FALSE
20089,"Jewell County, KS",0.684140500266099,0.9391727493917276,0.2550322491256286,0.2682277807344332,0.07055961070559613,0.5,0.2984480812641084,-0.10031250000000003,-0.10031249999999992,0.9068357295053786,18.507185654741228,,,1.1967766682,Q1: Lowest,Q1: Lowest,FALSE,TRUE
20091,"Johnson County, KS",1.0314740229371566,1.0446580647113102,0.013184041774153554,0.025310447365298305,0.022127093134066467,1,0.2772612943121968,0.1498857560619915,0.14988575606199128,1.2763875119579216,-5.134923684912631,0.7458013608961238,6.394627034168842,-3.169230668999999,Q4: Highest,Q4: Highest,FALSE,FALSE
20093,"Kearny County, KS",0.9241412213740458,0.9417582417582416,0.01761702038419588,0.031011450381679406,0.054395604395604424,-0.9000000000000004,0.45647939750692523,-0.022912423625254585,-0.022912423625254585,3.6190050247995154,-2.941959969391732,,,-1.5553608220000008,Q2,Q1: Lowest,FALSE,TRUE
20095,"Kingman County, KS",0.8190652475705692,1.056779176201373,0.23771392863080376,0.1839426191577973,0.028318077803203612,0.5,0.26857486791948104,-0.1072275621021096,-0.10722756210210949,3.1270082868256335,3.4945308701653772,,,-0.7925422100000006,Q1: Lowest,Q4: Highest,FALSE,FALSE
20097,"Kiowa County, KS",0.8462264150943396,0.948051948051948,0.10182553295760843,0.1855345911949685,0.07873376623376627,0.5,0.35120847979508985,-0.12759957701797675,-0.12759957701797664,-0.9577884472361742,15.010592352855307,,,0.30837028400000044,Q1: Lowest,Q1: Lowest,TRUE,TRUE
20099,"Labette County, KS",0.9422098936662044,0.9316488004083716,-0.010561093257832832,0.08404993065187238,0.07953037263910157,1.200000000000001,0.20785364653121485,-0.10534476468442178,-0.10534476468442167,-3.2636529762934603,-5.9991700658052185,,,-1.8489861209999994,Q3,Q1: Lowest,TRUE,TRUE
20101,"Lane County, KS",0.7576045627376425,0.8440428380187416,0.08643827528109904,0.18726235741444863,0.09370816599732268,0.40000000000000036,0.37476352198390805,-0.12932501418037434,-0.12932501418037434,2.3000931474490116,-13.950162681688933,,,-3.5749114116000005,Q1: Lowest,Q1: Lowest,FALSE,TRUE
20103,"Leavenworth County, KS",1.0385036378855192,1.0382739702168422,-2.2966766867704713e-4,0.03393213572854292,0.02548695172573945,0.10000000000000142,0.28870008496176713,0.10796709625835121,0.10796709625835121,1.31747973089823,-17.392273061192427,2.4591893572594756,3.21292486495841,-1.3453934929999996,Q4: Highest,Q4: Highest,FALSE,FALSE
20105,"Lincoln County, KS",0.8602266594711279,0.9876673713883016,0.12744071191717377,0.08148947652455474,0.01620859760394644,0.9000000000000004,0.3032885722115648,-0.1197622585438336,-0.1197622585438336,-0.6535200120264095,-6.861353268192549,,,-6.1068898192,Q1: Lowest,Q2,FALSE,FALSE
20107,"Linn County, KS",0.8951737879123312,1.0288373161764706,0.1336635282641394,0.12154084569404477,0.034007352941176516,0.1999999999999993,0.5242297156432572,-0.01572327044025157,-0.015723270440251458,1.323801978103789,5.110265449899758,,,-3.356958284800001,Q2,Q3,FALSE,FALSE
20109,"Logan County, KS",0.987811955890888,0.9760765550239234,-0.011735400866964563,0.06790481717933838,0.04237867395762129,0.3000000000000007,0.38312493541386794,-0.0014295925661186315,-0.0014295925661187425,-1.5958382268540405,-7.518152602098954,,,5.1896615652,Q3,Q2,FALSE,TRUE
20111,"Lyon County, KS",0.8747416944841837,1.0228244945795488,0.14808280009536512,0.18894717321040644,0.021154409610313563,-5.1,0.2976801103965423,-0.07837747792770278,-0.07837747792770267,0.98776233167943706,0.04014912762527345,,,-2.774940549,Q1: Lowest,Q3,TRUE,FALSE
20113,"McPherson County, KS",0.9609571788413098,1.0192794126719724,0.058322233830662595,0.061952740794050665,0.016657412548584105,-0.7999999999999998,0.27922431214052534,-0.024205128205128212,-0.024205128205128323,0.1834853429110106,-1.744437796571494,,,-1.3431579780000007,Q3,Q3,FALSE,FALSE
20115,"Marion County, KS",0.8999846719803801,0.9881282495667244,0.08814357758634428,0.08905579399141628,0.02772963604852685,0.5,0.2545071241640011,-0.06476745101125359,-0.0647674510112537,2.1411397119113493,4.857400558167053,,,-0.6303509942999987,Q2,Q2,FALSE,FALSE
20117,"Marshall County, KS",0.9969298993689236,0.95107421875,-0.045855680618923644,0.04264028654272556,0.025781249999999978,0.3000000000000007,0.36358754027926965,-0.04364532019704437,-0.04364532019704448,-0.14747937842245484,-2.1498984278777034,,,-0.6461587350000002,Q4: Highest,Q1: Lowest,TRUE,TRUE
20119,"Meade County, KS",0.964470284237726,0.9213235294117648,-0.0431467548259612,0.015503875968992276,0.07499999999999996,-1,0.4643650038512075,-0.10178173719376393,-0.10178173719376382,0.4442595493566903,2.402561937512182,,,-3.5198733606,Q3,Q1: Lowest,FALSE,TRUE
20121,"Miami County, KS",1.006215733775341,1.0445962587228057,0.03838052494746469,0.05807726635216115,0.025977833812232398,-0.5,0.2582286612682365,0.07117827420061329,0.07117827420061329,1.229018987617414,-11.236994513687929,,,-1.8570441080000002,Q4: Highest,Q4: Highest,FALSE,FALSE
20123,"Mitchell County, KS",1.0977596741344195,0.9675572519083968,-0.13020242222602274,-0.054698865289496634,0.02519083969465652,0.09999999999999964,0.2920136213367801,-0.06417279699483491,-0.0641727969948348,3.8393704221317773,-16.246694913388495,,,3.039665363400001,Q4: Highest,Q1: Lowest,FALSE,TRUE
20125,"Montgomery County, KS",0.9972824481597448,0.9950846727898968,-0.0021977753698479985,0.04454421929461805,0.03135763490241106,1.1999999999999993,0.18605898123324405,-0.10350946372239744,-0.10350946372239744,0.7530966549575746,-8.496717920773994,,,-5.157841895000001,Q4: Highest,Q2,FALSE,FALSE
20127,"Morris County, KS",1.0944365698086465,0.9857092448835568,-0.10872732492508963,0.024805102763997167,0.008115737473535667,0.5,0.4713783006957315,-0.05243635137413594,-0.05243635137413594,0.013211083321784667,-16.531362147495727,,,3.4819009673999997,Q4: Highest,Q2,FALSE,FALSE
20129,"Morton County, KS",0.7892441860465116,0.9232081911262798,0.13396400507976824,0.10639534883720925,0.03412969283276446,0.7999999999999989,0.21142524422591702,-0.20546683046683045,-0.20546683046683056,4.902348995384454,-22.795417267779076,,,-2.48539613,Q1: Lowest,Q1: Lowest,TRUE,TRUE
20131,"Nemaha County, KS",1.0293007370124034,1.0140705509314307,-0.015230186080972707,-0.0021571094733057183,0.019817677368212494,0.6000000000000014,0.46003916599470096,-0.009104116222760306,-0.009104116222760084,-0.3368424983043572,0.7828271054855596,,,1.6539592600000006,Q4: Highest,Q3,FALSE,FALSE
20133,"Neosho County, KS",0.72287126488429565,1.0200190657769304,0.2971478008926347,0.3053246461469332,0.0057197330791229906,1.3999999999999986,0.3442520625271386,-0.034443238026299894,-0.034443238026299894,1.2838479395043096,-10.39664205300819,,,-3.0689701770000006,Q1: Lowest,Q3,TRUE,FALSE
20135,"Ness County, KS",0.8927758816837316,0.9677528852681602,0.0749770035844286,0.11547212741751989,0.02511880515953835,1.5,0.1887870362325137,-0.12698412698412698,-0.12698412698412698,2.3175146801894697,-14.707070707070708,,,-2.0113263497,Q2,Q1: Lowest,FALSE,TRUE
20137,"Norton County, KS",1.1244477172312224,0.9657190635451504,-0.15872865368607203,-0.01730486008836518,0.04974916387959871,-0.5999999999999996,0.35976926651904106,-0.05914355914355918,-0.05914355914355918,0.7898438334533853,-2.691722893177843,,,0.7028425172000006,Q4: Highest,Q1: Lowest,FALSE,TRUE
20139,"Osage County, KS",0.926103297769156,1.0210644479661912,0.09496115019703522,0.059650824442289085,0.023903856312731064,3.299999999999999,0.24149546052778326,-0.03151566674763173,-0.031515666747631954,-0.8312975635894726,14.675562208072357,,,-0.8585764390000001,Q2,Q3,TRUE,FALSE
20141,"Osborne County, KS",0.8852873563218391,0.8816438356164383,-0.003643520705400749,0.06252873563218386,0.06739726027397264,1,0.4029602276166837,-0.1264044943820225,-0.1264044943820224,-3.720348303016169,2.53720411601838,,,0.8773926850000002,Q2,Q1: Lowest,FALSE,TRUE
20143,"Ottawa County, KS",0.9576816927322908,1.002234444826401,0.04455275209411014,0.06133088009812937,0.028532141629425967,0.5,0.36601307189542487,-0.06507129978692017,-0.06507129978692028,0.12345448239050039,-5.8508445836828535,,,-4.897026401100001,Q3,Q3,TRUE,FALSE
20145,"Pawnee County, KS",0.8352743271221532,0.9341661039837948,0.09889177686164163,0.15165631469979302,0.07224848075624579,0.8000000000000007,0.6091746745386724,-0.07445887445887445,-0.07445887445887445,4.559815499973655,-4.786742204890007,,,0.6517078429999987,Q1: Lowest,Q1: Lowest,TRUE,TRUE
20147,"Phillips County, KS",0.8654952076677316,0.931297709923664,0.06580250225593243,0.08945686900958472,0.06066693451185212,0.09999999999999964,0.2350784713070564,-0.06335003579098064,-0.06335003579098064,1.1522766549956043,-6.704346805713097,,,-2.1309461589999987,Q1: Lowest,Q1: Lowest,TRUE,TRUE
20149,"Pottawatomie County, KS",0.9998656997045392,1.0374171392061338,0.03755143950159456,0.07359656191243624,0.04033224183371931,-0.7999999999999998,0.46543494689948695,0.19553812208874732,0.19553812208874732,2.6248596304016605,-7.846029314589739,,,-4.834388275,Q4: Highest,Q4: Highest,FALSE,FALSE
20151,"Pratt County, KS",0.9466063348416288,0.9953313595991802,0.04872502475755136,0.0953846153846154,0.013664313368253245,0.29999999999999893,0.25801113985410984,-0.05506289956692101,-0.05506289956692101,0.9454094803750479,-1.2844697287141962,,,-3.018514475,Q3,Q2,FALSE,FALSE
20153,"Rawlins County, KS",1.153301886792453,1.036697247706422,-0.11660463908603091,0.0676100628930818,-0.029816513761467878,1.5999999999999996,0.40971315913697826,-0.04708097928436916,-0.04708097928436916,-2.7026211607125425,-0.9952137439241344,,,5.262140092799999,Q4: Highest,Q4: Highest,FALSE,FALSE
20155,"Reno County, KS",0.8849584462236293,0.9812962768010668,0.0963378305774375,0.0852994002861579,0.024599080604975954,0.8000000000000007,0.3204760255331782,-0.02645918062905328,-0.02645918062905328,0.02796682594980726,1.5138556280872866,,,-2.8797535980000006,Q2,Q2,FALSE,FALSE
20157,"Republic County, KS",0.8787984631505414,0.9883924660534384,0.109594002902897,0.11840726510653166,0.0565045992115637,1.3999999999999986,0.2996742671009771,-0.09523809523809523,-0.09523809523809523,2.121941904172525,5.351493487817905,,,4.0071540268,Q2,Q2,TRUE,FALSE
20159,"Rice County, KS",0.930677148472396,0.9995815024063612,0.06890435393396521,0.10255494014650701,0.051056706423938114,0.6000000000000014,0.2855317789843501,-0.056022963476195176,-0.0560229634761954,-2.028166008344839,10.655530618253671,,,-0.2545629600000012,Q2,Q3,FALSE,FALSE
20161,"Riley County, KS",0.9230155199036876,0.9783056432788686,0.05529012337518102,0.11177994713287442,0.057064396539887374,1.8999999999999986,0.3378962536023056,0.10252640021387505,0.10252640021387505,0.79452841855368606,-13.828956912492428,,,-4.943081316000001,Q2,Q2,TRUE,FALSE
20163,"Rooks County, KS",0.9954093343534812,0.9719917012448132,-0.023417633108668068,0.02257077276205055,0.04730290456431541,-1,0.3499468041574596,-0.06729857819905216,-0.06729857819905205,4.388713072547118,-10.801641428736561,,,-2.8918279239999993,Q4: Highest,Q2,FALSE,TRUE
20165,"Rush County, KS",1.0070164734594265,0.9827261306532664,-0.024290342806160048,0.03477730323367911,0.061557788944723635,-0.10000000000000142,0.4669994759632623,-0.07241063244729606,-0.07241063244729606,-0.5508661662727676,-6.353637196900259,,,-0.8515587933000006,Q4: Highest,Q2,FALSE,TRUE
20167,"Russell County, KS",1.054608494654724,0.9865397242284965,-0.06806877042622761,0.012713088702687059,0.031845042678923186,0.7000000000000011,0.29713916003263097,-0.01253060636612413,-0.01253060636612413,9.506161741483087,1.827054473071355,,,-2.0437230630000016,Q4: Highest,Q2,FALSE,TRUE
20169,"Saline County, KS",0.9727447344019076,0.9975696057757604,0.024824871373852808,0.03785269572128758,0.05096679652596592,2.3000000000000007,0.33329417017176954,-0.009118652120680526,-0.009118652120680637,0.5062911356446098,-4.069015669232215,,,-2.457296213000001,Q3,Q2,TRUE,FALSE
20171,"Scott County, KS",1.0096225018504812,0.9348968863728264,-0.07472561547765477,0.06957809030347895,0.048119692680954285,0.10000000000000053,0.3141030996741583,0.024644147015083995,0.024644147015083995,-3.4524451077118656,-6.374279183543589,,,-4.793038365000001,Q4: Highest,Q1: Lowest,FALSE,TRUE
20173,"Sedgwick County, KS",0.9553541207453088,1.0167931513370394,0.061439030591730615,0.04769629574592793,0.038964360042646806,-0.40000000000000036,0.2680978743185565,0.07850501275918065,0.07850501275918065,2.1392102738989753,-1.0412727867736074,2.751742336996699,4.677204543896476,-4.364639111000001,Q3,Q3,FALSE,FALSE
20175,"Seward County, KS",0.9835011185682326,1.0270309477756283,0.043529829207395676,0.042692020879940396,0.0017408123791102792,-0.7000000000000011,0.41626003862966354,-0.043777053862287474,-0.043777053862287585,1.1096383242526513,-8.906325829628589,,,-5.558629521,Q3,Q3,FALSE,FALSE
20177,"Shawnee County, KS",1.0045975959833937,1.0203193033381712,0.015721707354777514,0.008314557910266807,0.019729311952045525,-2.0999999999999996,0.2731497344526297,0.015577450879066701,0.015577450879066701,-1.0398967573434308,-4.614731412689449,4.280687647746788,1.1754850047764904,-3.847843899999999,Q4: Highest,Q3,FALSE,FALSE
20179,"Sheridan County, KS",0.9605781865965834,1.0146545708304258,0.05407638423384231,0.038764783180026297,0.00976971388695047,-0.7999999999999989,0.39507623158056027,-0.02211016291698986,-0.02211016291698986,-1.407008880489341,7.819344657706914,,,1.3453641750000003,Q3,Q3,FALSE,FALSE
20181,"Sherman County, KS",0.8472606530160487,0.9585681140205502,0.1113074610045015,0.16823464305478697,0.03778588001325822,-2.5,0.5044297097007857,-0.014490339773484351,-0.014490339773484351,1.5854461208338666,-2.361166016639012,,,-2.4550348290000006,Q1: Lowest,Q1: Lowest,FALSE,TRUE
20183,"Smith County, KS",1.0212471131639722,0.998560736902706,-0.02268637626126624,0.04110854503464201,0.011514104778353462,-0.3000000000000007,0.3098362526387859,-0.10603792415169666,-0.10603792415169666,2.6162721072999826,4.330301161561889,,,3.6261429741000004,Q4: Highest,Q2,FALSE,FALSE
20185,"Stafford County, KS",1.017584451642758,0.9700049578582052,-0.04757949378455273,0.050439611291069,0.03767972235994055,1.799999999999999,0.3958076786251814,-0.06816143497757843,-0.06816143497757854,2.4528422965922947,-16.777515462004256,,,1.792550598,Q4: Highest,Q2,FALSE,FALSE
20187,"Stanton County, KS",0.895482728077945,1.0631067961165048,0.16762406803855978,0.10451727192205496,0.02049622437971954,-1.5,0.3593113502851508,-0.078125,-0.078125,-0.7891412831293354,12.906592721834496,,,-2.3168472179999995,Q2,Q4: Highest,FALSE,FALSE
20189,"Stevens County, KS",1.111357586512866,1.1218032076289552,0.010445621116089265,0.03371783496007097,0.006501950585175553,0,0.22881899871630296,0.016305354826755547,0.016305354826755547,-0.4728204918424017,-15.168830923152047,,,-5.392574586999999,Q4: Highest,Q4: Highest,FALSE,FALSE
20191,"Sumner County, KS",0.9158407157266908,0.9948413470897411,0.07900063136305036,0.074028593982984,0.054701187463500056,-0.1999999999999993,0.14796497313036583,-0.059860024701523296,-0.059860024701523296,-1.8497275753870057,1.4310499459838963,,,-0.39608699800000124,Q2,Q2,TRUE,FALSE
20193,"Thomas County, KS",0.966144058168598,0.9844642449166096,0.018320186748011502,0.08861622358554877,0.02673063742289239,-1.700000000000001,0.35226984529546024,0.012498372607733454,0.012498372607733454,0.6330171971465015,-11.71082942356021,,,1.794226471,Q3,Q2,FALSE,TRUE
20195,"Trego County, KS",0.7993912562257885,0.911096256684492,0.11170500045870346,0.20697288323187601,0.03008021390374327,-1.299999999999999,0.4729752436428811,-0.0565466173005722,-0.0565466173005722,-0.44292614266053243,9.868255546270627,,,-5.0726628103,Q1: Lowest,Q1: Lowest,FALSE,FALSE
20197,"Wabaunsee County, KS",1.0238297872340425,1.049770290964778,0.02594050373073542,0.01163120567375886,0.009494640122511444,-1.0999999999999996,0.36603493125232256,-0.009574164046870504,-0.009574164046870393,1.8666177786786142,-23.75145294722993,,,-1.8984707249999992,Q4: Highest,Q4: Highest,FALSE,FALSE
20199,"Wallace County, KS",0.9567198177676538,1.065015479876161,0.10829566210850727,0.08200455580865607,0,-2,0.4440983952702702,0.02498311951384191,0.024983119513842134,-0.3358601241365389,15.497131429374626,,,3.7727038737000003,Q3,Q4: Highest,TRUE,FALSE
20201,"Washington County, KS",0.8683805418719212,1.0339357429718876,0.16555520109996646,0.06958128078817738,8.032128514056103e-4,-1.9000000000000004,0.2603318168196802,-0.08061224489795915,-0.08061224489795915,1.1147408286669491,-9.955869140108874,,,1.9709196670000004,Q1: Lowest,Q4: Highest,FALSE,FALSE
20203,"Wichita County, KS",1.0458640458640458,0.8424759080800593,-0.20338813778398646,-0.01064701064701068,0.21423276501111932,-1.1999999999999993,0.28813680595306246,-0.06404593639575973,-0.06404593639575973,-5.330338251826689,27.603609943352836,,,-5.524367458999999,Q4: Highest,Q1: Lowest,FALSE,TRUE
20205,"Wilson County, KS",0.7324464153732446,0.923160696999032,0.1907142816257874,0.3052475979305248,0.07405614714424003,-0.09999999999999964,0.25578427112752555,-0.12859041193907794,-0.12859041193907805,1.7588198826357067,-21.211455745093755,,,-3.337592741,Q1: Lowest,Q1: Lowest,TRUE,TRUE
20207,"Woodson County, KS",0.9025851197982344,0.9414652567975832,0.03888013699934878,0.034047919293820894,0.048338368580060465,-0.09999999999999964,0.4476061277834762,-0.06690454950936664,-0.06690454950936664,0.06754402804143855,3.736534517744275,,,-0.02699959899999982,Q2,Q1: Lowest,FALSE,TRUE
20209,"Wyandotte County, KS",1.0260249634882634,0.9990985500622128,-0.02692641342605062,0.05439872321845307,0.03294736040222446,1.1000000000000014,0.2610863710301059,0.07235507269863284,0.07235507269863328,1.7232163198746862,-2.147189155353635,1.056497873180632,6.54202120982878,-3.9487051670000017,Q4: Highest,Q2,FALSE,FALSE
21001,"Adair County, KY",0.8240652536318172,1.0106973595125257,0.18663210588070855,0.18837818528221006,0.041706161137440745,0,0.15338663725760493,0.03833883090899248,0.03833883090899248,2.7490717806337384,2.0513367931372937,,,-1.8928308001000005,Q1: Lowest,Q3,TRUE,FALSE
21003,"Allen County, KY",1.04903078677309,0.9938726819217004,-0.0551581048513895,0.05498543012796153,0.061056284567834296,-1.3000000000000007,0.30383375134360446,0.09083930399181162,0.09083930399181162,2.085587406522449,-3.462669788912282,,,-2.1075785180000004,Q4: Highest,Q2,FALSE,FALSE
21005,"Anderson County, KY",1.019628394473559,1.0073667417417418,-0.012261652731817119,0.0558361124344926,0.04523273273273276,0.8999999999999986,0.11837136759152855,0.08324205914567351,0.08324205914567351,-2.5144568515666266,-9.201170010936531,,,-2.0442694990000003,Q4: Highest,Q3,FALSE,FALSE
21007,"Ballard County, KY",0.8778139069534767,0.9744207041829672,0.0966067972294905,0.1350675337668834,0.06891363226000602,-0.40000000000000036,0.22841147297919107,-0.036874236874236854,-0.036874236874236965,7.446138357966875,-17.355801737140478,,,3.4394526064000006,Q2,Q2,TRUE,FALSE
21009,"Barren County, KY",0.9811902059348144,0.9386201209455745,-0.042570084989239976,0.08626560726447219,0.0815283122594832,2.3000000000000007,0.15565345080763593,0.06791359961385313,0.06791359961385313,0.771049595029677,-7.441426036144179,,,-1.0977312759999993,Q3,Q1: Lowest,TRUE,TRUE
21011,"Bath County, KY",0.9259062963748144,1.0227514352540932,0.09684513887927881,0.1123595505617978,0.04741654263236228,-4.5,0.3310649023314429,0.08979947689625112,0.0897994768962509,2.5875168914612057,-3.3067829119442025,,,0.05499438300000037,Q2,Q3,FALSE,FALSE
21013,"Bell County, KY",1.022063815342838,0.978312745648512,-0.04375106969432607,0.029305272686128037,0.04449747332959009,1.5,0.31502890173410414,-0.09592276168646241,-0.09592276168646252,1.2706989387840455,-8.261827365437867,,,-2.8233633830000002,Q4: Highest,Q2,FALSE,TRUE
21015,"Boone County, KY",1.0317012559607763,1.025229865548947,-0.006471390411829425,0.028175162871918902,0.044202075062355184,0.8999999999999995,0.18167641325536055,0.18941660433807028,0.18941660433807028,-1.0301110515123792,-8.94729961310777,3.1357672146558,3.3899866896034005,-3.6322360840000005,Q4: Highest,Q3,FALSE,FALSE
21017,"Bourbon County, KY",0.9861543415262424,0.9892495564137356,0.003095214887493203,0.1043254266394762,0.025675816720592826,-2.0000000000000018,0.12499103278414125,-0.005178221306118336,-0.005178221306118447,2.098159364009061,-5.914506142568366,,,-2.745636953,Q3,Q2,FALSE,FALSE
21019,"Boyd County, KY",0.7991822107874667,0.9940278699402788,0.19484565915281216,0.17729486354865387,0.04495686794956866,4.200000000000003,0.26178102926337043,-0.049558530333238426,-0.049558530333238426,0.8039223862486968,-4.182960284964969,,,-3.0763709709999993,Q1: Lowest,Q2,TRUE,FALSE
21021,"Boyle County, KY",0.9922143156132271,1.0176255271743455,0.025411211561118363,0.04177480117203847,0.040502904432243136,-0.40000000000000036,0.2852248496609886,0.069294251565168,0.069294251565168,2.7145583369431208,2.086630192470305,,,-1.804283160999999,Q3,Q3,FALSE,FALSE
21023,"Bracken County, KY",0.8750306297476109,0.9851214851214852,0.11009085537387431,0.13207547169811318,0.05569205569205571,-1.3000000000000007,0.28157090979052923,-0.01948512045347195,-0.01948512045347195,1.6059568782314404,0.9071850065177256,,,-5.172097730999999,Q1: Lowest,Q2,TRUE,FALSE
21025,"Breathitt County, KY",0.7278095238095238,0.9058557486312784,0.17804622482175458,0.2706666666666667,0.11021185432039993,-0.8000000000000007,0.30613441764084914,-0.11844768618691981,-0.11844768618691981,1.6284064471018267,-6.288311340795173,,,-0.2589000049999992,Q1: Lowest,Q1: Lowest,TRUE,TRUE
21027,"Breckinridge County, KY",0.8768844221105527,1.0220383851753805,0.14515396306482775,0.15519457753885713,0.03362011912640639,1.1000000000000014,0.25799404713142726,0.0332004642010193,0.0332004642010193,-3.7004979243500102,-4.5567264832833745,,,-0.34371792600000006,Q2,Q3,TRUE,FALSE
21029,"Bullitt County, KY",0.9932403024862628,1.018158505312004,0.024918202825741087,0.05334312605407754,0.04926120405421908,-2.1000000000000005,0.3303985078518281,0.14109280914260158,0.14109280914260158,-6.179402795210026,-4.859862467362927,6.207027156924241,5.2381870918346785,-0.7259653396000001,Q3,Q3,FALSE,FALSE
21031,"Butler County, KY",0.9242937853107344,0.9480187908496732,0.02372500553893886,0.11525423728813555,0.0816993464052288,-0.1999999999999993,0.2979313824419778,0.009405125793557456,0.009405125793557456,2.74278326595247,13.702900956244385,,,1.382621649999999,Q2,Q1: Lowest,TRUE,TRUE
21033,"Caldwell County, KY",0.8191506282805789,1.0834889802017182,0.2643383519211393,0.1779863209797996,-0.0024280911468061994,-2,0.1614091399405404,-0.010479739170936142,-0.010479739170936253,-0.3239565448674653,-7.199644662822662,,,-0.41696416399999947,Q1: Lowest,Q4: Highest,TRUE,FALSE
21035,"Calloway County, KY",1.02450835646371,0.9322454157536616,-0.09226294071004848,0.03159511013996341,0.07069542152000918,-1,0.2567977497104408,0.06603799371327046,0.06603799371327046,-0.17601924398833457,-2.650150190638082,,,-1.2413347304000002,Q4: Highest,Q1: Lowest,FALSE,TRUE
21037,"Campbell County, KY",1.0581338201221653,0.989515392296416,-0.06861842782574923,0.05340635165812446,0.05559922666723316,0.9000000000000004,0.29459159644240307,0.05981744467848982,0.059817444678489595,1.5633579912268547,3.225905974870995,3.8138422598657797,11.680121813580683,-1.3178523290000008,Q4: Highest,Q2,FALSE,FALSE
21039,"Carlisle County, KY",1.0062154696132597,0.9805161943319838,-0.025699275281275913,0.05432780847145491,0.06528340080971662,-0.1999999999999993,0.3736549473043622,-0.06831082403601485,-0.06831082403601485,-8.673017916932984,-0.22163886106409514,,,0.017008094999999557,Q4: Highest,Q2,FALSE,FALSE
21041,"Carroll County, KY",0.8521891096394407,1.0659080666967102,0.2137189570572695,0.21063281824871227,0.03154574132492116,0,0.22858909125493376,0.003397829164700328,0.003397829164700328,-1.3028138533269464,-1.9779120151742642,,,-3.3240625359999996,Q1: Lowest,Q4: Highest,TRUE,FALSE
21043,"Carter County, KY",0.718230732710872,0.9814874093043108,0.26325667659343877,0.23476815951891117,0.047908664105847154,0.6999999999999993,0.3472940739134476,-0.04197204247256092,-0.04197204247256092,2.399274219656544,-2.837978171504796,,,-0.919065487000001,Q1: Lowest,Q2,TRUE,FALSE
21045,"Casey County, KY",0.9012789193849692,0.9935467217346412,0.09226780234967202,0.11222876850122143,0.030459473412493554,1.5999999999999979,0.2698604107286413,0.015778224792557305,0.015778224792557083,-1.6188068957953161,5.58039238026599,,,-0.09246266600000119,Q2,Q2,TRUE,FALSE
21047,"Christian County, KY",0.8646685983339369,0.9573079392253372,0.09263934089140025,0.1307497283592901,0.03650759683286964,-0.10000000000000142,0.2327274659863945,-0.0364702986544142,-0.0364702986544142,1.32776053066741,-41.585614350634984,3.5616842096613652,8.135340028674785,3.8682836860000016,Q1: Lowest,Q1: Lowest,TRUE,TRUE
21049,"Clark County, KY",0.9717176642691698,1.0095984981529704,0.03788083388380059,0.07832500304766554,0.04311754375340637,-1.8000000000000007,0.19999999999999996,0.02999403527707556,0.02999403527707556,0.27222071872207987,-6.336432603489138,,,-2.047712681,Q3,Q3,FALSE,FALSE
21051,"Clay County, KY",0.8218001261034048,0.9770012479942948,0.15520112189088997,0.2202080706179067,0.025851310394009674,-9.299999999999997,0.4369731891994857,-0.10885724520866913,-0.10885724520866924,5.492832744319731,-6.315303831162895,,,-1.3744404049999996,Q1: Lowest,Q2,TRUE,TRUE
21053,"Clinton County, KY",0.7915722700498414,0.8938274861514113,0.10225521610156985,0.1626642501132759,0.0791347929306252,-0.7000000000000028,0.32433695525178186,0.009683794466403217,0.009683794466403217,0.06674815362578967,-5.830987244860461,,,-4.989810521000001,Q1: Lowest,Q1: Lowest,TRUE,TRUE
21055,"Crittenden County, KY",0.9712811011116992,0.967058149527356,-0.00422295158434316,0.05558496559025938,0.07476367802921802,-0.9000000000000021,0.31922257720979763,-0.050873032981246014,-0.0508730329812459,-4.118670722604239,4.501917870671278,,,-1.7021334057999997,Q3,Q1: Lowest,FALSE,TRUE
21057,"Cumberland County, KY",0.9985663082437276,1.0485375158965664,0.0499712076528388,0.0458781362007169,0.0025434506146672087,-1,0.31270689136322605,-0.04957608851846529,-0.04957608851846518,-5.099997253900435,1.5369949689774391,,,-4.042281899000001,Q4: Highest,Q4: Highest,FALSE,FALSE
21059,"Daviess County, KY",0.9970913386528776,0.9731082128099172,-0.023983125842960362,0.048655997860295064,0.050555268595041336,0.09999999999999964,0.23561733903160653,0.07252210846619533,0.07252210846619533,0.3753466682281409,0.7381932641952655,3.0892352238566616,6.913480502940061,-2.5150061410000006,Q4: Highest,Q2,FALSE,FALSE
21061,"Edmonson County, KY",0.8995229576624926,0.9675202998126172,0.06799734215012465,0.11409262572053269,0.07432854465958771,-1.3000000000000007,0.3783273825074749,0.0078805474906678,0.0078805474906678,10.369789089733233,3.3615135020729747,,,0.9595724633000007,Q2,Q1: Lowest,TRUE,FALSE
21063,"Elliott County, KY",0.6278143401454798,0.9592959295929592,0.3314815894474794,0.3297540699688257,0.057205720572057195,0.3000000000000007,0.2589380856145509,0.05368657134847221,0.05368657134847221,3.227087086038188,2.763290788146811,,,-0.9541176105999991,Q1: Lowest,Q1: Lowest,TRUE,TRUE
21065,"Estill County, KY",0.8755237430167597,0.9679166666666666,0.09239292364990692,0.1398393854748603,0.07437499999999997,-3.6000000000000014,0.21554328575893322,-0.04547300040600888,-0.04547300040600888,-2.740673168651747,6.3673978454067885,,,-1.4437428904999994,Q1: Lowest,Q1: Lowest,TRUE,TRUE
21067,"Fayette County, KY",1.0701989854563725,1.0023212936376,-0.06787769181877246,0.03707833460667509,0.04744748375396701,-0.5,0.2622736806060866,0.1407069056200161,0.1407069056200161,1.8378700477050285,-3.304411444514998,5.23964625834148,6.564194770153826,-2.6540194009999993,Q4: Highest,Q3,FALSE,FALSE
21069,"Fleming County, KY",0.945458952811894,0.9764468371467026,0.03098788433480859,0.07579185520361986,0.044414535666218,1.7000000000000028,0.29951205086500066,0.01616837410272498,0.01616837410272498,0.4950627168401389,-9.784499123993527,,,-0.37413579999999946,Q3,Q2,TRUE,TRUE
21071,"Floyd County, KY",0.7393497757847534,0.9854204753199268,0.24607069953517346,0.19899103139013452,0.07029250457038394,-5.5,0.36264404974708087,-0.11604282059561366,-0.11604282059561366,3.9235208113439723,-2.0707594178980493,,,-2.7580864530000007,Q1: Lowest,Q2,TRUE,FALSE
21073,"Franklin County, KY",0.9478323999170296,1.0146443514644352,0.0668119515474056,0.0742584526031943,0.04403871349478039,-2.0999999999999996,0.22679854242581987,0.04500461112818943,0.04500461112818943,-0.10961044891075189,8.792360680298952,,,-1.8701305250000004,Q3,Q3,FALSE,FALSE
21075,"Fulton County, KY",0.8053080201472298,1.043171806167401,0.2378637860201711,0.17163889965129797,0.03436123348017617,-3.799999999999997,0.1957285470798984,-0.130010202594374,-0.1300102025943739,1.056182169292244,-5.4683004980134795,,,-6.1765851982,Q1: Lowest,Q4: Highest,TRUE,FALSE
21077,"Gallatin County, KY",0.9497880233174352,0.9870032491877032,0.03721522587026804,0.06438791732909377,0.06473381654586352,-2,0.31155826590418334,0.06381192275398817,0.06381192275398817,3.9913656851894963,-1.4585847420505145,,,-6.1729403919999974,Q3,Q2,FALSE,TRUE
21079,"Garrard County, KY",0.975406448057316,1.0505050505050506,0.07509860244773459,0.062276109120969925,0.04335016835016836,-1.1000000000000014,0.27314097360588385,0.04613015929413167,0.046130159294131445,0.3291668622359356,-6.146368689833007,,,-1.0285077699999992,Q3,Q4: Highest,FALSE,FALSE
21081,"Grant County, KY",0.8847123057538849,1.0121035427157876,0.1273912369619027,0.1309533809323814,0.04443855464263624,-2.299999999999999,0.3105920334235388,0.02139015645371578,0.021390156453716003,-1.6962048662237494,-0.7662261545357758,,,-2.8240752779999987,Q2,Q3,TRUE,FALSE
21083,"Graves County, KY",1.0273395721925134,0.9774154665989976,-0.04992410559351579,0.018850267379679098,0.03603374992070041,1.3999999999999986,0.3217223827211446,0.00904364778511857,0.009043647785118791,-1.8693744033516424,-2.4718930773682852,,,-0.4187956169999989,Q4: Highest,Q2,FALSE,FALSE
21085,"Grayson County, KY",0.9508567124835248,0.948695652173913,-0.0021610603096117176,0.08068160421766146,0.06492753623188408,0.6000000000000014,0.3302233703084638,0.03863386260022006,0.03863386260022006,-0.6171893287368613,2.0591066573349597,,,-2.4073048309999994,Q3,Q1: Lowest,TRUE,TRUE
21087,"Green County, KY",0.8172276853252648,0.9980449657869012,0.18081728046163636,0.07394099848714064,0.01295210166177907,1.4000000000000021,0.23299308945666652,-0.04127234490010512,-0.04127234490010523,2.834079566450265,-2.3508415417326334,,,-2.654567011000001,Q1: Lowest,Q2,TRUE,FALSE
21089,"Greenup County, KY",0.766090530005439,0.9807262354483076,0.21463570544286859,0.19441590620656313,0.046796700331508734,0.7000000000000011,0.2838689040893656,-0.04983892363085085,-0.04983892363085074,4.439058940443982,-8.32359558103711,,,0.21618133329999978,Q1: Lowest,Q2,TRUE,FALSE
21091,"Hancock County, KY",0.9649233090269048,0.9330149716055756,-0.03190833742132926,0.0807141061101333,0.05110996386164168,-1.5,0.27478026830396574,0.0217900656044987,0.021790065604498476,-1.2976535269615534,-6.480504651972938,,,0.9636504969999997,Q3,Q1: Lowest,TRUE,TRUE
21093,"Hardin County, KY",0.9770442693886608,0.960899742383274,-0.016144527005386822,0.05649617219571734,0.0634673933871277,-0.5,0.20336544476416862,0.12387569888987926,0.12387569888987926,0.26644017687679766,1.2805556883087839,5.900692951440476,5.531205822503537,-4.295139901999999,Q3,Q1: Lowest,FALSE,FALSE
21095,"Harlan County, KY",0.6962736909733376,0.973108541173192,0.27683485019985443,0.16265124745690118,0.05629092935767033,1.8000000000000007,0.15848722001619175,-0.13210317327905508,-0.13210317327905496,5.508399582841933,-6.781808586545454,,,-2.770371418,Q1: Lowest,Q2,FALSE,FALSE
21097,"Harrison County, KY",0.9289290998065324,1.01530852567122,0.08637942586468761,0.08455673153522247,0.03709373528026383,1.1000000000000014,0.2426671173019821,0.008598130841121598,0.008598130841121598,-1.3778922924268189,-6.404447343183548,,,-1.4364410760000013,Q2,Q3,FALSE,FALSE
21099,"Hart County, KY",0.967704280155642,0.9497746297488732,-0.01792965040676886,0.054215304798962416,0.08280746941403738,-3.1999999999999993,0.3958306103777285,0.047490644948272154,0.047490644948272154,-1.6417318209593024,-5.858382333920259,,,1.7225464430000006,Q3,Q1: Lowest,FALSE,FALSE
21101,"Henderson County, KY",0.921143926598804,0.9296076574106388,0.008463730811834824,0.06212626101246177,0.08180866443990231,3.6000000000000014,0.276000191883335,-0.01063550420168069,-0.010635504201680912,0.7793923239762107,0.7471116349658644,,,-2.7331592760000003,Q2,Q1: Lowest,TRUE,TRUE
21103,"Henry County, KY",0.9505421846072468,0.9954029593449216,0.0448607747376748,0.06281407035175879,0.04539577646889814,0.09999999999999964,0.17184283743129236,0.042741674749434244,0.042741674749434244,-1.2801162866114324,11.138793478883697,,,-2.299241834,Q3,Q2,TRUE,FALSE
21105,"Hickman County, KY",1.0453613531522297,0.9625279642058164,-0.08283338894641323,0.009738595592004073,0.045861297539149914,-1.2000000000000028,0.4143131266722522,-0.11604439959636725,-0.11604439959636736,2.917304175840585,-5.677351874634266,,,-2.0005852325999998,Q4: Highest,Q1: Lowest,FALSE,FALSE
21107,"Hopkins County, KY",0.9078785391875256,1.0033994804046211,0.09552094121709553,0.12328454839739211,0.05229119451661046,-0.09999999999999787,0.3320859850864495,-0.04586411581329808,-0.04586411581329797,0.631070693835295,0.14064822582291692,,,-2.097823676000001,Q2,Q3,TRUE,FALSE
21109,"Jackson County, KY",1.097056007659167,1.024881845982763,-0.072174161676404,0.14313068453805644,0.04420350291909925,-6.300000000000001,0.3620239348224379,-0.020358665294722966,-0.02035866529472319,7.008488023828146,-1.348911496339206,,,1.772934449700001,Q4: Highest,Q3,FALSE,FALSE
21111,"Jefferson County, KY",1.0325400305785026,0.987027617519544,-0.04551241305895859,0.043375842982944834,0.05325504386713553,-0.40000000000000036,0.3513977608352221,0.06046276831157327,0.06046276831157349,1.5603543045706214,-5.815679510439326,4.841271825793839,7.293874537462095,-2.661997736,Q4: Highest,Q2,FALSE,FALSE
21113,"Jessamine County, KY",1.053811967378356,1.036321923092541,-0.01749004428581502,0.053422523595711535,0.04880821862183782,-3,0.3213802721663426,0.17528885413951878,0.17528885413951878,2.3320056867068284,-8.119481870933637,,,-4.400327122,Q4: Highest,Q4: Highest,FALSE,FALSE
21115,"Johnson County, KY",0.7438325991189427,0.9969259365170146,0.2530933373980718,0.17775330396475775,0.04403774663997717,1.4000000000000021,-0.04598544609551769,-0.049927207330650036,-0.049927207330650036,5.163845204932191,-0.8698854830255498,,,-1.2503604080000006,Q1: Lowest,Q2,TRUE,FALSE
21117,"Kenton County, KY",0.9732860876558104,0.9995151794990188,0.02622909184320843,0.04931895858464008,0.05305321482165537,-1.700000000000001,0.35396381125083765,0.0620580005087763,0.0620580005087763,1.578554588938974,-1.9749377007270679,5.327181394072653,3.6242844574094306,-2.4587815730000013,Q3,Q3,FALSE,FALSE
21119,"Knott County, KY",0.7106923460069733,0.9568087077350624,0.24611636172808915,0.21218661796446958,0.07433997220935618,-1.1999999999999993,0.16479159969998936,-0.11021634615384612,-0.11021634615384623,12.944150363656714,-5.3020913429067225,,,-1.5669214886000002,Q1: Lowest,Q1: Lowest,TRUE,TRUE
21121,"Knox County, KY",0.7616905711618434,1.0045794294136223,0.24288885825177897,0.2198081982517186,0.03884619433624592,0.3999999999999986,0.27141192074273546,-0.01651509410130103,-0.01651509410130103,6.330535913751562,-4.673725696361753,,,-1.0740577779999985,Q1: Lowest,Q3,TRUE,FALSE
21123,"Larue County, KY",0.8096798212956069,0.9742608434639052,0.16458102216829829,0.19597915115413256,0.061083595977787786,0.3000000000000007,0.2624572080639027,0.02784123358081092,0.02784123358081092,2.5973601623170306,12.069542306664363,,,-0.8435610550000003,Q1: Lowest,Q2,TRUE,TRUE
21125,"Laurel County, KY",0.886558287073751,0.9664136136819208,0.07985532660816985,0.12022204599524189,0.024310146287371492,-0.6000000000000014,0.3245397665744194,0.04962200973454389,0.049622009734544115,0.26908535537114864,-5.740179421406479,,,-0.6964574909999985,Q2,Q1: Lowest,TRUE,FALSE
21127,"Lawrence County, KY",0.868352547415396,0.990841384863124,0.12248883744772798,0.07605057642246194,0.036231884057971064,-1.9000000000000021,0.2944317833939929,-0.03148909263357569,-0.031489092633575466,-1.7562584061491415,-11.297752579272593,,,-2.755262866999999,Q1: Lowest,Q2,FALSE,FALSE
21129,"Lee County, KY",0.7479150871872631,0.9985232067510548,0.2506081195637917,0.21038665655799849,0.03755274261603381,0,0.25543323719380906,-0.057542966263526396,-0.057542966263526396,-1.9927159259049698,2.371154949225344,,,0.1705217356999995,Q1: Lowest,Q2,TRUE,FALSE
21131,"Leslie County, KY",0.8862488862488862,0.9820601851851852,0.09581129893629903,0.14166914166914168,0.0610532407407407,1.2999999999999972,0.2331316535191852,-0.14743202416918433,-0.14743202416918433,3.3124220956771646,-15.241304908379107,,,-4.344067712000001,Q2,Q2,FALSE,TRUE
21133,"Letcher County, KY",0.7701545778834721,0.9584683954619124,0.18831381757844035,0.2002378121284185,0.06591031874662345,1.8999999999999986,0.10266870644229131,-0.12024980611453528,-0.12024980611453517,5.3443597364000475,-0.4995010226248926,,,-3.253087916,Q1: Lowest,Q1: Lowest,TRUE,TRUE
21135,"Lewis County, KY",0.8116557313778464,0.9779719419148412,0.16631621053699475,0.0995754534928599,0.023627861186315546,-5.699999999999999,0.4098891987638502,-0.05643613618594068,-0.05643613618594068,2.121053221971109,-1.0194094507845983,,,-2.7288998860000007,Q1: Lowest,Q2,TRUE,TRUE
21137,"Lincoln County, KY",0.8867595818815331,0.980592764476321,0.0938331825947879,0.11488302638128423,0.0437717540343846,-0.6000000000000014,0.3271510163974698,-0.01310552763819095,-0.01310552763819084,1.3423107655100353,-4.973017763058643,,,-0.10552769300000087,Q2,Q2,TRUE,TRUE
21139,"Livingston County, KY",0.7799043062200957,0.9924812030075189,0.2125768967874232,0.23531970421922577,0.07411385606874332,-1.3000000000000007,0.3043736445316534,-0.033024821203197274,-0.033024821203197274,-4.984187422372555,-4.37580745577794,,,-1.2548426890000002,Q1: Lowest,Q2,TRUE,FALSE
21141,"Logan County, KY",0.9646597973260664,0.9866717120753448,0.022011914749278327,0.05978029464361745,0.050622267070299376,-1.0999999999999979,0.276048326070506,0.0070974694362899715,0.0070974694362899715,-1.9296214104305986,1.9092499114564812,,,-0.2955790339999993,Q3,Q2,FALSE,TRUE
21143,"Lyon County, KY",0.921351966200845,1.0192179144385027,0.09786594823765771,0.13974650633734154,0.0310828877005348,-0.5,0.3217404321141659,-0.021803884189205314,-0.021803884189205314,-1.5695097010278214,-1.9860236758403007,,,-0.8459220356999992,Q2,Q3,TRUE,FALSE
21145,"McCracken County, KY",0.9389753308065696,0.9997062584234716,0.06073092761690202,0.0697187312986236,0.060303417769637435,0.9000000000000004,0.17897748111200773,0.0075933769734308765,0.0075933769734308765,0.9226168084295522,2.9878759704498212,,,-1.6847937679999987,Q2,Q3,TRUE,FALSE
21147,"McCreary County, KY",0.8284780578898228,1.0198183319570602,0.19134027406723741,0.12978524743230624,-0.005780346820809301,-1,0.3461079323261844,-0.045532598460089724,-0.04553259846008961,2.452305199925825,-1.743790248075101,,,-1.9933107690000007,Q1: Lowest,Q3,TRUE,FALSE
21149,"McLean County, KY",0.9663749424228466,0.9469563020964892,-0.019418640326357428,0.06218332565637952,0.057085122505683206,-2,0.35171393862568,-0.05248533497993213,-0.05248533497993224,-4.706805300271072,2.7834305837273696,,,-2.439750741000001,Q3,Q1: Lowest,TRUE,TRUE
21151,"Madison County, KY",1.0137399134028735,0.9961863606309626,-0.017553552771910952,0.03722200354260974,0.06248228960045343,-1,0.2628884092164048,0.15284097248912087,0.15284097248912065,-0.6651930474572687,2.144727816814994,9.533717588532156,4.339735824663013,-2.5393471000000005,Q4: Highest,Q2,FALSE,FALSE
21153,"Magoffin County, KY",0.7636573480379585,1.020337013364323,0.25667966532636455,0.15080789946140039,0.03980244044160375,-2.200000000000003,0.22543021032504784,-0.0867377590868128,-0.08673775908681292,1.471303816623376,-0.9108358422070721,,,-5.081946344,Q1: Lowest,Q3,TRUE,FALSE
21155,"Marion County, KY",0.8691147810031798,0.9813157894736844,0.11220100847050452,0.1803261873012617,0.0903947368421053,-1,0.26319386038687975,-0.009507657518758372,-0.009507657518758483,-0.9704236442623138,0.8291903017154819,,,-1.8580480019999985,Q1: Lowest,Q2,TRUE,FALSE
21157,"Marshall County, KY",1.010822045438257,1.0044823822887434,-0.006339663149513619,0.06263885902673261,0.0534767695665731,-0.6999999999999993,0.39636600236161645,-0.01090862831154793,-0.010908628311547708,-1.9116456166278994,-9.79901057116266,,,-0.7475519347999988,Q4: Highest,Q3,FALSE,FALSE
21159,"Martin County, KY",1.049037304452467,0.7816703159211761,-0.26736698853129093,0.044223826714801406,0.22083203002815144,-1.3999999999999986,0.3269997291126505,-0.15343315184513007,-0.15343315184513007,5.191409080398432,-3.5030573615662726,,,-2.6140887253000002,Q4: Highest,Q1: Lowest,FALSE,TRUE
21161,"Mason County, KY",0.8437388512308241,0.9268867924528302,0.08314794122200608,0.1800451896777262,0.07880133185349614,-3.400000000000002,0.25834100170895224,-0.010950808273944013,-0.010950808273944013,1.3341893205899347,0.8032690414649304,,,-3.639570097,Q1: Lowest,Q1: Lowest,TRUE,TRUE
21163,"Meade County, KY",1.0170201390126536,0.994102811364142,-0.02291732764851162,0.11031901621814288,0.048586900081596274,-3,0.20786986150802367,-0.018414181668269913,-0.018414181668269802,0.8217370381840394,11.516650249652695,,,1.2537204892999991,Q4: Highest,Q2,FALSE,FALSE
21165,"Menifee County, KY",0.9182156133828996,1.004162812210916,0.08594719882801649,0.10450227178851712,0.043015726179463476,-1.0999999999999979,0.294835453539823,4.6253469010171244e-4,4.6253469010171244e-4,-2.1400194744452152,6.933886122519445,,,-1.2935114074000005,Q2,Q3,TRUE,FALSE
21167,"Mercer County, KY",0.9296061117174322,1.019154622846961,0.08954851112952877,0.08661573568806424,0.044842605424668336,0.9000000000000004,0.11585131942902138,0.031898376852505184,0.031898376852505184,2.0665895565246117,-0.06202890106621961,,,-1.463549951000001,Q2,Q3,FALSE,FALSE
21169,"Metcalfe County, KY",0.9664778092540132,1.007992007992008,0.04151419873799478,0.12818696883852687,0.06368631368631372,-1.1999999999999993,0.26441106821941807,-0.011387061941690368,-0.01138706194169048,2.942472019623499,-7.497801244812562,,,0.5631732610000011,Q3,Q3,TRUE,FALSE
21171,"Monroe County, KY",0.9431455897980872,0.9775583482944344,0.034412758496347284,0.13283740701381508,0.04017055655296231,-3.5,0.2917285785042101,-0.04663861784978962,-0.04663861784978962,-1.4196170022387822,1.4906302914614171,,,-0.12279380000000018,Q3,Q2,TRUE,TRUE
21173,"Montgomery County, KY",0.9707946962475084,1.0248196496049466,0.05402495335743829,0.0776497096802149,0.05968739264857437,-3.5,0.36102392590686905,0.1020352250489236,0.1020352250489236,0.5984731426913803,1.2619108664326744,,,-5.750747778999999,Q3,Q3,FALSE,FALSE
21175,"Morgan County, KY",1.0265817223198594,1.0526188752111996,0.02603715289134012,0.03514938488576447,0.07892831281679946,-0.6000000000000014,0.31279371536788947,-0.06215206821224717,-0.06215206821224739,-2.7498359938771033,-0.34808434137279765,,,-3.0777514355999998,Q4: Highest,Q4: Highest,FALSE,FALSE
21177,"Muhlenberg County, KY",0.8872505809760397,0.9488706005953425,0.061620019619302746,0.1012100328551967,0.08474873052004905,-1.1999999999999993,0.3027472527472528,-0.03177664653618739,-0.0317766465361875,2.546850403754075,-1.2362997014067356,,,-0.540629942999999,Q2,Q1: Lowest,TRUE,TRUE
21179,"Nelson County, KY",0.9880217153102898,1.012455598099368,0.0244338827890781,0.03680645482617795,0.049038151035659894,-0.8000000000000007,0.39030146979937785,0.1002617801047121,0.1002617801047121,-3.940239574460808,-7.3826258821269874,,,-1.9489898750000005,Q3,Q3,FALSE,FALSE
21181,"Nicholas County, KY",1.1402588317593565,1.0101813553929366,-0.13007747636641986,0.03322840153899964,0.039770919503658964,-2.099999999999998,0.055543237250554434,0.01763964720705591,0.01763964720705591,1.5066564369717872,7.305045809938113,,,-0.3540955599999993,Q4: Highest,Q3,FALSE,FALSE
21183,"Ohio County, KY",0.7764134049629061,0.9395290581162324,0.16311565315332632,0.23134646542167647,0.07665330661322645,-3.799999999999999,0.2281580986825109,0.008405480373203433,0.008405480373203433,-1.7206078741353963,-1.8884305565478254,,,-3.2739807680000013,Q1: Lowest,Q1: Lowest,TRUE,TRUE
21185,"Oldham County, KY",1.0549843880892544,1.0243382787471618,-0.030646109342092664,0.023417866118345954,0.04914310596871019,-1.0999999999999996,0.3737505432420687,0.1518856374264972,0.1518856374264972,3.059566815799891,-13.689993113837163,,,-0.1935780715999993,Q4: Highest,Q3,FALSE,FALSE
21187,"Owen County, KY",1.071657005796522,1.0244588744588743,-0.04719813133764772,0.007995202878273044,0.036363636363636376,0.3999999999999986,0.2484604567715658,-0.009000000000000008,-0.009000000000000008,-0.2857035378439343,-8.781029263370332,,,0.07257951680000119,Q4: Highest,Q3,FALSE,FALSE
21189,"Owsley County, KY",0.755059316120028,1.0247440273037542,0.2696847111837263,0.21004884856943473,0.05631399317406138,-8.899999999999999,0.3557506253244609,-0.06639881581729756,-0.06639881581729745,-1.8292618232938096,-2.007516331964862,,,1.830463343,Q1: Lowest,Q3,TRUE,FALSE
21191,"Pendleton County, KY",0.9113655640373196,0.987923792379238,0.07655822834191839,0.09711620016963529,0.05400540054005398,-2.9000000000000004,0.34548856738624445,-0.023100100435219262,-0.023100100435219262,2.986938910871811,-2.127909540841017,,,2.2075470500000005,Q2,Q2,TRUE,FALSE
21193,"Perry County, KY",0.8440809822851252,0.9569637089112674,0.11288272662614218,0.15755928390664542,0.05130153904617141,-7.199999999999999,0.2629200039881685,-0.1038201934451326,-0.10382019344513271,2.0973719325370457,-5.447069472614745,,,-2.777527926000001,Q1: Lowest,Q1: Lowest,TRUE,TRUE
21195,"Pike County, KY",0.767446659238166,0.95444345874863,0.186996799510464,0.1498906359621972,0.0743620518707927,3.1999999999999993,0.13874992279661535,-0.11546514649019579,-0.1154651464901959,2.5228264577010884,-7.109441706466427,,,-2.743295380000001,Q1: Lowest,Q1: Lowest,TRUE,TRUE
21197,"Powell County, KY",0.8542846357115893,1.0505715946521992,0.19628695894060988,0.1534541336353341,0.02111993799651235,-4.100000000000001,0.33726143204816195,-0.043865078137088065,-0.043865078137087954,-0.7276517498057911,-0.03266303911213031,,,-2.8331834909999998,Q1: Lowest,Q4: Highest,FALSE,FALSE
21199,"Pulaski County, KY",0.9627066963762168,0.9551515606806144,-0.0075551356956024,0.035299636448926974,0.06284040115689438,0.8000000000000007,0.3460207612456747,0.05760091145833335,0.05760091145833335,1.217904437554282,-0.8325453684235162,,,-1.430035663,Q3,Q1: Lowest,FALSE,TRUE
21201,"Robertson County, KY",0.732512315270936,1.0101910828025478,0.2776787675316118,0.2532019704433498,0.053503184713375784,-0.3000000000000007,0.35421527117716534,-0.06060606060606055,-0.06060606060606055,1.3348723519826189,11.054568454947962,,,2.7895804794999997,Q1: Lowest,Q3,TRUE,FALSE
21203,"Rockcastle County, KY",0.9219842969307638,0.982454681523366,0.06047038459260223,0.10592433975731619,0.04407117911192415,-5.800000000000001,0.3952454250042756,-0.02242651364328374,-0.022426513643283852,-5.517217122242518,-0.39455703147487986,,,-1.5713280684999997,Q2,Q2,TRUE,TRUE
21205,"Rowan County, KY",0.8753121501765263,0.9760858955588092,0.1007737453822829,0.15232928614483765,0.07535383113714011,-1.1999999999999993,0.2856059280004668,0.06746966919787023,0.06746966919787023,0.45476867414519784,-5.31755804044145,,,-2.200333322999999,Q1: Lowest,Q2,TRUE,TRUE
21207,"Russell County, KY",0.8063799189436528,1.0179014045717434,0.2115214856280906,0.18446855798143547,0.05962544753511434,0.3000000000000007,0.5544421706301601,0.03619124703705845,0.03619124703705845,1.7407890499282375,-5.464228338675309,,,0.9337286050000007,Q1: Lowest,Q3,FALSE,FALSE
21209,"Scott County, KY",1.1064593855706408,1.06594693965828,-0.04051244591236092,0.04235206894953891,0.02757551726623897,-0.8000000000000007,0.29059504274980563,0.310707962566968,0.31070796256696753,-0.6071064881371352,-5.6470730232101225,,,-3.918272870000001,Q4: Highest,Q4: Highest,FALSE,FALSE
21211,"Shelby County, KY",1.016475114684556,1.0171221393243357,6.470246397796142e-4,0.02204903073052833,0.0398189286612457,-3.9000000000000004,0.35683077679635344,0.21542085037808345,0.21542085037808345,0.39422852074624815,-3.813317828396059,,,-3.518873805,Q4: Highest,Q3,FALSE,FALSE
21213,"Simpson County, KY",0.9253773372381168,1.0263897373243738,0.101012400086257,0.14958323946834873,0.06780696395846064,-1.4000000000000004,0.21870970712838456,0.08058416244836208,0.08058416244836208,1.5478851446318194,4.372062260592178,,,-0.2363548980000001,Q2,Q3,TRUE,FALSE
21215,"Spencer County, KY",1.0018785957496772,1.0457114903793892,0.04383289462971196,0.023834683574028404,0.04000434829872812,-0.6000000000000005,0.33240461135487753,0.18383702434846438,0.18383702434846438,-2.7920198369122073,-22.7397841303536,,,-1.9783386749999998,Q4: Highest,Q4: Highest,FALSE,FALSE
21217,"Taylor County, KY",0.8323975078840089,0.9474083325898832,0.11501082470587431,0.20406122605953392,0.0385404585600857,-0.7000000000000028,0.3848109219696103,0.07023008555527865,0.07023008555527843,-1.6080418486344366,3.5666838540714716,,,-0.7189235049999994,Q1: Lowest,Q1: Lowest,TRUE,TRUE
21219,"Todd County, KY",1.0767570900123304,1.0419200294822186,-0.03483706053011182,0.038224414303329235,0.011424359683066099,-1.5999999999999979,0.21249523809523807,0.01027200262963257,0.01027200262963257,0.46338226851742603,-9.328796500421783,,,-1.957131188,Q4: Highest,Q4: Highest,FALSE,FALSE
21221,"Trigg County, KY",0.8711928934010152,0.99018901890189,0.1189961255008748,0.13657994923857864,0.03096309630963101,-2.4000000000000004,0.2099743254371942,0.04062788550323182,0.04062788550323182,6.505879446606127,-12.387634159455017,,,-1.2753183959999994,Q1: Lowest,Q2,TRUE,FALSE
21223,"Trimble County, KY",0.8781166787702736,0.9887139107611548,0.11059723199088123,0.13531832486080853,0.04645669291338583,-2.5999999999999996,0.3410465063417738,-0.04852296978546555,-0.048522969785465664,1.9171124803158746,-9.563281577003412,,,-3.420837928199999,Q2,Q2,TRUE,TRUE
21225,"Union County, KY",0.8170085112320358,0.953519256308101,0.1365107450760652,0.1139946979210269,0.054780876494023856,-5.800000000000001,0.2249760506988283,-0.0450863213811421,-0.04508632138114199,1.0424645275084854,6.006565029315555,,,-4.69679,Q1: Lowest,Q1: Lowest,TRUE,TRUE
21227,"Warren County, KY",1.0001452538310698,1.0204599154213132,0.02031466159024342,0.04484712034279903,0.0588438906195915,-2.5999999999999996,0.2584923055102475,0.23790007079250342,0.23790007079250364,2.835946273228668,-0.5543269483053415,6.176222064782323,10.430901940740249,-1.1990893759999999,Q4: Highest,Q3,FALSE,FALSE
21229,"Washington County, KY",1.1091425215348474,0.9896808879639264,-0.11946163357092099,0.08085356303837121,0.060700659035726634,-0.1999999999999993,0.2627665337075886,0.039089347079037884,0.03908934707903766,0.44742199944189376,-6.1120510733326805,,,0.04631136999999974,Q4: Highest,Q2,FALSE,FALSE
21231,"Wayne County, KY",0.8140009903441446,0.9086104847801578,0.09460949443601319,0.18358504580341672,0.05129650507328076,-3.1999999999999993,0.2235916743624351,-0.0161610296608119,-0.0161610296608119,2.9501380699544555,-6.532250274664866,,,-1.5895472739999992,Q1: Lowest,Q1: Lowest,TRUE,TRUE
21233,"Webster County, KY",0.9210944957047408,0.9174427629026,-0.003651732802140817,0.1150174992045816,0.10302677532013971,3.1000000000000014,0.22934148235353047,-0.06670512728059419,-0.06670512728059419,1.5514380582618559,-2.972211326051247,,,-0.7837081259999987,Q2,Q1: Lowest,TRUE,TRUE
21235,"Whitley County, KY",0.8566176470588235,1.0901302261823167,0.2335125791234932,0.1487930077691454,0.005483207676490798,-5.099999999999998,0.3926123103850643,0.00348663456749132,0.00348663456749132,3.1461400764175833,6.25205591962189,,,-2.0604056959999983,Q1: Lowest,Q4: Highest,FALSE,FALSE
21237,"Wolfe County, KY",0.8679200380771062,1.112992125984252,0.24507208790714574,0.14469300333174684,-0.04330708661417315,-6.600000000000001,0.32421511980282025,-0.022668305339341832,-0.02266830533934161,-6.900643867687184,-3.845378094565441,,,-7.041068805000002,Q1: Lowest,Q4: Highest,TRUE,FALSE
21239,"Woodford County, KY",1.042061519341308,1.010871882327862,-0.031189637013446125,0.07720988037905852,0.03311305336459891,-2.299999999999999,0.19308585503166786,0.10407202444866614,0.10407202444866614,3.021698754825783,6.247066868142742,,,-0.7908456590000004,Q4: Highest,Q3,FALSE,FALSE
22001,"Acadia Parish, LA",0.9608477842003852,0.990509643075312,0.029661858874926783,0.06289017341040459,0.06610524478575797,-3.1999999999999993,0.35138074808145503,0.02111517066587676,0.02111517066587676,6.517386778944578,-3.732755447777393,,,-2.490618604,Q3,Q2,TRUE,TRUE
22003,"Allen Parish, LA",0.9699809023633326,0.9374300981732324,-0.03255080419010015,0.031511100501313005,0.0941965950043494,0,0.34764574632416045,-0.011952037629641032,-0.011952037629641143,3.135680594740306,0.44493690711038947,,,-2.789090869999999,Q3,Q1: Lowest,FALSE,TRUE
22005,"Ascension Parish, LA",1.0548329429170262,1.064361339352408,0.009528396435381836,-0.004911026178440858,0.04228508330356273,-2.5999999999999996,0.4645980253878703,0.264371030240083,0.264371030240083,1.4180986656871564,-14.155788467465971,8.145730244406181,5.718053316689016,-3.9173335330000008,Q4: Highest,Q4: Highest,FALSE,FALSE
22007,"Assumption Parish, LA",0.9148078072097192,0.9475883224032156,0.03278051519349634,0.11760605457080264,0.0941400465411466,-3.099999999999998,0.30572862800494405,-0.0701694771269592,-0.07016947712695909,7.634500253265497,-10.650844021319863,,,-1.8301350749999994,Q2,Q1: Lowest,TRUE,TRUE
22009,"Avoyelles Parish, LA",0.9496865507658502,0.9590367256942052,0.009350174928354993,0.03968202675628518,0.05946392889133878,-2.3000000000000007,0.3104415335681794,-0.03982396134803512,-0.03982396134803512,1.5776747379585232,3.537479739635869,,,-2.4698512729999997,Q3,Q1: Lowest,FALSE,TRUE
22011,"Beauregard Parish, LA",0.9683467598203463,1.0198241061130335,0.05147734629268719,0.05646253653667921,0.04310841983852365,-1.5999999999999996,0.3633967284193931,0.08300840481760674,0.08300840481760674,0.6827383383733454,2.183038057537859,,,-0.42581706200000013,Q3,Q3,FALSE,FALSE
22013,"Bienville Parish, LA",0.8714788732394366,0.9288018928801892,0.05732301964075259,0.14836747759282976,0.07743600774360082,-1.1000000000000014,0.2512782561894511,-0.09919042111708276,-0.09919042111708276,-0.3331619562894239,-4.12380018998049,,,-2.537471557,Q1: Lowest,Q1: Lowest,TRUE,TRUE
22015,"Bossier Parish, LA",1.038797636575712,1.0503977547303074,0.011600118154595496,0.021722087309023475,0.051262034868592266,1.3999999999999986,0.13759229264393436,0.13379087533914036,0.13379087533914036,4.471815414075336,-6.660223351723106,3.8292367883654066,0.29881481846643254,-3.6280622129999998,Q4: Highest,Q4: Highest,FALSE,FALSE
22017,"Caddo Parish, LA",0.8881016978820234,0.975602139597667,0.08750044171564353,0.10263434272711358,0.07584289470238037,1.2000000000000028,0.28317438883731394,-0.045900857959961905,-0.045900857959962016,5.756413627641202,-4.6065584878846,4.207788314674119,1.231488271009848,-2.852674110999999,Q2,Q2,TRUE,TRUE
22019,"Calcasieu Parish, LA",0.9564060195402172,0.840321630476348,-0.1160843890638692,0.10002994244396879,0.1605258534266255,1.3999999999999986,0.26255414346232575,0.08742202575355051,0.08742202575355029,1.0591293799993962,-5.623916445089938,4.734213825655928,5.928798777580269,-1.3416280019999984,Q3,Q1: Lowest,FALSE,TRUE
22021,"Caldwell Parish, LA",0.8005056308894507,0.9736842105263158,0.17317857963686512,0.16157205240174677,0.07910308315166614,-0.3999999999999986,0.3235187969924811,-0.026597310825399956,-0.026597310825399956,5.272484427802415,3.8748496331217384,,,-0.05773887699999847,Q1: Lowest,Q2,TRUE,TRUE
22023,"Cameron Parish, LA",0.8614827201783724,0.6946713341112407,-0.16681138606713164,0.1758639910813824,0.25009723842862697,-0.40000000000000036,0.4907810182896688,-0.07236929626180655,-0.07236929626180655,-9.615158621155183,2.4756925079480894,,,1.8111209119999998,Q1: Lowest,Q1: Lowest,TRUE,TRUE
22025,"Catahoula Parish, LA",0.778797786720322,1.06435974590438,0.28556195918405813,0.09884305835010065,-0.008358408559010266,-3.6000000000000014,0.22634403226344024,-0.094170403587444,-0.09417040358744388,3.4460556297176703,-4.978834874232581,,,-2.6149188799999994,Q1: Lowest,Q4: Highest,TRUE,FALSE
22027,"Claiborne Parish, LA",0.77461295656095,0.9287908711871844,0.15417791462623442,0.08943333834360434,0.08646039060785604,3.6000000000000014,0.1625840155448668,-0.08624409586564818,-0.08624409586564796,6.634859809714258,-4.887512627694285,,,-3.741068825300001,Q1: Lowest,Q1: Lowest,TRUE,TRUE
22029,"Concordia Parish, LA",1.0155055225148684,1.0072392234287595,-0.008266299086108875,0.049277824978759543,0.045409674234945685,-2.6000000000000014,0.2686133939499913,-0.04865639201738792,-0.04865639201738792,2.384239062656579,-2.081211329880756,,,-1.8430521110000004,Q4: Highest,Q3,FALSE,FALSE
22031,"De Soto Parish, LA",0.9209972552607504,1.0515019331813225,0.13050467792057208,0.07831655992680697,0.04887478933280465,-1.8999999999999986,0.3505334017913173,0.0397531518570402,0.03975315185703998,7.259036365922967,-2.103571285833478,,,-4.444125148000001,Q2,Q4: Highest,TRUE,FALSE
22033,"East Baton Rouge Parish, LA",0.995122208074445,0.9983663235559922,0.0032441154815472384,0.012283036389572288,0.061620885105041934,-0.40000000000000213,0.3350484907405211,0.015495772411755926,0.015495772411756148,3.6276851048069965,-0.344535661542241,4.574981582475175,2.460572124875057,-1.6796313950000012,Q4: Highest,Q2,FALSE,FALSE
22035,"East Carroll Parish, LA",0.6506189821182944,0.8545098039215686,0.20389082180327422,0.39202200825309486,0.13568627450980397,-0.20000000000000284,0.2534745478901541,-0.15317205628239938,-0.1531720562823995,6.8532503533322435,-10.970892149723007,,,-4.324246874999998,Q1: Lowest,Q1: Lowest,TRUE,TRUE
22037,"East Feliciana Parish, LA",0.9484629294755876,0.985097927902356,0.03663499842676832,0.04004133298889179,0.0750780584728924,-3.8000000000000007,0.39157397107897673,-0.06347885669537978,-0.06347885669537989,2.360114363053467,-3.7361555849618964,,,-2.302019112,Q3,Q2,TRUE,TRUE
22039,"Evangeline Parish, LA",1.010546218487395,1.0209087617668355,0.010362543279440528,0.006890756302521006,0.04634322954380887,2.200000000000003,0.22763631282964836,-0.04238235884495167,-0.04238235884495167,3.484504853512041,-5.6151105686607785,,,-2.0249698170000006,Q4: Highest,Q3,FALSE,FALSE
22041,"Franklin Parish, LA",0.923835246455098,1.0215130360450206,0.09767778958992268,0.061309925725860914,0.03590255022082922,-3.3000000000000007,0.25464960045258467,-0.03495660559305691,-0.03495660559305669,1.1180681542127313,-5.663917442824342,,,-2.076623989,Q2,Q3,FALSE,FALSE
22043,"Grant Parish, LA",0.9233088930936612,1.028875968992248,0.10556707589858683,0.10394985808893098,0.03217054263565888,-0.29999999999999716,0.32212526352307,0.052708294150837,0.052708294150837,0.8446546818013045,-1.9416436406103768,,,-3.4611021940000004,Q2,Q3,TRUE,FALSE
22045,"Iberia Parish, LA",0.9004955195537356,0.943331267644426,0.04283574809069035,0.11984451961307929,0.06596433243820143,1.6999999999999993,0.21551899765712546,-0.04969924607386844,-0.04969924607386844,8.496450674387773,-9.606312426065013,9.511539790622393,1.5669405702836396,-3.3281747489999987,Q2,Q1: Lowest,TRUE,TRUE
22047,"Iberville Parish, LA",1.0841381078540295,0.9694717493806442,-0.11466635847338535,0.029741047773694573,0.09158475185806758,-1.3000000000000007,0.47261425179414673,-0.03249709847335058,-0.03249709847335058,2.7282358262500637,1.9615153035455206,,,-2.972391161999999,Q4: Highest,Q2,FALSE,TRUE
22049,"Jackson Parish, LA",1.0203662772339754,1.0486734490325154,0.02830717179853992,0.04167982317650776,0.03530819868342305,1.5,0.23038392577624722,-0.011179500062806214,-0.011179500062806214,4.842261948377394,-0.06390720310293219,,,-3.099626625999999,Q4: Highest,Q4: Highest,FALSE,FALSE
22051,"Jefferson Parish, LA",0.9313223814517068,0.9756534590344454,0.04433107758273869,0.06964464639403467,0.08947510770241296,0,0.1803614406958578,-4.3912055708217324e-4,-4.391205570819512e-4,6.237873000383357,-8.177652276169924,7.1875897928205035,3.887304084318316,-0.9278995109999997,Q2,Q2,TRUE,TRUE
22053,"Jefferson Davis Parish, LA",0.8715554938571528,0.8809333720423864,0.009377878185233612,0.16013049212188524,0.16562636086514737,0.5,0.32618488323891115,-3.505529175563682e-4,-3.505529175563682e-4,6.510610986235019,-1.117273129878697,,,-3.575342213999999,Q1: Lowest,Q1: Lowest,TRUE,TRUE
22055,"Lafayette Parish, LA",1.007592061762201,1.0551309522776762,0.04753889051547522,0.017665967598655574,0.044633949562335684,1.4000000000000021,0.34744659845629156,0.1537299481650034,0.1537299481650034,7.147400796388998,-0.09490780368365637,6.4466712743925,7.06285112160047,-2.3161600930000006,Q4: Highest,Q4: Highest,FALSE,FALSE
22057,"Lafourche Parish, LA",0.937534903923718,0.995432609445019,0.057897705521301024,0.1292944753552444,0.051657064066577996,0.3000000000000007,0.29825444780127564,0.030281281334107346,0.030281281334107124,3.06650429561284,-0.06556555515718543,10.482615250752346,3.314611945970391,-2.6963695659999996,Q2,Q2,TRUE,FALSE
22059,"LaSalle Parish, LA",1.0436869508623494,1.0066371681415929,-0.03704978272075654,0.018223234624145768,0.007658270932607181,-1.5,0.40507340182333995,0.02210020590253947,0.02210020590253947,-2.751029238877292,-2.7527873533181757,,,-1.9660699600000004,Q4: Highest,Q3,FALSE,FALSE
22061,"Lincoln Parish, LA",1.050812343255915,0.9864877678740754,-0.06432457538183967,0.01979064442263656,0.06504835956760857,5.600000000000001,0.3097868857619541,0.03130860710897343,0.031308607108972986,4.573776023363502,-6.510163935030435,,,-2.564156251,Q4: Highest,Q2,FALSE,TRUE
22063,"Livingston Parish, LA",1.041715186585213,1.0781529499295563,0.036437763344343344,-7.34516920761763e-4,0.04141140713301994,1.1999999999999993,0.19889596124598663,0.17787464025165645,0.17787464025165645,-2.5298160457248975,-10.389887469974504,-1.0302597016777781,5.24327685961811,-3.944278224999998,Q4: Highest,Q4: Highest,FALSE,FALSE
22065,"Madison Parish, LA",0.8050827966881324,0.9975255691191026,0.1924427724309702,0.2053817847286109,0.04354998350379413,7.800000000000004,0.24652871784954544,-0.11756647864625303,-0.11756647864625291,1.7365841561940654,-6.235254530271135,,,-1.3608927459999993,Q1: Lowest,Q2,TRUE,FALSE
22067,"Morehouse Parish, LA",0.8999908374564779,0.9456225068234306,0.04563166936695273,0.13358988455195164,0.07862691580936387,0,0.2105938225812043,-0.12655383102745976,-0.12655383102745976,4.108598662619803,0.26810594177575275,,,-1.5039535920000002,Q2,Q1: Lowest,TRUE,TRUE
22069,"Natchitoches Parish, LA",0.8905643994211287,1.0546367851622875,0.1640723857411588,0.14657018813314038,0.04343122102009278,-9.2,0.6387997485691601,-0.02444137648923661,-0.02444137648923661,4.997901292061025,-4.129368440888635,,,-3.5430428920000008,Q2,Q4: Highest,TRUE,FALSE
22071,"Orleans Parish, LA",1.2331161443789431,0.962380258284794,-0.2707358860941491,-0.07798913259664109,0.09159638605466291,1.6999999999999993,0.20734711363392955,0.4516932030020353,0.4516932030020353,7.819907855026037,-62.156456988868456,5.903427043820173,10.693567510692333,-1.5546854189999983,Q4: Highest,Q1: Lowest,FALSE,TRUE
22073,"Ouachita Parish, LA",0.949876246476959,1.0043643011957597,0.054488054718800694,0.074409488246992,0.051663889830883325,3.099999999999998,0.16388941233477805,0.014038383931938236,0.014038383931938458,2.4304941905742727,-1.5444628891388792,2.832523220557235,4.73584761418455,-2.9348980729999994,Q3,Q3,TRUE,FALSE
22075,"Plaquemines Parish, LA",1.100367478180983,0.965495547812621,-0.13487193036836187,0.1359669269637115,0.09156020131629883,-1.200000000000001,0.3541295438346401,0.02148927737901274,0.02148927737901274,6.79747679884273,-9.234594679216716,,,-3.2741153910000005,Q4: Highest,Q1: Lowest,FALSE,TRUE
22077,"Pointe Coupee Parish, LA",1.0001091583888222,0.9602298850574712,-0.039879273331350995,0.024451479096168516,0.08298850574712646,-1.3999999999999986,0.25910676352574025,-0.0489320728291317,-0.0489320728291317,5.133108361454819,-2.80648211884846,,,-3.4456980030000004,Q4: Highest,Q1: Lowest,FALSE,TRUE
22079,"Rapides Parish, LA",0.925826352251083,1.006880481450222,0.0810541291991389,0.09870716537158464,0.03530145682727237,-1.5,0.34514592019058954,-0.004530167846557798,-0.004530167846557909,2.386128005344179,-3.791798942134355,3.5284591344917544,-0.916175226419174,-2.7959007729999996,Q2,Q3,TRUE,FALSE
22081,"Red River Parish, LA",1.1462553713934929,0.9413770704774276,-0.2048783009160653,0.014426028238182953,0.13933095160766484,0.6999999999999993,0.3424842332467708,-0.08685776095186593,-0.08685776095186581,2.9909238815003514,4.769887204119504,,,-4.363531721000001,Q4: Highest,Q1: Lowest,FALSE,TRUE
22083,"Richland Parish, LA",0.9367027677496992,1.0078926598263616,0.07118989207666238,0.05475330926594468,0.054985530123651705,0.9000000000000021,0.34673742940736196,-0.026511852926947244,-0.026511852926947244,0.32994355126730324,3.0633359054518285,,,-3.024137055999999,Q2,Q3,TRUE,FALSE
22085,"Sabine Parish, LA",0.8686436141740713,1.0303899830442154,0.16174636887014404,0.0794347500267637,0.020086083213773365,-0.9000000000000021,0.2949382223993624,-0.00855126608551271,-0.008551266085512488,1.8559711939670653,-2.2090338531906566,,,-2.6905661720000005,Q1: Lowest,Q3,TRUE,FALSE
22087,"St. Bernard Parish, LA",1.00289517669532,1.0297051529346928,0.026809976239372757,0.1205229226361032,0.08354918710388537,0.3000000000000007,0.38415979210104867,1.0007622919578196,1.00076229195782,12.794267480610594,-144.3292458430934,,,2.2608676049999996,Q4: Highest,Q3,FALSE,FALSE
22089,"St. Charles Parish, LA",0.9170569483253964,0.9724792887452012,0.05542234041980476,0.11861938683143769,0.09007880379874722,0.29999999999999893,0.3014836903160114,0.006348905524495407,0.006348905524495185,2.657826065047306,2.4403785180462068,,,-3.3113763180000007,Q2,Q2,TRUE,TRUE
22091,"St. Helena Parish, LA",1.0302915082382762,1.0116069125612588,-0.018684595677017413,0.034727503168567764,0.0582924941965437,-2.299999999999997,0.350730233861676,-0.08473351400180673,-0.08473351400180662,11.587811444573981,0.8716201782362605,,,-1.7431849009999993,Q4: Highest,Q3,FALSE,FALSE
22093,"St. James Parish, LA",1.0354200988467874,0.951087556586066,-0.0843325422607214,-0.005883737349964724,0.10411836148835152,-0.5,0.29539540672021714,-0.04818624796968052,-0.04818624796968041,-1.181445675350992,-3.8024795612970146,,,-0.9887354479999999,Q4: Highest,Q1: Lowest,FALSE,TRUE
22095,"St. John the Baptist Parish, LA",0.8751221327874191,0.9374065370647298,0.062284404277310634,0.1427441492578979,0.09661397137363814,-0.8999999999999986,0.2558054488937649,-0.09599881821635081,-0.09599881821635059,-0.62864301435748,-1.0422685913184644,,,-3.8918352789999986,Q1: Lowest,Q1: Lowest,TRUE,TRUE
22097,"St. Landry Parish, LA",0.8608156759282162,1.0258722455403988,0.16505656961218262,0.15387363618874872,0.030725341028331576,-7.899999999999999,0.39080500140488894,-0.030527682682091828,-0.03052768268209194,3.190927546704975,-4.678920108494054,5.06921114869624,-2.3875365142137195,-3.1367519780000013,Q1: Lowest,Q3,TRUE,FALSE
22099,"St. Martin Parish, LA",0.9870724887072488,0.9980003515865342,0.010927862879285377,0.04043880404388045,0.06306583457853565,1.6999999999999993,0.23453790076036696,0.03931141801205995,0.03931141801205973,4.936754127937537,-5.92883645760678,,,-3.2093233669999996,Q3,Q2,TRUE,FALSE
22101,"St. Mary Parish, LA",1.0391044114387054,0.9812487121368226,-0.057855699301882724,0.04588782974950123,0.07376880280239029,1.4000000000000021,0.13318009360547234,-0.08790477598698798,-0.08790477598698798,4.479515183306154,-1.2698832461831948,,,-3.268492052000001,Q4: Highest,Q2,FALSE,TRUE
22103,"St. Tammany Parish, LA",0.9404695705900524,1.0463547913042008,0.10588522071414841,0.09767421333686399,0.05098731440347293,0.3000000000000007,0.2145489123974802,0.15079940254712887,0.15079940254712887,2.7438905920055823,3.713408646778161,4.097469630875906,6.0257470477018416,-3.1420986059999994,Q2,Q4: Highest,FALSE,FALSE
22105,"Tangipahoa Parish, LA",0.9780260226006684,1.0557294063506673,0.07770338374999886,0.031712557695368404,0.0321030832949839,-1.1999999999999993,0.4022032110629321,0.1538290293855744,0.1538290293855742,4.6875278324660705,-8.356138744778294,4.950657947453905,4.4380638776980454,-2.291852116000001,Q3,Q4: Highest,FALSE,FALSE
22107,"Tensas Parish, LA",0.6648275862068965,0.9160493827160494,0.2512217965091529,0.2616091954022989,0.08971193415637857,-8.100000000000001,0.41196550485088035,-0.21385815345546888,-0.21385815345546888,13.896788223486112,-11.77374014903399,,,-1.401973397999999,Q1: Lowest,Q1: Lowest,TRUE,TRUE
22109,"Terrebonne Parish, LA",0.9419586983729662,0.96189852700491,0.019939828631943768,0.1297393801074873,0.0591598472449536,1.3000000000000007,0.169187295128292,-0.0017622180451127845,-0.0017622180451127845,3.8125903985965577,-5.406377309502561,9.684761028696286,2.780042098705241,-3.169590967999998,Q3,Q1: Lowest,TRUE,TRUE
22111,"Union Parish, LA",0.8284191652555035,1.0006440808965609,0.17222491564105735,0.1552943520270943,0.058353729228391105,0.5999999999999979,0.30565960435444217,-0.029073342116820333,-0.029073342116820333,2.7796809900848265,6.753833280134993,,,-4.459910332,Q1: Lowest,Q3,TRUE,FALSE
22113,"Vermilion Parish, LA",1.030538082284937,1.0089692661509513,-0.021568816133985758,0.012750765045902779,0.06347480660673221,-3.5,0.3364841836191288,0.04708366323568214,0.04708366323568214,6.408755641498481,-5.058112860598607,,,-3.2754835399999997,Q4: Highest,Q3,FALSE,FALSE
22115,"Vernon Parish, LA",0.7832840941580101,1.0442428035043805,0.26095870934637033,0.22052797102830457,0.02866082603254072,-1.3000000000000007,0.24148539838961658,-0.047533938468953374,-0.047533938468953374,2.3145874430280142,10.340847598046963,,,-2.2180287560000025,Q1: Lowest,Q4: Highest,TRUE,FALSE
22117,"Washington Parish, LA",1.009741986966352,1.054532534140765,0.044790547174413,0.03810347120627744,0.0384971884075882,-0.6000000000000014,0.1772214854111407,-0.003924443677764344,-0.003924443677764344,3.570161202672778,-19.235376802884154,,,-2.603750852000001,Q4: Highest,Q4: Highest,FALSE,FALSE
22119,"Webster Parish, LA",0.7168744108096784,0.9743136517487776,0.2574392409390992,0.2532209070912328,0.05287702143663031,9.100000000000001,0.12216797731458473,-0.07110841913991517,-0.07110841913991506,2.62142270527474,-6.188718555359345,,,-1.7829136680000008,Q1: Lowest,Q2,TRUE,TRUE
22121,"West Baton Rouge Parish, LA",1.0885050741608118,1.0614314115308152,-0.027073662629996553,0.021467603434816573,0.04620278330019878,-2.4999999999999982,0.5189214318921431,0.14152001380262247,0.1415200138026227,3.229013934978167,-7.329813834097589,,,-2.529127031,Q4: Highest,Q4: Highest,FALSE,FALSE
22123,"West Carroll Parish, LA",0.7728317659352142,0.9117724867724868,0.1389407208372726,0.2420062695924765,0.10582010582010581,-4.5,0.4806295820159132,-0.07499145883156821,-0.07499145883156821,0.17437280022694068,9.787721601127592,,,-5.4133573871,Q1: Lowest,Q1: Lowest,TRUE,TRUE
22125,"West Feliciana Parish, LA",1.0468648998060763,1.012210564399421,-0.0346543354066553,0.04611075199310488,0.06458031837916067,-0.3999999999999986,0.3684872364505176,-0.00555732992654101,-0.00555732992654101,3.125413399386001,8.81793082666686,,,0.6151553305999995,Q4: Highest,Q3,FALSE,FALSE
22127,"Winn Parish, LA",0.7932575142160845,0.9722807757166948,0.17902326150061032,0.19496344435418356,0.07588532883642496,-2.8000000000000007,0.3334774952889932,-0.1080318193482166,-0.10803181934821648,3.515688328308933,-2.0582317754680135,,,-2.042329487,Q1: Lowest,Q2,TRUE,TRUE
23001,"Androscoggin County, ME",0.9414659554214488,0.9690073172073576,0.027541361785908713,0.079242775293209,0.04665407397898369,-3.6999999999999993,0.3028240597516241,0.004993549225442928,0.004993549225442928,-0.8557107675371711,5.276900378961922,6.819604613253688,6.7112360736871395,-2.500246370000001,Q2,Q2,TRUE,TRUE
23003,"Aroostook County, ME",0.8986669068636282,0.9307527685304708,0.032085861666842685,0.07037770972197199,0.06946803451321426,-1.8999999999999986,0.14777922004627797,-0.07778740493185354,-0.07778740493185377,-1.8768131147159721,-3.6891502180719042,6.320646733475343,2.612522683740135,-1.0268789238,Q2,Q1: Lowest,TRUE,TRUE
23005,"Cumberland County, ME",0.9928305076970464,1.000026962252846,0.007196454555799536,0.041437568401806124,0.06059916117435593,-1.8999999999999995,0.3684535932499273,0.058189044447074956,0.058189044447074956,1.680548374554408,3.5046180400426645,1.8763767548932293,9.701621842821893,-1.9978590540999992,Q3,Q3,FALSE,FALSE
23007,"Franklin County, ME",1.0399911784165257,0.9511172199901318,-0.0888739584263939,0.04895978828199665,0.08472545287939659,-3.4000000000000004,0.28067319492098486,-0.012975552359785647,-0.012975552359785758,-0.36629972561786905,10.439861222817047,,,-1.4421191438999994,Q4: Highest,Q1: Lowest,FALSE,TRUE
23009,"Hancock County, ME",0.9712558336868902,0.9857667915825886,0.01451095789569845,0.04818978928015838,0.08421014701643126,0.6999999999999993,0.32026348808030103,0.012651933701657514,0.012651933701657514,-0.09050249819163025,5.410259200391614,,,-1.5524983639999999,Q3,Q2,TRUE,FALSE
23011,"Kennebec County, ME",0.9818697868396664,1.0019986009793145,0.020128814139648066,0.0350853965311797,0.03720728823157127,-1.5,0.2606289709197731,0.004608143517796037,0.004608143517796037,-2.4312116733808953,1.2636246884627926,3.3028040838100026,3.6317248741592643,-1.2054813750999998,Q3,Q3,FALSE,FALSE
23013,"Knox County, ME",0.9430558257148416,0.9672913543228384,0.024235528607996826,0.07907021980159501,0.0767616191904048,0.3000000000000007,0.2530536318608665,-0.01302826513139932,-0.01302826513139932,-1.205077756552858,3.186322197330801,,,-2.3266493752999997,Q3,Q1: Lowest,TRUE,TRUE
23015,"Lincoln County, ME",0.91446034249662,0.998367724052972,0.08390738155635202,0.10748084722848128,0.0689867570064675,0.1999999999999993,0.2794438624061464,-0.007593340783403568,-0.007593340783403568,-2.494278048864973,4.824549317803607,,,-0.1064483541000012,Q2,Q2,TRUE,FALSE
23017,"Oxford County, ME",0.9412157648630596,0.9871710780152788,0.045955313152219235,0.07195873227937355,0.06424106798364071,-1.4000000000000004,0.31244297296592727,1.5526343028682277e-4,1.5526343028682277e-4,-0.46734243592150837,0.13694605023179207,,,-2.6358200429000007,Q2,Q2,TRUE,TRUE
23019,"Penobscot County, ME",0.9828065486134312,0.9773801716128327,-0.005426377000598448,0.03195456064149682,0.060488058151609514,-1.0999999999999996,0.22622617780787468,-5.517893741131541e-4,-5.517893741133761e-4,-1.7154340266795325,-1.77968077092937,3.093457764183313,6.218431868641442,-2.0989348415,Q3,Q2,TRUE,FALSE
23021,"Piscataquis County, ME",1.0142512762336926,0.9729790419161676,-0.041272234317525025,0.07756664775950084,0.06092814371257482,0,0.31889417684682764,-0.04954699886749714,-0.04954699886749714,-1.9372911603529275,2.5862188203281056,,,-1.9223951669999995,Q4: Highest,Q2,FALSE,FALSE
23023,"Sagadahoc County, ME",0.9823159047358336,0.9922466260915586,0.009930721355724925,0.04533260333972078,0.066366763694099,-0.5999999999999996,0.257107398568019,-9.473390916689972e-4,-9.473390916689972e-4,-0.6098674504837448,3.765350868195235,,,-2.7799664891000013,Q3,Q2,FALSE,FALSE
23025,"Somerset County, ME",0.9505713921576956,0.9815278790087464,0.03095648685105079,0.06525340923573641,0.05917456268221577,1.1000000000000014,0.2704369027267888,-0.03764844926514044,-0.03764844926514066,0.7003232820195909,-1.389182198391285,,,-2.348077173,Q3,Q2,TRUE,TRUE
23027,"Waldo County, ME",1.017477244573706,0.9580029215358932,-0.05947432303781275,0.06188398772014869,0.08357679465776291,-0.8000000000000007,0.26290151084295643,0.024876777373487036,0.024876777373487258,-3.1286494800661258,5.111040690740213,,,-1.9579406080000012,Q4: Highest,Q1: Lowest,FALSE,TRUE
23029,"Washington County, ME",0.945419657451496,0.9649895008883864,0.01956984343689039,0.0854949896951176,0.05621062833144885,-0.5,0.1975232957332025,-0.06118358066060314,-0.061183580660603254,-3.837007762166589,3.105431616010506,,,-2.8810935325999996,Q3,Q1: Lowest,TRUE,TRUE
23031,"York County, ME",0.9557953070486326,1.0033886078654888,0.0475933008168562,0.07703141828759741,0.06233969791963523,-0.29999999999999893,0.27571851427480176,0.050846685628106014,0.050846685628106014,-1.2000814614215705,5.615462617150035,4.1289193452681445,6.145642672426419,-1.7439824158999997,Q3,Q3,FALSE,FALSE
24001,"Allegany County, MD",0.8543331465809572,0.8676581528181916,0.013325006237234427,0.08760652257246482,0.09918453856378207,1.8000000000000007,0.29590271986225813,-0.05417131190479385,-0.05417131190479385,-2.083680530676907,-6.518573914512065,5.024082092294776,5.959493969166404,-0.33115430830000037,Q1: Lowest,Q1: Lowest,TRUE,TRUE
24003,"Anne Arundel County, MD",1.0069652548637782,0.9813497169325784,-0.02561553793119975,0.03635347361208774,0.05680326814204839,0.7999999999999998,0.2589635469946856,0.11283508452400848,0.11283508452400848,0.7803324398089978,5.275463685494719,2.9072761391683883,9.70251854469678,-2.2836465930000003,Q4: Highest,Q2,FALSE,TRUE
24005,"Baltimore County, MD",0.9842921802635416,0.9711070676331884,-0.013185112630353157,0.05077738532789744,0.06939857279276151,1.3000000000000007,0.2654040902216084,0.03931423374489529,0.03931423374489529,3.615091549254554,-1.003082971975539,3.482338682286098,5.985135049752401,-1.652494171999999,Q3,Q2,FALSE,TRUE
24009,"Calvert County, MD",0.9406631216765716,0.9846750099241586,0.04401188824758695,0.06883536648941713,0.03357499529908281,0.5,0.2455949483506994,0.05809365887129059,0.058093658871290366,-2.239103708707102,4.6862228867864895,3.4398590076137623,0.6884322851418432,-1.5003835565999992,Q2,Q2,TRUE,FALSE
24011,"Caroline County, MD",1.0182500157599446,0.9493839898039692,-0.06886602595597535,0.04570383912248632,0.09947199126054496,0.40000000000000036,0.24295781924897186,0.0209657701711492,0.0209657701711492,-0.7862766822642031,-11.325013792670365,,,-2.5026440339999994,Q4: Highest,Q1: Lowest,FALSE,TRUE
24013,"Carroll County, MD",0.947753182901432,0.98875699671878,0.04100381381734808,0.0707538055263327,0.059994852988483616,0.39999999999999947,0.2757665751914089,0.006314594659179162,0.006314594659179162,0.9539986595933192,3.1579635329968867,4.215009974910444,7.42726928121564,-1.3525513608999997,Q3,Q2,FALSE,FALSE
24015,"Cecil County, MD",0.9665841584158416,1.012033997301162,0.045449838885320504,0.04700941405615966,0.05433928823185841,1,0.2051241018419241,0.032390492632593304,0.03239049263259308,-3.595130569259089,1.4762695165835096,5.138963863267591,5.985421255521739,-2.671255352000001,Q3,Q3,FALSE,FALSE
24017,"Charles County, MD",0.9851819268090918,0.993659909263194,0.00847798245410225,0.0407841695444936,0.050697754551197405,0.5,0.257097308234717,0.1438891263373996,0.1438891263373996,6.072530043962465,2.5954064359255034,3.7624923839820497,2.4997092587981697,-2.3646589270000007,Q3,Q2,FALSE,TRUE
24019,"Dorchester County, MD",0.9238050609184628,0.9816989626149932,0.057893901696530414,0.09534520462355511,0.04749787955894824,2.6999999999999993,0.15761579960548522,-0.007553151809026493,-0.007553151809026493,0.012342720554436859,-11.97780956299101,,,-2.6135453710000007,Q2,Q2,TRUE,TRUE
24021,"Frederick County, MD",0.9915403739958808,1.0273892060902663,0.0358488320943855,0.03393696717074335,0.05027188689505169,0.40000000000000036,0.34047290435144917,0.1410515116744262,0.1410515116744262,2.4833881029456384,7.976209614024258,1.0092695325506469,6.216798917411488,-2.629446594000001,Q3,Q3,FALSE,FALSE
24023,"Garrett County, MD",0.8963395878191326,0.9391896686298162,0.042850080810683644,0.11091971701015069,0.0852905697864188,-0.09999999999999964,0.4094098618015747,-0.03761443545177123,-0.03761443545177123,-0.9737265988754462,-1.9570120737694043,,,-2.0202111732,Q2,Q1: Lowest,TRUE,TRUE
24025,"Harford County, MD",0.9774149649403372,0.9829419854693654,0.005527020529028204,0.0554573133226719,0.05734488295566642,1.1000000000000005,0.26910059368584593,0.0571401375634224,0.0571401375634224,-0.6354177188081983,7.605663337486323,3.514769602473038,8.02797153183592,-2.2974005439999985,Q3,Q2,FALSE,TRUE
24027,"Howard County, MD",1.0196936267576862,0.9851913777282374,-0.03450224902944876,0.04385650618843773,0.05556962951703792,0.5,0.2043297863892639,0.18348377156644724,0.18348377156644724,0.3589765806344819,1.9437363820203484,1.158751622663516,8.787832127408748,-1.595026722,Q4: Highest,Q2,FALSE,FALSE
24029,"Kent County, MD",0.8837006427915519,0.9469017094017094,0.06320106661015745,0.11313131313131308,0.11153846153846159,-0.29999999999999893,0.40524275587347147,-0.019140447452148934,-0.019140447452148934,-1.6616229166385166,-13.764032236082144,,,-2.256485337200001,Q2,Q1: Lowest,TRUE,TRUE
24031,"Montgomery County, MD",1.006656452697786,0.9534281060269508,-0.05322834667083509,0.015680867885787153,0.07813925938170463,2.2,0.20310586176727918,0.12771789879509798,0.1277178987950982,3.3076775376515988,2.8116428718460664,-1.069370154051299,0.35582762017008207,-2.936509191999999,Q4: Highest,Q1: Lowest,FALSE,TRUE
24033,"Prince George's County, MD",1.0250642600233093,0.9480702412464302,-0.07699401877687906,0.017240160290840745,0.07380474062673414,0.5999999999999996,0.2607006764540809,0.06990220209997222,0.06990220209997244,5.033980738795973,6.964372526476779,0.18101763589140774,2.833579262257441,-2.350173637000001,Q4: Highest,Q1: Lowest,FALSE,TRUE
24035,"Queen Anne's County, MD",0.9646493756003842,1.021257138591318,0.05660776299093384,0.06585975024015367,0.053637415549998124,-0.09999999999999964,0.33527443282126956,0.0830664058301267,0.08306640583012648,2.0014528736646167,-5.020585710568209,,,-1.4499788767999995,Q3,Q3,FALSE,FALSE
24037,"St. Mary's County, MD",1.0041974873781847,0.9992143168921868,-0.004983170485997945,0.016124613518061937,0.03869052815364471,0,0.22870653762373516,0.1283412359963816,0.1283412359963816,-1.677485598903286,-5.040138878311847,1.6240253996597431,2.84644968275288,-3.772298792999999,Q4: Highest,Q2,FALSE,FALSE
24039,"Somerset County, MD",0.8317878338278932,0.9978767421602788,0.16608890833238554,0.20233679525222548,0.06260888501742157,0.6000000000000014,0.08938767473912179,-0.034597120675359916,-0.034597120675359916,0.1094453158098252,-5.687018910648245,,,-1.2448441892000002,Q1: Lowest,Q2,TRUE,FALSE
24041,"Talbot County, MD",0.96380911711327,0.9395202162405676,-0.024288900872702412,0.06266680901035548,0.14979164320306337,0.3999999999999986,0.3397862400906002,3.76678236069683e-4,3.76678236069683e-4,1.2121225414078174,1.0476564702533904,,,-0.6827621428000015,Q3,Q1: Lowest,TRUE,TRUE
24043,"Washington County, MD",1.068693165483954,0.9532531784737688,-0.11543998701018521,0.05571106504667811,0.06771347221830692,1.8000000000000007,0.18958553037387826,0.033357733644380216,0.033357733644380216,1.3721768216446302,-4.136123340364925,3.8124377780623604,3.9912782571936454,-2.7729830700000004,Q4: Highest,Q1: Lowest,FALSE,TRUE
24045,"Wicomico County, MD",0.9032825207244726,1.0085752109225268,0.1052926901980542,0.10407417593211021,0.051332714232083965,2.8000000000000007,0.08743322462535774,0.07802517948184362,0.07802517948184384,1.6179083696997192,-0.7229989459814702,2.454477342756718,8.51827736720763,-2.73726714,Q2,Q3,FALSE,FALSE
24047,"Worcester County, MD",0.8497561701969252,0.9810151878497202,0.13125901765279502,0.15318467780962663,0.10083932853717026,0.7000000000000011,0.3414514847045875,0.02403573037669693,0.02403573037669693,0.785876664669849,-3.9000328468738115,,,-2.176038849800001,Q1: Lowest,Q2,TRUE,FALSE
24510,"Baltimore city, MD",1.0048228053028216,0.9350910384808984,-0.06973176682192328,0.03557101939311147,0.09029559300852241,0.5,0.34927088415460505,-0.043230276669901646,-0.043230276669901646,1.8278099982065061,-8.30511816814053,10.369424895383887,9.175894888863311,-2.621021645999999,Q4: Highest,Q1: Lowest,FALSE,TRUE
25001,"Barnstable County, MA",0.8844180674631669,0.9726488336646196,0.08823076620145276,0.1346408395262525,0.1214557576946046,-0.09999999999999964,0.3928408995199191,-0.02468174741276674,-0.02468174741276674,1.0962068305335804,7.041282580454779,1.8779483922201763,5.839043738772695,-1.5512475918999993,Q2,Q2,TRUE,FALSE
25003,"Berkshire County, MA",0.9015710255345354,0.9497152821715714,0.04814425663703603,0.12717143798244235,0.12061542260150304,0.3999999999999986,0.2475602511880517,-0.05261481767930665,-0.05261481767930665,2.229822764682718,-0.6112049633371439,2.30965726999176,2.030745114416767,-1.5260945114000002,Q2,Q1: Lowest,TRUE,TRUE
25005,"Bristol County, MA",0.9645054642299568,0.9905299983226816,0.02602453409272487,0.05842960786114426,0.09173561357326976,2,0.27861261096366796,0.03654765921861469,0.03654765921861447,3.140515658077647,5.015616541463427,7.085559464288593,5.685866223892678,-1.617331299,Q3,Q2,FALSE,FALSE
25007,"Dukes County, MA",0.8011958146487295,0.9961659457333858,0.19497013108465633,0.23290358744394624,0.1278018088871412,0.5,0.32114746407659034,0.08876185690055904,0.08876185690055927,1.6606675354062406,-0.29872627012468944,,,-3.760308546000001,Q1: Lowest,Q2,TRUE,FALSE
25009,"Essex County, MA",1.034923943661972,0.9835465622687808,-0.051377381393191146,0.026039436619718304,0.08306562643414406,-1.5999999999999996,0.3560224774004397,0.07988624046073167,0.07988624046073145,4.156028971553519,0.9956318322241873,1.7641873563224095,5.261086627193514,-1.5480813429999998,Q4: Highest,Q2,FALSE,FALSE
25011,"Franklin County, MA",0.9887104468118938,0.958912099837222,-0.029798346974671763,0.05337361530715001,0.09804666304937604,-1.1999999999999993,0.17347615702801833,-0.01951744275395728,-0.019517442753957392,1.0003906254269834,4.392658575855547,1.6244069961421985,6.465289724741947,-2.169507285399999,Q3,Q1: Lowest,FALSE,TRUE
25013,"Hampden County, MA",0.9590202845437756,0.9666135458167332,0.007593261272957563,0.0592301082823411,0.08924302788844618,-2.599999999999998,0.3065986305551922,0.010701422088532642,0.010701422088532864,0.7215778231601716,1.400271159854126,3.405620056904425,4.499786445118328,-1.7103223290000003,Q3,Q1: Lowest,FALSE,TRUE
25015,"Hampshire County, MA",0.9542984714970824,0.9705163804507156,0.016217908953633287,0.060785749722412574,0.10096411674273931,-0.5,0.3397542464763281,0.025426862702592423,0.0254268627025922,-0.6151020959523634,-0.32790529888372366,2.808719296842426,9.83309329469295,-2.2704764858999997,Q3,Q2,TRUE,TRUE
25017,"Middlesex County, MA",0.9987759810254828,0.9797809743003836,-0.01899500672509924,0.028507509899499572,0.08611367387625346,0,0.4289948764720084,0.10155996899746156,0.10155996899746156,2.0569238085047155,-1.6625665322636598,2.485609432542688,8.587948030504897,-1.8090871120000003,Q4: Highest,Q2,FALSE,FALSE
25019,"Nantucket County/town, MA",0.7269003734489821,1.0411591229644823,0.31425874951550026,0.3287555716178774,0.1436081548916528,0.20000000000000018,0.43796232517744293,0.14161241862794194,0.14161241862794172,0.1640411744983139,-8.485629576042282,,,-1.8826317059999997,Q1: Lowest,Q4: Highest,FALSE,FALSE
25021,"Norfolk County, MA",0.9961148807563855,1.001033765426912,0.004918884670526369,0.030816360129827358,0.08788279238883834,-0.6000000000000005,0.35295532820097253,0.07644589708520799,0.07644589708520799,2.911557397670733,2.1974561790740026,0.33015773244726176,7.059665577804019,-1.5642358979999997,Q4: Highest,Q3,FALSE,FALSE
25023,"Plymouth County, MA",0.9928573166873524,1.004078466423957,0.011221149736604596,0.03316216852027609,0.08922848858756072,0.9000000000000004,0.2829504574682038,0.0674878290059826,0.0674878290059826,1.6469776771419893,4.436974887342327,0.7512760760893116,5.450230841248619,-2.0858286567000004,Q3,Q3,FALSE,FALSE
25025,"Suffolk County, MA",1.0688619093122198,0.961008529590035,-0.10785337972218478,0.023724205401223997,0.09634659475223784,-2.6000000000000014,0.5213327181914829,0.1594232788360581,0.15942327883605834,3.797101099203462,-7.414953506249583,5.385786870808161,10.483665990451875,-1.6167979799999994,Q4: Highest,Q1: Lowest,FALSE,TRUE
25027,"Worcester County, MA",1.02447309564531,0.99534960332861,-0.029123492316700084,0.032903565320352546,0.08032934104714029,-0.09999999999999964,0.25900212004984535,0.05371441619729023,0.05371441619729045,1.4706018464133441,2.954631661181894,3.8389470831986188,5.895582032383622,-2.2073321450000005,Q4: Highest,Q2,FALSE,FALSE
26001,"Alcona County, MI",0.823403720462544,0.9139862148190696,0.09058249435652566,0.20387129210658628,0.10166570936243535,4.5,0.21599601418481296,-0.08824044865054326,-0.08824044865054315,-3.7333897887770586,3.123540426265852,,,-0.6224622139999996,Q1: Lowest,Q1: Lowest,TRUE,TRUE
26003,"Alger County, MI",0.7365094798249878,1.0160527205136871,0.2795432406886993,0.2736995624696159,0.07603920243325446,0.09999999999999964,0.338033575596274,-0.06861642294713166,-0.06861642294713166,3.041570554608364,-11.157078685322439,,,-0.7904157093000004,Q1: Lowest,Q3,TRUE,FALSE
26005,"Allegan County, MI",0.9885543079656725,1.0236319486601335,0.035077640694461065,0.10612075157839018,0.03149770184719447,0.10000000000000142,0.29931879843069886,0.059716226767300595,0.059716226767300595,-0.7222256003263317,6.8023444739260475,5.899290552836433,4.064931477173197,-2.912874563999999,Q3,Q3,FALSE,FALSE
26007,"Alpena County, MI",0.9289078918762228,1.0059960552268246,0.07708816335060176,0.12211029784767014,0.06650887573964492,-1.5999999999999996,0.16444491841740438,-0.05881378396288928,-0.058813783962889166,-0.7224345341118155,0.38931464315089337,,,-0.6530521541999992,Q2,Q3,TRUE,FALSE
26009,"Antrim County, MI",0.8043241773184662,0.9721908526256352,0.16786667530716903,0.20097905901550173,0.09947299077733862,-2.4000000000000004,0.3530940393048563,-0.038106235565819824,-0.038106235565819824,2.8349249748764738,0.9489774134662117,,,-3.6017862233999995,Q1: Lowest,Q2,TRUE,TRUE
26011,"Arenac County, MI",0.8310253182263254,1.029084756687077,0.1980594384607517,0.2082808784445377,0.07073799548823723,-0.10000000000000142,0.19709001903725865,-0.11468681220629351,-0.11468681220629351,-0.08029906353228533,1.2393139032187666,,,-2.279200618699999,Q1: Lowest,Q3,TRUE,FALSE
26013,"Baraga County, MI",0.8015115354017502,0.965434083601286,0.16392254819953578,0.19437814903208694,0.08263665594855307,-1.700000000000001,0.2419060823127679,-0.08073908174692046,-0.08073908174692057,0.39362127503278777,8.475088863355259,,,-2.1528021314000005,Q1: Lowest,Q1: Lowest,TRUE,FALSE
26015,"Barry County, MI",0.9105729715042624,1.0285363285363285,0.11796335703206606,0.1213870869136977,0.05166725166725161,-0.6000000000000005,0.30673023103202013,0.026363621204288812,0.026363621204289034,0.26306547865836416,3.716579317402266,,,-1.6950510590000007,Q2,Q3,FALSE,FALSE
26017,"Bay County, MI",0.9362530178657652,0.990699349590051,0.05444633172428581,0.0726026074360212,0.06177835215355609,1.700000000000001,0.17433470764617698,-0.04629526874560719,-0.04629526874560719,0.40818830862612565,2.3896564223230414,6.008022221007735,5.512660805592304,-2.1416559086000007,Q2,Q2,TRUE,FALSE
26019,"Benzie County, MI",0.9065940570616788,1.0274371361327883,0.12084307907110947,0.11104534154137569,0.060076799207233966,-0.09999999999999964,0.3819602893344336,-0.005430218888204719,-0.00543021888820483,0.06205134651369737,9.717222522486226,,,-2.6631113697999993,Q2,Q3,FALSE,FALSE
26021,"Berrien County, MI",0.9571420865249756,1.0124370906583935,0.055295004133417924,0.1052567698780883,0.06775594622543946,0.5,0.1965373895791016,-0.02527036815819239,-0.02527036815819228,-1.3046051449223022,1.5778955598508346,5.54090235115487,3.5592316642140425,-2.195623437,Q3,Q3,TRUE,FALSE
26023,"Branch County, MI",0.8673084272883623,1.0659304053707783,0.198621978082416,0.18526657748901199,-0.0050735407164455015,-0.8000000000000007,0.22863323223060816,-0.06991108831324266,-0.06991108831324244,-3.7676135562657196,4.867390350205234,,,-1.6741856210000012,Q1: Lowest,Q4: Highest,FALSE,FALSE
26025,"Calhoun County, MI",0.8768531766568236,1.007614848955463,0.13076167229863944,0.13248500715394684,0.08119165706460929,-2.9000000000000004,0.20743145743145752,-0.02487970810135043,-0.02487970810135043,-1.6515667766842101,8.657247880884187,4.247585775462198,1.1922347139598237,-2.436210731000001,Q2,Q3,TRUE,FALSE
26027,"Cass County, MI",0.8376878612716763,0.970937641303901,0.13324978003222476,0.16605009633911372,0.06873021745385788,2,0.3062953995157385,-0.015886589514090832,-0.015886589514090832,1.5626781778787124,1.3857418162099386,,,-1.1116515084999996,Q1: Lowest,Q2,TRUE,TRUE
26029,"Charlevoix County, MI",0.8998556888956403,1.0322942543473037,0.13243856545166344,0.13656387665198233,0.06899591313406528,0,0.2048372893157755,-0.01343446922525382,-0.013434469225253709,-0.06722902225401728,1.1211028876632687,,,-2.515198874800001,Q2,Q3,FALSE,FALSE
26031,"Cheboygan County, MI",0.8338226405319057,0.99961959106039,0.1657969505284843,0.19782402210517225,0.08549690917736563,0,0.24888483109430015,-0.06706529361827773,-0.06706529361827773,3.41491796959425,6.584175574502873,,,-1.1389854331999985,Q1: Lowest,Q3,TRUE,FALSE
26033,"Chippewa County, MI",0.9619757688723206,1.042547133999747,0.08057136512742635,0.06915191053122083,0.029925344805769916,1.8000000000000007,0.26649817467003656,-0.04998219463804243,-0.04998219463804243,-0.8297051204450678,-1.1097501731116397,,,-1.3446961358999996,Q3,Q4: Highest,FALSE,FALSE
26035,"Clare County, MI",0.915423927613941,0.9641319285387082,0.048708000924767236,0.1192191689008043,0.1043518094365552,-0.5,0.2628199411397485,-0.012853634420948556,-0.012853634420948667,-3.5524239208520214,3.4115891340397297,,,-1.5855807889999998,Q2,Q1: Lowest,TRUE,FALSE
26037,"Clinton County, MI",1.008379422472972,0.9964727072597188,-0.01190671521325326,0.06458964453461546,0.05871316355631162,0.7000000000000002,0.21877830331085835,0.07940059669107669,0.07940059669107669,1.566885681636393,-0.7728260131943729,1.2055291003827477,7.684844574575379,-1.9347920430999999,Q4: Highest,Q2,FALSE,FALSE
26039,"Crawford County, MI",0.77493626513703,1.0085913897280967,0.23365512459106674,0.2425111536010197,0.052492447129909414,-0.6999999999999993,0.36507407098585287,-0.029470771359391246,-0.029470771359391357,-1.2132531394446366,9.890955975243159,,,0.13609893350000135,Q1: Lowest,Q3,TRUE,FALSE
26041,"Delta County, MI",0.8319312266680687,0.9714249508965342,0.1394937242284655,0.17235396182764606,0.05524931888741047,1.5,0.18319132455460885,-0.04789272030651337,-0.04789272030651326,-2.1382306641371027,8.65982399291449,,,-1.1843145550000003,Q1: Lowest,Q2,TRUE,FALSE
26043,"Dickinson County, MI",0.8655326636850209,1.001875312552092,0.13634264886707115,0.14971772124056015,0.05784297382897152,-1.1999999999999993,0.29933765229162645,-0.06108403705219301,-0.0610840370521929,-0.8034394520735039,1.3894356441021727,,,-0.44260027660000034,Q1: Lowest,Q3,TRUE,FALSE
26045,"Eaton County, MI",0.9330927411430512,0.9909281806627492,0.05783543951969805,0.08420131134654207,0.06321722632577498,-0.9000000000000004,0.2702369247971006,0.017626755754074352,0.017626755754074575,-5.941541232659126,3.420510175533549,4.383640863729411,6.517608565732587,-0.9218751135000005,Q2,Q2,TRUE,FALSE
26047,"Emmet County, MI",0.8850180901216972,1.0013486572065204,0.11633056708482326,0.13901984431531633,0.02984637035299631,-0.20000000000000107,0.25644005832505656,0.018936390803195646,0.018936390803195646,-1.241479060149231,11.80152962620369,,,-2.547446268,Q2,Q3,TRUE,FALSE
26049,"Genesee County, MI",0.8370620916713822,1.0012667587598374,0.16420466708845516,0.18166572354544985,0.06766555275964259,-0.1999999999999993,0.1616802242750126,-0.07371681476527536,-0.07371681476527514,0.3718552450299478,8.525908075637403,2.5295627851695173,3.1249155358557097,-2.6210161149999998,Q1: Lowest,Q3,TRUE,FALSE
26051,"Gladwin County, MI",0.8928752664163199,1.1056792873051224,0.21280402088880257,0.1187455597280016,0.029510022271714953,-4.100000000000001,0.3216317705962677,-0.03180521209815479,-0.0318052120981549,-0.45142003409186504,14.465955935862146,,,-0.2525166804999994,Q2,Q4: Highest,FALSE,FALSE
26053,"Gogebic County, MI",0.8543581175160122,0.9310848062266904,0.07672668871067823,0.16457811194653305,0.13426301281011832,0.40000000000000213,0.15671862960109073,-0.1537995761429004,-0.1537995761429003,1.8762027362496463,-3.7705625665830973,,,-0.7059069480999991,Q1: Lowest,Q1: Lowest,TRUE,TRUE
26055,"Grand Traverse County, MI",0.9352586618099822,1.0179991841729554,0.08274052236297325,0.09529075061792636,0.06022843157250668,-1.6000000000000005,0.3622007665403062,0.08774348847263935,0.08774348847263935,-0.4062573764766958,-1.18294789134805,2.671068185477978,8.22966629964776,-2.0813943650999995,Q2,Q3,FALSE,FALSE
26057,"Gratiot County, MI",0.9386390596355008,0.9516202517227632,0.01298119208726245,0.09231101046047663,0.09100746056153541,-0.8999999999999986,0.23011302021832902,-0.04934149075284888,-0.04934149075284899,-2.4041792264432176,2.970151223316955,,,-1.9522551864000004,Q2,Q1: Lowest,TRUE,TRUE
26059,"Hillsdale County, MI",0.9015489948528698,0.9980469728078522,0.09649797795498238,0.15931824803340777,0.08818668936852125,1.6000000000000014,0.16046776027286014,-0.03656836234578331,-0.03656836234578331,-0.09806687143538162,6.3376405439890195,,,-1.2440771779999995,Q2,Q2,FALSE,FALSE
26061,"Houghton County, MI",0.9516606280193236,1.0241518476478748,0.0724912196285512,0.07107487922705313,0.06917644091310382,-4.300000000000001,0.29245879041984946,-0.004324897458076404,-0.004324897458076515,1.2493395357017296,-3.7216800506446095,,,-1.9596072952999997,Q3,Q3,FALSE,FALSE
26063,"Huron County, MI",0.9428778246364952,0.9408866995073892,-0.0019911251291059306,0.13167998992887264,0.1373680506685433,1,0.26983224338925216,-0.08970441323382505,-0.08970441323382494,-0.6514262059365061,3.7572926487764238,,,0.305413166100001,Q3,Q1: Lowest,TRUE,TRUE
26065,"Ingham County, MI",0.9237737317040978,1.0258905644358771,0.1021168327317793,0.08109591324946341,0.09551081760043423,-0.8000000000000007,0.20453594627325766,0.03798286156489383,0.03798286156489383,0.5850906063210592,3.704920073150494,4.262846846810319,5.311704681640542,-2.0625753190000005,Q2,Q3,FALSE,FALSE
26067,"Ionia County, MI",0.91002388287009806,1.0017683027598745,0.09174441988977644,0.13059430272403172,0.05754420756899681,-3,0.22106773234962596,-0.007547285584991292,-0.007547285584991403,-4.732914806778074,7.349907152457423,,,-2.353873645,Q2,Q3,FALSE,FALSE
26069,"Iosco County, MI",0.8925224425372398,0.9556608741442864,0.06313843160704657,0.14402683239617242,0.10468667719852554,-1.5,0.22060799462546177,-0.06063778085162064,-0.06063778085162064,-2.7446410316659287,2.574834157036072,,,1.026155708100001,Q2,Q1: Lowest,TRUE,TRUE
26071,"Iron County, MI",0.8491549802229413,0.902832674571805,0.053677694348863714,0.17871269327580008,0.12758014931927975,-0.8000000000000007,0.3982258594426691,-0.09168513502421405,-0.09168513502421427,-1.3541842510455482,-4.964007601470194,,,0.6287210896,Q1: Lowest,Q1: Lowest,TRUE,FALSE
26073,"Isabella County, MI",0.8812481272643077,0.9214329928814609,0.040184865617153176,0.13309362316471907,0.0997214484679666,-1,0.18888973790784758,0.012461600881006119,0.01246160088100634,1.7879075408568896,3.4378427577321475,2.904742177706268,-2.0143866837033855,-1.6872836830000004,Q2,Q1: Lowest,TRUE,TRUE
26075,"Jackson County, MI",0.9122979135000692,1.0034399943490853,0.0911420808490161,0.1002901754870803,0.05419227237409052,-0.7000000000000011,0.26026194977045636,-0.029427612726248498,-0.029427612726248498,-2.075434437070162,2.061603978014918,1.761055187300812,5.722562757533982,-1.412044539,Q2,Q3,TRUE,FALSE
26077,"Kalamazoo County, MI",0.9333581796783053,1.0164739862597376,0.08311580658143236,0.09213809336994905,0.062321365278312,-2.8999999999999986,0.2800965616821587,0.08000211872175877,0.080002118721759,0.5011759351534611,0.8020719450705185,0.5653597279628997,3.7511507571744644,-1.7444358379999994,Q2,Q3,FALSE,FALSE
26079,"Kalkaska County, MI",0.8611620795107033,1.031396255850234,0.17023417633953075,0.1911926605504587,0.06721268850754025,-0.09999999999999964,0.19831903168172316,0.028392246294184798,0.028392246294184575,-7.807803829976273,12.656948848516048,,,-3.0182541211,Q1: Lowest,Q3,FALSE,FALSE
26081,"Kent County, MI",0.9626107402962232,1.007332538320584,0.044721798024360826,0.08617876075517605,0.06092318431691923,-1.9000000000000004,0.33915457819447514,0.09844551788482092,0.09844551788482092,-0.41147612335940553,1.8821720513577023,4.403663297766869,6.878517071451601,-2.6314239829999995,Q3,Q3,FALSE,FALSE
26083,"Keweenaw County, MI",0.8765560165975104,0.9702797202797204,0.09372370368221006,0.11307053941908718,0.11188811188811187,-2.799999999999999,0.3179400050135086,0.005703422053231932,0.005703422053231932,-0.36781609195402076,9.929776391354661,,,-12.040167419900001,Q2,Q2,FALSE,TRUE
26085,"Lake County, MI",0.962058901565402,1.0975609756097562,0.13550207404435421,0.1644998673388166,-0.09077193864722144,-0.10000000000000142,0.21955441577175838,0.0137700992131371,0.013770099213137321,-0.5235315669184781,-6.844168640252952,,,-0.4631530456999986,Q3,Q4: Highest,FALSE,FALSE
26087,"Lapeer County, MI",0.8661011593709744,0.9855032295382242,0.1194020701672498,0.1660549789757675,0.10621324592692571,1.4000000000000004,0.15247796210175601,-0.03865905848787443,-0.03865905848787443,0.23978624051491648,7.283881115617052,2.695868789262903,4.19337295796357,-1.7047074671999987,Q1: Lowest,Q2,FALSE,TRUE
26089,"Leelanau County, MI",0.9070550751024123,1.0285236599452832,0.12146858484287082,0.1460172963131543,0.057959266389705166,-0.40000000000000036,0.3182377197424582,-0.0022009262231188487,-0.0022009262231189597,3.1327250012422256,4.740520504023921,,,0.14618783110000066,Q2,Q3,TRUE,FALSE
26091,"Lenawee County, MI",0.9379946091644203,0.9963219196076716,0.058327310443251235,0.11855525606468997,0.07474384797267708,1.200000000000001,0.08763260583955912,-0.03153742486990563,-0.03153742486990563,1.0522792540023973,4.405147806572812,3.840115459781515,3.054218230701032,-2.2596598503000003,Q2,Q2,FALSE,FALSE
26093,"Livingston County, MI",0.9502431516016776,0.998933826142583,0.048690674540905365,0.11696930489872404,0.10472873490856294,-1.0999999999999996,0.2080742778541953,0.055480118524708244,0.055480118524708466,-2.075952535676906,4.039516768583788,0.44639053703109255,3.48385215188285,-1.0734194314999996,Q3,Q2,FALSE,FALSE
26095,"Luce County, MI",0.8683111954459203,0.8345943673812526,-0.03371682806466769,0.19772296015180268,0.24464060529634302,0.3999999999999986,0.2053661381833607,-0.08275658960388754,-0.08275658960388754,-1.4965676792960902,-16.299750226583733,,,1.9253095180000006,Q1: Lowest,Q1: Lowest,TRUE,TRUE
26097,"Mackinac County, MI",0.7934893184130214,1.0536466415428951,0.2601573231298737,0.2238046795523907,0.07049434715140768,2,0.1682854620059211,-0.056691125087351524,-0.056691125087351524,-0.16585825546820698,7.278315815793954,,,-0.9746358178000012,Q1: Lowest,Q4: Highest,TRUE,FALSE
26099,"Macomb County, MI",0.9475626742740032,0.9811555714560916,0.033592897182088355,0.11177995710574484,0.10891332067406045,0.29999999999999893,0.1770740975300824,0.045792584207547504,0.04579258420754728,3.18377743193341,1.836101622338966,3.388286412862172,3.6262790603879793,-1.6146616379999994,Q3,Q2,FALSE,TRUE
26101,"Manistee County, MI",0.8575498575498576,0.9939199209095404,0.13637006335968282,0.1636396011396012,0.09698467622343054,-1.799999999999999,0.2849367121107089,-0.020696255532958507,-0.020696255532958396,-0.32518605722559046,8.648904983693468,,,-0.32045314440000006,Q1: Lowest,Q2,TRUE,FALSE
26103,"Marquette County, MI",0.930751661129568,1.007581390837671,0.07682972970810298,0.08148433792121501,0.03779379910122527,-1.799999999999999,0.20592498243148283,0.008589012717182598,0.008589012717182598,1.200634743861262,-0.4110949438528073,3.998508768485351,5.408976988919811,-1.8256070477000002,Q2,Q3,TRUE,FALSE
26105,"Mason County, MI",0.944789260969977,0.948972442783746,0.004183181813769088,0.08739896073902997,0.10392340028024283,-1.1999999999999993,0.30067030072246426,0.01600139445703319,0.01600139445703319,-1.3220585214310077,15.225646392127118,,,-1.8448774770000007,Q3,Q1: Lowest,TRUE,TRUE
26107,"Mecosta County, MI",0.8990813508920985,0.9842503872855586,0.08516903639346007,0.11018479184367036,0.06850651213494752,-2.1000000000000014,0.2789201361893783,0.019066604127579767,0.019066604127579767,-2.8454777352821177,5.7398779272370755,,,-1.4049535258999999,Q2,Q2,TRUE,FALSE
26109,"Menominee County, MI",0.8727996141789245,0.979122499769564,0.10632288559063952,0.156498673740053,0.05512028758410914,-0.5,0.18197327950788167,-0.06339939149740981,-0.06339939149740959,-2.136412195138332,-3.3112118295225335,,,-2.189581843499999,Q1: Lowest,Q2,TRUE,TRUE
26111,"Midland County, MI",0.9282038655669088,1.013819449785914,0.08561558421900528,0.09045918995445035,0.06986642053175396,-0.7000000000000011,0.35957417823015403,-0.005311004784689044,-0.005311004784688933,0.08907281559032976,4.074668214534693,2.7598393716529586,3.9136810924568266,-0.7622973819999999,Q2,Q3,FALSE,FALSE
26113,"Missaukee County, MI",1.014639275315432,1.0711678832116789,0.05652860789624681,0.13814299579424139,-4.760393525864437e-4,-2.6999999999999993,0.29788310275930097,0.007262309281097945,0.007262309281097945,-3.8283788941482824,2.5821081853687984,,,0.35631453799999946,Q4: Highest,Q4: Highest,FALSE,FALSE
26115,"Monroe County, MI",0.9187685560972952,1.0063235212901087,0.08755496519281347,0.131819791354561,0.06908930247970402,2.3999999999999995,0.17382737671720205,-0.01905829596412556,-0.01905829596412556,0.39856868726940164,4.094088464460766,4.92316769986796,9.296018830614162,-1.7732730326999988,Q2,Q3,FALSE,FALSE
26117,"Montcalm County, MI",0.9879784301005514,1.019803685207508,0.03182525510695666,0.09828089523191696,0.060168761839159646,-5.4,0.2975214846182588,0.005160478288231518,0.005160478288231518,-4.249261816041361,6.397017231382105,,,-1.7257579780000007,Q3,Q3,FALSE,FALSE
26119,"Montmorency County, MI",0.7679413305395495,1.0849933598937582,0.31705202935420873,0.2943949711891043,0.0033200531208499307,-1.5,0.19351576442593688,-0.06682673069227696,-0.06682673069227674,-3.5520756361431594,9.734854490681347,,,-1.3238857025000001,Q1: Lowest,Q4: Highest,TRUE,FALSE
26121,"Muskegon County, MI",0.8154868098670283,0.9974249418227596,0.18193813195573139,0.21544280311139652,0.08065972354684059,-2.1999999999999993,0.26477187733732244,-9.8999643140818e-4,-9.89996431408291e-4,-0.24531752141813135,5.643837281035571,4.102714422346082,3.667383750892956,-1.7679005409999995,Q1: Lowest,Q2,TRUE,FALSE
26123,"Newaygo County, MI",0.9257859315939893,1.0115184716954628,0.08573254010147358,0.12026366737346728,0.045184248724071785,0.3999999999999986,0.18857615133844519,-0.007054816736944525,-0.007054816736944525,-1.59605972405521,8.674850505286768,,,-2.7335188020000007,Q2,Q3,FALSE,FALSE
26125,"Oakland County, MI",0.9531654747276014,0.9872411384275638,0.0340756636999624,0.11665912131227896,0.10969195754557537,-0.7999999999999998,0.219324439909365,0.04810719899455096,0.04810719899455096,1.7128699730075274,3.5303135985970773,2.9351174506306705,7.178549210705093,-1.5192141899999996,Q3,Q2,FALSE,TRUE
26127,"Oceana County, MI",0.8322199955466488,0.9928286852589642,0.16060868971231534,0.17316113708899283,0.09880478087649402,-4,0.3571725032425421,-0.02876958643719496,-0.02876958643719507,-0.01734613528940887,11.24686178954234,,,-4.065573513599999,Q1: Lowest,Q2,TRUE,TRUE
26129,"Ogemaw County, MI",0.8551303383250138,0.9504804612427932,0.09535012291777933,0.15585135884636714,0.1272261370916079,2,0.19066405575073442,-0.043024474727678785,-0.043024474727678785,1.9198853383781078,1.8850403550024575,,,-0.18482605129999996,Q1: Lowest,Q1: Lowest,TRUE,TRUE
26131,"Ontonagon County, MI",0.6424167694204685,1.1116883116883116,0.46927154226784307,0.34833538840937117,-0.044675324675324646,0.5,0.3305376972530685,-0.19809336884901163,-0.19809336884901163,6.216767570413268,1.8867785796146934,,,-2.8453400780999996,Q1: Lowest,Q4: Highest,TRUE,FALSE
26133,"Osceola County, MI",0.9520591341077086,1.082449160035367,0.13039002592765836,0.14730728616684263,0.006741821396993863,-1.799999999999999,0.24599957890304247,-0.015402694422294028,-0.015402694422294028,-8.299686004517243,12.245963381036887,,,-0.9368941740000007,Q3,Q4: Highest,FALSE,FALSE
26135,"Oscoda County, MI",0.7573428493000275,0.7687623436471362,0.01141949434710876,0.3121054076310733,0.3232389730085583,-6.200000000000001,0.4208698422813446,-0.08828410222369731,-0.08828410222369731,5.497301736108994,3.3587013005528394,,,-0.9476860449999993,Q1: Lowest,Q1: Lowest,TRUE,TRUE
26137,"Otsego County, MI",0.9126558171745152,1.0199667221297837,0.10731090495526852,0.13209833795013848,0.06392854015237759,-2.9000000000000004,0.17494561682850795,-0.002063190258505654,-0.002063190258505654,-0.03933714697696433,9.638425082293391,,,-1.7025782759999988,Q2,Q3,FALSE,FALSE
26139,"Ottawa County, MI",1.0072649210301157,1.0224199797186615,0.01515505868854583,0.11736412477935454,0.0519059257911022,0.7000000000000002,0.26755373221028167,0.1222633702127005,0.12226337021270028,-0.5336946110278129,6.228204614023932,2.4189414277799557,7.968816478066785,-2.484576681,Q4: Highest,Q3,FALSE,FALSE
26141,"Presque Isle County, MI",0.8782051282051282,0.9476978569913006,0.06949272878617241,0.14450549450549455,0.0846594525779758,-3.0999999999999996,0.18439290450098822,-0.09682972313871752,-0.0968297231387174,3.9399886518101,4.726481209045935,,,-0.6112838947999997,Q2,Q1: Lowest,TRUE,TRUE
26143,"Roscommon County, MI",0.7671543895055499,1.1236146095717885,0.35646022006623856,0.29566094853683145,0.08425692695214104,-5.199999999999999,0.34316201540598557,-0.05130737025041476,-0.051307370250414874,-2.7938430780739543,13.845928994234596,,,-0.44246540820000035,Q1: Lowest,Q4: Highest,TRUE,FALSE
26145,"Saginaw County, MI",0.8879637760702525,0.9687752177002662,0.08081144163001375,0.1326015367727772,0.08134703168848689,1.6000000000000014,0.13046621731930874,-0.06204958059307686,-0.06204958059307697,-0.21862190887718402,12.189079187151899,2.62089086356967,3.123140213090629,-0.8960972720000004,Q2,Q2,TRUE,TRUE
26147,"St. Clair County, MI",0.8708394198664441,0.9845319459119664,0.11369252604552227,0.159967132721202,0.10631695801623708,-1.5,0.25365427060342305,-0.05012953213232574,-0.05012953213232574,0.9729780995806792,5.9571320184145575,4.816024435789799,6.1485243613539176,-2.6448689305999995,Q1: Lowest,Q2,TRUE,TRUE
26149,"St. Joseph County, MI",0.8619718784772566,0.975275783575556,0.11330390509829935,0.17675422328623935,0.07704430047277189,-1.6999999999999993,0.2599174421045267,-0.020548495413138856,-0.020548495413138856,-0.732012126146589,1.5975044411818957,,,-3.4776500530000014,Q1: Lowest,Q2,TRUE,TRUE
26151,"Sanilac County, MI",0.8417927089393058,0.92008528554464,0.07829257660533417,0.18528214077952299,0.12112706466587497,0.40000000000000036,0.23127204558348335,-0.07750565775616747,-0.07750565775616736,-0.7632730699980106,13.25032270342194,,,-1.0258194080000003,Q1: Lowest,Q1: Lowest,TRUE,TRUE
26153,"Schoolcraft County, MI",0.8600715465052284,1.0330726621049202,0.17300111559969178,0.1463951568519538,0.07526881720430112,-0.1999999999999993,0.36409532598664573,-0.0826249574974498,-0.0826249574974498,0.12624015837016944,12.781767647348685,,,-0.3729891793000002,Q1: Lowest,Q3,TRUE,FALSE
26155,"Shiawassee County, MI",0.9446735293245128,0.973287356321839,0.028613826997326286,0.11083093535850963,0.08309578544061302,-2.5999999999999996,0.2394563885485128,-0.05942617292132657,-0.05942617292132657,-3.158812409402695,7.534638224576791,4.39601421351891,3.5925545971035042,-1.7195511633000002,Q3,Q2,TRUE,FALSE
26157,"Tuscola County, MI",0.8328846513366984,1.0275113358911754,0.19462668455447696,0.17621985417835107,0.06853854202999654,-1.5,0.21779390893650685,-0.08613059525267186,-0.08613059525267186,-1.8880770946512637,5.247878117677136,,,-0.9263426549999991,Q1: Lowest,Q3,TRUE,FALSE
26159,"Van Buren County, MI",0.8891826422171286,0.9645972786129704,0.07541463639584178,0.17805792873515314,0.07577087676945027,-3.8000000000000007,0.3100687009279086,-0.012552355850154573,-0.012552355850154684,-1.5324643576028807,8.2711132405427,1.9060183525566572,3.760194284267456,-2.2982592509999993,Q2,Q1: Lowest,TRUE,TRUE
26161,"Washtenaw County, MI",0.9525921099134124,1.014374990465827,0.061782880552414654,0.07881803322141723,0.06423744412974608,0.3000000000000007,0.2547095761381475,0.06455358952825008,0.06455358952825008,0.49926774426339304,-2.615555373629313,1.8342665548877903,5.041678959838123,-2.5098115563000007,Q3,Q3,FALSE,FALSE
26163,"Wayne County, MI",0.8482992334764128,0.984127990207,0.13582875673058725,0.17156612327649134,0.10813915074407854,-1,0.19337393308095652,-0.0797736129347204,-0.0797736129347204,3.614528348344079,10.595157853487343,5.285380752349056,5.213880897829636,-0.5429043880000002,Q1: Lowest,Q2,TRUE,TRUE
26165,"Wexford County, MI",0.9429385548330532,1.0316195909280643,0.0886810360950111,0.1293928545334989,0.04250730485598997,-3.1999999999999993,0.3254027632300862,0.03004594180704445,0.03004594180704423,-2.769320826186944,1.6305400431117958,,,-3.133043377,Q3,Q3,FALSE,FALSE
27001,"Aitkin County, MN",0.8616248801205645,1.0367094552285536,0.17508457510798914,0.1354980134264968,-0.006731371321227364,-0.9000000000000004,0.34514374514374513,-0.03610217826588191,-0.036102178265882134,-1.5363749518336522,-1.329641617158135,,,-2.4536072663000006,Q1: Lowest,Q4: Highest,TRUE,FALSE
27003,"Anoka County, MN",0.9727213605709852,1.0240938509645852,0.05137249039359992,0.05665584593020079,0.029654369980988804,-0.20000000000000018,0.2662990642848462,0.09563276820549649,0.09563276820549649,-0.16309671400228098,3.212313753584639,2.139852737295044,7.363469768575335,-2.1528915810000004,Q3,Q3,FALSE,FALSE
27005,"Becker County, MN",1.0260419931056095,1.0267390788224122,6.970857168027145e-4,0.020871200250705102,0.01650047483380812,-1.9000000000000004,0.4120776618531057,0.07096633688009457,0.0709663368800948,-4.005601419790255,-1.684543980264435,,,-2.5480201129999998,Q4: Highest,Q3,FALSE,FALSE
27007,"Beltrami County, MN",1.0369139258222533,1.0368570751362882,-5.685068596505971e-5,0.01679496151154658,0.0029864896894998827,-0.6999999999999993,0.3313677233850727,0.09027055751946578,0.09027055751946556,-3.535620363662842,2.2589805579004594,,,-2.6227230949999996,Q4: Highest,Q4: Highest,FALSE,FALSE
27009,"Benton County, MN",0.9225514100381838,0.98902141501762,0.06647000497943623,0.11243501863182592,0.029185867895545337,-0.09999999999999964,0.2953881362512516,0.07582813692214585,0.07582813692214585,-0.8484031293400363,-3.6756520180131114,,,-2.2864219180000003,Q2,Q2,FALSE,TRUE
27011,"Big Stone County, MN",0.947133283693224,1.0046218487394958,0.057488565046271756,0.09717051377513031,0.03865546218487392,-0.8000000000000007,0.3256516051122069,-0.06988445769660823,-0.06988445769660856,0.22845486707887552,-2.5863550290634962,,,1.125837323999999,Q3,Q3,FALSE,FALSE
27013,"Blue Earth County, MN",1.0226871196612357,1.0204400485499574,-0.0022470711112783093,0.01132953812501758,0.03264209901092374,2.8999999999999986,0.21342627001185144,0.091635201858844,0.09163520185884422,-0.46230916648948017,-2.2607698880139497,,,-2.784962833,Q4: Highest,Q3,FALSE,FALSE
27015,"Brown County, MN",0.9832349219738508,0.970527070634636,-0.012707851339214815,0.029804583157598707,0.06038006453926137,-1.299999999999999,0.35286147493386677,-0.042939150401836934,-0.042939150401836934,-1.810059063911884,0.6334597498260948,,,-1.0715556500000005,Q3,Q2,TRUE,TRUE
27017,"Carlton County, MN",1.0046151006091932,0.9988041138483617,-0.005810986760831582,0.014337579225893737,0.03701267639320738,-0.7000000000000011,0.3251572073524669,0.03685397155740544,0.03685397155740566,-2.6743009433125047,0.10165004009579048,,,-2.4159173969999994,Q4: Highest,Q2,FALSE,FALSE
27019,"Carver County, MN",1.0383876357560569,1.0403302934043788,0.0019426576483219105,0.017209690893901453,0.023038562694265075,0.3999999999999999,0.27303280941552766,0.2041824223673656,0.2041824223673656,-0.018457709525948607,5.554394501058941,1.335017255762068,12.132727576323816,-3.768318701,Q4: Highest,Q4: Highest,FALSE,FALSE
27021,"Cass County, MN",0.9447127888831092,1.0344996606590755,0.08978687177596634,0.06450174630303929,0.03363245607420251,-2,0.4019944712842638,0.03828318398940067,0.03828318398940045,-2.008068893606707,3.74335302920513,,,-2.9021006686999993,Q3,Q4: Highest,FALSE,FALSE
27023,"Chippewa County, MN",0.9493882901252548,0.9355775266792216,-0.01381076344603327,0.038159044567433686,0.06732580037664782,0.09999999999999964,0.2861453533250684,-0.0484638335618095,-0.04846383356180961,-0.9038993126930461,2.9720060848017997,,,-0.1872910550000011,Q3,Q1: Lowest,TRUE,TRUE
27025,"Chisago County, MN",1.027461576788931,1.030079397394137,0.0026178206052058783,0.0554597370740868,0.031623235613463585,0.2999999999999998,0.28326524436374645,0.0815682826120201,0.0815682826120201,-4.813583653447312,3.984434690004028,,,-3.3358706720000004,Q4: Highest,Q3,FALSE,FALSE
27027,"Clay County, MN",1.0697809653033534,1.0101390836839643,-0.0596418816193891,-0.004102862311817557,0.006895745675549292,-1.0999999999999996,0.28448105175622707,0.15082877878326317,0.15082877878326317,0.024313397447683904,-10.457054303707418,,,-0.5992926139999994,Q4: Highest,Q3,FALSE,FALSE
27029,"Clearwater County, MN",1.1197143657238868,1.019092418372994,-0.10062194735089292,-0.005600672080649627,0.014665190924183724,-4.899999999999999,0.5910500536185259,0.032431799555087126,0.03243179955508735,-9.125534210889114,0.3255015651825415,,,-4.443661440000001,Q4: Highest,Q3,FALSE,FALSE
27031,"Cook County, MN",0.9482019135598811,0.9331046312178388,-0.015097282342042329,0.06235565819861433,0.09296740994854202,0.5,0.32847211214022054,0.04715353651523868,0.04715353651523868,-5.374426174502073,3.5833092021531856,,,-1.1853130368000002,Q3,Q1: Lowest,TRUE,TRUE
27033,"Cottonwood County, MN",0.8734477124183007,1.071853667075092,0.19840595465679134,0.11192810457516345,-0.059338351129003986,0.10000000000000142,0.3273297756695326,-0.04698672114402447,-0.04698672114402469,-2.8936293563892326,-7.107638398508734,,,1.4715167260000008,Q1: Lowest,Q4: Highest,FALSE,FALSE
27035,"Crow Wing County, MN",0.9698341609061112,1.042081841927058,0.07224768102094692,0.07162561256612465,0.02608751733255943,1.1999999999999993,0.43720099964298464,0.05808015093357621,0.05808015093357621,-2.8849731075315326,-1.1913721723811648,,,-3.077398795999999,Q3,Q4: Highest,FALSE,FALSE
27037,"Dakota County, MN",0.9877258964576175,1.0175565053913014,0.029830608933683833,0.04166044362375709,0.030864041410590404,0.8999999999999995,0.1965691410762742,0.09789465333561953,0.09789465333561953,-0.23722820916872167,-0.43253911642605214,1.644208223584286,4.417260881297999,-2.6564143400000013,Q3,Q3,FALSE,FALSE
27039,"Dodge County, MN",0.9997662896139105,1.0174626735353185,0.017696383921408043,0.03991773394409648,0.011787304636339813,-1,0.4116609505144537,0.06735328608575952,0.06735328608575952,-4.157525311109178,7.046067205333882,,,-2.1937696770000006,Q4: Highest,Q3,FALSE,FALSE
27041,"Douglas County, MN",0.9821160126483852,1.0194571695975567,0.037341156949171506,0.041003576797470354,0.00492586572090048,-4.3,0.5259510102720397,0.062334623847589254,0.062334623847589254,-2.138906984500355,-4.894727539407003,,,-0.3540605320000001,Q3,Q3,FALSE,FALSE
27043,"Faribault County, MN",0.9740493662441628,1.0160203520352036,0.04197098579104075,0.06884589726484325,0.018701870187018743,1.0999999999999996,0.30929429102945094,-0.08894968637394907,-0.08894968637394884,-1.312130082066859,-1.6818548944468095,,,-0.25347695199999976,Q3,Q3,FALSE,FALSE
27045,"Fillmore County, MN",0.9738556010420544,1.012782694198623,0.038927093156568726,0.04456643096390023,0.015643157236077565,-1.4000000000000004,0.43265716374269014,-0.0011852835198179479,-0.0011852835198178369,-2.3158776912094723,-5.077626995395859,,,-2.8864099539999994,Q3,Q3,FALSE,FALSE
27047,"Freeborn County, MN",1.0169937155316149,0.9943278132742208,-0.022665902257394066,0.03302552263691161,0.035402268874690335,0.9000000000000004,0.35218386419988557,-0.039033988131128794,-0.03903398813112868,0.7289958376685696,-0.5569289265540025,,,-1.453748611,Q4: Highest,Q2,FALSE,FALSE
27049,"Goodhue County, MN",1.058640286255525,0.9906351955532284,-0.06800509070229666,0.005051568090928216,0.03802311999033314,-0.8000000000000007,0.28218141386607365,0.010334452535647243,0.010334452535647465,-2.731664744369117,-4.3865683978817955,,,-2.2369123569999996,Q4: Highest,Q2,FALSE,FALSE
27051,"Grant County, MN",1.0913194444444445,1.0037978863936592,-0.08752155805078532,0.017708333333333326,0.020475561426684274,-3,0.40631284205167373,-0.027044639947865767,-0.02704463994786588,-6.130689379739729,3.937348988447664,,,-2.9850037236,Q4: Highest,Q3,FALSE,FALSE
27053,"Hennepin County, MN",0.992365402362422,0.98481047285757,-0.007554929504852037,0.03375958508591714,0.0339168753782676,-0.9000000000000004,0.3508196183318839,0.1236107350976623,0.1236107350976623,0.9675313889437653,0.4607594479756232,2.16065063877096,8.187866687523453,-2.323912759999999,Q3,Q2,FALSE,TRUE
27055,"Houston County, MN",0.9257158795091112,0.9976734567262951,0.07195757721718399,0.07363332093715136,0.021093992348257706,-0.6000000000000005,0.353628023352794,-0.04084158415841588,-0.04084158415841599,-5.324491290110628,6.742254870648355,,,-2.573439240000001,Q2,Q2,TRUE,FALSE
27057,"Hubbard County, MN",0.9629957899401728,1.0221797125426533,0.05918392260248051,0.0493020163970751,0.016647709647399478,-0.20000000000000107,0.3275555871279392,0.06798191124583819,0.06798191124583797,-3.715700683199785,2.994526290459918,,,-2.548652832,Q3,Q3,FALSE,FALSE
27059,"Isanti County, MN",0.9319586112200864,1.0601420754535855,0.12818346423349913,0.08728913299333074,0.010799654411058901,-0.6999999999999993,0.3815878079035975,0.07650287714459969,0.07650287714459969,-0.5713862107981416,1.888391303485939,,,-3.0167069709999996,Q2,Q4: Highest,FALSE,FALSE
27061,"Itasca County, MN",0.9773358223243348,0.987987145480514,0.010651323156179227,0.03092092667049584,0.020710059171597628,1.3999999999999986,0.3447343083765073,0.00716373942734716,0.007163739427347382,-3.868248290282858,-1.8099596447025612,,,-2.327328103700001,Q3,Q2,FALSE,FALSE
27063,"Jackson County, MN",0.930611926319076,0.970724907063197,0.04011298074412106,0.11286294099281924,0.05743494423791817,0,0.34009764675937704,-0.06433526560866676,-0.06433526560866654,-1.3647278424015363,0.32188181121457093,,,-0.6742310400999987,Q2,Q2,FALSE,TRUE
27065,"Kanabec County, MN",1.0924213141910546,1.025673344832161,-0.06674796935889349,0.02967973495306464,0.024280217593206865,-1.200000000000001,0.40479346145350115,-0.009578660200060596,-0.009578660200060596,-2.0181454523954754,5.783712534137424,,,-3.0414832469999986,Q4: Highest,Q3,FALSE,FALSE
27067,"Kandiyohi County, MN",0.9996424261386492,0.9513120041844652,-0.04833042195418402,0.015196889107406242,0.06603609101211749,-1.1999999999999993,0.3899991329980925,0.03746487667811427,0.03746487667811427,-1.2468220143954878,5.0783066932067324,,,-2.7132559459999985,Q4: Highest,Q1: Lowest,FALSE,TRUE
27069,"Kittson County, MN",0.963963963963964,0.9640256959314776,6.173196751357857e-5,0.06674856674856677,0.06466809421841546,-0.7000000000000011,0.585259276098103,-0.07370689655172413,-0.07370689655172424,-4.807173568974877,8.760189181816722,,,4.619184750999999,Q3,Q1: Lowest,TRUE,TRUE
27071,"Koochiching County, MN",1.0148905344494528,0.9562246963562752,-0.0586658380931776,0.03235672891178365,0.04385964912280704,-0.1999999999999993,0.2521446954532456,-0.09928555645577075,-0.09928555645577086,0.31922241049064104,-6.408419697772008,,,-1.3550156081999996,Q4: Highest,Q1: Lowest,FALSE,TRUE
27073,"Lac qui Parle County, MN",0.9383248730964469,0.9772972972972972,0.03897242420085034,0.11928934010152281,0.0562162162162162,-1.0999999999999996,0.41029459211277386,-0.10729208788246392,-0.10729208788246392,0.3168126741158239,-3.591335621959093,,,-1.7185518806999998,Q2,Q2,FALSE,TRUE
27075,"Lake County, MN",0.9347714432460196,0.9503165164013044,0.015545073155284861,0.08851224105461397,0.0627277958948782,0.5,0.31342192405281044,-0.027153044432254525,-0.027153044432254525,-2.030290479400518,4.510854243022273,,,-0.7746473248000001,Q2,Q1: Lowest,TRUE,TRUE
27077,"Lake of the Woods County, MN",0.9675438596491228,0.987531806615776,0.01998794696665318,0.0820175438596491,0.019338422391857457,-2,0.3909387674349589,-0.11058263971462545,-0.11058263971462545,-5.154493700030666,24.282589481582278,,,-2.1511343547,Q3,Q2,FALSE,TRUE
27079,"Le Sueur County, MN",1.0838057586155452,1.007293616471955,-0.07651214214359014,0.04139937341488886,0.037436261537468485,-0.40000000000000036,0.3489389825664475,0.03649085037674915,0.03649085037674915,0.3062174046426003,-6.56972160144594,,,-1.3677466030000005,Q4: Highest,Q3,FALSE,FALSE
27081,"Lincoln County, MN",1.0062597809076683,0.9607142857142856,-0.04554549519338269,0.04350547730829424,0.07517006802721093,-2.4000000000000004,0.45172124265323266,-0.052109598251807054,-0.052109598251807054,-3.29808587612046,-7.559020248097479,,,-1.4774734030000012,Q4: Highest,Q1: Lowest,FALSE,TRUE
27083,"Lyon County, MN",1.034839257895482,0.971231556313487,-0.06360770158199491,0.018906670443279983,0.04040928301327207,-0.7000000000000011,0.3514732029464058,0.002794945478880484,0.002794945478880484,-0.49635738190662027,-1.14519494929149,,,-2.222370612999999,Q4: Highest,Q2,FALSE,TRUE
27085,"McLeod County, MN",0.9535161815591288,0.9877034450890796,0.03418726352995083,0.07531040097699981,0.032705242080402486,0.09999999999999964,0.12248278266933998,-0.028895322096263665,-0.028895322096263665,0.6478050792136758,-0.48490052403944195,,,-4.575098688000001,Q3,Q2,TRUE,TRUE
27087,"Mahnomen County, MN",0.9789808917197452,0.9523148148148148,-0.02666607690493039,0.05222929936305731,0.12175925925925923,2.3000000000000007,0.3303896991795807,0.03269805680119586,0.03269805680119564,-0.46910466582597565,-2.930376034160878,,,-1.1098165869999974,Q3,Q1: Lowest,TRUE,FALSE
27089,"Marshall County, MN",1.0117527862208713,1.018137974418117,0.00638518819724565,0.03829787234042559,0.016984692807716528,-2.8000000000000007,0.32446561080961356,-0.03263910475598386,-0.03263910475598375,-4.177095282169979,-4.611853427552162,,,1.7640569300000006,Q4: Highest,Q3,FALSE,FALSE
27091,"Martin County, MN",0.9592473611748508,0.9432308269266828,-0.016016534248167957,0.09921982560807707,0.0827864241515095,0.3000000000000007,0.2699025513407911,-0.05723728326468047,-0.057237283264680694,0.23545249891818165,-3.656608942513823,,,-0.8529436710000002,Q3,Q1: Lowest,TRUE,TRUE
27093,"Meeker County, MN",1.0122821929451764,1.043629573041338,0.03134738009616167,0.038589035274118166,0.020117137764196547,-1.4000000000000004,0.2941248048023688,-0.007903618575639815,-0.007903618575639593,-3.4331308538016136,7.813230689911704,,,-2.9855088940000005,Q4: Highest,Q4: Highest,FALSE,FALSE
27095,"Mille Lacs County, MN",1.0334541276294855,1.0258320726172463,-0.007622055012239226,0.043309174474102874,0.03570347957639941,1.9000000000000004,0.3587215700660309,0.006473111689903499,0.006473111689903499,-8.309280522269013,-3.2398216899087835,,,-1.7308579990000013,Q4: Highest,Q3,FALSE,FALSE
27097,"Morrison County, MN",1.016442726547641,1.0439201236182098,0.027477397070568843,0.005521811154058476,0.01580886722928798,-1.5,0.35314838314444486,0.0109617248062015,0.0109617248062015,-1.116169168083142,-0.6739877882480565,,,-3.1102806240000014,Q4: Highest,Q4: Highest,FALSE,FALSE
27099,"Mower County, MN",1.0109382221537513,1.0402943786210137,0.029356156467262418,0.0012324757356340088,0.003653635367190322,0.09999999999999964,0.2360188725654615,0.035943318163011995,0.035943318163011995,-1.9211062797713145,2.7935186187516097,,,-1.4611978350000001,Q4: Highest,Q4: Highest,FALSE,FALSE
27101,"Murray County, MN",0.8763799010277884,0.9699282905389776,0.09354838951118916,0.12657023220403507,0.059680777238029115,0.1999999999999993,0.3753015171667531,-0.06759217114246696,-0.06759217114246718,-4.497285536873491,5.9368240069084814,,,0.6454376259999997,Q2,Q2,FALSE,TRUE
27103,"Nicollet County, MN",1.0018499920714623,0.9964111766213792,-0.005438815450083068,0.016649928643162948,0.04081004870546012,0.7000000000000011,0.20536304889838708,0.07143080433899152,0.07143080433899152,-0.3412806777763122,-1.1045448343370456,,,-3.3992478350000006,Q4: Highest,Q2,FALSE,FALSE
27105,"Nobles County, MN",1.0257190265486726,0.9657447002092622,-0.059974326339410466,0.019081858407079655,0.01674096988445095,-4,0.3619509412435824,0.04371953867683254,0.043719538676832315,-1.2316697637824197,-13.654240082812247,,,1.0305667669999998,Q4: Highest,Q1: Lowest,FALSE,FALSE
27107,"Norman County, MN",0.9782354659655274,0.966346153846154,-0.011889312119373385,0.08559742915571134,0.06430288461538458,-2.799999999999999,0.4154076172489771,-0.07069970845481055,-0.07069970845481055,2.7105416244468215,4.072143142971474,,,4.6343542457,Q3,Q1: Lowest,FALSE,FALSE
27109,"Olmsted County, MN",1.0020590343389588,1.020620291806437,0.018561257467478276,0.007323906952498849,0.002019662693115709,-1.7000000000000002,0.32872468401364463,0.13578342386039943,0.1357834238603992,-0.012646987815903565,-2.6782350196477407,1.1962966094976935,7.782346257315233,-2.97906341,Q4: Highest,Q3,FALSE,FALSE
27111,"Otter Tail County, MN",1.047767487116653,1.0147641155185363,-0.033003371598116615,0.0011531947097193074,0.00959240800163852,-0.3000000000000007,0.4710100439576632,0.018534251087955367,0.018534251087955367,-1.2682037951322056,-0.5870380676477511,,,-0.03954708500000059,Q4: Highest,Q3,FALSE,FALSE
27113,"Pennington County, MN",1.0013623978201636,0.990085357846356,-0.011277039973807579,0.052390388902650464,0.02600131319763621,-1.5,0.33708268517410556,0.020158959537572185,0.02015895953757263,-4.674691029731576,-3.2540396718724836,,,-2.7172370800000003,Q4: Highest,Q2,FALSE,TRUE
27115,"Pine County, MN",1.071268107521884,0.9753975160193022,-0.0958705915025817,0.0030211480362537513,0.05853967249426473,-0.7000000000000011,0.27106302357962986,0.012632660047928734,0.012632660047928956,-6.655772897827084,3.390309281364538,,,-3.6009569910000003,Q4: Highest,Q2,FALSE,TRUE
27117,"Pipestone County, MN",0.8911946158160404,0.9423359194799747,0.05114130366393432,0.161899420452421,0.08534283916963725,-0.40000000000000036,0.5216555436543902,-0.041386554621848703,-0.04138655462184848,-0.285005610382727,-10.533736834641811,,,0.007364231999998694,Q2,Q1: Lowest,TRUE,TRUE
27119,"Polk County, MN",0.987003809757896,0.9614592435401323,-0.025544566217763687,0.024886321740199113,0.06272625140431909,-4.899999999999999,0.4027507641011392,0.002909858344258609,0.002909858344258609,0.20266447138367338,-2.5372423970183178,,,0.41624020400000106,Q3,Q1: Lowest,FALSE,TRUE
27121,"Pope County, MN",0.95960955907102,0.9969909729187564,0.03738141384773641,0.07943453382699428,0.020561685055165535,-0.1999999999999993,0.3794847992573682,0.014611707405068897,0.014611707405068897,-1.817663312589407,1.0155337820914747,,,-1.0708691669999997,Q3,Q2,FALSE,FALSE
27123,"Ramsey County, MN",0.9908552601084624,0.9715107733683586,-0.019344486740103806,0.038015852170016795,0.044306150601300276,-1.0999999999999996,0.325251433314673,0.10151219463376071,0.10151219463376071,1.7190842832722042,-3.3473472122952277,0.9978902060114763,4.81513965107974,-1.6760493829999987,Q3,Q2,FALSE,TRUE
27125,"Red Lake County, MN",0.9642527675276752,0.9694966954753432,0.005243927947668037,0.027214022140221394,0.025419420437214013,-1.1999999999999993,0.4593081383723254,-0.009284143659907151,-0.009284143659907262,-4.84738367091308,-13.965137917041606,,,0.48721648630000125,Q3,Q2,FALSE,TRUE
27127,"Redwood County, MN",1.0124014245738997,1.008919202518363,-0.00348222205553661,0.030017807173747135,0.01941238195173134,0.6999999999999993,0.3014487731987787,-0.055005294960443485,-0.055005294960443485,-2.8058262654969246,10.560260567325578,,,-1.1125031720000003,Q4: Highest,Q3,FALSE,FALSE
27129,"Renville County, MN",0.9492398234428642,0.9629969820233564,0.013757158580492201,0.05345757724374689,0.07348117045007219,0.5,0.3102072481436329,-0.10346952609847782,-0.10346952609847793,-0.20832934259649716,0.286622131137527,,,2.2905294709999993,Q3,Q1: Lowest,FALSE,TRUE
27131,"Rice County, MN",1.066318223264296,1.0091812970261556,-0.057136926238140484,0.001628240197994013,0.018273020422787556,0.4999999999999991,0.30681387671158733,0.07349287511821379,0.07349287511821379,-3.4594560258535747,1.8337278508376689,,,-2.542643484000001,Q4: Highest,Q3,FALSE,FALSE
27133,"Rock County, MN",1.0889970990468296,0.9973524962178516,-0.09164460282897802,0.018027351844177364,0.0340393343419062,-0.10000000000000142,0.3981534529108457,-0.028473091364205283,-0.028473091364205283,-0.9283585411405004,3.0853784622081952,,,-3.204804502,Q4: Highest,Q2,FALSE,FALSE
27135,"Roseau County, MN",0.8839709136895353,1.0090831504511095,0.12511223676157424,0.14648540415217626,0.014386734942696933,-2.1999999999999993,0.30072763353729126,-0.04975249075756627,-0.04975249075756605,0.7318505134182474,10.691012600765394,,,-2.2384617600000016,Q2,Q3,TRUE,FALSE
27137,"St. Louis County, MN",0.9933139177160673,0.9849150767082212,-0.008398841007846047,0.02499077074531364,0.03891889671602555,-2.0999999999999996,0.4105578715630709,8.396052347123817e-4,8.396052347123817e-4,-0.3541868528132486,-2.306021057776986,3.0600168924453612,6.39245319475015,-1.3187532071000003,Q3,Q2,TRUE,TRUE
27139,"Scott County, MN",1.036387259844085,1.0344232548210346,-0.001964005023050497,0.01773568294449257,0.026234018833463768,0,0.37247673992905206,0.20123337363966143,0.20123337363966143,-2.265022214724008,-5.843060640100131,0.5094520334416472,6.716051390085049,-5.373997640999999,Q4: Highest,Q4: Highest,FALSE,FALSE
27141,"Sherburne County, MN",0.9837228354605037,1.0508150397908578,0.06709220433035412,0.037362021386685096,0.024182076813655806,0.5,0.40939468314752925,0.1310952912711707,0.13109529127117048,-3.3878083124390335,0.08862548334678522,1.030241084293607,2.429172531809236,-3.3767309720000007,Q3,Q4: Highest,FALSE,FALSE
27143,"Sibley County, MN",0.9451416278235928,0.938324377137274,-0.0068172506863187765,0.06190988406836384,0.06240840254030289,1.6999999999999993,0.3373332264914459,-0.026076131822053372,-0.026076131822053372,-1.7808969481241443,-5.5578853019462615,,,-3.664064712,Q3,Q1: Lowest,TRUE,TRUE
27145,"Stearns County, MN",1.0268040846723805,1.0087093327000711,-0.018094751972309364,0.022518713000012625,0.02932795060555693,-0.5,0.29054749558158055,0.09880552012060773,0.09880552012060773,-0.07082322181629075,-3.377814124985698,0.6534102438854887,3.7289502006915107,-1.0034885819999992,Q4: Highest,Q3,FALSE,FALSE
27147,"Steele County, MN",1.0231210935515016,0.8923861528951165,-0.13073494065638513,0.036892118501956395,0.10570780960230786,-0.7999999999999998,0.28631428946430915,0.008447526278135387,0.008447526278135609,-1.907794101433788,-1.6660518072511377,,,-4.285611176,Q4: Highest,Q1: Lowest,FALSE,TRUE
27149,"Stevens County, MN",0.9770734380708804,0.9927143341240258,0.015640896053145337,0.04146876141761058,0.053202304303625936,-1.5,0.3153849581179826,0.015010351966873614,0.015010351966873836,-0.5730515667315195,1.7650077125056614,,,1.521119219000001,Q3,Q2,FALSE,FALSE
27151,"Swift County, MN",1.006904714933912,0.9883764180769946,-0.01852829685691748,0.08857762872361408,0.07364701506416216,-2.1999999999999993,0.4846539420726437,-0.07874328892423943,-0.07874328892423932,-1.3207580773349326,-8.434031033560279,,,1.013302865,Q4: Highest,Q2,FALSE,FALSE
27153,"Todd County, MN",1.0637162854216455,1.046404399323181,-0.017311886098464457,0.03038579720040968,0.019796954314720838,-1.6999999999999993,0.30490480393393016,-0.00624521535920064,-0.00624521535920064,-0.795054886010016,-1.9291911519191354,,,-0.2649249149999999,Q4: Highest,Q4: Highest,FALSE,FALSE
27155,"Traverse County, MN",0.975,0.9088722608230893,-0.06612773917691073,0.1324175824175824,0.08765366114377338,0.5999999999999996,0.36039865854234576,-0.12132650310056614,-0.12132650310056625,-3.8949275362318794,13.555178843563308,,,-0.810456361,Q3,Q1: Lowest,FALSE,TRUE
27157,"Wabasha County, MN",0.9445233519926476,1.0132988061797752,0.0687754541871276,0.05965410644164093,0.011148174157303403,-0.09999999999999964,0.27159924628152177,-0.003731343283582045,-0.003731343283582045,-1.8531395169226972,4.649902105507971,,,-1.0066853519999999,Q3,Q3,TRUE,FALSE
27159,"Wadena County, MN",1.0616185359301544,1.017133468940698,-0.044485066989456534,0.03475486903962388,0.0035988108277265063,-2.4000000000000004,0.41801948051948057,-0.011416184971098309,-0.011416184971098309,-2.864995735828435,-5.549737091812118,,,-1.197880292999999,Q4: Highest,Q3,FALSE,FALSE
27161,"Waseca County, MN",0.9626302729528536,0.9497518610421836,-0.012878411910670073,0.06679900744416878,0.053349875930521096,0.40000000000000036,0.30135619451005935,-0.04096460040191685,-0.04096460040191685,2.6677793514111983,-7.948362367803038,,,-3.137673502,Q3,Q1: Lowest,TRUE,TRUE
27163,"Washington County, MN",1.0275797022497948,1.0449124020784235,0.017332699828628728,0.03166136808982922,0.024956939730035543,-0.10000000000000053,0.2911679233930331,0.1422552621041453,0.1422552621041453,-1.2387364347623941,-0.5199871036589396,0.062372410365270525,4.295410434533437,-2.6584357020000002,Q4: Highest,Q4: Highest,FALSE,FALSE
27165,"Watonwan County, MN",1.0983667409057165,1.0249824067558058,-0.07338433414991075,0.05846325167037858,0.004574243490499619,1,0.31695094478414787,-0.029739114949692835,-0.029739114949692835,-2.7348450928704167,7.811579806208165,,,0.04669242699999998,Q4: Highest,Q3,FALSE,FALSE
27167,"Wilkin County, MN",1.0564963503649636,0.9774501300954032,-0.07904622026956043,0.028905109489051117,0.045388840705406164,0.1999999999999993,0.5520763935154342,-0.07565152643335815,-0.07565152643335826,2.3231993112903746,5.236587663557142,,,-0.2777276579999999,Q4: Highest,Q2,FALSE,TRUE
27169,"Winona County, MN",1.0228777187750056,0.995862361636666,-0.02701535713833958,0.03357096093693168,0.03536443045584747,-0.5,0.44361020568731035,-0.0162132668173669,-0.01621326681736679,0.613339394675011,-0.3365118381481711,,,-2.220125468499999,Q4: Highest,Q2,FALSE,TRUE
27171,"Wright County, MN",1.0459571636778404,1.064751173955245,0.018794010277404682,0.02151321209048851,0.023072483538392974,0.20000000000000018,0.3558783813862385,0.1664095755889914,0.1664095755889916,-2.5572725444581,-8.018342673069304,2.541571703699006,11.356975389203463,-6.300174461999999,Q4: Highest,Q4: Highest,FALSE,FALSE
27173,"Yellow Medicine County, MN",0.9605025307302965,0.9253992987923646,-0.035103231937931856,0.045372378886478715,0.07440592130892087,-1.5,0.36931079323797134,-0.08180442595044446,-0.08180442595044446,0.19316435395319576,5.460898139256954,,,-2.053698885000001,Q3,Q1: Lowest,TRUE,TRUE
28001,"Adams County, MS",0.8018086208270258,0.9422999597909127,0.140491338963887,0.14221974344673727,0.121632488942501,-5.399999999999999,0.19875905577316377,-0.06677004469579495,-0.06677004469579506,5.812497419928392,1.2803125837485023,,,-3.1080561289999995,Q1: Lowest,Q1: Lowest,TRUE,TRUE
28003,"Alcorn County, MS",1.0230747748376736,0.9432124352331608,-0.07986233960451283,0.07770718424910983,0.07924006908462866,-0.3999999999999986,0.2496336943718218,0.009424169580419584,0.009424169580419584,3.992659763460957,-2.4293773687006306,,,-3.9985651200000003,Q4: Highest,Q1: Lowest,FALSE,TRUE
28005,"Amite County, MS",0.8354351870994418,1.0048005908419495,0.16936540374250775,0.1426504031424437,0.04209748892171339,-1.4000000000000021,0.31745729948981216,-0.08231343283582093,-0.08231343283582093,9.333549728559538,1.6685661713389628,,,-3.260619885999999,Q1: Lowest,Q3,TRUE,FALSE
28007,"Attala County, MS",1.0222545454545455,0.9996311052087944,-0.022623440245751136,0.11898181818181819,0.051645270768776785,0.5,0.26002936255932263,-0.06852544718363995,-0.06852544718364006,4.249227417934326,-4.351341888349184,,,-3.6717840820000003,Q4: Highest,Q3,FALSE,FALSE
28009,"Benton County, MS",1.1157875046763936,0.9952755905511812,-0.12051191412521245,0.09764309764309764,0.03811023622047249,-1,0.267570281124498,-0.0399860513774265,-0.03998605137742639,9.761971074548665,0.3583985892508262,,,-3.3811552339999995,Q4: Highest,Q2,FALSE,FALSE
28011,"Bolivar County, MS",0.8302445481780812,0.9251961236732812,0.09495157549519995,0.13892566014073715,0.10447623442547305,-2.8999999999999986,0.1555970718316304,-0.14033905916694733,-0.14033905916694733,7.285966452391987,-5.420918278511256,,,-4.108229988,Q1: Lowest,Q1: Lowest,TRUE,TRUE
28013,"Calhoun County, MS",1.114459930313589,0.961666358765934,-0.15279357154765494,0.08466898954703828,0.050249399593571,-6.100000000000001,0.3393865881129787,-0.0404890759671277,-0.0404890759671277,2.8519065698561272,0.522380348806927,,,-4.0772477380000005,Q4: Highest,Q1: Lowest,FALSE,TRUE
28015,"Carroll County, MS",0.7236503856041131,0.939765755716676,0.21611537011256288,0.3324764353041988,0.054099274958170684,-3,0.45244798239653106,-0.06425211665098773,-0.06425211665098784,8.67012060980249,-14.835287418425843,,,-4.7521378212,Q1: Lowest,Q1: Lowest,TRUE,TRUE
28017,"Chickasaw County, MS",1.05,0.917976653696498,-0.1320233463035021,0.10804597701149421,0.07346303501945528,2.599999999999998,0.21666828746474764,-0.04367031983896219,-0.04367031983896208,2.9742330719899734,-2.4312089239779517,,,-2.529250036999999,Q4: Highest,Q1: Lowest,FALSE,TRUE
28019,"Choctaw County, MS",1.0692930551230146,0.9815,-0.08779305512301461,0.08284023668639051,0.05700000000000005,-4.400000000000002,0.2888735747400075,-0.054147465437788034,-0.05414746543778781,1.2463353316842452,5.615271923079082,,,-4.8169601737,Q4: Highest,Q2,FALSE,FALSE
28021,"Claiborne County, MS",0.8221705426356589,0.9616685456595264,0.1394980030238675,0.1482170542635659,0.06350995866215703,2.299999999999997,0.17279591300101416,-0.09777153182091947,-0.09777153182091958,3.4331397237081673,6.010088000624,,,-3.6991368500000004,Q1: Lowest,Q1: Lowest,TRUE,TRUE
28023,"Clarke County, MS",0.9115917998191136,0.9644965562479502,0.05290475642883652,0.12285197467591202,0.05854378484749101,2.8999999999999986,0.3889663672039698,-0.07806845820727293,-0.07806845820727293,4.612831380706273,4.765171217700743,,,-2.383932263,Q2,Q1: Lowest,TRUE,TRUE
28025,"Clay County, MS",1.021435419805506,1.1418744625967323,0.1204390427912263,0.1888782358581016,0.04944110060189166,4.599999999999998,0.05228104186860949,-0.08093448161012518,-0.08093448161012506,5.315358051937147,6.041517850241301,,,-4.445097746,Q4: Highest,Q4: Highest,FALSE,FALSE
28027,"Coahoma County, MS",0.8478979444272285,0.8685240151106314,0.02062607068340283,0.11434769135419898,0.0727199136535348,6,0.14327839104793583,-0.18135060129509717,-0.18135060129509728,7.798241108150131,-3.359610811888455,,,-2.371382987999999,Q1: Lowest,Q1: Lowest,TRUE,TRUE
28029,"Copiah County, MS",0.930676371382922,0.9864788199697428,0.05580244858682082,0.08565595597372622,0.062027231467473576,-0.29999999999999716,0.31269590044378237,-0.050735667174023336,-0.05073566717402345,8.692612188323467,-1.4275948338020483,,,-5.182972043999998,Q2,Q2,TRUE,FALSE
28031,"Covington County, MS",0.8591253153910849,1.025369069800774,0.16624375440968908,0.11666466418358767,0.008456356600258008,-1,0.2833917950282141,-0.04479753972321887,-0.04479753972321876,-1.0609279244552738,-6.952483297320079,,,-3.341311761,Q1: Lowest,Q3,TRUE,FALSE
28033,"DeSoto County, MS",1.0479318897901724,1.0573505291302492,0.009418639340076806,0.04226050814506943,0.0339047790235244,1.5,0.151397210699715,0.22733727967721395,0.22733727967721373,1.4209130945154773,-13.195925704404806,3.5973265481480183,6.482858800714652,-3.616219471000001,Q4: Highest,Q4: Highest,FALSE,FALSE
28035,"Forrest County, MS",0.9115788574844164,1.0221737603184826,0.11059490283406626,0.13457433182478007,0.04648439786897718,-1.8999999999999986,0.23428150602964193,0.011342614472635848,0.011342614472635848,3.2112590248581845,-4.582524795404197,4.33333830671971,-0.0721239742922819,-2.7660319939999987,Q2,Q3,FALSE,FALSE
28037,"Franklin County, MS",0.9670404349303432,0.9720135236664162,0.00497308873607305,0.0883452259599049,0.07137490608564989,-1.1999999999999993,0.3238302224495013,-0.05535823637477033,-0.05535823637477033,7.3489036599081015,-8.261792923392473,,,-3.497349353999999,Q3,Q2,TRUE,FALSE
28039,"George County, MS",0.89995462794918335,1.0234404777029602,0.12348584975377686,0.1174001814882033,0.02922119171642734,0,0.21786712383457418,0.12571218526006245,0.12571218526006245,-1.6487958832969218,2.0965758845350297,,,-5.358381516999998,Q2,Q3,TRUE,FALSE
28041,"Greene County, MS",0.7290980908492429,1.0009242144177448,0.2718261235685019,0.12288786482334868,0.05249537892791123,-0.1999999999999993,0.3820036367769064,-0.013792102206736323,-0.013792102206736545,6.61285340205624,-15.141861805886466,,,-0.7877888009999996,Q1: Lowest,Q3,TRUE,FALSE
28043,"Grenada County, MS",0.958655626974616,0.9153641310640268,-0.04329149591058923,0.1382503540690707,0.06692138474007181,-3.3999999999999986,0.2812648071516568,-0.07060667114394448,-0.07060667114394437,0.7535554660098892,-7.432432155534049,,,-3.204294398,Q3,Q1: Lowest,TRUE,TRUE
28045,"Hancock County, MS",1.0525601017105872,1.020786461899638,-0.03177363981094916,0.030397595931576538,0.042893475496429634,-0.6000000000000014,0.31967427733556764,0.14206248351595652,0.14206248351595652,2.987076291950161,-7.192049013585416,,,-3.766455220200001,Q4: Highest,Q3,FALSE,FALSE
28047,"Harrison County, MS",1.0138295658984935,1.0326095959297166,0.018780030031223083,0.034696300285158355,0.04290362657516422,1.9000000000000004,0.21606254442075334,0.16210752063623257,0.1621075206362328,4.415201042509118,-8.853982079949791,9.869782139805281,3.7307049932826644,-4.434970477,Q4: Highest,Q3,FALSE,FALSE
28049,"Hinds County, MS",0.9123204058402272,0.9366909222481306,0.02437051640790333,0.08851762554785747,0.08248572806947008,-3.099999999999998,0.17323515539017875,-0.05964809812367666,-0.05964809812367666,3.884827819225717,-1.7637235045601205,4.907119183495652,3.0964108148723,-3.848284114,Q2,Q1: Lowest,TRUE,TRUE
28051,"Holmes County, MS",0.8481308411214953,0.921932402645114,0.07380156152361872,0.18006230529595013,0.09276267450404119,-7.900000000000006,0.16070484581497801,-0.136986301369863,-0.1369863013698629,9.405678242421656,-4.811835101028404,,,-8.214737381,Q1: Lowest,Q1: Lowest,TRUE,TRUE
28053,"Humphreys County, MS",0.6144046417759839,0.9054831288343558,0.2910784870583719,0.35998990918264384,0.09969325153374231,-3.8999999999999986,0.2688450051263762,-0.16573556797020483,-0.16573556797020483,14.722181073341087,3.1202890839762354,,,-13.411556112,Q1: Lowest,Q1: Lowest,TRUE,TRUE
28055,"Issaquena County, MS",0.5030395136778115,0.9096774193548388,0.4066379056770273,0.45896656534954405,0.10322580645161294,-13.5,0.25157741465782246,-0.14497422680412375,-0.14497422680412364,14.58634081828427,,,,-4.691279226300001,Q1: Lowest,Q1: Lowest,TRUE,TRUE
28057,"Itawamba County, MS",1.0044395696228978,0.9998058063889698,-0.0046337632339280566,0.1063407500261151,0.045538401786581195,-1.6999999999999993,0.2988308569317253,0.005113660779511031,0.005113660779510809,2.9026782417644057,-0.42031847773732944,,,-2.443683686,Q4: Highest,Q3,FALSE,FALSE
28059,"Jackson County, MS",0.9952304283092692,1.0363018097386665,0.04107138142939726,0.03550777327654864,0.0448400217366246,0.29999999999999893,0.23042546819930432,0.055789984414973404,0.055789984414973404,4.935562512596631,-12.300815507760746,7.48079507419898,7.088377120383512,-3.941609904,Q4: Highest,Q4: Highest,FALSE,FALSE
28061,"Jasper County, MS",0.837427643653819,0.979498501813594,0.14207085815977494,0.16913737117040806,0.052673079955842916,1.3000000000000007,0.348324602154789,-0.06340041161673904,-0.06340041161673915,3.781913361841638,-4.863761090271398,,,-5.183890732,Q1: Lowest,Q2,TRUE,FALSE
28063,"Jefferson County, MS",0.8990920346677672,0.9244386873920551,0.025346652724287932,0.17086256706562108,0.08462867012089814,-6.300000000000004,0.2992298303943437,-0.1399040236249539,-0.1399040236249538,12.251718807698431,-2.151150908511923,,,-4.2062003830000005,Q2,Q1: Lowest,FALSE,TRUE
28065,"Jefferson Davis County, MS",0.7916906543849549,0.9824580759046778,0.19076742151972292,0.2903473421608137,0.053839364518976196,-4.699999999999999,0.2274518807637853,-0.12714722723350846,-0.12714722723350846,10.164606500152818,-3.8804864750531767,,,-4.442344842999999,Q1: Lowest,Q2,FALSE,FALSE
28067,"Jones County, MS",0.88679973163368,0.9779904636859926,0.09119073205231265,0.14468299228446835,0.06450832699882525,2.1000000000000014,0.21745091747133816,0.020041941282204823,0.020041941282205045,4.55273061059572,-0.5683509796027404,8.354233791345749,3.4284758859467583,-4.846514423999999,Q2,Q2,FALSE,FALSE
28069,"Kemper County, MS",0.9193335096535308,0.8925124305352442,-0.026821079118286573,0.1126686061888389,0.12693770108218783,2.1000000000000014,0.20450537982655015,-0.07095174518405489,-0.07095174518405489,3.7131161292904116,-3.350294159993481,,,-5.090017866,Q2,Q1: Lowest,TRUE,TRUE
28071,"Lafayette County, MS",1.029831572937482,1.0294576972631089,-3.738756743731919e-4,0.05913978494623651,0.07675789638074415,-1.3999999999999986,0.3886918529940888,0.19970240078175316,0.19970240078175294,3.3440075061716144,4.728010159272589,,,-3.230098464800001,Q4: Highest,Q3,FALSE,FALSE
28073,"Lamar County, MS",1.1682306511729883,1.0540320832430088,-0.11419856792997951,0.02937952203464156,0.038080786183972815,3.3000000000000007,0.32825561166037254,0.24397093479968568,0.2439709347996859,0.6626995806878977,-16.235071008738455,,,-4.940853473000001,Q4: Highest,Q4: Highest,FALSE,FALSE
28075,"Lauderdale County, MS",1.0092289419619929,0.956764271738011,-0.052464670223981824,0.05238828967642528,0.060862998180632344,-1.6999999999999993,0.2692659710781622,-0.05925578089702266,-0.05925578089702277,4.936216640280467,-9.232948075030409,-0.3865825863290695,1.394167590338192,-4.222436398000001,Q4: Highest,Q1: Lowest,FALSE,TRUE
28077,"Lawrence County, MS",0.8766618940478625,1.0549112426035503,0.17824934855568775,0.12170177950501126,0.030532544378698234,1.3000000000000007,0.27725291760507775,-0.03503795139155097,-0.03503795139155097,5.895204446964613,8.919768236197157,,,-4.134034630999999,Q2,Q4: Highest,TRUE,FALSE
28079,"Leake County, MS",0.9767975522692504,0.9976213710661136,0.020823818796863236,0.05163182049974502,0.04135154915833128,3.3000000000000007,0.2670559881349648,-0.024279535819809017,-0.024279535819809128,3.3441254867342893,3.6502455798352713,,,-6.224945804999999,Q3,Q2,FALSE,FALSE
28081,"Lee County, MS",1.0616729545582522,0.994661921708185,-0.06701103285006715,0.0676276817388366,0.04586198592566826,-0.8000000000000007,0.19612459680267458,0.06051315152493131,0.06051315152493153,2.3345989790208908,-6.673090452290349,3.8977905028799142,4.635840006417304,-3.341565083999999,Q4: Highest,Q2,FALSE,FALSE
28083,"Leflore County, MS",0.7559851945188218,0.933428922572716,0.1774437280538942,0.2726413608442274,0.043219991806636604,-6.699999999999996,0.20836046890263749,-0.15971973762671432,-0.15971973762671443,4.01122672967135,-0.4277266915390374,,,-3.234660785999999,Q1: Lowest,Q1: Lowest,TRUE,TRUE
28085,"Lincoln County, MS",0.9955410225921522,1.0372240223042726,0.04168299971212042,0.08672711058263971,0.03692261321678847,1.2000000000000028,0.22697816260959547,-0.007122507122507171,-0.007122507122507171,5.084060010505803,-4.2738379487713365,,,-4.396622605999999,Q4: Highest,Q4: Highest,FALSE,FALSE
28087,"Lowndes County, MS",1.031031775546465,0.9715878251430002,-0.05944395040346484,0.06941861906532787,0.07135401444616096,-4.100000000000001,0.4065284441398218,-0.012804313031758108,-0.012804313031757997,3.6152847263644454,-3.754303352443035,,,-2.3383773750000003,Q4: Highest,Q2,FALSE,FALSE
28089,"Madison County, MS",1.0923401232729189,1.0520108275328692,-0.04032929574004962,0.021194693307059587,0.04580433101314774,-2.5999999999999996,0.19477715172576682,0.17824713121569924,0.17824713121569946,2.30283726459819,-7.951913243978606,4.4203253917023915,6.920947458354526,-4.653126276,Q4: Highest,Q4: Highest,FALSE,FALSE
28091,"Marion County, MS",0.8989130434782608,1.033288043478261,0.13437500000000013,0.0654244306418219,0.01618083003952564,0.1999999999999993,0.2408556287966912,-0.07655016910935741,-0.07655016910935752,2.347924161454504,-5.854649040332671,,,-6.609773486999998,Q2,Q3,FALSE,FALSE
28093,"Marshall County, MS",0.9802571488793648,1.0074949660675665,0.02723781718820173,0.081641256235509,0.05391900962040419,-2.1999999999999993,0.3198714023270055,-0.04481732070365363,-0.04481732070365363,-1.530572941154168,-8.177016521493954,,,-4.177669041,Q3,Q3,TRUE,FALSE
28095,"Monroe County, MS",0.9602709991449055,0.9877128859164788,0.02744188677157322,0.11504308360192073,0.04300489929232443,-0.5,0.2103867970241997,-0.05629768437960114,-0.05629768437960114,3.0165853629471053,-2.59814176448036,,,-4.052335668,Q3,Q2,TRUE,FALSE
28097,"Montgomery County, MS",0.9440163737057548,0.9726989079563184,0.028682534250563663,0.0628461353238623,0.06422256890275613,0.8000000000000007,0.25121951219512195,-0.13472603346021073,-0.13472603346021073,4.314516693008103,-5.191003111298365,,,-4.670143966000001,Q3,Q2,TRUE,TRUE
28099,"Neshoba County, MS",0.7691320920686117,0.9752281616688396,0.20609606960022797,0.2570004398182085,0.045911715403240794,-0.8000000000000007,0.3466619409717746,-0.009558148236334607,-0.009558148236334607,4.384527144594258,4.04710021510418,,,-4.050434290999998,Q1: Lowest,Q2,TRUE,FALSE
28101,"Newton County, MS",0.9529744101030244,0.9295089651939528,-0.023465444909071653,0.08397031128835719,0.1035977967889371,3.1000000000000014,0.2248260919146996,-0.04311404507170502,-0.04311404507170513,6.471931146036727,-15.109715828542962,,,-1.8362188380000006,Q3,Q1: Lowest,TRUE,TRUE
28103,"Noxubee County, MS",1.0300689655172417,0.9485101311084624,-0.08155883440877931,0.16634482758620694,0.06865315852205,-3.599999999999998,0.34763561924257935,-0.12314814814814812,-0.12314814814814823,11.792164235275376,-2.5691622312530438,,,-2.2781760670000004,Q4: Highest,Q1: Lowest,FALSE,TRUE
28105,"Oktibbeha County, MS",1.0956121059796835,0.9896590536040896,-0.10595305237559394,0.04487380877578806,0.05960699713923934,-0.29999999999999716,0.3137780863418329,0.07722888425443175,0.07722888425443153,3.3584402121413808,-12.011411863662255,,,-3.263232144,Q4: Highest,Q2,FALSE,FALSE
28107,"Panola County, MS",0.8533981992448446,0.9748972663927103,0.12149906714786574,0.12256752831832707,0.054940146507057364,-5.699999999999999,0.25038444977548124,-0.017838163904288606,-0.017838163904288606,7.531650165456679,-7.041681290670452,,,-4.124421494999998,Q1: Lowest,Q2,TRUE,FALSE
28109,"Pearl River County, MS",1.0912183817366008,1.031390134529148,-0.05982824720745272,0.05453380010847586,0.047107849798432744,-0.8999999999999986,0.2272338148742643,-0.009241253813355166,-0.009241253813355277,-1.5997022107120062,-1.1352254140251006,,,-3.2036430080000002,Q4: Highest,Q3,FALSE,FALSE
28111,"Perry County, MS",0.8257226644323419,1.0005085176709891,0.17478585323864726,0.20004189359028068,0.058988049834731715,0.5,0.22599544937428906,-0.027849951282884033,-0.027849951282884255,2.3631568523209356,-7.325958886546369,,,-5.989236814999998,Q1: Lowest,Q3,TRUE,FALSE
28113,"Pike County, MS",0.937048751976896,0.9815398139330452,0.04449106195614927,0.08904627655916941,0.030693722071643115,-0.8000000000000007,0.2862543585979078,-0.021250093420692062,-0.021250093420692062,2.96023087615592,8.348795399495135,,,-4.468296794999999,Q2,Q2,TRUE,TRUE
28115,"Pontotoc County, MS",1.0360882423467348,0.950965824665676,-0.08512241768105877,0.08128846614978824,0.0574020489559709,-0.29999999999999893,0.281607840054503,0.09943958447238921,0.09943958447238921,1.3790334456039415,-0.2848652401718199,,,-2.563301708999999,Q4: Highest,Q1: Lowest,FALSE,TRUE
28117,"Prentiss County, MS",1.019434799382716,1.0031191207050203,-0.016315678677695677,0.08410493827160492,0.04941083275571834,-2.1999999999999993,0.3259205027302401,-0.009617658651951078,-0.009617658651951078,9.869087516095988,5.777795166597636,,,-2.803272098999999,Q4: Highest,Q3,FALSE,FALSE
28119,"Quitman County, MS",0.6410256410256411,0.9989944695827048,0.3579688285570637,0.3119188503803888,0.05480140774258424,-1.5,0.18792544570502434,-0.22136879513928698,-0.2213687951392871,17.363466055713626,-3.8885934008450356,,,-4.474743668999999,Q1: Lowest,Q2,TRUE,FALSE
28121,"Rankin County, MS",0.9735023695337552,1.0356166052859621,0.06211423575220687,0.05659922245239646,0.048174826689774686,1.6999999999999993,0.25621254270831395,0.13590208787510782,0.13590208787510805,2.471575195359904,-9.577778389338173,4.2359256556680265,-1.760199465649528,-4.639748325999999,Q3,Q4: Highest,FALSE,FALSE
28123,"Scott County, MS",0.9120991139339764,0.9983618492901348,0.08626273535615847,0.06390653179644001,0.05469603203494722,-0.8000000000000007,0.2859398705762146,-0.0018101153504880285,-0.0018101153504880285,1.967302399309473,-4.487174746593771,,,-2.767988397999998,Q2,Q2,TRUE,FALSE
28125,"Sharkey County, MS",0.7059579939991427,0.7850692354003612,0.0791112414012185,0.3103300471495928,0.15412402167369055,-4.200000000000003,0.2225363172359638,-0.1750668193967163,-0.17506681939671642,13.050360989466208,9.821857062735344,,,0.004112458999999902,Q1: Lowest,Q1: Lowest,TRUE,TRUE
28127,"Simpson County, MS",0.9290838100426768,0.9976897365316556,0.06860592648897879,0.0766367020793608,0.05642941407786084,-3.8999999999999986,0.4581943892067182,-0.03104100029078216,-0.031041000290782272,2.1178442610289725,8.120440466210548,,,-4.362980091000001,Q2,Q2,TRUE,FALSE
28129,"Smith County, MS",1.053482198625859,0.9889896373056994,-0.06449256132015946,0.10181136789506562,0.04681717246484085,-0.20000000000000284,0.3213460056511688,-0.03316729437492405,-0.03316729437492405,4.391265742445127,-9.330390210126673,,,-2.021411486,Q4: Highest,Q2,FALSE,FALSE
28131,"Stone County, MS",0.8628888584349733,1.0516459400146303,0.18875708157965698,0.1963820748252707,0.04286759326993417,0.6000000000000014,0.1843531951207269,0.1273979340875553,0.1273979340875555,-1.8488687193193465,-6.604727279126523,,,-3.8057072759999997,Q1: Lowest,Q4: Highest,FALSE,FALSE
28133,"Sunflower County, MS",0.825682198798148,0.9643427658603376,0.13866056706218965,0.23475519653236132,0.07325422181652219,-4.5,0.24027856201769238,-0.20191971522105334,-0.20191971522105323,8.845991040108261,-2.551433325317242,,,-7.2016827270000014,Q1: Lowest,Q1: Lowest,TRUE,TRUE
28135,"Tallahatchie County, MS",0.8892888498683056,1.0436763725272282,0.15438752265892264,0.09095697980684814,0.1462547232718382,8.599999999999998,0.21803679108465013,-0.09336222178451836,-0.09336222178451836,4.30022283268684,3.959303359447077,,,-7.024321950000001,Q2,Q4: Highest,TRUE,FALSE
28137,"Tate County, MS",1.0353958389624427,1.0217727389847977,-0.013623099977644992,0.07232279564081778,0.04105471098514124,-0.7000000000000011,0.2398833934482929,0.018631082976657165,0.018631082976657165,4.277621940004189,-0.4366423338877681,,,-3.466288717000001,Q4: Highest,Q3,FALSE,FALSE
28139,"Tippah County, MS",0.948720903433971,1.048156333604746,0.09943543017077494,0.17492509794883615,0.05432127486332439,-3.3000000000000007,0.40925715727077816,0.005986108572473059,0.005986108572473059,1.5152256448393269,-0.5687536368022785,,,-2.92724855,Q3,Q4: Highest,FALSE,FALSE
28141,"Tishomingo County, MS",0.9503588516746412,0.9751344967851988,0.02477564511055763,0.11562998405103664,0.06468967327122421,-0.8000000000000007,0.30848655013132875,-0.010111843113221997,-0.010111843113221997,2.3614499114207597,-4.331030713317078,,,-3.218947721000001,Q3,Q2,FALSE,TRUE
28143,"Tunica County, MS",1.0864503344067378,0.9394211065573772,-0.14702922784936057,0.08818429526876392,0.07607581967213117,2.700000000000003,0.13711781628420416,-0.11250345526582517,-0.11250345526582506,7.6691109683978995,-16.927990117404036,,,-4.432865530999997,Q4: Highest,Q1: Lowest,FALSE,TRUE
28145,"Union County, MS",1.1130415162454874,1.0318424890617404,-0.08119902718374705,0.058935018050541466,0.05388105655485331,-1.4000000000000004,0.30469287339294215,0.07986059061609962,0.0798605906160994,-1.4542433306495295,10.31074465834584,,,-4.218090739999999,Q4: Highest,Q3,FALSE,FALSE
28147,"Walthall County, MS",0.8688136826783115,0.9983716670059029,0.12955798432759136,0.13682678311499274,0.03460207612456745,-3.900000000000002,0.22331068262564235,-0.07921366419593945,-0.07921366419593945,8.118076009215175,0.6542105703164705,,,-5.833588398000002,Q1: Lowest,Q2,TRUE,FALSE
28149,"Warren County, MS",1.012571157495256,0.9638127915080684,-0.048758365987187635,0.07694497153700186,0.061223395700423566,0.9000000000000021,0.15753917989220878,-0.07692777088460834,-0.07692777088460845,2.88454338674701,-2.8917977783466835,,,-4.049638407,Q4: Highest,Q1: Lowest,FALSE,TRUE
28151,"Washington County, MS",0.8420504168320763,0.8590383752244165,0.01698795839234024,0.18643310837633986,0.13521095152603235,1.7000000000000028,0.08159564823209431,-0.17260547588987918,-0.1726054758898793,6.472285810027895,-2.5796101890137813,,,-5.369747392000001,Q1: Lowest,Q1: Lowest,TRUE,TRUE
28153,"Wayne County, MS",0.869398839649426,0.9546898742920292,0.08529103464260324,0.12714479693864955,0.048072938251139674,-1.1000000000000014,0.21690878483695997,-0.05137243842827599,-0.0513724384282761,11.10796053667769,-9.351415186501306,,,-3.735989650999999,Q1: Lowest,Q1: Lowest,TRUE,FALSE
28155,"Webster County, MS",1.2520713830465264,1.003751465416178,-0.24831991763034833,0.05768005098789042,0.044079718640093746,-2.8000000000000007,0.3722397476340693,-0.03447932237169904,-0.03447932237169904,-1.9719676335412883,-4.62309052180512,,,-4.117078224,Q4: Highest,Q3,FALSE,FALSE
28157,"Wilkinson County, MS",0.7435103244837759,0.947315300767057,0.2038049762832811,0.22654867256637168,0.06378683891804604,-6.699999999999999,0.33061324411440696,-0.14908302110037464,-0.14908302110037464,3.4874470697301483,-1.073973218764003,,,-5.954532046999999,Q1: Lowest,Q1: Lowest,FALSE,TRUE
28159,"Winston County, MS",0.9293834425571752,0.992956734224522,0.06357329166734682,0.14685034104587402,0.0395285324133966,3.8999999999999986,0.11783070198911783,-0.08420891563806998,-0.08420891563806998,7.098419051606674,-4.344779002375764,,,-4.540152085000001,Q2,Q2,TRUE,FALSE
28161,"Yalobusha County, MS",0.9576014536644458,0.9581381733021076,5.367196376617756e-4,0.08499899051080151,0.07435597189695553,-0.40000000000000213,0.28680323963792276,-0.07118748082233817,-0.07118748082233817,-1.2491427737652328,-22.153715669134282,,,-4.404859748999998,Q3,Q1: Lowest,FALSE,TRUE
28163,"Yazoo County, MS",0.9179128391369366,0.8716644052464948,-0.046248433890441754,0.0994445631275368,0.1094527363184079,6.399999999999999,0.18179966735684472,0.03662581613770466,0.03662581613770466,4.53349763619863,-2.755481208242772,,,-6.891530109,Q2,Q1: Lowest,TRUE,TRUE
29001,"Adair County, MO",0.7466321637871984,0.9216030936895764,0.17497092990237795,0.24781185782784076,0.0834065740903498,-5.400000000000002,0.358883697436545,0.01440979866309089,0.014409798663090667,0.9621665372536198,-4.4541593180178225,,,-2.3916809909999994,Q1: Lowest,Q1: Lowest,TRUE,TRUE
29003,"Andrew County, MO",0.9441343616805358,0.9481926358329592,0.004058274152423436,0.08636086868276838,0.058262236192186845,0.5,0.2992306737808661,0.052156350243554694,0.052156350243554694,2.832708678924817,-0.8875993427076168,,,-1.5479838039999994,Q3,Q1: Lowest,TRUE,TRUE
29005,"Atchison County, MO",0.8737864077669902,0.920119382022472,0.046332974255481774,0.1472491909385113,0.0649578651685393,-1.0999999999999996,0.3253922443196726,-0.1296327635809782,-0.1296327635809783,1.7422629372586207,-5.573908274458953,,,-3.0804300928000004,Q1: Lowest,Q1: Lowest,TRUE,TRUE
29007,"Audrain County, MO",0.8915298919976189,0.8954140694568121,0.0038841774591932277,0.14822689004167022,0.07889581478183438,-2.8000000000000007,0.20197654499934115,-0.010523033751656419,-0.010523033751656197,0.4412404718051016,13.311340799276019,,,-2.710047445999999,Q2,Q1: Lowest,TRUE,TRUE
29009,"Barry County, MO",0.8093257571319782,0.9034072330128834,0.09408147588090521,0.19272450354402204,0.08089725982604146,1.3000000000000007,0.35701746812857915,-0.0015344269612765915,-0.0015344269612765915,-1.0039758057715842,3.1287243214858838,,,-3.9696408670000007,Q1: Lowest,Q1: Lowest,TRUE,TRUE
29011,"Barton County, MO",0.8814763472535089,1.0130071830712484,0.1315308358177395,0.1835037255241726,0.024461269656377405,-2.1999999999999993,0.2943785744176315,-0.07948938836244024,-0.07948938836244024,2.0743043320384236,6.6802931790962115,,,-3.6011817919999984,Q2,Q3,TRUE,FALSE
29013,"Bates County, MO",0.9947944474105712,0.982858323007022,-0.011936124403549186,0.09463427656166579,0.045848822800495626,0.9999999999999982,0.27542718727784954,-0.059165745534935144,-0.05916574553493503,-1.8918049257024006,-3.32483024313345,,,-1.767565815000001,Q4: Highest,Q2,FALSE,FALSE
29015,"Benton County, MO",0.8081741503349045,1.0227137767220902,0.2145396263871857,0.2093773257256264,0.025979809976247048,-1.9000000000000021,0.35337186897880546,0.02197109067017089,0.021971090670170668,0.04731106608837354,-6.309652873256056,,,-0.7092152288999998,Q1: Lowest,Q3,TRUE,FALSE
29017,"Bollinger County, MO",0.9435323831860004,0.9680741503604532,0.024541767174452778,0.0894822298394371,0.05849639546858909,-1.3000000000000007,0.29673187832183645,-0.033535128245977375,-0.033535128245977486,0.14986917727660698,1.5885877254881016,,,-2.676132979,Q3,Q2,TRUE,TRUE
29019,"Boone County, MO",1.0574254502509597,1.019034547055472,-0.03839090319548766,0.01989961617950986,0.04434661003781015,1.1999999999999993,0.2913699483710166,0.15929618542263557,0.15929618542263557,0.13006913072250714,-4.572614882383004,0.21452343415901964,0.9364295562929428,-2.665235056,Q4: Highest,Q3,FALSE,FALSE
29021,"Buchanan County, MO",0.9317923171072128,0.9335174063517916,0.0017250892445788146,0.09456528741062031,0.07560565960912047,0.6000000000000014,0.2416368131590898,-0.004285388648278987,-0.004285388648279098,-0.9000292968215196,-13.123567267409264,3.2384344332674857,2.572401356593982,-2.913152223000001,Q2,Q1: Lowest,TRUE,TRUE
29023,"Butler County, MO",0.8240651270654169,0.992759718800697,0.16869459173528012,0.1843656391921925,0.018626449558372893,3.8000000000000007,0.2769435174885675,0.008762972286209703,0.00876297228620948,1.7509658119680944,-0.9390061330489052,,,-2.4989171750000008,Q1: Lowest,Q2,TRUE,FALSE
29025,"Caldwell County, MO",0.9708002883922134,0.9987462387161484,0.027945950323934987,0.09156452775775059,0.04764292878635912,-0.9000000000000004,0.3923577278592685,-0.03991484832357639,-0.03991484832357617,-5.180048604393278,-1.3042980591884392,,,-2.730383699999999,Q3,Q2,TRUE,FALSE
29027,"Callaway County, MO",0.9274706178259478,1.0293116395494368,0.10184102172348908,0.07536470480632917,0.012415519399249009,-0.8000000000000007,0.2975361838470887,0.030612244897959107,0.03061224489795933,-0.921852702999218,-9.604284241019117,,,-1.9163924789999989,Q2,Q3,TRUE,FALSE
29029,"Camden County, MO",0.8026792009400705,1.0510016694490818,0.2483224685090113,0.2066745005875441,0.033333333333333326,0,0.2196914033798678,0.08330993823694555,0.08330993823694555,0.2807479987344874,-2.8360101203837242,,,-3.0245808832000005,Q1: Lowest,Q4: Highest,TRUE,FALSE
29031,"Cape Girardeau County, MO",1.0090560409119966,1.0222469271509944,0.013190886238997779,0.03827509056040912,0.03185270310782451,1.799999999999999,0.2729883787724803,0.0729288532172494,0.07292885321724918,1.0942015892116908,-3.903668435363514,5.814819926485498,7.4659601027994285,-2.0109354229999994,Q4: Highest,Q3,FALSE,FALSE
29033,"Carroll County, MO",0.8782712133227597,0.9912573926459244,0.11298617932316468,0.17347343378271218,0.0840833119053741,-2.1999999999999993,0.39821591317075855,-0.09800457285387654,-0.09800457285387654,-1.3502214675132795,-1.825340778057659,,,-2.185512935,Q2,Q2,TRUE,TRUE
29035,"Carter County, MO",0.8274193548387097,0.9862364620938628,0.1588171072551532,0.18243727598566306,0.02301444043321299,-3.8999999999999986,0.3501688499647455,-0.022069641981363408,-0.022069641981363408,-2.934409927073778,-19.819225536672135,,,-3.9833627689999993,Q1: Lowest,Q2,FALSE,FALSE
29037,"Cass County, MO",1.0103901788319647,1.0385833440739445,0.02819316524197979,0.050210513151861313,0.03553607924729796,0.40000000000000036,0.210684145841868,0.092260829159998,0.09226082915999778,-1.5049198676859665,-10.87500565316351,1.2276230704009947,3.878215723702887,-3.275293133,Q4: Highest,Q4: Highest,FALSE,FALSE
29039,"Cedar County, MO",0.893188099496017,1.017732616058976,0.12454451656295895,0.1368883108437653,0.021518230723251652,-2.1000000000000014,0.19231127245648327,0.012703789964005896,0.012703789964005896,1.2144018331945117,1.6214913645023432,,,0.41773659999999957,Q2,Q3,TRUE,FALSE
29041,"Chariton County, MO",0.9030585795749092,0.987303506650544,0.0842449270756348,0.0961638154484189,0.01904474002418377,-1,0.33996397732690586,-0.06000000000000005,-0.05999999999999994,1.3200061872966018,-0.8833827093994078,,,-0.7454221350000001,Q2,Q2,TRUE,TRUE
29043,"Christian County, MO",0.995400207900208,1.0724798171036651,0.07707960920345713,0.03251039501039499,0.02150460813031363,0,0.3366785435685522,0.22124198773175263,0.22124198773175263,-1.7427186123726734,-19.09532549065266,-1.1180619071754023,4.099053440240024,-3.1558682010000005,Q4: Highest,Q4: Highest,FALSE,FALSE
29045,"Clark County, MO",0.8938066023955594,0.9298590626024256,0.036052460206866144,0.11860940695296529,0.05047525401507702,0,0.2944172435139851,-0.05754298391569601,-0.05754298391569579,-0.4179963610949744,-1.1600579714828023,,,-2.914780649999999,Q2,Q1: Lowest,TRUE,TRUE
29047,"Clay County, MO",1.0397832278339747,1.0330258568942854,-0.006757370939689311,0.007838795789548825,0.03822686898312422,2,0.21304922195343723,0.1835835949597262,0.1835835949597262,-0.24485963301796865,-3.068820207689159,2.7620733032214986,1.7687901779267179,-2.511154404999999,Q4: Highest,Q3,FALSE,FALSE
29049,"Clinton County, MO",1.0058989613794491,1.0185298621745789,0.01263090079512974,0.07431682968639708,0.03726391015824404,0.5999999999999996,0.30676250253087667,-0.018629055550206997,-0.018629055550206997,-2.2112472963229934,-15.56900546108926,,,-2.1880216469999993,Q4: Highest,Q3,FALSE,FALSE
29051,"Cole County, MO",0.9650992012367946,1.0169897713275853,0.05189057009079068,0.035557845916001085,0.027874471161570158,-0.3000000000000007,0.261334203495605,0.037417035024399414,0.037417035024399636,0.3271984530627464,-1.386733491189843,5.3437599582405255,1.185417717801677,-2.7272326899999992,Q3,Q3,FALSE,FALSE
29053,"Cooper County, MO",0.859707748074309,0.9388748419721872,0.07916709389787813,0.19358858178522886,0.09001264222503158,-0.8999999999999986,0.3537660732536305,9.043124399479296e-4,9.043124399479296e-4,3.3871346676835667,-1.0203643377873393,,,0.3922330210000009,Q1: Lowest,Q1: Lowest,TRUE,TRUE
29055,"Crawford County, MO",0.860976895370289,0.9792955236397946,0.11831862826950557,0.1749978037424229,0.04560226438830062,-2.5999999999999996,0.414580588493632,-0.03114747458382272,-0.031147474583822832,-2.3371895218475878,-2.536529341394913,,,-4.8974869519999995,Q1: Lowest,Q2,TRUE,TRUE
29057,"Dade County, MO",0.8483783783783784,0.96275463666768,0.11437625828930165,0.17405405405405405,0.03435694740042561,-0.4999999999999982,0.26054140789825575,-0.051198393775881534,-0.051198393775881534,-0.7688934913570478,-7.087741416451918,,,-2.2377844096999997,Q1: Lowest,Q1: Lowest,TRUE,TRUE
29059,"Dallas County, MO",0.8831502849993049,1.0444981296758105,0.16134784467650554,0.12067287640761848,0.021508728179551073,2.5,0.2957845504845169,-0.004423995752964038,-0.004423995752964149,2.820327562218039,-9.169146652056945,,,-1.2366762419999997,Q2,Q4: Highest,TRUE,FALSE
29061,"Daviess County, MO",0.9457492979320908,0.9939573155052712,0.048208017573180384,0.09394945111054376,0.012599640010285462,1,0.35092636712728087,-0.0037308942110964027,-0.0037308942110960697,2.8016470928472925,1.419879316509741,,,-1.2755415560000003,Q3,Q2,FALSE,FALSE
29063,"DeKalb County, MO",0.9383971291866028,0.8324541284403669,-0.10594300074623586,0.09150717703349287,0.04288990825688077,-1.4000000000000004,0.20467170872096907,-0.028945128086061422,-0.02894512808606131,0.734501439663765,2.540140272945214,,,-1.1920615502999992,Q2,Q1: Lowest,TRUE,FALSE
29065,"Dent County, MO",0.919392890846178,0.9750627352572144,0.055669844411036395,0.14139666561811892,0.02258469259723961,-0.3999999999999986,0.39487870619946097,0.014924400417101191,0.014924400417101191,-2.846190693145545,14.183557415052269,,,-1.651634198,Q2,Q2,FALSE,FALSE
29067,"Douglas County, MO",0.8119943721421035,1.028593172428789,0.21659880028668543,0.19609567358424196,0.024787997390737115,-0.6999999999999993,0.31816524707519966,-0.03314511989440494,-0.03314511989440505,1.311037659336789,-3.751966483252903,,,1.4651313370000008,Q1: Lowest,Q3,FALSE,FALSE
29069,"Dunklin County, MO",0.8290279725440992,0.9570625319475208,0.12803455940342157,0.21927817551110784,0.07428863520190832,4.899999999999999,0.2699657030867222,-0.09685320105410011,-0.09685320105410022,-0.04749567290718293,-2.2372055660072645,,,-3.1216765439999996,Q1: Lowest,Q1: Lowest,TRUE,TRUE
29071,"Franklin County, MO",0.9501719243532846,1.0231621248775415,0.07299020052425698,0.05729479029227136,0.046944039026730944,-0.1999999999999993,0.21119151369363331,0.03692215628584261,0.03692215628584261,-1.586908517967653,-1.1708112843256675,6.409809271428173,5.023277594381527,-2.224040144,Q3,Q3,FALSE,FALSE
29073,"Gasconade County, MO",0.9181430234061811,0.9885574172456068,0.0704143938394256,0.10759084443294975,0.049584525269036894,0.1999999999999993,0.3382213812677388,-0.048155339805825204,-0.048155339805825315,2.8702072479844465,-6.47806390364411,,,-1.727372333,Q2,Q2,TRUE,TRUE
29075,"Gentry County, MO",1.0062555853440571,0.9087752525252524,-0.09748033281880475,0.03812928209711053,0.10385101010101006,-0.5999999999999996,0.5050201929549023,-0.02767090855282628,-0.02767090855282628,-1.8942145185895487,-0.5311796940731064,,,0.1681450980000001,Q4: Highest,Q1: Lowest,FALSE,TRUE
29077,"Greene County, MO",0.9738165993706054,1.0257195050494603,0.051902905678854916,0.06107026292924056,0.03456381622031501,0.7000000000000011,0.10162156905647524,0.09533739946781483,0.09533739946781461,-0.9079071997497606,-5.640905775303811,3.1610105123448022,2.359698061066471,-2.2566316420000003,Q3,Q3,FALSE,FALSE
29079,"Grundy County, MO",0.9775484145562886,0.894496460379082,-0.08305195417720657,0.05788465630985318,0.09591230874628909,0.8999999999999986,0.35976806970180397,-0.0342190410824591,-0.03421904108245899,2.1362910601393392,-22.374015965534593,,,3.714498786,Q3,Q1: Lowest,TRUE,TRUE
29081,"Harrison County, MO",0.8489856393891042,0.9806576402321084,0.13167200084300423,0.17004786870298605,0.030947775628626717,-2.0999999999999996,0.28218426778741534,-0.06691989721818792,-0.06691989721818792,0.4136880588377745,-7.174531217428563,,,-2.772368742000001,Q1: Lowest,Q2,TRUE,TRUE
29083,"Henry County, MO",0.894015444015444,1.0519335250878874,0.15791808107244343,0.14169884169884173,0.036752956216043464,0.5,0.34625300790649716,-0.028922310225149017,-0.028922310225149017,-2.4086330622010266,-1.158980191381791,,,-2.7391548760000006,Q2,Q4: Highest,TRUE,FALSE
29085,"Hickory County, MO",0.98603264281230385,1.0903017241379311,0.10426908132562729,0.039861895794099156,0.011206896551724133,-0.9000000000000021,0.1419556171983356,-0.005211590577444247,-0.005211590577444136,-7.1482200699186595,-2.1855916863379092,,,-1.1074033486000001,Q3,Q4: Highest,FALSE,FALSE
29087,"Holt County, MO",0.9646636432350718,0.9293103448275862,-0.03535329840748558,0.0680272108843537,0.07241379310344831,-2.799999999999999,0.3235384400725547,-0.11887132279367618,-0.11887132279367629,-0.9183497260933315,-14.01313193094144,,,-0.9477295619999992,Q3,Q1: Lowest,TRUE,TRUE
29089,"Howard County, MO",0.9020809023726176,0.9631823952602624,0.06110149288764477,0.13866199922209255,0.056072788827761344,-3,0.23318429958254083,-0.0077388629824387545,-0.0077388629824385324,-4.243616087460056,1.7789271772296924,,,-0.9138387940000001,Q2,Q1: Lowest,TRUE,TRUE
29091,"Howell County, MO",0.784354628422425,0.9881273103189024,0.20377268189647746,0.22680573663624515,0.04498465008458119,0.10000000000000142,0.26509855784369285,0.01843060597598445,0.01843060597598445,-1.69160764039758,-0.34023630837911334,,,-2.1162916429999985,Q1: Lowest,Q2,TRUE,TRUE
29093,"Iron County, MO",0.6210150238182485,0.9838196286472148,0.36280460482896637,0.4573103700989374,0.03448275862068961,0.6000000000000014,0.28868481469334206,-0.05205505102518493,-0.05205505102518493,-4.2317825458376035,-5.23646350216896,,,-4.7510840554,Q1: Lowest,Q2,TRUE,TRUE
29095,"Jackson County, MO",1.0133247178534908,1.0075395155875166,-0.005785202265974121,0.02552335903339331,0.04654940388789364,-1.3000000000000007,0.3055054558571557,0.060356412944290616,0.06035641294429084,1.445900396908359,0.5281154796804133,3.7667431910151805,5.596717399677427,-2.8702486790000012,Q4: Highest,Q3,FALSE,FALSE
29097,"Jasper County, MO",0.9949771857521342,1.0139637048271537,0.01898651907501947,0.016503532528701848,0.05022401199379389,2,0.24196464714613408,0.06658227402992423,0.06658227402992423,-1.7775479740896216,-5.5145545139662975,1.6644964240636853,4.672267961029593,-3.291232962999999,Q4: Highest,Q3,FALSE,FALSE
29099,"Jefferson County, MO",0.9550137208151512,1.0258436399200284,0.07082991910487713,0.05698861847136627,0.049393721709176774,-0.6999999999999993,0.21185798608052164,0.04714163425572693,0.04714163425572693,2.05390797297344,-1.0847279865308792,5.868265807783601,4.2848482343703616,-3.084412868000001,Q3,Q3,FALSE,FALSE
29101,"Johnson County, MO",0.8275477020726404,1.01042546007091,0.18287775799826955,0.17525369274771774,0.023003545500590916,-3.799999999999999,0.32144554321015595,0.04467632850241543,0.04467632850241543,-2.1147152421714557,2.3429445919758978,,,-2.785052175999999,Q1: Lowest,Q3,TRUE,FALSE
29103,"Knox County, MO",0.8223249669749009,0.8523529411764705,0.030027974201569663,0.19771025979744605,0.1335294117647059,-1,0.18730095541401282,-0.04648362235067438,-0.04648362235067449,2.7459059870577285,-6.93159801257689,,,3.7477566806999985,Q1: Lowest,Q1: Lowest,TRUE,TRUE
29105,"Laclede County, MO",0.840056005719733,1.0093896713615025,0.16933366564176944,0.17355815061963775,0.05355819125277983,1.1000000000000014,0.1793626951343812,0.011037839979622488,0.011037839979622488,-1.7276044427843278,-2.11024195715921,,,-1.5340404369999998,Q1: Lowest,Q3,TRUE,FALSE
29107,"Lafayette County, MO",0.9949612647225546,1.007424970362513,0.012463705639958467,0.09264974491402655,0.03743682535720971,-2.4000000000000004,0.42353506024371845,-0.014403664195745236,-0.014403664195745236,-1.9404565798875284,8.42043527389226,,,-2.2285262900000014,Q4: Highest,Q3,FALSE,FALSE
29109,"Lawrence County, MO",0.8729545576479425,0.9565076178103225,0.08355306016237996,0.15129567036858205,0.06005669068146924,-2.1999999999999993,0.23962821450830551,8.350076977272636e-4,8.350076977270415e-4,-2.937501286774624,-4.021065235340361,,,-1.0961792470000002,Q1: Lowest,Q1: Lowest,TRUE,TRUE
29111,"Lewis County, MO",0.8590730136005726,0.9473379629629628,0.08826494936239015,0.15264853256979238,0.059259259259259234,-1,0.10311063024073563,-0.04958195605677618,-0.04958195605677618,0.04707705504394255,-5.998830342546858,,,-0.3389508930000016,Q1: Lowest,Q1: Lowest,TRUE,TRUE
29113,"Lincoln County, MO",0.9566177348132237,1.0923880649346096,0.13577033012138595,0.06758960894299237,0.036043616983976734,0,0.25920128144453747,0.16263446156270933,0.16263446156270933,0.694587019841042,-14.640068658171154,,,-1.6523019629999993,Q3,Q4: Highest,FALSE,FALSE
29115,"Linn County, MO",0.7776247569669476,1.0026477622138708,0.2250230052469232,0.2469215813350616,0.0309190297232661,1.5999999999999979,0.3670001493205912,-0.07417475728155343,-0.07417475728155332,0.07436731905846039,1.6027236593471041,,,-3.3315481840000007,Q1: Lowest,Q3,TRUE,FALSE
29117,"Livingston County, MO",0.996514667441185,0.9681093394077448,-0.028405328033440203,0.05620098751089164,0.04100227790432798,-2.6000000000000014,0.31661568185477384,0.025249124697010572,0.025249124697010572,-1.0657620910134502,-3.968558161151191,,,-3.743634662,Q4: Highest,Q2,FALSE,TRUE
29119,"McDonald County, MO",0.8344535614525139,1.0084908683114386,0.1740373068589247,0.18924581005586594,0.01185517462351815,-0.5,0.18448198534908067,-0.0069142459558183544,-0.0069142459558183544,-1.597530668510988,-1.821975462806499,,,-0.3302145800000016,Q1: Lowest,Q3,TRUE,FALSE
29121,"Macon County, MO",0.8763147890001267,0.914648819371334,0.038334030371207306,0.14408820174882775,0.056249060009023966,-1,0.2885287485907553,-0.026781690594218754,-0.026781690594218643,-3.8740701850712767,1.289352905914523,,,-0.709427913999999,Q2,Q1: Lowest,TRUE,TRUE
29123,"Madison County, MO",0.8718386876281613,0.9803397594960872,0.1085010718679259,0.1859193438140807,0.03454857797289557,0.1999999999999993,0.40262519161982624,-0.01803411860276194,-0.01803411860276194,-3.279318243544477,-10.670100820358261,,,-2.397507528,Q1: Lowest,Q2,TRUE,TRUE
29125,"Maries County, MO",0.79542033971189,1.011196067722556,0.21577572801066602,0.18082132874650614,0.010103768432550564,-1.0999999999999996,0.3548088191208132,-0.06292425385195566,-0.06292425385195566,2.5742077924848283,-6.5798027789907625,,,-1.6071543456999997,Q1: Lowest,Q3,TRUE,FALSE
29127,"Marion County, MO",0.9790446951306584,0.9695169307238272,-0.00952776440683123,0.04690846779951452,0.04085119602360987,0.09999999999999964,0.3514311555650138,0.005817028027498727,0.005817028027498505,-1.0971876723855272,5.222795157685148,,,-3.6287180899999996,Q3,Q2,TRUE,TRUE
29129,"Mercer County, MO",0.9655756207674944,0.8683734939759036,-0.09720212679159079,0.07618510158013547,0.11144578313253017,-2.6000000000000014,0.2991240148829579,-0.01818675352877308,-0.01818675352877297,1.0083128715163259,-5.66520385548158,,,0.8084456210000006,Q3,Q1: Lowest,FALSE,TRUE
29131,"Miller County, MO",0.8209982119256783,1.0652192905818627,0.24422107865618436,0.22296509367954598,0.024899528219465283,-0.5999999999999996,0.3493328949891783,0.031236163104295,0.031236163104295,1.0730934998680608,10.267003029071361,,,-2.439088538,Q1: Lowest,Q4: Highest,TRUE,FALSE
29133,"Mississippi County, MO",1.0419221060223585,0.8412519702769646,-0.20067013574539383,0.01857194374323834,0.14523755910830893,-0.9000000000000021,0.33003252620166235,-0.06245554132878073,-0.06245554132878073,-2.3482372245551666,4.638133671667195,,,-3.8744830209999996,Q4: Highest,Q1: Lowest,FALSE,TRUE
29135,"Moniteau County, MO",0.9452951002227172,0.9870093194012992,0.04171421917858198,0.06222160356347439,0.03628918384637103,-2.1999999999999993,0.31091341535928274,0.04644525168655944,0.04644525168655966,0.7371728347931594,-6.306913217641021,,,-1.7774779659999993,Q3,Q2,FALSE,FALSE
29137,"Monroe County, MO",0.8984899328859061,0.9470349721236696,0.04854503923776354,0.13854266538830295,0.0712113532691333,-0.40000000000000036,0.32694522125349557,-0.06206597222222221,-0.06206597222222221,4.228515156708845,7.923366882616074,,,-0.5891014259999992,Q2,Q1: Lowest,TRUE,TRUE
29139,"Montgomery County, MO",0.907258064516129,1.031616568914956,0.1243585043988269,0.11307123655913975,0.019061583577712593,-1.5,0.2477542309792049,-0.060817952679079634,-0.0608179526790793,-1.0314204047045694,-0.8411246260349494,,,-2.7255303509999997,Q2,Q3,TRUE,FALSE
29141,"Morgan County, MO",0.7857703081232493,1.0539680559021711,0.2681977477789218,0.239327731092437,0.004367357125031224,-0.5,0.2228943822696401,-0.004296196176868161,-0.004296196176868161,-3.3423722470041994,-3.0579491841747872,,,-0.950677176000001,Q1: Lowest,Q4: Highest,TRUE,FALSE
29143,"New Madrid County, MO",0.8966630785791173,1.0129146083274525,0.11625152974833519,0.11876569788302838,-0.0014114326040930436,-3.8000000000000007,0.31449171322450753,-0.0907348242811502,-0.0907348242811502,0.4579873650116639,-0.17489935989977567,,,-3.3857449530000014,Q2,Q3,FALSE,FALSE
29145,"Newton County, MO",1.000707661365414,1.0253487383592874,0.024641076993873412,0.04473164736116797,0.047953939487615393,-3.6000000000000014,0.29883655698919487,0.013328693231251076,0.013328693231251076,0.24105870830861686,-3.037279307266128,,,-2.697676674,Q4: Highest,Q3,FALSE,FALSE
29147,"Nodaway County, MO",0.8754921655283247,1.0332288128211828,0.1577366472928582,0.15170751305745278,0.021688006271230686,1,0.23294331773270938,-0.031222592527626714,-0.031222592527626936,0.18968661639475748,-4.814997149741972,,,-2.3193046178000003,Q1: Lowest,Q3,TRUE,FALSE
29149,"Oregon County, MO",0.860248447204969,0.9948686990642922,0.13462025185932325,0.16448125143777315,0.0543314216722004,-4.399999999999999,0.2869362646962472,-0.01459990641085629,-0.014599906410856511,-3.050074381117601,-12.059150934293692,,,-0.8610487340000006,Q1: Lowest,Q2,TRUE,FALSE
29151,"Osage County, MO",0.9644316100859276,1.0171981104222023,0.052766500336274724,0.0405690942386252,0.018010038382049065,-1.0999999999999996,0.3047999656224485,-0.0024179366940211278,-0.0024179366940211278,-2.021667117645476,7.474510476730074,,,-3.9804813459999995,Q3,Q3,TRUE,FALSE
29153,"Ozark County, MO",0.7753231492361927,1.0148234510326448,0.2395003017964521,0.264159811985899,0.02131912058627583,0.6999999999999993,0.2142736742743485,-0.04981874676333509,-0.04981874676333509,-2.0774568021878546,19.11830170532375,,,-2.1024551825,Q1: Lowest,Q3,TRUE,FALSE
29155,"Pemiscot County, MO",0.8225722805652794,0.909367088607595,0.08679480804231554,0.18462336315311811,0.08607594936708862,-4.300000000000001,0.3028276071754332,-0.15877155631253992,-0.15877155631253992,0.39269283064756466,-2.0119629153396223,,,-1.3947759479999995,Q1: Lowest,Q1: Lowest,TRUE,TRUE
29157,"Perry County, MO",0.932958690722666,0.9493319630010276,0.016373272278361606,0.10519570146899337,0.06659815005138747,-1.4000000000000004,0.29462238667060126,0.009229471019460922,0.009229471019460922,0.5615769452694624,-4.398145555416601,,,-3.9748039839999993,Q2,Q1: Lowest,TRUE,TRUE
29159,"Pettis County, MO",0.9208890656854458,0.9736157004105336,0.05272663472508776,0.09875192680622547,0.04871332732552314,-0.40000000000000036,0.31483238028130844,0.026673779674579956,0.026673779674579956,0.014382306484828078,-7.736927017662207,,,-2.101671477,Q2,Q2,TRUE,TRUE
29161,"Phelps County, MO",0.8560711631363805,1.0331471332209106,0.17707597008453002,0.16861761426978816,0.016178330522765627,0.5,0.28236687042238007,0.006162528216704377,0.006162528216704377,-3.6526421549089942,-2.48618658341132,,,-2.8277959280000005,Q1: Lowest,Q3,TRUE,FALSE
29163,"Pike County, MO",0.8573955717872632,0.971204572098476,0.11380900031121277,0.15601460853686377,0.04703985932004684,-0.5999999999999979,0.2248060081339356,-0.015386270712287486,-0.015386270712287375,1.356986678087596,0.2454456054090164,,,0.8807035440000011,Q1: Lowest,Q2,TRUE,TRUE
29165,"Platte County, MO",1.0318604008586791,1.0597515975159753,0.027891196657296113,0.01613211757954469,0.03290432904329044,-0.9000000000000004,0.3116933542485285,0.2190389464836089,0.21903894648360867,-0.4715029359609435,0.24405043781588098,1.4196528081416204,8.764130884535021,-0.9685239370000005,Q4: Highest,Q4: Highest,FALSE,FALSE
29167,"Polk County, MO",0.934599462560825,1.033101173020528,0.09850171045970291,0.06819667368726845,0.026906158357771215,2.3000000000000007,0.27522753128555166,0.05144557823129259,0.051445578231292366,-1.3941613028906064,-7.908700199729023,,,-2.7583987459999992,Q2,Q3,FALSE,FALSE
29169,"Pulaski County, MO",0.850552914151397,1.011137543252595,0.16058462910119808,0.23558950798653777,0.029195501730103768,0.6999999999999993,0.3239389683654281,0.11086006292628325,0.11086006292628325,-0.21313462914684111,-12.103583914959904,,,-3.184180089,Q1: Lowest,Q3,FALSE,FALSE
29171,"Putnam County, MO",0.9214638157894736,0.8808255659121171,-0.040638249877356425,0.10197368421052633,0.08566355969818018,-2.900000000000002,0.37812997304407125,-0.0695462651079849,-0.0695462651079849,-4.054318426099012,10.853133863657767,,,0.5398618180000003,Q2,Q1: Lowest,TRUE,TRUE
29173,"Ralls County, MO",0.9618566176470588,0.9761951219512196,0.014338504304160837,0.0599264705882353,0.03551219512195125,-0.8000000000000007,0.5070696989139991,0.015865195112337416,0.015865195112337416,-2.2447573147407365,-2.0724512064782,,,-1.7817268459999998,Q3,Q2,TRUE,TRUE
29175,"Randolph County, MO",0.7674159094532121,0.9931662870159452,0.22575037756273308,0.2429459588713534,0.04200455580865603,-0.3999999999999986,0.3142302221249589,-0.03316794936906664,-0.03316794936906675,0.660222366691468,-1.8204077639386673,,,-1.8269390679999997,Q1: Lowest,Q2,TRUE,FALSE
29177,"Ray County, MO",0.9236298292902066,0.9949828240824444,0.07135299479223778,0.10017969451931719,0.05107575483637683,0.1999999999999993,0.21506668505348592,-0.02926788124156543,-0.029267881241565208,-0.8616443755620373,3.1184522140684594,,,-0.8900048219999999,Q2,Q2,FALSE,FALSE
29179,"Reynolds County, MO",0.9399363564041368,0.8743551952837141,-0.06558116112042267,0.205648369132856,0.07221812822402363,-0.40000000000000213,0.25469483568075124,-0.0691805225653207,-0.0691805225653207,-3.6028620730126026,25.148219284986382,,,0.3829652069999998,Q2,Q1: Lowest,FALSE,TRUE
29181,"Ripley County, MO",0.7807765151515151,1.012888888888889,0.2321123737373738,0.2619949494949495,0.05155555555555558,-4.199999999999999,0.2799256106720074,-0.05484031581193538,-0.05484031581193538,-2.6564027718969543,-12.653177999879151,,,-1.2943639619999985,Q1: Lowest,Q3,TRUE,FALSE
29183,"St. Charles County, MO",1.0295369777342425,1.041070655527821,0.011533677793578612,0.029235580002260453,0.04376018937265702,0,0.3198444040170978,0.16394852270588745,0.16394852270588745,-0.8180511249992889,-4.502422905407336,3.012988535508512,8.576202380622458,-3.12716659,Q4: Highest,Q4: Highest,FALSE,FALSE
29185,"St. Clair County, MO",0.887718023255814,1.0263440860215054,0.13862606276569145,0.1356589147286822,0.02849462365591393,-2.3999999999999986,0.29838523263877414,-0.04131809834727607,-0.041318098347275845,3.975283955530201,18.061827656796872,,,-0.30970530209999936,Q2,Q3,TRUE,FALSE
29186,"Ste. Genevieve County, MO",0.8839164490861618,1.0238538133274977,0.13993736424133585,0.13493472584856392,0.025495130758288687,-1.700000000000001,0.3010782183022809,-0.02181162193188646,-0.021811621931886682,2.8115280894194017,7.516392796220332,,,-0.5913094660000002,Q2,Q3,TRUE,FALSE
29187,"St. Francois County, MO",0.861889101067968,0.9672575176886792,0.10536841662071117,0.1712992432279511,0.046101120283018826,0.6000000000000014,0.1909685473147169,0.05624174995285691,0.05624174995285691,-1.1250414840554805,-0.2970441305253919,,,-3.68584944,Q1: Lowest,Q1: Lowest,TRUE,TRUE
29189,"St. Louis County, MO",0.963291898622768,0.9923610589820276,0.02906916035925966,0.0699627620421478,0.05579962941160199,0.7000000000000011,0.23383863252673054,-0.005187169360479249,-0.005187169360479027,1.3666565810436682,4.379764940578532,3.913503686257968,7.767974552956133,-1.3563579170000004,Q3,Q2,TRUE,FALSE
29195,"Saline County, MO",0.8985228563936719,0.9881213290085036,0.08959847261483167,0.1300585613145704,0.04050144648023146,-1.4000000000000021,0.2699315711793908,-0.011637500542793888,-0.011637500542793666,-1.9081001969722706,0.5230910306654968,,,-2.8132056830000014,Q2,Q2,TRUE,TRUE
29197,"Schuyler County, MO",0.7957971676564641,1.1049188906331764,0.30912172297671225,0.21425308359981732,0.0727367870225013,2.3000000000000007,0.381856,0.08045444006492009,0.08045444006492009,4.733761966502681,-4.755559845521424,,,3.9130626589999995,Q1: Lowest,Q4: Highest,FALSE,FALSE
29199,"Scotland County, MO",0.922901080631754,1.029096834264432,0.10619575363267797,0.12344139650872821,0.0488826815642458,-3.4000000000000004,0.43437280044067683,0.014906832298136719,0.014906832298136719,1.230334965593577,-16.307705563200216,,,-0.7990031690000006,Q2,Q3,FALSE,FALSE
29201,"Scott County, MO",0.9415504195192258,1.0138748170663063,0.07232439754708053,0.12112009059556283,0.030732860520094607,1.6999999999999993,0.21514741682445226,-0.031106836417018946,-0.031106836417018835,-2.4139679954219146,-3.460465061291935,,,-3.740430083999998,Q2,Q3,TRUE,FALSE
29203,"Shannon County, MO",0.8699233172394206,1.0527950310559009,0.18287171381648026,0.23430843510366373,-0.0019409937888199558,-3.1999999999999993,0.4405260248005687,-0.028088550345155894,-0.028088550345155672,4.600324064593586,-11.577197573114365,,,-1.4070827450000003,Q1: Lowest,Q4: Highest,TRUE,FALSE
29205,"Shelby County, MO",0.9142002518891688,0.9764006791171476,0.062200427227978805,0.09477329974811088,0.026146010186757218,-0.5999999999999979,0.3487668819729888,-0.08769230769230774,-0.08769230769230785,0.35606852177392234,-3.5086262809702937,,,-2.2457613389999995,Q2,Q2,TRUE,TRUE
29207,"Stoddard County, MO",0.8181030460574552,1.0051612903225806,0.1870582442651254,0.20049323468639602,0.012661290322580676,-0.8000000000000007,0.3100473142220985,-0.04059101576703139,-0.04059101576703139,3.8289045693631785,-1.208144931519665,,,-0.969189386,Q1: Lowest,Q3,TRUE,FALSE
29209,"Stone County, MO",0.7841240994353216,1.0326405964940113,0.24851649705868972,0.21912117868501335,0.060442611247719547,0.9000000000000004,0.26828160484481445,-4.37965338171753e-4,-4.3796533817164196e-4,-0.7168138820708381,0.03643706189955154,,,-3.0496744119000008,Q1: Lowest,Q3,TRUE,FALSE
29211,"Sullivan County, MO",0.8086826347305389,0.8739279588336192,0.06524532410308026,0.2437125748502994,0.097770154373928,-3.0000000000000018,0.318344668447899,-0.092007157769161907,-0.0920071577691618,-5.484221257759103,-6.622489146846873,,,-3.9179946029999986,Q1: Lowest,Q1: Lowest,FALSE,TRUE
29213,"Taney County, MO",0.8596304867407717,0.959113169583539,0.09948268284276729,0.1528510186274138,0.13029118104855553,-0.40000000000000036,0.3161631258674069,0.16468138275718447,0.16468138275718447,-0.4190683594602451,-17.792200968091837,,,-3.3441998989999995,Q1: Lowest,Q1: Lowest,TRUE,TRUE
29215,"Texas County, MO",0.8390459868608969,1.0245303274288782,0.18548434056798124,0.17042749690564596,0.02973698336017172,-0.10000000000000142,0.3152398012640687,-0.003609258532757953,-0.003609258532758064,-0.47065425856239185,-2.8655734793882104,,,-1.945659462,Q1: Lowest,Q3,TRUE,FALSE
29217,"Vernon County, MO",0.9139011609986644,0.9666882976422236,0.052787136643559274,0.10880509606493372,0.045641358425264955,-1.7999999999999972,0.3456293706293707,-0.008820977537838615,-0.008820977537838726,-2.212634944368075,4.221619804133239,,,-2.60300846,Q2,Q1: Lowest,TRUE,TRUE
29219,"Warren County, MO",1.0014242247685634,1.0790547234687335,0.07763049870017014,0.03379296950864241,0.03263593449501723,0.3000000000000007,0.24987251402345745,0.14435670261941458,0.14435670261941458,-2.115525281896419,-7.611388965716543,,,-4.845171098000002,Q4: Highest,Q4: Highest,FALSE,FALSE
29221,"Washington County, MO",0.955770896491988,0.9862734584450402,0.030502561953052232,0.057059333044608085,0.043109919571045596,0.6999999999999993,0.24101575443564172,-0.0050691985838429154,-0.0050691985838431375,-3.1136583251045624,-3.615526605914849,,,-3.5795363170000005,Q3,Q2,FALSE,TRUE
29223,"Wayne County, MO",0.9572129360465116,0.9042316258351892,-0.05298131021132235,0.1289970930232558,0.11061618411284335,-2.8999999999999986,0.2673015645698329,-0.036163522012578664,-0.03616352201257844,-3.7652979624685,-13.386582125232131,,,-0.13823364970000007,Q3,Q1: Lowest,FALSE,TRUE
29225,"Webster County, MO",0.8989117808889161,1.0480076368787337,0.14909585598981756,0.10833282386745735,0.035166594814312946,-0.6000000000000014,0.4312482058508833,0.11599064182428043,0.11599064182428043,-5.232770437949869,-12.783882366209127,,,-1.3834797850000005,Q2,Q4: Highest,FALSE,FALSE
29227,"Worth County, MO",1.0437109723461195,0.9832558139534884,-0.06045515839263116,0.04817127564674395,0.026976744186046564,-1.799999999999999,0.3235441102977923,-0.09201623815967519,-0.0920162381596753,0.20543567823259057,-8.969438837004667,,,2.7016989756999994,Q4: Highest,Q2,FALSE,TRUE
29229,"Wright County, MO",0.8853311088295688,1.0722626630269942,0.18693155419742546,0.14373716632443534,0.03639672429481344,-5.199999999999999,0.3900889453621348,-0.022658045209212885,-0.022658045209212774,-1.8946507035196403,0.0010723404458734542,,,-2.0999088159999992,Q2,Q4: Highest,TRUE,FALSE
29510,"St. Louis city, MO",0.9909318599868322,0.9424931818750468,-0.04843867811178537,0.04480448519979097,0.06483473865939404,-2.6000000000000014,0.37423585969493733,-0.05467057073396253,-0.05467057073396242,2.9842906328775247,-1.2788715511282227,10.123307061699506,13.661571097071576,-2.142679858000001,Q3,Q1: Lowest,FALSE,TRUE
30001,"Beaverhead County, MT",0.9196392785571142,1.0324105334233626,0.1127712548662484,0.07074148296593186,0.028584289894215575,-1.8999999999999986,0.2952090977697972,0.04707576428887905,0.04707576428887905,-0.49630397567470563,-1.042925283733562,,,-2.335126069900001,Q2,Q3,TRUE,FALSE
30003,"Big Horn County, MT",1.018457413899773,0.9312460334250052,-0.08721138047476784,0.02206640544442151,0.07933149989422472,-0.29999999999999716,0.3246273179008605,0.06135947087417315,0.06135947087417315,-1.5481070775483663,-2.221046482247881,,,-3.5552124869999986,Q4: Highest,Q1: Lowest,FALSE,TRUE
30005,"Blaine County, MT",0.7991379310344827,0.9336626676076216,0.1345247365731389,0.19931034482758625,0.056810162314749446,-2.8000000000000007,0.3637066592434506,0.032292954264524054,0.032292954264524054,-3.867917680038074,5.340565065702067,,,-5.744458019000001,Q1: Lowest,Q1: Lowest,TRUE,TRUE
30007,"Broadwater County, MT",0.9815521628498728,1.1852839661123311,0.20373180326245832,0.05470737913486001,-0.01631628490743653,-3,0.4742345760073927,0.2255845942228336,0.2255845942228334,4.698730629352599,-7.372032589822593,,,-0.13137395450000078,Q3,Q4: Highest,FALSE,FALSE
30009,"Carbon County, MT",0.9596208530805688,1.1011537696439229,0.1415329165633541,0.05895734597156399,0.00417744181420332,-0.9000000000000004,0.35640929005511857,0.07540358969216876,0.07540358969216898,1.4617021326692459,1.5291730562962886,,,-2.3230594826999997,Q3,Q4: Highest,FALSE,FALSE
30011,"Carter County, MT",0.9033783783783784,1.0372340425531914,0.13385566417481298,0.11486486486486491,0.02583586626139822,1.1999999999999993,0.664980993755091,0.02960526315789469,0.029605263157894912,-1.043524699599474,,,,10.4637070271,Q2,Q4: Highest,TRUE,FALSE
30013,"Cascade County, MT",0.9393563406584972,1.0145562130177517,0.07519987235925452,0.07697817800404205,0.03668639053254441,0.1999999999999993,0.23174361294316537,0.015817925317419768,0.015817925317419768,-0.6178956578308498,0.25278260835891775,2.858180325096768,4.908664416832568,-1.607841917,Q2,Q3,TRUE,FALSE
30015,"Chouteau County, MT",0.9857582755966128,0.986712777575537,9.54501978924216e-4,0.0400307929176289,0.025846377866763692,-2.700000000000001,0.28977410083537025,-0.019317786286112026,-0.019317786286112137,-4.042446554326629,-9.767282266649907,,,0.847629982,Q3,Q2,FALSE,TRUE
30017,"Custer County, MT",1.0896629998253886,1.0318080357142858,-0.0578549641111028,0.026366334904836752,0.003985969387755084,-1.3000000000000007,0.36045294247299986,-0.006794425087108036,-0.006794425087107925,1.793341640175175,-6.989497532983699,,,-1.835717508,Q4: Highest,Q3,FALSE,FALSE
30019,"Daniels County, MT",1.1677295918367347,0.9236111111111112,-0.2441184807256236,0.04336734693877553,0.03282828282828287,-1.8000000000000007,0.5089175242176418,-0.007050528789659172,-0.007050528789659283,-4.085220586124738,,,,4.6689299539,Q4: Highest,Q1: Lowest,FALSE,TRUE
30021,"Dawson County, MT",1.038882421420256,0.930752453653217,-0.10812996776703909,0.028637951105937143,0.04558342420937844,-0.3999999999999986,0.297609780667613,-0.03700805008944541,-0.03700805008944541,-1.595535728256564,0.051561198313403445,,,-3.7075199321000003,Q4: Highest,Q1: Lowest,FALSE,TRUE
30023,"Deer Lodge County, MT",1.2942895086321382,1.0602589641434264,-0.23403054448871186,0.031872509960159334,0.0336155378486056,-3.700000000000001,0.30147654351753794,-0.013385146804835935,-0.013385146804835935,0.8391231345398126,-7.318274925076436,,,-0.3585070240999997,Q4: Highest,Q4: Highest,FALSE,FALSE
30025,"Fallon County, MT",1.0866185452526371,0.9483811850946854,-0.13823736015795174,-0.021099389228206533,0.08124618204031764,0.3999999999999986,0.5480805508394642,0.028179190751445038,0.028179190751445038,-2.075310062445068,-42.020998947920006,,,-7.265984774,Q4: Highest,Q1: Lowest,FALSE,TRUE
30027,"Fergus County, MT",0.9577391304347826,0.967937756497948,0.01019862606316535,0.030956521739130438,0.049076607387140925,-2,0.3071472664322714,-0.03602896274971645,-0.036028962749716675,-3.1116633862195653,3.626430581493161,,,1.104508624400001,Q3,Q1: Lowest,FALSE,TRUE
30029,"Flathead County, MT",0.9021363105400304,1.1095224957136944,0.20738618517366403,0.13163806271902234,0.01365705614567525,-3.0999999999999996,0.3592925845485573,0.17633860275369706,0.17633860275369706,1.28985007953194,-1.6912456721258255,6.767193824972765,9.18981506611508,-3.0085346700000013,Q2,Q4: Highest,FALSE,FALSE
30031,"Gallatin County, MT",0.9931644551668676,1.0998863398438667,0.10672188467699917,0.08365500603136311,0.024721083958962664,-1.799999999999999,0.459701847122409,0.3211036712075732,0.32110367120757344,0.5338333316474764,-6.7913308538509325,,,-3.2265795100000005,Q3,Q4: Highest,FALSE,FALSE
30033,"Garfield County, MT",1.166407465007776,0.9738415545590432,-0.19256591044873284,0.02021772939346811,0.020926756352765308,2.8999999999999986,0.3184682204685876,0.01944894651539708,0.019448946515397303,-2.1631701631701583,,,,-1.4086052249999987,Q4: Highest,Q2,FALSE,TRUE
30035,"Glacier County, MT",0.9911126910771418,1.0051781639459365,0.01406547286879467,0.06754354781372196,0.07021239248727396,-0.9000000000000021,0.1595939424197037,0.0435541391607861,0.0435541391607861,-0.6238520881761717,-2.926950049601718,,,-0.8304669500000017,Q3,Q3,FALSE,FALSE
30037,"Golden Valley County, MT",0.6753130590339893,1.0989445910290236,0.42363153199503434,0.332737030411449,0.01319261213720313,-2.3000000000000007,0.261620475730274,-0.14834024896265563,-0.14834024896265552,-2.9539127745128346,,,,8.217649083200001,Q1: Lowest,Q4: Highest,TRUE,FALSE
30039,"Granite County, MT",1.0880452342487883,0.995830174374526,-0.09221505987426226,0.0904684975767367,0.0917361637604246,-1.5999999999999996,0.401004628061858,0.11187890753537344,0.11187890753537366,-2.2766870918905227,9.275687153129471,,,-4.973049372,Q4: Highest,Q2,FALSE,FALSE
30041,"Hill County, MT",0.9057614725163892,0.9976059199071388,0.0918444473907496,0.06001008572869393,0.03453279164248402,-3.400000000000002,0.32501596220150675,0.028257750608196686,0.028257750608196686,-1.8781535439342552,-7.0021758225626645,,,1.6128591039999982,Q2,Q2,TRUE,FALSE
30043,"Jefferson County, MT",0.9204721695674652,1.0646551724137931,0.1441830028463279,0.08771325176632772,0.01490660919540232,-3.0999999999999996,0.29624079387415714,0.10697463768115933,0.10697463768115933,3.515975529469584,-5.230757759570425,,,-1.2746994402999992,Q2,Q4: Highest,FALSE,FALSE
30045,"Judith Basin County, MT",0.8674418604651163,0.9984709480122324,0.13102908754711606,0.1506976744186046,0.051987767584097844,-1.1999999999999993,0.38254225903951644,-0.03648583773403746,-0.036485837734037574,-5.595484786511539,25.091249278509373,,,-1.1332727269000005,Q1: Lowest,Q2,TRUE,FALSE
30047,"Lake County, MT",1.031647839340147,1.0806315304240934,0.04898369108394651,0.06858526089295325,-6.914566687155066e-4,-4.100000000000001,0.41134976390648403,0.07873207012573058,0.07873207012573014,-0.6067998200595504,14.229457436201281,,,-4.797688646000001,Q4: Highest,Q4: Highest,FALSE,FALSE
30049,"Lewis and Clark County, MT",0.9988391376451078,1.0371976332733917,0.03835849562828386,0.025448515000753846,0.01847554962584841,-1.0999999999999996,0.41648980641841926,0.1448735283448208,0.1448735283448208,0.3134569639462237,-2.08035813144385,,,-1.9539502520000003,Q4: Highest,Q4: Highest,FALSE,FALSE
30051,"Liberty County, MT",1.228287841191067,1,-0.22828784119106693,0.10545905707196035,0.005574136008918651,2.8999999999999986,0.1332472314583275,0.045169946332737076,0.045169946332736854,-8.042495345607136,2.0208468726246434,,,0.13555860730000013,Q4: Highest,Q3,FALSE,FALSE
30053,"Lincoln County, MT",0.9731021299836156,1.0887668566662032,0.11566472668258765,0.07878208629164396,0.043931600166828844,-0.10000000000000142,0.2965855106888362,0.02777777777777768,0.02777777777777768,-1.9922537464310552,3.1086642197753296,,,-1.2103762537999998,Q3,Q4: Highest,FALSE,FALSE
30055,"McCone County, MT",1.0486725663716814,0.9952941176470588,-0.05337844872462261,0.03048180924287114,0.018823529411764683,2.6999999999999993,0.2599195536525236,-0.05829088851160158,-0.05829088851160147,3.113773183502777,-7.888002807888206,,,1.4637906684999997,Q4: Highest,Q2,FALSE,FALSE
30057,"Madison County, MT",0.8855462565030536,1.0090998524348254,0.12355359593177173,0.1280253336349242,0.06050172159370393,-1.5,0.3816943026691739,0.13756613756613767,0.13756613756613767,-1.6145100341807772,-3.6249538575120006,,,-0.8146345009000004,Q2,Q3,TRUE,FALSE
30059,"Meagher County, MT",0.992545871559633,1.0731707317073171,0.08062486014768411,0.0986238532110092,0.020148462354188768,-0.40000000000000213,0.31950157633988896,-0.024109014675052443,-0.024109014675052443,-2.749542419941414,3.0151749544571222,,,-8.0996668789,Q3,Q4: Highest,FALSE,FALSE
30061,"Mineral County, MT",0.838421052631579,1.1549865229110512,0.31656547027947224,0.17263157894736847,0.011859838274932644,-1.5999999999999996,0.28017718715393136,0.05798845043310874,0.05798845043310896,-0.16577472147304984,52.648056258499814,,,-2.9572908707000014,Q1: Lowest,Q4: Highest,FALSE,FALSE
30063,"Missoula County, MT",0.9723133787004732,1.0475287198707988,0.07521534117032558,0.059553007012332015,0.030624371514763715,-4.5,0.3446405934550918,0.12713222127980406,0.12713222127980384,1.5872941349743985,1.1949122652740307,2.324060280803721,6.3512719565518125,-2.6894581643999995,Q3,Q4: Highest,FALSE,FALSE
30065,"Musselshell County, MT",1.1029126213592233,1.0530646992054484,-0.04984792215377487,-0.06165048543689311,0.0034052213393870323,-2.5,0.4669339894893527,0.05439235320892122,0.05439235320892122,-6.638829409156438,2.885436953104329,,,-1.9069951618999994,Q4: Highest,Q4: Highest,FALSE,FALSE
30067,"Park County, MT",0.8347941861755243,1.118664383561644,0.28387019738611985,0.19826916675912576,0.048972602739726034,0.40000000000000036,0.2879297040300699,0.049153399039676415,0.04915339903967664,1.683526787480516,2.8522396199954034,,,-1.5321450461000001,Q1: Lowest,Q4: Highest,FALSE,FALSE
30069,"Petroleum County, MT",1.156903765690377,1.002145922746781,-0.15475784294359585,0.06276150627615062,0.0858369098712446,-4,0.4893820344022086,0.036170212765957555,0.036170212765957555,1.6764928691413272,,,,-9.540014055,Q4: Highest,Q3,FALSE,FALSE
30071,"Phillips County, MT",0.8985748218527316,0.933743492664458,0.035168670811726366,0.07505938242280286,0.061997160435399934,-2.3999999999999986,0.4107047754304989,-0.05699976150727404,-0.05699976150727404,-0.48399654731634545,-16.04855793931669,,,-2.434640228000001,Q2,Q1: Lowest,FALSE,TRUE
30073,"Pondera County, MT",1.0514511873350922,0.933130699088146,-0.11832048824694619,0.08782510365623819,0.037993920972644424,-0.8999999999999986,0.375127478753541,-0.04182201329226776,-0.041822013292267535,1.2708885088841992,-5.413635594654035,,,-1.4724934520000001,Q4: Highest,Q1: Lowest,FALSE,TRUE
30075,"Powder River County, MT",1.1071044133476855,1.0404228855721394,-0.06668152777554615,0.06673842841765343,0.011194029850746245,-0.09999999999999964,0.520708178379581,-0.04486087450312326,-0.04486087450312326,-0.8726093779640343,,,,6.5418484839,Q4: Highest,Q4: Highest,FALSE,FALSE
30077,"Powell County, MT",1.086560805577072,0.9910251296370164,-0.09553567594005552,0.04027885360185901,0.033506182688472275,0,0.33381046263537417,-0.03189546157088663,-0.03189546157088652,-3.348434305913661,-2.9460522272047163,,,-1.761270981600001,Q4: Highest,Q2,FALSE,FALSE
30079,"Prairie County, MT",0.9593425605536332,1.181818181818182,0.2224756212645489,0.1349480968858131,0.052727272727272734,0,0.4201844355845026,-0.005540166204986097,-0.005540166204986208,3.5212682593582345,6.484103529605424,,,2.7237148933000004,Q3,Q4: Highest,FALSE,FALSE
30081,"Ravalli County, MT",0.9545756702858408,1.0895592806394316,0.13498361035359085,0.07855085309107024,0.004718028419182896,-1.200000000000001,0.34767962308598355,0.09452065062589021,0.09452065062588999,-1.4797628818969455,8.92862511465851,,,-0.6310040974,Q3,Q4: Highest,FALSE,FALSE
30083,"Richland County, MT",1.1479517190929045,0.95436442084301365,-0.19358729824989085,0.04188002926115586,0.04895453036840358,-2.5,0.4052839245037423,0.15466011115861478,0.15466011115861478,0.6154509296812216,-7.908383484279876,,,1.1803844689999998,Q4: Highest,Q1: Lowest,FALSE,TRUE
30085,"Roosevelt County, MT",1.1838726932334849,0.9421804710240804,-0.24169222220940445,0.0026745119015779695,0.0613919026197407,-6,0.29131925766541156,0.08243163486130234,0.08243163486130234,-3.362971541581583,5.438796315585133,,,-2.0569944240000027,Q4: Highest,Q1: Lowest,FALSE,TRUE
30087,"Rosebud County, MT",1.0815132605304212,0.9509615384615384,-0.13055172206888277,0.01742069682787306,0.08214285714285718,-2.6999999999999993,0.2934724570614933,-0.016723511937506874,-0.016723511937506874,-1.0804400836985946,-15.775235144686414,,,-3.9837897780000002,Q4: Highest,Q1: Lowest,FALSE,TRUE
30089,"Sanders County, MT",0.954422990570274,1.1280841799709724,0.1736611894006984,0.1376290974405029,-0.009433962264151052,0.3000000000000007,0.41528873856946014,0.06590989088349164,0.06590989088349164,1.3631447280549547,7.542789093887773,,,-0.16183045509999872,Q3,Q4: Highest,FALSE,FALSE
30091,"Sheridan County, MT",1.060530679933665,0.9755466052934408,-0.08498407464022406,0.05196241017136538,0.024165707710011475,-1.5999999999999996,0.4440175165983895,-0.04612280196021912,-0.04612280196021923,-0.9298027013258825,-30.230106122343727,,,5.4067802564,Q4: Highest,Q2,FALSE,TRUE
30093,"Silver Bow County, MT",0.9461641210290958,1.0365673023514164,0.09040318132232061,0.07625297636331962,0.033265444670739996,0,0.2295957855841011,0.04258114604795615,0.04258114604795593,0.9386820122127659,5.022595175076287,,,-1.6582169130000004,Q3,Q4: Highest,TRUE,FALSE
30095,"Stillwater County, MT",1.04536312849162,1.0418987929433612,-0.003464335548258868,0.05921787709497206,0.008820798514391881,-0.3999999999999986,0.31831715710916053,0.08740272922070602,0.08740272922070602,-0.8703943622591914,-12.064279695096406,,,-3.7709491753,Q4: Highest,Q4: Highest,FALSE,FALSE
30097,"Sweet Grass County, MT",0.5921143250688705,1.0574491478834525,0.46533482281458194,0.4380165289256198,-0.007146783947223678,0.9000000000000004,0.3085557318430463,-0.010852302805717362,-0.010852302805717251,3.7591210465545366,0.47377936826489986,,,-2.2485013877999993,Q1: Lowest,Q4: Highest,TRUE,FALSE
30099,"Teton County, MT",0.9303902116402116,1.0014260249554368,0.07103581331522513,0.07771164021164023,0.009269162210338688,0.5999999999999996,0.4222512405327761,6.511476477291112e-4,6.511476477291112e-4,3.260281385281383,-0.3272686932908937,,,2.7882726765,Q2,Q3,TRUE,FALSE
30101,"Toole County, MT",0.9000783699059561,0.979304271246147,0.07922590134019092,0.1030564263322884,0.055041831792162044,1.4000000000000004,0.30266866882689225,-0.04689072247937209,-0.046890722479372204,-2.555940818826774,-2.7417029501830266,,,3.0936785249999996,Q2,Q2,TRUE,TRUE
30103,"Treasure County, MT",0.9459798994974874,0.9212410501193318,-0.024738849378155625,0.14321608040201006,0.04534606205250602,-1.1000000000000014,0.4299450169922361,-0.06951871657754005,-0.06951871657754027,-0.21468292716708692,,,,7.1896119145999995,Q3,Q1: Lowest,FALSE,TRUE
30105,"Valley County, MT",1.07504215851602,0.948738379814077,-0.12630377870194287,0.04131534569983142,0.04940239043824701,-2,0.40114535778924343,0.008728859792689558,0.008728859792689336,-4.439208803157585,-11.638528899152812,,,-0.5869148519999996,Q4: Highest,Q1: Lowest,FALSE,TRUE
30107,"Wheatland County, MT",0.7139513108614233,0.9399744572158364,0.22602314635441312,0.2752808988764045,0.08301404853128991,-0.6999999999999993,0.46782299155440765,0.022115384615384537,0.02211538461538476,-0.05620167335950166,-26.725432375714597,,,2.4955872065999998,Q1: Lowest,Q1: Lowest,TRUE,TRUE
30109,"Wibaux County, MT",1.0355086372360844,0.9304245283018868,-0.10508410893419762,0.026871401151631447,0.10141509433962259,-1.6999999999999993,0.45940933086032243,-0.044378698224852076,-0.04437869822485219,-8.231340288924555,,,,4.4339718603,Q4: Highest,Q1: Lowest,FALSE,TRUE
30111,"Yellowstone County, MT",0.9414129881733908,1.0549856782627856,0.11357269008939475,0.10411883694667479,0.011567556980928817,1.6000000000000014,0.2813106138027406,0.1397843383880495,0.1397843383880495,1.2361371183981924,-1.8322867049209686,3.377390069040203,4.520886709457752,-2.9232574840000005,Q2,Q4: Highest,FALSE,FALSE
31001,"Adams County, NE",0.9445408281286144,1.0281014393420151,0.08356061121340075,0.0910247513300948,0.003551623154090633,-1,0.32959063200250593,0.015246665803444248,0.015246665803444248,0.8757906222138567,-4.674698001208002,,,-0.6770756369999997,Q3,Q3,TRUE,FALSE
31003,"Antelope County, NE",0.948397609994568,0.9799043062200956,0.0315066962255276,0.07631721890277021,-0.018500797448165907,-1.9000000000000004,0.38111041592992567,-0.06930693069306926,-0.06930693069306926,2.8960373810004656,9.190407767356602,,,1.6837403290000008,Q3,Q2,TRUE,FALSE
31005,"Arthur County, NE",0.8785425101214575,1,0.12145748987854255,0.1740890688259109,-0.0092592592592593,2.299999999999999,0.35559709120644833,0.013129102844638973,0.013129102844638973,5.0950128620031565,,,,-6.846846846500001,Q2,Q3,TRUE,FALSE
31007,"Banner County, NE",1.010922330097087,1,-0.010922330097087096,0.1747572815533981,-0.009374999999999911,-2.1999999999999993,0.44931913315318184,0.04195804195804187,0.04195804195804187,-2.9840513819730186,,,,2.5294225946999997,Q4: Highest,Q3,FALSE,FALSE
31009,"Blaine County, NE",0.9337121212121212,0.9881422924901184,0.05443017127799721,0.125,0.035573122529644285,-1.700000000000001,0.48174372695532997,0.004319654427645814,0.004319654427645814,-2.12849267009147,,,,1.7694509489999994,Q2,Q2,FALSE,TRUE
31011,"Boone County, NE",0.9272072636192862,1.0097456227287744,0.08253835910948826,0.1058234189104571,0.012223323422530519,0.5,0.5535151871029733,-0.06986743102830528,-0.06986743102830528,-1.0874878134561838,-7.359322475555646,,,-0.10983951999999952,Q2,Q3,FALSE,FALSE
31013,"Box Butte County, NE",1.0492790655229056,0.981764705882353,-0.06751435964055263,0.03522540609600289,0.028431372549019618,-2.5999999999999996,0.2935660218671152,-0.054868963099307555,-0.054868963099307555,-0.07384578798443897,-6.166541840665285,,,-1.261649735999999,Q4: Highest,Q2,FALSE,FALSE
31015,"Boyd County, NE",0.9880843263061412,0.932972972972973,-0.05511135333316819,0.03574702108157657,0.05297297297297299,0.29999999999999893,0.5855303494788473,-0.09009009009009006,-0.09009009009009017,-3.0284523297276325,,,,0.6238803575,Q3,Q1: Lowest,FALSE,TRUE
31017,"Brown County, NE",0.7944176060118089,1.00560398505604,0.2111863790442312,0.25711218464841656,-0.011830635118306398,-1.0999999999999996,0.42245973730960773,-0.08372093023255811,-0.08372093023255811,-2.1785774091335197,26.103175540077917,,,0.7386527651999995,Q1: Lowest,Q3,TRUE,FALSE
31019,"Buffalo County, NE",0.9600332754629628,1.0253377131468222,0.0653044376838594,0.07996961805555558,0.025725252823503353,1,0.3841533792160048,0.10206391478029286,0.10206391478029309,0.743462097667083,-7.732321650701728,,,-2.9424810899999994,Q3,Q3,FALSE,FALSE
31021,"Burt County, NE",0.9167320261437908,1.0180546519193234,0.10132262577553264,0.10431372549019613,-0.007807417046193921,-1.700000000000001,0.3636795400574928,-0.07715387912558935,-0.07715387912558924,-0.8515537537666928,0.15342912433844447,,,-3.426459952,Q2,Q3,TRUE,FALSE
31023,"Butler County, NE",0.96108220603538,1.015006821282401,0.05392461524702108,0.06971904266389173,0.020009095043201475,-1.1000000000000014,0.48339932988120626,-0.042865671641791,-0.042865671641791,-1.0335674268534267,-1.6502517353352997,,,0.12203541300000076,Q3,Q3,TRUE,FALSE
31025,"Cass County, NE",0.9355371294393896,1.0282608695652171,0.09272374012582751,0.07154388024655123,0.024420289855072497,-1.1000000000000005,0.27719390436153435,0.03927779537535625,0.03927779537535625,-2.8166872662318045,7.229547609859976,,,-1.7028992429999992,Q2,Q3,FALSE,FALSE
31027,"Cedar County, NE",0.9534546959040132,1.0227013461099703,0.0692466502059571,0.07654116673562272,0.006388318503308232,-0.5999999999999996,0.4244611103249847,-0.060284084554300454,-0.060284084554300565,0.5804731584308553,10.223411477303097,,,-0.08365649300000122,Q3,Q3,TRUE,FALSE
31029,"Chase County, NE",1.095641646489104,0.9825155104342922,-0.1131261360548117,0.054237288135593253,0.02368866328257191,-1.3000000000000007,0.4470071527167776,0.0028111423460259743,0.0028111423460259743,-1.1066550605123127,25.291684348650424,,,-2.2331674820000007,Q4: Highest,Q2,FALSE,FALSE
31031,"Cherry County, NE",0.9519338565022422,0.9919252691576947,0.039991412655452585,0.07903587443946192,0.014566181127295796,-1.9000000000000004,0.41157627921227813,-0.024854302365443948,-0.02485430236544406,2.370735893585069,-1.4663618083554208,,,0.8699150759999998,Q3,Q2,TRUE,FALSE
31033,"Cheyenne County, NE",1.0823643410852712,0.8899260987942434,-0.1924382422910278,0.03856589147286826,0.11046285492026453,-0.5,0.24933899171240026,-0.12121510997139762,-0.1212151099713975,6.779303514946658,-7.954925967879251,,,-4.817901424999999,Q4: Highest,Q1: Lowest,FALSE,TRUE
31035,"Clay County, NE",1.100655737704918,0.9377376425855514,-0.1629180951193666,0.04590163934426228,0.05291508238276299,0.09999999999999964,0.5295343988881167,-0.05499695307739183,-0.05499695307739194,-1.6168544830965192,4.922649033713414,,,1.4091990540000001,Q4: Highest,Q1: Lowest,FALSE,TRUE
31037,"Colfax County, NE",0.972647897362794,1.0441901755770369,0.07154227821424286,0.031004989308624387,-0.0043401065298875885,-2.700000000000001,0.48541265425493973,0.07165015510857597,0.07165015510857597,0.05120565742310901,-18.227027291501102,,,-3.6975167010000014,Q3,Q4: Highest,TRUE,FALSE
31039,"Cuming County, NE",0.9703741152679474,1.019326559075513,0.04895244380756558,0.05217391304347829,-0.019924287706714505,-0.40000000000000036,0.4239733894898057,-0.0473831574413095,-0.0473831574413095,2.4543992110616975,13.692571611720282,,,-0.4950282479999988,Q3,Q3,FALSE,FALSE
31041,"Custer County, NE",0.9907177192110062,0.9841124908692476,-0.006605228341758584,0.04392507873363172,0.01588750913075232,-0.5999999999999996,0.3177285175425,-0.020717855520218098,-0.020717855520217987,-0.5356067381473761,-3.2759789271386968,,,0.8166479609999993,Q3,Q2,FALSE,TRUE
31043,"Dakota County, NE",1.006966017132637,1.016371394119284,0.009405376986647118,0.02155699896451102,0.027084686021704885,-1.200000000000001,0.386527885096132,-0.026162225248006266,-0.026162225248006155,-1.7048752244689478,-6.43640023464536,,,-2.230057388999999,Q4: Highest,Q3,FALSE,FALSE
31045,"Dawes County, NE",1.1133474576271187,0.9989224137931034,-0.1144250438340153,0.031144067796610164,0.019636015325670497,-1.8000000000000007,0.3342443683650278,-0.06448099335584356,-0.06448099335584367,1.4705803837292142,-10.21907014883367,,,-2.4353837041999995,Q4: Highest,Q2,FALSE,FALSE
31047,"Dawson County, NE",1.0380039656311963,1.0414859002169197,0.003481934585723323,0.0044613350958361275,-0.012240471025720456,0.3000000000000007,0.3713658407122349,-0.024112829845313932,-0.02411282984531382,1.204812679224393,4.844046129512256,,,-0.7343376940000006,Q4: Highest,Q4: Highest,FALSE,FALSE
31049,"Deuel County, NE",1.0748331744518589,1.037117903930131,-0.03771527052172785,0.0543374642516683,0.0065502183406113135,0.09999999999999964,0.2733702176522783,-0.09485368314833498,-0.09485368314833509,-0.20598619036347188,48.97533768239688,,,-3.9394709218,Q4: Highest,Q4: Highest,FALSE,FALSE
31051,"Dixon County, NE",0.9143420254699818,1.0327597617471873,0.11841773627720553,0.10036385688295935,0.010589013898080757,-1.6000000000000014,0.4404100811618967,-0.05956949774737197,-0.05956949774737197,0.529010983277689,-3.4179632566359386,,,0.2094145679999997,Q2,Q3,TRUE,FALSE
31053,"Dodge County, NE",0.9495629820051414,1.0581516952884191,0.10858871328327768,0.08169665809768634,-0.01502642007926025,-3.0999999999999996,0.43792533081285434,-0.0022375637842115825,-0.0022375637842114715,-1.9415857415854665,1.3325524314109662,,,-1.8013876020000001,Q3,Q4: Highest,FALSE,FALSE
31055,"Douglas County, NE",1.0199065564589185,1.014717063463204,-0.005189492995714584,0.017245332521434453,0.021424368442278796,-1.8000000000000007,0.3204295164994797,0.14553387215459668,0.14553387215459668,2.310940745612322,1.1739083948450102,2.1139481135775497,6.000322974630095,-3.099688992000001,Q4: Highest,Q3,FALSE,FALSE
31057,"Dundy County, NE",1.2285291214215202,1.0029498525073746,-0.2255792689141456,-0.014807502467917066,9.83284169124854e-4,-2,0.39859666399950755,-0.15771144278606963,-0.15771144278606963,-3.4056261048670877,,,,1.7808768883000008,Q4: Highest,Q3,FALSE,FALSE
31059,"Fillmore County, NE",0.9936728395061728,1.045973154362416,0.0523003148562432,0.0503086419753086,0.005369127516778538,-3.1999999999999993,0.46834458967008397,-0.08738512949039268,-0.08738512949039268,-2.232306131696804,1.5481459660380041,,,1.9244986214999997,Q3,Q4: Highest,TRUE,FALSE
31061,"Franklin County, NE",0.8149889380530974,1.0423669467787116,0.2273780087256142,0.14435840707964598,0.0091036414565826,-0.1999999999999993,0.43465071936210786,-0.07109448082319925,-0.07109448082319925,4.548889032271209,18.591317896934292,,,1.6869282948000013,Q1: Lowest,Q4: Highest,TRUE,FALSE
31063,"Frontier County, NE",0.8919151376146789,0.9686226568867156,0.07670751927203667,0.11869266055045868,0.04074979625101871,-0.6999999999999993,0.44357785090560475,-0.0814685314685315,-0.0814685314685315,-0.6223261316810114,-4.971104266878915,,,-4.643519062699999,Q2,Q2,TRUE,TRUE
31065,"Furnas County, NE",1.060747663551402,0.9298831385642736,-0.1308645249871283,-0.006095083299471726,0.03422370617696158,-2.3000000000000007,0.42046727924697436,-0.05132886995333741,-0.0513288699533373,0.18775783646556854,-2.0295900677559757,,,1.7616832890000005,Q4: Highest,Q1: Lowest,FALSE,TRUE
31067,"Gage County, NE",0.8671385566674803,0.9900409276944064,0.12290237102692614,0.139777072654788,0.021282401091405223,-0.40000000000000036,0.3252087512245183,-0.058223525806592846,-0.058223525806592846,0.9592737828905018,-2.3671432712098963,,,-1.837989843999999,Q1: Lowest,Q2,TRUE,FALSE
31069,"Garden County, NE",1.078125,0.9190217391304348,-0.15910326086956517,0.07459677419354838,0.09673913043478266,-0.5999999999999996,0.2847421650643027,-0.10215053763440862,-0.10215053763440851,-2.4574086674343185,13.89596174220474,,,0.6644938836000005,Q4: Highest,Q1: Lowest,FALSE,TRUE
31071,"Garfield County, NE",1.1387814313346227,0.9395900755124056,-0.19919135582221714,-0.023210831721470093,0.029126213592232997,-2.0999999999999996,0.5987805987805987,-0.004046535154274111,-0.004046535154274111,-0.6378268470659809,8.078684454774859,,,1.6781120068999993,Q4: Highest,Q1: Lowest,FALSE,TRUE
31073,"Gosper County, NE",1.0829244357212957,1.063,-0.019924435721295763,0.07654563297350347,-0.0020000000000000018,0.09999999999999964,0.47633136094674566,-0.052831984769157514,-0.052831984769157736,3.237711824735512,-21.022054585158063,,,-0.18721287400000008,Q4: Highest,Q4: Highest,FALSE,FALSE
31075,"Grant County, NE",1.0691358024691358,0.9227129337539433,-0.1464228687151925,0.12098765432098768,0.03154574132492116,-1.3000000000000007,0.650139835455755,-0.05606060606060603,-0.05606060606060603,1.5437223009606094,,,,-0.26062351100000036,Q4: Highest,Q1: Lowest,FALSE,TRUE
31077,"Greeley County, NE",0.9927425515660808,1.0053648068669527,0.01262225530087191,0.04125286478227652,0.0010729613733905241,-1.8000000000000007,0.3839480638860162,-0.07171000788022064,-0.07171000788022064,3.0719437851924267,18.79245318359576,,,0.8927064920000003,Q3,Q3,FALSE,FALSE
31079,"Hall County, NE",1.0149123656434589,1.0434327331832958,0.02852036753983689,0.02959878635292601,0.024662415603900922,-1.3000000000000007,0.31325825207160185,0.10066018442108282,0.10066018442108282,0.3845902324784545,-7.290091296794111,,,-2.892634298999999,Q4: Highest,Q4: Highest,FALSE,FALSE
31081,"Hamilton County, NE",0.813213420961605,1.0490356996306935,0.23582227866908856,0.19975786924939465,0.008617152236356174,-1.5,0.37420199375692276,0.01303780964797907,0.01303780964797907,-0.7118584187377819,-1.8707942436755998,,,1.9391882205000002,Q1: Lowest,Q4: Highest,TRUE,FALSE
31083,"Harlan County, NE",0.943857698721512,0.9993932038834952,0.055535505161983134,-0.005558643690939391,0.03276699029126218,-2,0.4623732529460125,-0.03731130731985188,-0.03731130731985188,3.7827355210370506,-9.619808581314178,,,0.6013149860000002,Q3,Q3,FALSE,FALSE
31085,"Hayes County, NE",1.1301652892561984,0.9456762749445676,-0.18448901431163078,0.07438016528925617,0.01552106430155209,0.09999999999999964,0.3806349867587109,-0.05629477993858756,-0.05629477993858767,-0.5032005032005071,,,,9.430623062,Q4: Highest,Q1: Lowest,FALSE,FALSE
31087,"Hitchcock County, NE",0.8964681440443213,0.968677494199536,0.07220935015521468,0.09487534626038785,-0.031709203402938924,-3.1999999999999993,0.4740372004292357,-0.057659501876492714,-0.0576595018764926,1.61113579770778,29.890844479756584,,,-1.1647264728,Q2,Q2,TRUE,FALSE
31089,"Holt County, NE",0.9633984763166612,0.998644251626898,0.03524577531023676,0.06889698575687309,0.013919016630513426,-2.5,0.4583177169781014,-0.04496727065743289,-0.04496727065743278,0.9765925443992796,-8.631034604908333,,,1.2212010979999999,Q3,Q2,FALSE,FALSE
31091,"Hooker County, NE",0.8510204081632653,0.827536231884058,-0.02348417627920729,0.20612244897959187,0.020289855072463725,-1,0.3784534947716016,-0.06830601092896171,-0.06830601092896182,1.307731067118939,,,,3.3906427483000003,Q1: Lowest,Q1: Lowest,TRUE,FALSE
31093,"Howard County, NE",0.9059161873459326,1.0673343605546994,0.16141817320876684,0.12380169816488629,0.00986132511556237,-1.4000000000000004,0.3615060558188521,0.017685141323227516,0.017685141323227294,-1.1841638471028704,8.683418109752296,,,0.01899901999999898,Q2,Q4: Highest,TRUE,FALSE
31095,"Jefferson County, NE",0.9314992203163288,1.0085863232137382,0.07708710289740939,0.0975718422811317,0.002759889604415866,-1.3000000000000007,0.42155634614421,-0.09259497746297485,-0.09259497746297485,-0.18255828756934545,17.206988058785438,,,-1.1642667160000002,Q2,Q3,TRUE,FALSE
31097,"Johnson County, NE",0.6507481693728112,0.952116935483871,0.3013687661110598,0.3330149633874562,0.055947580645161255,0.09999999999999964,0.29091554293825417,-0.01781909742397836,-0.017819097423978136,4.4290722012112536,4.032683597734938,,,-1.9585662523000007,Q1: Lowest,Q1: Lowest,TRUE,TRUE
31099,"Kearney County, NE",0.9984276729559748,0.9826238053866204,-0.01580386756935437,0.0838574423480084,0.017376194613379692,-2.1000000000000005,0.3819783895034732,-0.019474637681159424,-0.01947463768115909,1.1721132249475685,8.383051064921734,,,0.3989215280000007,Q4: Highest,Q2,FALSE,TRUE
31101,"Keith County, NE",0.9646616541353384,1.007531865585168,0.0428702114498295,0.08012889366272824,0,-0.5,0.3925016230253191,-0.04618307016502432,-0.04618307016502432,-0.7406211301568544,-17.43145176866299,,,-2.7720062830000014,Q3,Q3,TRUE,FALSE
31103,"Keya Paha County, NE",1.3564593301435406,0.9834710743801652,-0.37298825576337535,0.13875598086124397,0.052341597796143224,2.3999999999999986,0.48395420093533303,-0.05950991831971997,-0.05950991831971997,-2.858701582105827,,,,1.6234469649999994,Q4: Highest,Q2,FALSE,FALSE
31105,"Kimball County, NE",1.0762241292276629,0.9890899414582224,-0.08713418776944049,0.0726905603230692,0.03991484832357639,-0.3000000000000007,0.388463989802422,-0.04646888947230243,-0.04646888947230243,-2.1714650040158654,18.30076112337693,,,-0.6820891143000001,Q4: Highest,Q2,FALSE,FALSE
31107,"Knox County, NE",0.9736001703214818,1.0115039961249697,0.037903825803487834,0.030870768575686602,0.0029062727052555637,-2.700000000000001,0.5562771817918237,-0.05980591288648163,-0.059805912886481516,-0.7514870449152167,-4.46340879672772,,,-0.7900183719999987,Q3,Q3,FALSE,FALSE
31109,"Lancaster County, NE",1.02508487604894,1.0205584499882243,-0.004526426060715627,0.011748126321183827,0.020960543170447266,-0.20000000000000107,0.24567242324005112,0.15607292436560738,0.15607292436560738,1.040878020578817,-1.4565236564305564,-0.23028311540979018,3.43249814314494,-2.9028331200000004,Q4: Highest,Q3,FALSE,FALSE
31111,"Lincoln County, NE",0.8637103903959797,1.0074515219517808,0.14374113155580104,0.13777860499744077,0.006329478105759789,-1.3999999999999986,0.3570028510334997,-0.030462914109577577,-0.030462914109577688,0.7258007588636151,-6.745388992616642,,,-3.130000727999999,Q1: Lowest,Q3,TRUE,FALSE
31113,"Logan County, NE",1.0638528138528138,0.9197860962566844,-0.14406671759612943,0.03679653679653683,0.0267379679144385,-1.6999999999999993,0.30399980357011325,-0.003994673768308976,-0.003994673768308865,2.087343170801248,,,,-5.4658671899,Q4: Highest,Q1: Lowest,FALSE,FALSE
31115,"Loup County, NE",1.0787172011661808,0.9357366771159876,-0.14298052405019313,0.06705539358600587,0.031347962382445194,0.09999999999999964,0.7464011109982047,0.023112480739599484,0.023112480739599484,0.06293832044595993,,,,1.9560057299999993,Q4: Highest,Q1: Lowest,FALSE,TRUE
31117,"McPherson County, NE",1.159016393442623,0.875,-0.28401639344262297,0.07540983606557372,0.06153846153846154,-0.20000000000000107,0.3797464997878659,-0.0935779816513761,-0.09357798165137621,-3.27938071780437,,,,-14.023163370399999,Q4: Highest,Q1: Lowest,FALSE,FALSE
31119,"Madison County, NE",0.9954329362747716,1.0076041496931183,0.012171213418346705,0.03012659580150634,0.02243224159469881,-1.4000000000000004,0.45527419838178007,0.023354131436235326,0.023354131436235326,-0.7521004300105244,33.35864370150218,,,-1.2981949960000012,Q4: Highest,Q3,FALSE,FALSE
31121,"Merrick County, NE",0.97006999758629,1.0496608527131783,0.07959085512688835,0.032826454260197924,0.02059108527131781,1.8000000000000007,0.2805015463546787,0.005967051498248832,0.005967051498248832,-1.7013388595107037,10.761250279028616,,,0.11204642000000042,Q3,Q4: Highest,FALSE,FALSE
31123,"Morrill County, NE",0.9416785206258892,1.0235826584087662,0.08190413778287697,0.09566145092460887,0.0076226774654597484,-3.1999999999999993,0.36600163979229294,-0.09371339320577898,-0.09371339320577887,-2.161922964520552,-13.27555933373048,,,-1.3414018139999992,Q2,Q3,TRUE,FALSE
31125,"Nance County, NE",1.0079641612742658,0.964184997179921,-0.04377916409434479,0.05276256844201099,0.03835307388606879,-1.799999999999999,0.4555665589492339,-0.06558682952734995,-0.06558682952735007,-4.494544897902375,9.43818074614146,,,1.296578997600001,Q4: Highest,Q1: Lowest,FALSE,TRUE
31127,"Nemaha County, NE",1.0892285298398836,0.999539453484802,-0.08968907635508161,0.050072780203784584,0.009824992324224735,-1.5,0.34903958658346323,-0.03434903047091409,-0.03434903047091409,-0.06580247646831294,6.084329403089207,,,2.655975017000001,Q4: Highest,Q3,FALSE,FALSE
31129,"Nuckolls County, NE",0.9936764064544266,1.0404294198264048,0.046753013371978236,0.04055822067160919,-0.02238465052535399,-0.5,0.4834792689996035,-0.10641964670400694,-0.10641964670400683,-4.255834427941762,2.769564045025982,,,0.38897875069999976,Q3,Q4: Highest,FALSE,FALSE
31131,"Otoe County, NE",0.9212884200975388,1.014939995101641,0.09365157500410215,0.0868776227741862,0.011633602743081117,-1.0999999999999996,0.47258874228086545,0.010794773057256402,0.010794773057256624,4.04778855865871,-7.97672057174845,,,-1.3568417540000013,Q2,Q3,TRUE,FALSE
31133,"Pawnee County, NE",1.0053627760252366,1.0289042277825713,0.023541451757334686,0.05741324921135649,0,0,0.1607279551571721,-0.0637764242207094,-0.0637764242207095,0.4465863565022099,-9.869210845697099,,,4.077047949500001,Q4: Highest,Q3,FALSE,FALSE
31135,"Perkins County, NE",1.074332524271845,1.0189524465885595,-0.055380077683285345,-0.00728155339805836,0.001378359751895264,-1.9000000000000004,0.5858767654043244,-0.04049120477928969,-0.0404912047792898,-2.21546166309754,-0.19608331612246843,,,-1.7511801570000003,Q4: Highest,Q3,FALSE,FALSE
31137,"Phelps County, NE",0.967438211063162,1.0214670981661274,0.054028887102965384,0.061788936837975705,0.009492988133764868,-0.09999999999999964,0.40420667581161407,-0.020386033398395176,-0.020386033398395287,1.8037531262474427,4.2789026078353505,,,0.29395791299999985,Q3,Q3,TRUE,FALSE
31139,"Pierce County, NE",1.028030303030303,1.0276250327310814,-4.052702992216606e-4,0.05757575757575761,-0.0013092432573971191,-1.8999999999999986,0.6181373372028878,-0.022696199070276202,-0.022696199070276313,4.326305656402046,5.04628190808989,,,1.9026327789999993,Q4: Highest,Q3,FALSE,FALSE
31141,"Platte County, NE",0.955730461198564,1.0451265605314397,0.08939609933287573,0.06572769953051638,0.005039514374069354,0.09999999999999964,0.29666563435532156,0.06565206316861949,0.06565206316861949,1.4379498076448394,-2.087814134235067,,,-1.4054178670000006,Q3,Q4: Highest,FALSE,FALSE
31143,"Polk County, NE",0.9735432016075016,1.002382697947214,0.02883949633971228,0.0488948425987944,0.004765395894428148,-0.8999999999999995,0.4672494867209749,-0.042959427207637235,-0.042959427207637346,-1.3737531354577004,15.036760952401446,,,-1.8422229750000003,Q3,Q3,TRUE,FALSE
31145,"Red Willow County, NE",1.0401528013582344,1.0108820160366552,-0.02927078532157923,0.007809847198641751,0.01145475372279492,0.6999999999999993,0.29004106776180705,-0.029765674477517434,-0.029765674477517545,1.6836079478268289,2.657560923525601,,,2.4578545409999997,Q4: Highest,Q3,FALSE,FALSE
31147,"Richardson County, NE",0.989447474507944,0.96078180889116,-0.028665665616783964,0.056912497035807474,0.01584057230454783,-1.0999999999999996,0.3910838967084118,-0.07252358490566035,-0.07252358490566035,-2.4362396719065424,8.69680276841512,,,4.1201154297,Q3,Q1: Lowest,TRUE,FALSE
31149,"Rock County, NE",0.932620320855615,0.9930939226519336,0.060473601796318666,0.11229946524064172,0.02071823204419887,-4.1,0.671110146634839,-0.12508059316569953,-0.12508059316569942,5.778102968526983,9.303432734342595,,,-0.9913373491000002,Q2,Q2,TRUE,TRUE
31151,"Saline County, NE",0.8661937377690803,0.981059547106514,0.11486580933743373,0.1501956947162426,0.02837573385518588,-0.20000000000000107,0.31311206046664486,0.011017129859975938,0.011017129859975938,-1.3505356281662078,-11.72892183878252,,,-2.714394445,Q1: Lowest,Q2,TRUE,TRUE
31153,"Sarpy County, NE",1.0861894900336526,1.0494809479740876,-0.036708542059564975,0.013461040641988054,0.017593449482959822,-0.2999999999999998,0.31736076266934266,0.26301159134764607,0.26301159134764585,1.2441729619135034,-8.936168493096702,1.444487261055329,4.941596666413048,-4.087645936000001,Q4: Highest,Q4: Highest,FALSE,FALSE
31155,"Saunders County, NE",1.0021008403361344,1.0563818747838118,0.0542810344476774,0.03706816059757234,0.010377032168799705,-0.6999999999999993,0.2657087406299521,0.05345896597178146,0.05345896597178168,1.008605434254528,8.107926542756902,,,-0.8958535580000007,Q4: Highest,Q4: Highest,FALSE,FALSE
31157,"Scotts Bluff County, NE",0.9643156790770844,0.9819057690048172,0.01759008992773281,0.04824331410592553,0.024556456350605105,-3.5,0.37057235568401814,-0.019813968848037877,-0.019813968848037766,0.9782089263578847,-6.205840528319841,,,-3.1133847130000003,Q3,Q2,TRUE,TRUE
31159,"Seward County, NE",0.959147620624931,0.9959289415247964,0.03678132089986541,0.07066357513525445,0.03013640689436392,-1.3999999999999995,0.37909918159446,0.048150394178289924,0.0481503941782897,0.574298219972541,4.495280147765809,,,-0.06342128300000027,Q3,Q2,FALSE,FALSE
31161,"Sheridan County, NE",0.8491189427312775,1.015569570358691,0.16645062762741358,0.14568911264946505,0.0027591643673630095,-0.8000000000000007,0.41461844927980396,-0.06187410586552222,-0.06187410586552211,-2.7583865609606795,-5.074102374886623,,,-2.494345246,Q1: Lowest,Q3,TRUE,FALSE
31163,"Sherman County, NE",0.8900316455696202,0.976065573770492,0.08603392820087175,0.12394514767932485,0.024918032786885203,-0.5999999999999996,0.352322548421111,-0.04578696343402222,-0.04578696343402222,-2.953151266700088,2.134211754534392,,,0.4112024999999999,Q2,Q2,FALSE,TRUE
31165,"Sioux County, NE",1.036935704514364,1.0309278350515465,-0.0060078694628173945,0.051983584131326976,0,1.9000000000000004,0.3452674666367612,-0.16951566951566954,-0.16951566951566943,5.788408234451392,,,,2.139565504,Q4: Highest,Q3,FALSE,FALSE
31167,"Stanton County, NE",1.0018450184501846,1.0077619663648123,0.005916947914627713,0.047118932727788776,0.0077619663648124115,-1.9000000000000004,0.3668105917081552,-0.052496798975672165,-0.052496798975672165,7.0232250239398555,20.96627677613593,,,-1.8555295090000001,Q4: Highest,Q3,FALSE,FALSE
31169,"Thayer County, NE",1.0112320112320112,0.9311978771796816,-0.08003413405232962,0.05616005616005615,0.05913570887035635,-1.5,0.401512721830233,-0.05746043707611148,-0.05746043707611137,-1.671098895971973,-3.420931615860928,,,-3.6112413055,Q4: Highest,Q1: Lowest,FALSE,TRUE
31171,"Thomas County, NE",1.066579634464752,0.9942528735632185,-0.07232676090153356,0.10182767624020883,0.04022988505747127,2.700000000000001,0.5085994364874384,0.08245877061469264,0.08245877061469264,-0.40291009873549277,,,,-10.022735576,Q4: Highest,Q2,FALSE,FALSE
31173,"Thurston County, NE",1.0189514700673044,1.0773704617553754,0.058418991688071076,0.02125398512221044,-0.004934790271413414,-0.7000000000000028,0.4665246865438839,0.0431768953068592,0.04317689530685942,-2.753440540404295,2.863219672891405,,,-3.8626017379999986,Q4: Highest,Q4: Highest,FALSE,FALSE
31175,"Valley County, NE",0.8211606790367153,0.97185655923740355,0.15069588020068825,0.19107777339123566,0.00907852927825692,-3.4000000000000004,0.3854927665964021,-0.03905708342962788,-0.03905708342962799,3.270510761647932,-1.8750903890723638,,,0.21831553300000017,Q1: Lowest,Q2,TRUE,FALSE
31177,"Washington County, NE",0.9788987502264084,1.018532110091743,0.03963335986533467,0.04265531606593009,0.019541284403669756,0.20000000000000018,0.2604891295237777,0.026035737266742576,0.026035737266742576,3.6751644530950784,-0.8560178685354698,,,-1.4536128880000003,Q3,Q3,FALSE,FALSE
31179,"Wayne County, NE",1.0258588498879762,0.992557978539287,-0.0333008713486892,0.06590739357729647,0.026306680512288017,-2.3999999999999986,0.3868709708457616,-0.012728802861350696,-0.01272880286135103,1.5475383259812958,15.258949259088924,,,-2.210577079,Q4: Highest,Q2,FALSE,TRUE
31181,"Webster County, NE",0.8621483375959079,1.0035675082327111,0.1414191706368032,0.169309462915601,0.01866081229418226,-1.299999999999999,0.35948824950582026,-0.09639803057786989,-0.09639803057787,-3.3527088456665908,-4.857935664939326,,,0.7959397070000005,Q1: Lowest,Q3,TRUE,FALSE
31183,"Wheeler County, NE",1.058455114822547,0.9572127139364304,-0.10124240088611658,0.06889352818371608,0.02689486552567233,-2.5999999999999996,0.46920083106546095,-0.06451612903225812,-0.06451612903225801,-0.6209689515524253,,,,3.7950241957,Q4: Highest,Q1: Lowest,FALSE,TRUE
31185,"York County, NE",0.8713019523296203,1.0161900756938604,0.14488812336424017,0.19104084321475623,0.014437902999719698,0.3000000000000007,0.23527465938927827,-0.028342094047449917,-0.028342094047449806,-0.16568502166700305,9.610149736389266,,,-0.7423990089999997,Q1: Lowest,Q3,TRUE,FALSE
32001,"Churchill County, NV",0.7433187839803966,0.997249238628549,0.25393045464815234,0.2540010720575848,0.027409372236958496,1.0999999999999996,0.15416922761729146,-0.0020832498697969104,-0.0020832498697969104,-1.05657121289362,8.063852643967778,,,-1.1501432660000006,Q1: Lowest,Q2,TRUE,FALSE
32003,"Clark County, NV",0.9417843739881416,1.0174095860223953,0.07562521203425365,0.09220822650763572,0.13880784584982064,2.6000000000000014,0.11027519656897788,0.21356374848285453,0.21356374848285453,4.754739284660856,-4.058252727126032,3.443385378520915,4.241789579714197,-4.758477011,Q2,Q3,FALSE,FALSE
32005,"Douglas County, NV",0.9235156214778414,0.9627026058923616,0.039186984414520176,0.10107749876020022,0.09787767529327485,0.39999999999999947,0.25110276634471895,0.03686977907814959,0.03686977907814959,0.9073220835750906,12.295624947491566,,,-2.7025896867999997,Q2,Q1: Lowest,FALSE,FALSE
32007,"Elko County, NV",1.0168430636167065,0.9477791331802524,-0.06906393043645409,0.06426159857365044,0.08025975889781856,2.3000000000000007,0.3262049967357208,0.11291989119203771,0.11291989119203794,-0.1131729813381166,-14.512893544220665,,,-2.153610907999999,Q4: Highest,Q1: Lowest,FALSE,TRUE
32009,"Esmeralda County, NV",0.9957983193277312,0.9840989399293286,-0.011699379398402598,0.26890756302521013,0.098939929328621945,-1.1999999999999993,0.21150903700870227,0.053075995174909574,0.053075995174909574,-3.100330289270381,,,,4.2829734253,Q4: Highest,Q2,FALSE,FALSE
32011,"Eureka County, NV",1.2076830732292918,0.902456647398844,-0.3052264258304478,-0.03361344537815136,0.10115606936416188,0.8000000000000007,0.32221339198255317,0.20558526440879388,0.20558526440879366,0.9639455985397407,-25.93616564567192,,,-10.7291470159,Q4: Highest,Q1: Lowest,FALSE,TRUE
32013,"Humboldt County, NV",1.0541844149336006,0.9388566006404934,-0.11532781429310723,0.031571034828363764,0.06404934171509902,-0.40000000000000036,0.28538021978021977,0.07491378209222121,0.07491378209222121,-2.2938082431809197,-7.721676253238989,,,-1.5992038340000008,Q4: Highest,Q1: Lowest,FALSE,TRUE
32015,"Lander County, NV",0.8865979381443299,0.97430004178855,0.08770210364422015,0.2284758985789913,0.06393648140409525,0.40000000000000036,0.3216900400221261,0.01709873138444573,0.01709873138444573,-3.8542248534542396,-21.74920504638509,,,-1.1553997949999992,Q2,Q2,FALSE,TRUE
32017,"Lincoln County, NV",1.0364554122265843,0.9741275571600482,-0.06232785506653615,0.11665731912507016,0.04632972322503004,1,0.32242969628796403,0.06668038691088696,0.06668038691088696,0.2414613151252576,-18.959667445422223,,,0.6074980821999993,Q4: Highest,Q2,FALSE,FALSE
32019,"Lyon County, NV",0.9092557296267026,1.0333270852858485,0.12407135565914584,0.1209613686021106,0.07216494845360821,0.1999999999999993,0.18857165722974734,0.11184146930884475,0.11184146930884475,0.039993339322436094,-5.151489404116489,,,-2.3366873199999993,Q2,Q3,FALSE,FALSE
32021,"Mineral County, NV",0.6312554872695347,0.6533722438391699,0.022116756569635188,0.3015803336259877,0.08884565499351493,-0.9999999999999982,0.17066060443968967,-0.07684426229508201,-0.07684426229508201,-7.352250527561218,4.643974818507668,,,5.240498830300001,Q1: Lowest,Q1: Lowest,TRUE,TRUE
32023,"Nye County, NV",0.82453434225844,1.0332800378989755,0.20874569564053547,0.1886495925494761,0.04204417599336763,3.6000000000000014,0.14503636535373565,0.05067865127938753,0.05067865127938753,-0.5791686620362335,-6.061320870707085,,,-2.0122660167,Q1: Lowest,Q3,FALSE,FALSE
32027,"Pershing County, NV",0.9592713876381498,0.9579354251932696,-0.001335962444880212,0.147359803520262,0.02364711232378358,2.0000000000000018,0.02327450637777395,0.0014892032762472418,0.0014892032762470198,0.9155349112891314,-2.8314792106669033,,,-0.576682505,Q3,Q1: Lowest,TRUE,FALSE
32029,"Storey County, NV",0.7140737600678253,0.9931804091754496,0.2791066491076243,0.3035184400169564,0.08307501549907004,1.7999999999999998,0.507856004660487,0.030750000000000055,0.030750000000000055,-6.199142280101903,0.687060392917779,,,-2.0313756945000003,Q1: Lowest,Q2,TRUE,FALSE
32031,"Washoe County, NV",0.9137458452852524,1.0100420826467642,0.09629623736151183,0.12608022583435774,0.07526412716875064,0.5,0.31562247817474876,0.15363668392362562,0.15363668392362584,1.3373003467889526,2.368434851129341,3.1049045322037045,4.241489217163991,-4.210522582000001,Q2,Q3,FALSE,FALSE
32033,"White Pine County, NV",0.9615466101694916,0.9735245449531164,0.011977934783624744,0.10021186440677965,0.038334252619966924,2.299999999999999,0.17968351199591637,-0.004778724288385661,-0.004778724288385661,-11.860253376161051,-0.28222537516911217,,,-1.7739959700000014,Q3,Q2,FALSE,TRUE
32510,"Carson City, NV",0.8589605734767025,0.9752977582670648,0.11633718479036226,0.1941935483870968,0.0679716454967435,-0.7000000000000011,0.1423237166889395,0.011358703516133772,0.011358703516133772,-2.145919147936934,16.738746574085244,,,-4.055786896999999,Q1: Lowest,Q2,FALSE,FALSE
33001,"Belknap County, NH",0.9687669831527124,0.9716203055572464,0.0028533224045340644,0.04114318595952815,0.07377198855682021,0.7999999999999998,0.2622225486056289,0.019863913889766938,0.019863913889766938,-0.5112848316135399,4.4679906274276355,,,-2.3802805645000005,Q3,Q2,FALSE,TRUE
33003,"Carroll County, NH",0.9697280553544132,0.9642703820786012,-0.005457673275812036,0.06340011263979406,0.10338367872614451,-0.5,0.31324957748773197,0.022601350645006235,0.022601350645006235,-0.8616869744533184,0.6876295172710698,,,-1.5262891449000007,Q3,Q1: Lowest,FALSE,TRUE
33005,"Cheshire County, NH",0.98848579670464,0.9817239566382094,-0.006761840066430547,0.043147704493228356,0.06103697769321281,1.5999999999999996,0.21266010766660481,-0.021351855424786126,-0.021351855424786237,-0.10025058878592452,7.56655154135576,7.559983642445388,5.3303239591253195,-1.3069355826999995,Q3,Q2,TRUE,TRUE
33007,"Coos County, NH",0.937036344367558,0.9667552285578036,0.029718884190245598,0.07119256904183036,0.08835751754206689,2.200000000000001,0.2031230878429644,-0.06482770880862787,-0.06482770880862798,0.36932951929443403,6.655369741706328,,,-2.0470437167999993,Q2,Q1: Lowest,TRUE,TRUE
33009,"Grafton County, NH",0.9889741844936843,0.9750967472021757,-0.013877437291508699,0.026304597456726087,0.06725237945821572,1.4999999999999991,0.20462039840330148,0.0241784786472814,0.024178478647281176,-1.1175094682649933,0.821726885786893,1.4481964604048159,7.149166977863267,-2.328973553700001,Q3,Q2,FALSE,FALSE
33011,"Hillsborough County, NH",0.981208121085976,0.9811461050827378,-6.201600323818557e-5,0.03591773018568223,0.060640813977424046,0.5,0.23022789696384827,0.04558685999252843,0.04558685999252843,0.029947906362373655,4.541568751867519,1.2627960363818715,3.6916855553451455,-2.5574689505000006,Q3,Q2,FALSE,TRUE
33013,"Merrimack County, NH",0.991930505902626,0.9743049142079424,-0.017625591694683584,0.02058846223090971,0.05893647013075387,-1.6999999999999993,0.2752998973703249,0.029702633583632565,0.029702633583632565,-0.9479809402194977,4.853016412284857,1.6742731425840418,3.329507472867668,-2.1799929315999993,Q3,Q2,FALSE,TRUE
33015,"Rockingham County, NH",0.9843199913340194,0.9908437195067862,0.006523728172766807,0.030728122912491607,0.06189013572252289,0.5,0.21800303781277486,0.05316320563556509,0.05316320563556509,-0.1995675429339122,5.150305885453138,2.9833902544758786,5.531241403169162,-1.5785973881000004,Q3,Q2,FALSE,FALSE
33017,"Strafford County, NH",0.9892997710300654,0.9888579573591016,-4.4181367096374213e-4,0.03301357357716883,0.06145857033874491,-1.5,0.2038328112896164,0.07309319423337568,0.0730931942333759,-1.022617517421831,1.307810622415411,5.15231886958199,7.286592103954135,-2.0663641908,Q3,Q2,FALSE,FALSE
33019,"Sullivan County, NH",1.0476201362534865,0.9745307046505046,-0.07308943160298187,0.029719720177403874,0.056079615130648075,1.1999999999999993,0.2745404928164379,-0.010594386351128193,-0.010594386351128082,-3.4787488714585644,1.168432324379873,,,-2.5232602088,Q4: Highest,Q2,FALSE,TRUE
34001,"Atlantic County, NJ",0.9375505532239604,0.9847543782397428,0.04720382501578235,0.07181991606257154,0.13216219765618364,-0.5999999999999996,0.15344129554655872,-0.03170365365052896,-0.03170365365052907,2.8920660716781397,3.883789886917421,3.412361653509251,6.222754461293441,-2.989453629,Q2,Q2,TRUE,TRUE
34003,"Bergen County, NJ",0.9865810001787748,1.042379160908536,0.05579816072976118,0.032380013865936474,0.08285788355273771,-0.20000000000000018,0.34857549679627287,0.04645735319375355,0.04645735319375355,6.01439474506612,1.223993852304766,1.7381568917367929,7.282132587170004,-0.5831057868000009,Q3,Q4: Highest,FALSE,FALSE
34005,"Burlington County, NJ",0.9594124669123372,1.0372541829219262,0.077841716009589,0.06560872649262128,0.05541294618202064,0.7000000000000002,0.21017199622347205,-0.004940119760479034,-0.004940119760479034,1.911393979038725,7.65804401830695,3.267976184620622,5.75058799935541,-1.8125060803000004,Q3,Q4: Highest,FALSE,FALSE
34007,"Camden County, NJ",0.9650796796955522,1.0303346237725213,0.06525494407696908,0.06886149211131376,0.05543040997691562,0.09999999999999964,0.24985907312823485,-0.013776760017603085,-0.013776760017603307,2.8268194577427797,3.5002726738451093,5.489184010842976,7.915554856711655,-2.3528395610000015,Q3,Q3,FALSE,FALSE
34009,"Cape May County, NJ",0.7989176925651802,0.9735679730771928,0.1746502805120126,0.21106854613753856,0.13433359040874993,0.9000000000000004,0.2961484539294337,-0.05780766947157223,-0.05780766947157212,1.385985184042962,6.342543018420756,7.710002972272562,5.2145497975830715,-1.5330329626,Q1: Lowest,Q2,TRUE,TRUE
34011,"Cumberland County, NJ",0.9460007428960564,1.0237410430763605,0.07774030018030409,0.04316535628056706,0.04271060200502086,-3.599999999999998,0.16559098145518703,-0.03211879162917752,-0.03211879162917752,-0.15109391878946055,-7.729913467954706,8.24973312949821,3.7677541086040964,-4.852320130999999,Q3,Q3,TRUE,FALSE
34013,"Essex County, NJ",1.0039892263256942,0.9991777552718922,-0.0048114710538019745,0.034674128347503386,0.07441565473743317,0.5,0.21011271779290674,0.025647115004441723,0.025647115004441723,6.4680031208909226,8.069416062318925,6.3009863493894045,3.1674033777197224,-2.462103169999999,Q4: Highest,Q2,FALSE,FALSE
34015,"Gloucester County, NJ",0.9287957129505738,1.0441502721500855,0.11535455919951165,0.07763889542584734,0.051458684485779616,-0.09999999999999964,0.2549522953835621,0.026576459241215655,0.026576459241215655,1.4699530457725123,-6.258036017176439,5.049038263019966,8.832365968188864,-1.5947379399,Q2,Q4: Highest,FALSE,FALSE
34017,"Hudson County, NJ",1.19085122217325,1.0237918301943754,-0.16705939197887454,0.022810528825658816,0.08300369759694903,-0.20000000000000107,0.5169278201650829,0.0957471599659081,0.09574715996590832,6.667002856048571,2.830176147422428,6.190094073995979,12.557468355252716,0.8275492319999991,Q4: Highest,Q3,FALSE,FALSE
34019,"Hunterdon County, NJ",0.9064880893265044,1.01052728500399,0.10403919567748554,0.10168409403685996,0.07608495488306422,0.2999999999999998,0.17170718060925783,-0.03264420384543587,-0.03264420384543576,1.1073815121172115,2.5206446829994924,1.2952783747433756,6.823290298237914,-1.7501398054000008,Q2,Q3,TRUE,FALSE
34021,"Mercer County, NJ",0.9391360172299535,1.0208118149027412,0.08167579767278765,0.07618870112657394,0.04440863296902964,2.5999999999999996,0.1494959429554954,0.011958533468470423,0.011958533468470423,1.6381408290348787,0.39613586865783734,1.4440799404596731,6.706371201663572,-1.8270022790000002,Q2,Q3,TRUE,FALSE
34023,"Middlesex County, NJ",0.9826491002507376,1.0189993209880923,0.03635022073735472,0.04697021196939921,0.06819929354370868,1.9000000000000004,0.23579640064474017,0.0415647798297516,0.0415647798297516,3.7945298607029416,1.064067537122872,0.6841267647260736,6.783788323976729,-2.8878105979999997,Q3,Q3,FALSE,FALSE
34025,"Monmouth County, NJ",0.9522273895675152,1.0117984135325175,0.059571023965002357,0.05701917400905132,0.06773140154643043,0.10000000000000053,0.31220498125951424,-0.012525453048301771,-0.012525453048301438,4.392500479074258,4.185648006986104,4.0474810330293,10.643046039749585,-1.9822478977000006,Q3,Q3,FALSE,FALSE
34027,"Morris County, NJ",0.945291576104358,1.0120256261276417,0.0667340500232837,0.07048604178987539,0.07533408764257976,1.2000000000000002,0.23025508693261143,0.0071464406016115145,0.0071464406016115145,3.3929008416866413,4.490503662773541,1.9605199404572744,8.151171649944864,-2.1472976617000015,Q3,Q3,FALSE,FALSE
34029,"Ocean County, NJ",0.9803021602516924,1.0534739642721398,0.07317180402044743,0.03854646037381815,0.05535917901938425,0.5999999999999996,0.34464733389043967,0.07398877875179544,0.07398877875179521,4.426815288128283,3.35210996385612,4.807692993007564,7.7036340660293305,0.4948390860000007,Q3,Q4: Highest,FALSE,FALSE
34031,"Passaic County, NJ",1.0117605796380813,1.0226201827572508,0.010859603119169448,0.02471985935252441,0.08358760429082246,-0.09999999999999964,0.40275241205010426,0.018138068437732136,0.018138068437732136,6.416005130301905,3.626582075615394,2.669498455830208,6.684155744389692,-2.486504588999999,Q4: Highest,Q3,FALSE,FALSE
34033,"Salem County, NJ",0.9544531718032352,1.016650639313317,0.062197467510081816,0.049956733009385634,0.03889304412864625,1.200000000000001,0.24836960504140104,-0.052820964411514626,-0.052820964411514626,1.8858898626148228,-2.6943023480950608,3.877638373473985,2.525818426054613,1.0925002417999998,Q3,Q3,TRUE,FALSE
34035,"Somerset County, NJ",0.9423470613127166,1.024446624869036,0.08209956355631942,0.07752438898864322,0.06745272821007464,2.1000000000000005,0.16457971733201093,0.03722787013445683,0.03722787013445639,3.2569879303844584,-1.4469335593143624,1.0132359410942797,6.0332194711379685,-3.1964858438000014,Q3,Q3,FALSE,FALSE
34037,"Sussex County, NJ",0.914174604346649,1.0090527403247596,0.09487813597811057,0.09141253784242787,0.07942835951365523,0.6000000000000005,0.274008105395551,-0.06714475431606903,-0.06714475431606914,0.6425611069031723,0.7770455675163931,1.077498340371875,7.055115505086945,-2.0294721313000004,Q2,Q3,TRUE,FALSE
34039,"Union County, NJ",1.0019878199786616,1.003537789547058,0.001549969568396481,0.02544253817938269,0.07757917117647262,1.0999999999999996,0.29821228506015873,0.05977788783907356,0.05977788783907356,5.190977506575228,6.368994210742548,0.8548076790773251,7.7146046273429185,-2.262145922,Q4: Highest,Q3,FALSE,FALSE
34041,"Warren County, NJ",0.9477465135068676,1.0186079928154468,0.07086147930857922,0.0667790775283662,0.058985181859003144,0.8999999999999995,0.26814318281323124,-0.035831066413870793,-0.035831066413870793,3.381092338974187,1.9873455780076346,3.2554979024075266,4.073923149631618,-2.5037474858000017,Q3,Q3,FALSE,FALSE
35001,"Bernalillo County, NM",1.0013341928880708,1.0221155344951212,0.020781341607050363,0.04613682206220027,0.05281977741060573,0.5999999999999996,0.24367067579241142,0.06282375919045724,0.06282375919045746,0.1251906314245932,-3.371396288159208,3.267961980916226,4.210659346495937,-5.290020343999998,Q4: Highest,Q3,FALSE,FALSE
35003,"Catron County, NM",0.7690459849004805,1.043613707165109,0.27456772226462856,0.2896362388469458,0.007268951194184803,-0.1999999999999993,0.2581616428160627,-0.030511269928532148,-0.030511269928532037,-1.3137795474249647,13.611248060006114,,,-5.0289433193,Q1: Lowest,Q4: Highest,TRUE,FALSE
35005,"Chaves County, NM",1.0349803830167423,1.010120698703051,-0.024859684313691233,0.02078234859961936,0.026426268835744837,-2.3999999999999986,0.2403679622952215,0.016166826552597158,0.01616682655259738,1.3425440082960232,-1.7021082693563567,,,-4.512303568999998,Q4: Highest,Q3,FALSE,FALSE
35006,"Cibola County, NM",0.7603099331018714,0.954250878734622,0.19394094563275055,0.28757727157252944,0.10500878734622143,1,0.2379377908400686,-0.021388216303470542,-0.021388216303470542,3.388585676505129,2.3453173304649804,,,-6.043089604999999,Q1: Lowest,Q1: Lowest,TRUE,TRUE
35007,"Colfax County, NM",0.9099290780141844,0.9786187512547682,0.06868967324058373,0.1030732860520095,0.0995783979120658,-0.10000000000000142,0.1925136672988954,-0.14296992751022752,-0.14296992751022752,-0.8167391147070824,-5.372782120528205,,,-2.1543987221,Q2,Q2,TRUE,TRUE
35009,"Curry County, NM",1.0079442918791683,1.03312576561862,0.025181473739451565,-0.0011278932914868811,0.009391588403430018,0.1999999999999993,0.2945265726527253,0.05078561002833348,0.05078561002833348,-2.0050038971060418,3.847670216365538,,,-3.394920729999999,Q4: Highest,Q3,FALSE,FALSE
35011,"De Baca County, NM",1.024516129032258,0.8626984126984127,-0.16181771633384523,-0.003870967741935516,0.16190476190476188,0.8000000000000007,0.1850209747280107,-0.12380952380952381,-0.1238095238095237,1.4065884804719375,,,,-1.1457301252999992,Q4: Highest,Q1: Lowest,FALSE,TRUE
35013,"Dona Ana County, NM",1.026164435225344,1.0410701078497389,0.014905672624394795,0.013836507637186468,0.03860292088443407,-0.09999999999999787,0.23679360308503705,0.10281370512451171,0.10281370512451171,-0.40058032743190974,-6.550282821504419,2.2247120609171844,2.2616283129235626,-5.345360537000001,Q4: Highest,Q4: Highest,FALSE,FALSE
35015,"Eddy County, NM",0.9879579375848032,0.9580343869174583,-0.029923550667344867,0.09298205939996984,0.12452330166117254,-4.900000000000002,0.5099006379093647,0.12589796429328048,0.12589796429328048,-3.33312863335809,0.3410728941377177,,,-1.0022240950000008,Q3,Q1: Lowest,FALSE,FALSE
35017,"Grant County, NM",1.0229529062367415,0.9642925338934504,-0.058660372343291134,0.12278319898175649,0.1055948061867481,0.40000000000000213,0.2758192724801276,-0.09527160617941755,-0.09527160617941755,-0.10740890349393017,-4.386404473824612,,,-3.6297728620999994,Q4: Highest,Q1: Lowest,FALSE,TRUE
35019,"Guadalupe County, NM",0.8555997725980671,0.978246539222149,0.12264676662408192,0.15577032404775437,0.11865524060646016,-2,0.35742136729919416,-0.09644883378861102,-0.09644883378861102,2.144098783192472,-2.2193444978180876,,,-0.9477138420000006,Q1: Lowest,Q2,TRUE,FALSE
35021,"Harding County, NM",0.7674418604651163,1,0.2325581395348837,0.29715762273901813,0.027439024390243927,1.8000000000000007,0.2673773703962008,-0.14617486338797814,-0.14617486338797814,4.3852322084864674,,,,-2.4144453061999998,Q1: Lowest,Q3,TRUE,FALSE
35023,"Hidalgo County, NM",0.7197452229299363,0.7546296296296297,0.03488440669969339,0.19187898089171973,0.19197530864197532,-1.1000000000000014,0.30028220046685017,-0.16123876123876124,-0.16123876123876102,-2.561896993197224,-21.308800775213353,,,-2.341687136000001,Q1: Lowest,Q1: Lowest,TRUE,TRUE
35025,"Lea County, NM",0.973103375675486,0.9971359165067178,0.024032540831231852,0.14825601796617305,0.16587691938579652,-3.5000000000000018,0.5383037937600703,0.16397523666022473,0.16397523666022473,2.6107866313980073,-1.3921719716655456,,,-5.264206510999998,Q3,Q2,FALSE,FALSE
35027,"Lincoln County, NM",0.7483611163139164,0.9961482024944974,0.24778708618058098,0.220827870387713,0.07728050868182934,-0.3000000000000007,0.16191693919201366,-0.04255943645435867,-0.04255943645435867,-1.1512384305419898,11.011144809459564,,,-1.9217405759999995,Q1: Lowest,Q2,TRUE,FALSE
35028,"Los Alamos County, NM",0.821521215490087,1.1836054487489132,0.3620842332588261,0.22744117102093753,-0.01420152642256789,0.3999999999999999,0.20675977764149644,0.05951534379957324,0.05951534379957324,-0.41656388802954886,18.18065621018705,,,-0.2683222016000002,Q1: Lowest,Q4: Highest,FALSE,FALSE
35029,"Luna County, NM",0.8432808826189184,0.9993714285714286,0.15609054595251015,0.16838487972508587,0.06285714285714283,-8.7,0.25749613601236465,-0.06392135186355019,-0.0639213518635503,-0.83542978858962,-9.896863680378964,,,-1.3544304240000002,Q1: Lowest,Q3,TRUE,FALSE
35031,"McKinley County, NM",0.8893535972353126,0.9489686979544776,0.05961510071916498,0.1335218347470939,0.07614126489302642,3.6000000000000014,0.08749813293502617,0.020126073843251158,0.020126073843251158,-5.439974331792066,-10.576346988779822,2.6638267944635032,-1.0252237919424214,-8.470081809,Q2,Q1: Lowest,TRUE,TRUE
35033,"Mora County, NM",1.1213670613562972,0.8057875894988067,-0.31557947185749047,0.03928955866523143,0.17183770883054894,-1.1999999999999993,0.3076297265749355,-0.08924254633360196,-0.08924254633360196,3.834573263930219,10.7436671662602,,,-2.640659102300001,Q4: Highest,Q1: Lowest,FALSE,TRUE
35035,"Otero County, NM",0.9466637313373094,1.0128968253968254,0.06623309405951594,0.0765320417884161,0.025879917184264967,-0.29999999999999716,0.18665749656121045,0.08042775269746749,0.08042775269746727,0.6488626380434154,3.8422898204200506,,,-0.18224016799999987,Q3,Q3,TRUE,FALSE
35037,"Quay County, NM",0.8296395193591455,0.9236953455571228,0.09405582619797737,0.17890520694259016,0.10916784203102958,-1.8000000000000007,0.32086133170433717,-0.08259226322810143,-0.0825922632281012,-0.5512722324045538,7.606797738289597,,,-1.5223752580000003,Q1: Lowest,Q1: Lowest,TRUE,TRUE
35039,"Rio Arriba County, NM",0.7610770801429301,1.0199524940617577,0.2588754139188276,0.22394078611536494,0.04105870376654219,1,0.19643048845947386,-0.03345087910996325,-0.03345087910996325,0.2958841108478383,6.733438032191843,,,-7.304327375,Q1: Lowest,Q3,TRUE,FALSE
35041,"Roosevelt County, NM",0.8502598527501083,1.0077967806841046,0.15753692793399632,0.14757470766565617,0.024396378269617713,-5.599999999999998,0.5047727501088521,-0.04437212665943491,-0.04437212665943491,-2.560795440291719,-9.3364326669766,,,-3.997513604,Q1: Lowest,Q3,TRUE,FALSE
35043,"Sandoval County, NM",1.0595204406965115,1.0699122408836437,0.01039180018713215,0.026807780104514456,0.0468603419579362,-0.3000000000000007,0.3000274197970936,0.21882708615376956,0.21882708615376933,-0.06194231382585791,-23.184434765571808,4.4632579782846165,4.878729153428775,-3.3435537561000004,Q4: Highest,Q4: Highest,FALSE,FALSE
35045,"San Juan County, NM",0.93786836935167,0.9654179572999604,0.027549587948290433,0.09377501273375533,0.09011911938964301,1.5,0.0683547230893744,-0.017368350125645082,-0.01736835012564497,-0.11380545176906676,-7.471834747147686,5.315502807928738,0.4790025400204918,-7.038879527999999,Q2,Q1: Lowest,TRUE,FALSE
35047,"San Miguel County, NM",0.8013934554563958,0.944772705613266,0.14337925015687014,0.2115234069203069,0.07728962165253028,-0.6999999999999993,0.18651353779032465,-0.06773984073276595,-0.06773984073276595,-1.4416005106590912,1.4152439471314224,,,-4.0127605803,Q1: Lowest,Q1: Lowest,TRUE,TRUE
35049,"Santa Fe County, NM",0.9204369618980864,0.9885173785329792,0.06808041663489273,0.08417864652903606,0.08259897963486107,-2.5999999999999996,0.19747679308540533,0.07237714856286992,0.07237714856286992,1.7426627893040503,3.9652595906663706,2.5073432110196165,1.7292753857961713,-3.9373897411000005,Q2,Q2,TRUE,FALSE
35051,"Sierra County, NM",0.6406884377758164,0.97082195182518,0.33013351404936364,0.37934686672550755,0.04147007698038241,3.700000000000003,0.4393038867747039,-0.08643752116491699,-0.08643752116491699,-5.215658471692036,-3.1713522666588583,,,-0.010640679900001615,Q1: Lowest,Q2,TRUE,TRUE
35053,"Socorro County, NM",0.6696583986074848,0.9545528854013404,0.28489448679385565,0.3271322889469104,0.06931502370443032,-4.399999999999999,0.3095781637717121,-0.07546540705751603,-0.07546540705751603,-2.6094037203948677,-3.30584439190339,,,-3.2450964669999998,Q1: Lowest,Q1: Lowest,TRUE,TRUE
35055,"Taos County, NM",0.8106321157495257,0.9855255091615012,0.17489339341197552,0.19758064516129037,0.08882228731012876,0.5999999999999979,0.28803615792151804,0.007326458365399358,0.007326458365399358,-1.2052548441943034,-1.3382409162809992,,,-4.158584491999999,Q1: Lowest,Q2,TRUE,FALSE
35057,"Torrance County, NM",0.7299653979238754,1.0198833510074232,0.28991795308354784,0.2977162629757786,0.08554259455638036,-1.0999999999999979,0.14066422367775622,-0.06630835195362039,-0.06630835195362028,-1.3687893490212322,-4.60749939206589,,,-0.5655455771,Q1: Lowest,Q3,TRUE,FALSE
35059,"Union County, NM",0.9216772151898734,0.8229229836264402,-0.09875423156343321,0.052742616033755296,0.16737416616130985,3.5,0.04283648467981771,-0.05296313579094725,-0.05296313579094736,-4.186072584663919,-1.3607617092588011,,,-0.6458442518999998,Q2,Q1: Lowest,TRUE,TRUE
35061,"Valencia County, NM",0.9442174573695762,1.054300800545052,0.11008334317547586,0.06598007766334624,0.0514052120592744,1.9000000000000021,0.4118419021151767,0.04050038668710898,0.0405003866871092,-0.7047536915223473,-6.7782300846061245,9.036416965054471,6.902468630094894,-4.001896610999999,Q3,Q4: Highest,FALSE,FALSE
36001,"Albany County, NY",0.9861933003128258,1.0008398799259115,0.014646579613085686,0.03650938477580812,0.044727597879542724,0,0.3137741098975979,0.0054235860171527595,0.0054235860171527595,1.8807736942486524,-1.9813337709494334,0.9659446375777634,6.597899997540438,-0.6569051481999999,Q3,Q3,FALSE,FALSE
36003,"Allegany County, NY",0.9850173905288504,0.9651368049426302,-0.01988058558622019,0.03598501739052884,0.04428638180779809,1.1999999999999993,0.301865416029931,-0.060881436052079296,-0.060881436052079296,-1.1455080909261839,-0.3709451084794546,,,-0.9173878916999989,Q3,Q1: Lowest,TRUE,TRUE
36005,"Bronx County, NY",1.0827316685434192,0.9527191287846408,-0.13001253975877836,0.029674769821818936,0.1331766194245465,-0.9000000000000021,0.218594810613852,0.047376917941355456,0.047376917941355456,3.5906159438663208,-6.087347638774244,5.612193663240731,3.2534810450158105,-2.835201166000001,Q4: Highest,Q1: Lowest,FALSE,TRUE
36007,"Broome County, NY",0.9010034673090008,0.9700565172152856,0.0690530499062848,0.07979131336480194,0.06226352629587595,3.3000000000000007,0.2023088089587317,-0.05171821562448664,-0.05171821562448664,1.1371254030225209,-3.5513019895599554,2.4093867907321993,1.4472645797191994,-0.9906035290000013,Q2,Q2,TRUE,TRUE
36009,"Cattaraugus County, NY",0.8506142753058815,0.9559839332988468,0.10536965799296527,0.12514132100595432,0.06980494781365065,-1.1000000000000014,0.2437668381092335,-0.060933181997631314,-0.0609331819976312,-0.8905530117841565,2.2032126130176075,2.666408202201694,2.682940854825855,-2.6628885429999993,Q1: Lowest,Q1: Lowest,TRUE,TRUE
36011,"Cayuga County, NY",0.8986635001642203,0.9715379061371842,0.07287440597296391,0.09105378843384448,0.05392057761732849,1.1000000000000014,0.28710785943908657,-0.05026727356162175,-0.05026727356162197,1.1715403412359326,0.7720550436920175,3.533183645432132,6.392147210640921,-0.8598464644000003,Q2,Q2,TRUE,TRUE
36013,"Chautauqua County, NY",0.8548558067030397,0.950008282869186,0.0951524761661463,0.13240841777084955,0.07287084245982811,1.200000000000001,0.2881621538303447,-0.06331515120201359,-0.06331515120201359,0.36753985646318654,-0.4135196069179985,4.5973646404983555,6.868842111114546,-1.5121976020000005,Q1: Lowest,Q1: Lowest,TRUE,TRUE
36015,"Chemung County, NY",0.92171128474446,0.9588640084353062,0.03715272369084621,0.06094530549506849,0.04678265212686261,-1.9000000000000004,0.42818713164265976,-0.05842001940564567,-0.05842001940564567,1.2386366840648755,-1.5008843192401757,4.904822537313564,2.2196519946558055,-2.3457000620000006,Q2,Q1: Lowest,TRUE,TRUE
36017,"Chenango County, NY",0.94687951704787,0.9694882831181252,0.022608766070255193,0.08600459144630557,0.05007173601147774,1.299999999999999,0.20451222059745144,-0.08270019237121817,-0.0827001923712184,-4.914667936218365,-3.8862687125029844,,,-1.2203184356000012,Q3,Q2,TRUE,TRUE
36019,"Clinton County, NY",0.9012412375480948,0.9592986850344396,0.05805744748634478,0.09737521741422017,0.061934308646894753,1.6000000000000014,0.29930491399410486,-0.025086002228790205,-0.025086002228790094,-0.593380535145252,-1.656307538113297,3.377828172041532,4.206581560385384,-0.5468105591000008,Q2,Q1: Lowest,TRUE,TRUE
36021,"Columbia County, NY",0.9446477878379246,0.9604348268493708,0.01578703901144618,0.06520901560392989,0.05996676050605432,0.09999999999999964,0.3448152741759687,-0.0625729150244364,-0.0625729150244364,2.603272802297718,7.49091019118638,,,-1.4080670087999998,Q3,Q1: Lowest,TRUE,TRUE
36023,"Cortland County, NY",0.9937866145925794,0.9434312953730428,-0.05035531921953662,0.019838451979407035,0.060045482375579495,2.5,0.35253863134657837,-0.04116959535708531,-0.04116959535708542,-1.9891257485822322,-3.158551068245814,,,-0.8409819995999985,Q3,Q1: Lowest,FALSE,TRUE
36025,"Delaware County, NY",0.8265976817515654,0.954190359781049,0.1275926780294836,0.13452058444730652,0.05032683211989164,-1.5999999999999996,0.21919640724284561,-0.08906088751289987,-0.08906088751289987,3.6597036431278984,-4.108554728707293,,,-2.3793600359999996,Q1: Lowest,Q1: Lowest,TRUE,TRUE
36027,"Dutchess County, NY",0.9545179301944052,0.9981795328947818,0.043661602700376556,0.0584623617301423,0.06565977416644464,-0.09999999999999964,0.28424985192947294,-0.003728171909020417,-0.003728171909020417,3.1246146774161767,3.472936321277685,3.1225440382929293,4.890733887370086,-1.969531849000001,Q3,Q2,FALSE,FALSE
36029,"Erie County, NY",0.9512948409361136,0.9892427643131952,0.03794792337708164,0.05509738354908433,0.0635443931613685,-0.3999999999999986,0.34326043120831384,-0.0034548702823664623,-0.0034548702823664623,2.405450648463778,2.772875398103831,5.060130180132987,4.6741416013242265,-0.3510658700000011,Q3,Q2,FALSE,TRUE
36031,"Essex County, NY",0.9297249985882884,0.985541457657126,0.05581645906883759,0.06945620870743685,0.0611979935084096,0,0.27726513957154775,-0.06319051126406416,-0.0631905112640645,2.577981107842242,-0.7277639421684394,,,-0.9567867275000008,Q2,Q2,TRUE,FALSE
36033,"Franklin County, NY",0.8680944382232176,0.9539322774440196,0.08583783922080201,0.07913400522583058,0.059038776624795175,2.5000000000000018,0.2485777698410674,-0.0339886447027925,-0.0339886447027925,-0.5455350243758456,-1.1509431234753253,,,-1.6371644867999997,Q1: Lowest,Q1: Lowest,TRUE,FALSE
36035,"Fulton County, NY",0.8924588524842332,0.973713692946058,0.08125484046182485,0.13467158898630982,0.04883817427385895,0.4999999999999982,0.24347350902903697,-0.03795346825496948,-0.03795346825496959,0.45592812770250124,-2.3024977100169357,,,-1.1367153461000008,Q2,Q2,TRUE,TRUE
36037,"Genesee County, NY",0.9095335968379448,0.9866117761018474,0.07707817926390259,0.09830830039525695,0.05991835605064688,-1.4000000000000004,0.29012969339574,-0.04421825463040219,-0.044218254630402076,-0.584745894108607,1.8893317809325034,,,-1.9003705547000003,Q2,Q2,TRUE,TRUE
36039,"Greene County, NY",0.8541521587743732,0.981091327926285,0.12693916915191172,0.15320334261838442,0.05480635408168166,0,0.21749766490237077,-0.04741910087409407,-0.04741910087409407,0.9286895009667839,-2.2751827981187343,,,-0.8030701442999995,Q1: Lowest,Q2,TRUE,TRUE
36041,"Hamilton County, NY",0.7470530451866405,0.9457142857142856,0.1986612405276451,0.2819253438113949,0.06549450549450553,-3.299999999999999,0.4257134730255048,-0.1112899979875226,-0.1112899979875226,-0.1745387357295125,-21.78880435511767,,,-0.2413191272000006,Q1: Lowest,Q1: Lowest,TRUE,TRUE
36043,"Herkimer County, NY",0.914152743830984,0.9597927348884236,0.045639991057439655,0.06950815281079448,0.0549577525817867,1.3999999999999986,0.44010120830321187,-0.04699811945355359,-0.0469981194535537,-0.13841111359590985,-6.079620480310034,,,-1.6506579431999988,Q2,Q1: Lowest,TRUE,TRUE
36045,"Jefferson County, NY",0.9539726565912466,0.9916729577013704,0.03770030111012379,0.044291080632480107,0.057008212659849455,-0.09999999999999964,0.2720720294923906,-0.04541148454271282,-0.04541148454271304,0.48182727490590216,-18.939038765010658,0.923292673346154,2.8952341385042217,2.4225142759999994,Q3,Q2,TRUE,TRUE
36047,"Kings County, NY",1.0382693318037874,0.9702177611567396,-0.06805157064704781,0.029445362921689533,0.12628878040268565,-4.199999999999999,0.6100377687391052,0.048571594757598646,0.04857159475759887,1.9634921460410348,-3.3923118827574843,6.535604657712966,11.228179038140581,-1.6308523929999978,Q4: Highest,Q2,FALSE,FALSE
36049,"Lewis County, NY",0.8953978285529087,1.010764823335359,0.11536699478245027,0.1029816885431859,0.043232919524264224,-2.6999999999999993,0.36097819029985323,-0.02916635900465181,-0.02916635900465192,1.1380760654928657,-5.458054246352439,,,-0.3746197680000005,Q2,Q3,TRUE,FALSE
36051,"Livingston County, NY",0.947791934093304,0.9719394868934746,0.02414755280017067,0.06003129290800524,0.06622978248745115,1,0.20712239870210514,-0.03889398105713415,-0.03889398105713404,-0.798672204989867,0.25120980234018164,,,-2.0739935633999993,Q3,Q2,TRUE,TRUE
36053,"Madison County, NY",0.9129324355700024,0.9684655396618984,0.055533104091896046,0.07836080798699796,0.0555266579973992,-1.1999999999999993,0.21186473961197083,-0.024316109422492405,-0.024316109422492405,0.9157420661650206,-5.526147011414811,6.727686952446689,0.7306835099970428,-1.6422682980999994,Q2,Q2,TRUE,TRUE
36055,"Monroe County, NY",0.966111914091328,0.9856784050926116,0.019566491001283604,0.03679691655596684,0.05569081200637127,-0.6000000000000014,0.241938061938062,0.0034102176668484585,0.0034102176668482365,1.4390616522068718,0.35262149737557813,2.5244406248329625,6.970784283329266,-1.6140161460000009,Q3,Q2,FALSE,TRUE
36057,"Montgomery County, NY",0.8878556263269639,0.9794626593806922,0.0916070330537283,0.10552016985138002,0.05323315118397087,4.9,0.24416632830972795,-0.011586810715289775,-0.011586810715289664,-3.169854793189067,-4.390653051109645,,,-0.25193440700000025,Q2,Q2,TRUE,TRUE
36059,"Nassau County, NY",0.9820568777744983,1.005639319158961,0.023582441384462638,0.04764162053061671,0.06705636374344781,0.8999999999999995,0.3178939122649955,0.026380282712881842,0.026380282712882064,5.671179918024805,5.331393742302312,2.520854804509497,7.041076410363793,-0.9694440669999995,Q3,Q3,FALSE,FALSE
36061,"New York County, NY",0.9512917078645076,0.9709844260035044,0.019692718138996868,0.08276863066295903,0.13136167960793732,-3.5999999999999996,0.45998681401481845,0.02991269772012428,0.02991269772012428,2.8392062938272677,-7.071671406836579,3.519856669232709,4.976767358189278,-2.301223970999999,Q3,Q2,FALSE,FALSE
36063,"Niagara County, NY",0.8994325613784148,0.9765391389833286,0.0771065776049138,0.0952882832864389,0.06890795887437018,0.5,0.27929829339143075,-0.030168079298951267,-0.030168079298951267,1.737326413103804,0.7552424442770718,4.154473828631325,9.087135945232784,-0.8972215243000008,Q2,Q2,TRUE,TRUE
36065,"Oneida County, NY",0.9278250464049148,0.9621867453185003,0.03436169891358554,0.06001074144217999,0.051130290193594385,0.09999999999999964,0.2820652420489089,-0.02480723960287945,-0.024807239602879227,1.491796683310767,1.4927676278781283,2.581224862287783,7.981249475832172,-0.48534866600000015,Q2,Q1: Lowest,TRUE,TRUE
36067,"Onondaga County, NY",0.9535167759506816,0.9864329850578588,0.032916209107177186,0.040835521242405415,0.04806201550387601,1,0.26205257442579954,-0.0016453964668416976,-0.0016453964668418086,2.4060254486915262,0.08554297749789352,3.6871876606435308,6.163999100233028,-1.5429127480000009,Q3,Q2,TRUE,FALSE
36069,"Ontario County, NY",0.9655086803001324,0.99322503439308,0.027716354092947593,0.04398999558628802,0.05408665171588489,-1.4000000000000004,0.233740551130168,0.043348920316301776,0.043348920316301776,0.6635370065170759,2.1036387508833156,2.300169080637758,11.356558642959367,-1.925098821699999,Q3,Q2,TRUE,FALSE
36071,"Orange County, NY",0.9705623111760578,1.015007894455901,0.04444558327984305,0.039484137339155345,0.05909323324324478,1.8000000000000007,0.28378524359943835,0.04471535889530598,0.04471535889530576,0.7852178840755591,2.2195518122571674,1.6573974492282701,4.090764074235516,-1.0745548549999988,Q3,Q3,FALSE,FALSE
36073,"Orleans County, NY",0.8961632479540865,0.9566168327796236,0.06045358482553709,0.09188011478371771,0.07331118493909194,-0.20000000000000107,0.23440005577633682,-0.06898620275944811,-0.06898620275944789,0.0631497097405731,4.5922367865839995,,,-1.5644688980999994,Q2,Q1: Lowest,TRUE,TRUE
36075,"Oswego County, NY",0.8953079075661311,0.9977623264122312,0.10245441884610007,0.08977630722117602,0.04824923650193036,1.799999999999999,0.28505818879029743,-0.04164041468583535,-0.04164041468583535,-1.2526185623756125,0.3473036055009433,2.2287988564692682,6.136138481864759,-1.2903868089999992,Q2,Q2,TRUE,FALSE
36077,"Otsego County, NY",0.9426885867433652,0.9366236162361624,-0.006064970507202783,0.05052948097790566,0.08487084870848705,0.5,0.23118481631119048,-0.05437581460406271,-0.05437581460406271,-0.09002444220993222,-3.7865707565023463,,,-1.1032744369000014,Q3,Q1: Lowest,TRUE,TRUE
36079,"Putnam County, NY",0.8959239731583216,1.0573558527617275,0.16143187960340588,0.11470393038861437,0.06414400581841695,-1.5,0.2479024367185838,-0.011402256319504533,-0.011402256319504422,1.47628481911945,-0.7926198115755967,-1.0532750755316869,1.3633829494375078,-2.3802332053999997,Q2,Q4: Highest,TRUE,FALSE
36081,"Queens County, NY",0.9949613045517298,0.9722884576792672,-0.022672846872462626,0.04169107301941266,0.12718171708594372,-1.1999999999999993,0.37834315503173155,0.03513765121011714,0.03513765121011736,2.908654649351555,-4.3484785290838595,2.6618362915762788,4.2990647918641685,-1.5451021600000008,Q4: Highest,Q2,FALSE,FALSE
36083,"Rensselaer County, NY",0.9674049414307542,0.9808671053130092,0.013462163882255074,0.04669391202812323,0.04673983051917707,0.9000000000000004,0.39040125885129817,0.002976434976586617,0.002976434976586617,0.13846029009048078,-5.0155168465588575,3.227803654194986,8.948050787638813,-1.8829266908999998,Q3,Q2,TRUE,TRUE
36085,"Richmond County, NY",0.8737381819439999,1.0200805200062977,0.1463423380622978,0.14466252043561378,0.12061357144463691,-1,0.3048927452398169,0.035899678445398875,0.035899678445398875,2.8814287979329336,0.7069557753048619,1.6561070700495861,8.37192779360123,-1.0208291260000006,Q1: Lowest,Q3,FALSE,FALSE
36087,"Rockland County, NY",0.963931408772856,1.0672237602105334,0.10329235143767745,0.06125570127356639,0.06378208414504938,3.6999999999999993,0.23829074671297445,0.0799587626132039,0.07995876261320412,3.2504134757638887,1.1582320368829437,1.1298830459342497,2.881595958453218,0.3766720320000019,Q3,Q4: Highest,FALSE,FALSE
36089,"St. Lawrence County, NY",0.907218697259074,0.9607462197462664,0.05352752248719239,0.06558567796791215,0.036866251579982245,2.9999999999999982,0.3255283719738695,-0.03446668936963415,-0.03446668936963426,-0.36265368354104766,-1.0174315051721772,2.2910232646770226,6.195202865287918,-2.2239714700000004,Q2,Q1: Lowest,TRUE,TRUE
36091,"Saratoga County, NY",0.9596107830817168,1.0102971965267291,0.050686413445012346,0.06744590384052607,0.03765212241527438,-0.9000000000000004,0.4227003370230167,0.06517669301847095,0.06517669301847095,1.1019327936497458,-0.6056798188405625,3.840100214511793,9.948263436364279,-1.9893161213,Q3,Q3,FALSE,FALSE
36093,"Schenectady County, NY",0.9837908478843944,1.0053068758652517,0.021516027980857277,0.025712956374185802,0.0349493743044057,1,0.22146590951825806,0.019858808077491297,0.019858808077491297,0.19797656702167654,-0.5113984953555717,4.060678636513046,4.871726033944018,-0.7287763819999995,Q3,Q3,FALSE,FALSE
36095,"Schoharie County, NY",0.9250498338870432,0.994379513139284,0.06932967925224076,0.06504983388704322,0.04786719273431106,-0.5999999999999996,0.3234884556643607,-0.05760929044810603,-0.05760929044810603,-0.8212807943216827,-4.34649222577632,,,-1.4916464546000006,Q2,Q2,TRUE,FALSE
36097,"Schuyler County, NY",0.835385101010101,0.961476125171425,0.126091024161324,0.1437289562289562,0.0658272035905747,4.299999999999999,0.17308081148480148,-0.04811033303041645,-0.04811033303041634,2.0650355853372995,-5.187542296321928,,,-1.3288892604000004,Q1: Lowest,Q1: Lowest,TRUE,TRUE
36099,"Seneca County, NY",0.8949242561409861,0.8736156351791531,-0.021308620961833058,0.10193735288792327,0.11680781758957659,1.5999999999999996,0.17550644567219154,-0.04096535002396462,-0.04096535002396484,0.8024232148343469,0.2862587106194544,,,-0.9254203956999998,Q2,Q1: Lowest,TRUE,TRUE
36101,"Steuben County, NY",0.9770430195373592,0.9485962164116158,-0.028446803125743325,0.02978455218132159,0.05342812387034579,0,0.28054625593101945,-0.03208816634700273,-0.032088166347002844,-1.3373642378007449,-0.831197086544488,3.4652174738829586,4.436116286155624,-1.269605747,Q3,Q1: Lowest,TRUE,TRUE
36103,"Suffolk County, NY",0.9676979450633818,1.0143854905193734,0.04668754545599163,0.05599243091958772,0.06557098103874692,1.5,0.26855992574824317,9.123846385878931e-4,9.123846385881151e-4,2.6281681891429933,4.785118311089038,1.9041283781646712,6.45630616128464,-2.2175509249999994,Q3,Q3,FALSE,FALSE
36105,"Sullivan County, NY",0.9481143299030396,1.0280168653678394,0.07990253546479986,0.05026470763190771,0.06888630415818553,1.9000000000000021,0.29186697398748773,-0.03281147824749009,-0.0328114782474902,-3.305621645829879,-2.026289873555615,2.5632268485148018,4.375640473306113,-2.6771076970000003,Q3,Q3,FALSE,FALSE
36107,"Tioga County, NY",0.8728388726612457,0.9537830446672744,0.08094417200602866,0.08001105234072792,0.06727438468550595,-0.9000000000000004,0.2328424900985071,-0.06519926306603319,-0.06519926306603319,0.5016715917576131,2.447558383169418,,,-3.1019244070000003,Q1: Lowest,Q1: Lowest,TRUE,TRUE
36109,"Tompkins County, NY",0.9907440270487364,0.9304088149491444,-0.06033521209959203,0.045747482861039024,0.08566585192777731,-2.3000000000000007,0.3334234660537643,0.022720448403563243,0.022720448403563243,1.6469669316756697,-6.949408705454796,4.992980791316583,6.021904846408091,-1.9678843703999993,Q3,Q1: Lowest,TRUE,TRUE
36111,"Ulster County, NY",0.946973281066955,0.988720214315928,0.04174693324897305,0.06506262953951514,0.06880669267283923,0.8000000000000007,0.15292593858497194,-0.028689735146429807,-0.028689735146429807,1.8302245145757123,-0.3412371157414349,2.4091168310333586,2.133449363557517,-2.608013291699999,Q3,Q2,TRUE,FALSE
36113,"Warren County, NY",0.8891341110378629,0.9883598053029332,0.09922569426507033,0.12336266445011324,0.0554310234405021,0.40000000000000036,0.3443020215547479,-0.027319744447824812,-0.0273197444478247,0.039056635235926174,-5.148383181800656,1.469966547988136,5.695490651104631,-0.8282768705999999,Q2,Q2,TRUE,TRUE
36115,"Washington County, NY",0.8817565426779038,0.9633346404762754,0.08157809779837155,0.13335656802483997,0.06260026380521189,0.3000000000000007,0.29185114547147095,-0.02933993085291975,-0.029339930852919638,-0.4121387493986717,-4.313123806828802,,,-1.9428512404999996,Q2,Q1: Lowest,TRUE,TRUE
36117,"Wayne County, NY",0.9103722715900268,0.9718400886344752,0.06146781704444848,0.08019152790958506,0.061744067953097614,0.09999999999999964,0.1954756716101287,-0.03871112584055847,-0.03871112584055836,-1.1032191689742565,2.1243665817712127,5.582203296443751,3.549562159119379,-1.8802032620000002,Q2,Q2,TRUE,TRUE
36119,"Westchester County, NY",0.9559108341933922,1.0446323973521745,0.08872156315878232,0.06234471159359356,0.06515385519653982,0.7000000000000002,0.319649272993761,0.036523986141197895,0.036523986141197895,4.249465508448125,2.597553818774765,2.736891623671582,6.5871309283147,-2.088433364,Q3,Q4: Highest,FALSE,FALSE
36121,"Wyoming County, NY",0.838459687123947,0.926836413998828,0.08837672687488096,0.16851985559566784,0.05790230650402173,0.3000000000000007,0.1868297655453619,-0.06247206868164179,-0.06247206868164168,0.7133973279345202,4.138226552372251,,,-2.2531004305,Q1: Lowest,Q1: Lowest,TRUE,TRUE
36123,"Yates County, NY",0.8951973789355921,0.9467816195720864,0.05158424063649425,0.10700015982100053,0.09271463392615331,-1.9000000000000004,0.48108689277685457,-0.012720932075770741,-0.012720932075770741,-0.4597378193701096,-6.498856012583138,,,-0.4390740530000006,Q2,Q1: Lowest,TRUE,TRUE
37001,"Alamance County, NC",1.0428238349614851,1.0430705128205129,2.466778590277663e-4,0.05337484874420806,0.06982051282051283,1.5999999999999996,0.3826391870616861,0.1713541378738459,0.1713541378738459,1.9291271111170265,1.3667265216692588,5.396513069385023,4.539511686650563,-2.105667575,Q4: Highest,Q4: Highest,FALSE,FALSE
37003,"Alexander County, NC",0.912313747540062,1.0085904068467777,0.0962766593067157,0.10553837503514196,0.07370505205339462,-0.10000000000000142,0.3024622603502618,0.02425633041055475,0.024256330410554527,2.5559024102680903,-0.7416124989854409,,,-2.007222026500001,Q2,Q3,TRUE,FALSE
37005,"Alleghany County, NC",0.8997894736842105,1.0176910864141528,0.11790161272994237,0.15368421052631576,0.08550691766840557,0.1999999999999993,0.25709429724726096,0.006870988156586266,0.006870988156586044,1.7633893079574525,-0.048739163542274255,,,-0.8256324876000001,Q2,Q3,TRUE,FALSE
37007,"Anson County, NC",0.9840927338418306,1.0180971468993163,0.034004413057485694,0.12163789642713774,0.07686866305116713,0.09999999999999787,0.20869230541492723,-0.08318331833183323,-0.08318331833183323,2.7876602339189924,5.110570985103092,,,-1.6142379879999993,Q3,Q3,FALSE,FALSE
37009,"Ashe County, NC",0.9407386770675794,1.0163682864450128,0.07562960937743335,0.10586643317678901,0.06794543904518324,-0.5999999999999996,0.177227386080254,0.026295932996302618,0.026295932996302618,-0.6352063272359931,-4.388878662803442,,,-3.9103018265999996,Q2,Q3,TRUE,FALSE
37011,"Avery County, NC",0.8319943289224953,1.0421641791044776,0.2101698501819823,0.18265595463137996,0.08104477611940297,-1.2000000000000028,0.2704613507818565,-0.021839656805393015,-0.021839656805393237,2.3450087622551963,3.2351095788405413,,,-2.4707934403999996,Q1: Lowest,Q4: Highest,TRUE,FALSE
37013,"Beaufort County, NC",0.9126044226044226,1.01823875185409,0.10563432924966742,0.09253071253071254,0.049057847607537175,1,0.3231395442251559,0.006252408890411454,0.006252408890411676,1.2075631123116715,3.3725089988818167,,,-3.6136158272000003,Q2,Q3,TRUE,FALSE
37015,"Bertie County, NC",0.8664330680603397,0.913622824894184,0.0471897568338443,0.09858653046680133,0.09233422166483773,-1.8000000000000007,0.328344607619782,-0.09461461270129501,-0.09461461270129501,2.5042159981681107,-1.2617758340209289,,,-3.7037583332999997,Q1: Lowest,Q1: Lowest,TRUE,TRUE
37017,"Bladen County, NC",0.8834745762711864,1.0056165099268548,0.12214193365566839,0.1509954264191552,0.05686172065482409,-2.1000000000000014,0.3052878675562145,-0.04558844975937004,-0.04558844975936993,1.6664336460652769,-0.5756164528207126,,,-3.448418823999999,Q2,Q3,TRUE,FALSE
37019,"Brunswick County, NC",0.8933197359014257,1.1870240810173551,0.29370434511592947,0.13806299676184874,0.03855668509141508,-3.6000000000000014,0.5208994772146762,0.44250969618616676,0.44250969618616676,1.9127546558760589,-3.4200376826481644,9.672391099169573,13.689922482368221,-4.152446515299999,Q2,Q4: Highest,FALSE,FALSE
37021,"Buncombe County, NC",0.980131444625366,1.0368243371391723,0.05669289251380627,0.040513292105729404,0.09599817926639609,-1.8000000000000007,0.27745651422647155,0.13184351247584125,0.13184351247584125,2.8812038955223525,-3.9547072349677306,4.226731457774832,9.106437710557671,-3.336323028899999,Q3,Q4: Highest,FALSE,FALSE
37023,"Burke County, NC",0.926187646954719,1.0133374850796617,0.0871498381249427,0.12396025585922688,0.07831231511754633,2.3999999999999986,0.28322615219721325,0.0037605661926207734,0.0037605661926209955,1.8038301856733163,3.522124830765624,9.469360047638602,4.546140208214661,-1.6492521143999994,Q2,Q3,TRUE,FALSE
37025,"Cabarrus County, NC",1.006029644729894,1.0858616866277524,0.07983204189785842,0.056182534906853654,0.04587231624957622,-3.1999999999999993,0.38792920831166833,0.3061605025434928,0.3061605025434928,4.192126101496962,-13.09646103152873,5.9634909726720196,11.884530125878491,-3.989087270999999,Q4: Highest,Q4: Highest,FALSE,FALSE
37027,"Caldwell County, NC",0.8799677549375252,1.0058269834155087,0.12585922847798348,0.12774418917103314,0.07656320035858355,-1.5999999999999996,0.23824595436214202,0.007231455606216519,0.007231455606216519,0.02665902066727177,0.44604333589578404,5.538241487888499,4.1889717300313,-3.0980338474,Q2,Q3,TRUE,FALSE
37029,"Camden County, NC",0.933459652251449,1.0932203389830508,0.15976068673160182,0.07222469906375395,0.06361163423310312,-0.7000000000000011,0.26359164261467805,0.1355276907001044,0.13552769070010462,7.193103118099642,-1.5865524828122801,,,-3.0096157793000007,Q2,Q4: Highest,FALSE,FALSE
37031,"Carteret County, NC",0.8931029138251705,1.029532967032967,0.13643005320779644,0.13149411035337877,0.06975341731439288,-0.29999999999999893,0.27609212986571485,0.08115720999719889,0.08115720999719866,1.8460235554883409,-1.8879094770505325,,,-2.9548818820999996,Q2,Q3,TRUE,FALSE
37033,"Caswell County, NC",0.8833366317039383,1.0067031317031316,0.12336649999919336,0.12923016030081136,0.07486057486057485,0.3999999999999986,0.35688372216190456,-0.05477962699673833,-0.05477962699673844,3.9180229521654732,3.802830786014067,,,0.5335598307999998,Q2,Q3,TRUE,FALSE
37035,"Catawba County, NC",0.9248205668869875,1.0379004966977785,0.11307992981079096,0.08842571942202937,0.0672998198788276,2.200000000000001,0.23086799027924254,0.04659293660789254,0.04659293660789254,-0.6189558161795033,-2.893655018111515,7.011715833059284,5.422172700914157,-3.0811098920000006,Q2,Q4: Highest,FALSE,FALSE
37037,"Chatham County, NC",0.8982113870938103,1.1173201650943396,0.2191087780005293,0.13500352209733235,0.03749999999999998,-2.6000000000000014,0.3215333684448123,0.24005062110766984,0.24005062110766984,11.734254323223931,0.06489213644428382,,,-3.1538793509000005,Q2,Q4: Highest,FALSE,FALSE
37039,"Cherokee County, NC",1.0128472222222222,1.0081817350763325,-0.004665487145889768,0.147718253968254,0.0778864612853094,0.3000000000000007,0.21416200562164622,0.04614259597806214,0.04614259597806214,-2.9440136209849643,-1.5124143460344808,,,-1.4796078137999995,Q4: Highest,Q3,FALSE,FALSE
37041,"Chowan County, NC",0.7868549460298684,1.088926473206338,0.30207152717646957,0.23924293952387998,0.051094890510948954,1.1999999999999993,0.28847573479152433,-0.06754497425265837,-0.06754497425265826,2.630617768990848,-2.0393719345694805,,,-2.293127159100001,Q1: Lowest,Q4: Highest,TRUE,FALSE
37043,"Clay County, NC",0.7877705400294179,1.0392628205128205,0.25149228048340255,0.22798907333473417,0.06478937728937728,-0.1999999999999993,0.2591464229402176,0.08449208188489754,0.08449208188489776,-1.2852134169144047,-1.9774352007195777,,,0.5172815119000003,Q1: Lowest,Q4: Highest,TRUE,FALSE
37045,"Cleveland County, NC",0.881188224267212,1.0259422244304066,0.14475400016319462,0.16545245398773,0.0639979179974921,-0.8000000000000007,0.2299056427254016,0.004337393872277495,0.004337393872277495,-0.6594599426527736,3.1564991248930427,7.852082598024111,3.5917417265228426,-1.207349066999999,Q2,Q3,TRUE,FALSE
37047,"Columbus County, NC",0.8923037300940035,1.0348073667470374,0.1425036366530339,0.12632527793278103,0.06043194993074441,1.6000000000000014,0.20786482522610616,-0.008148095204059791,-0.008148095204059791,1.7143893008289668,-1.12014560755909,,,-3.5712174020000003,Q2,Q4: Highest,TRUE,FALSE
37049,"Craven County, NC",0.9050531597180744,1.0009607848094866,0.09590762509141215,0.10223390275952693,0.061869484968774535,-0.09999999999999964,0.20677414249214277,0.044099156657296135,0.044099156657296135,0.9203101263366431,-1.8385563364419122,0.5771497978226137,2.471315208834568,-3.503722602999998,Q2,Q3,TRUE,FALSE
37051,"Cumberland County, NC",0.9350612585124954,1.0168717776820062,0.08181051916951076,0.07290470723306541,0.06740730099442926,0.8000000000000007,0.09174612843520835,0.08831142712563733,0.08831142712563733,2.7213168946316326,8.086860397551273,2.889545244894748,5.543330099927687,-3.010947223999999,Q2,Q3,FALSE,FALSE
37053,"Currituck County, NC",0.9236859025880084,1.1569690265486725,0.23328312396066408,0.10102877350908213,0.04107669616519172,-1.299999999999999,0.33664189968426816,0.1958563059958649,0.1958563059958649,-2.228016438874386,15.950798023032057,,,-0.9483786855000016,Q2,Q4: Highest,FALSE,FALSE
37055,"Dare County, NC",0.834021280498991,1.02668764144174,0.19266636094274903,0.20115575123830487,0.09830545896119669,-0.29999999999999893,0.21807606091056653,0.10339584389254952,0.10339584389254952,1.3807419711880486,11.14068539950632,,,-4.5050835689,Q1: Lowest,Q3,TRUE,FALSE
37057,"Davidson County, NC",0.9418184217471628,1.0233488115126084,0.08153038976544558,0.09177883346529425,0.06949395561752669,0.09999999999999964,0.2350044660238646,0.05330995563264329,0.05330995563264329,1.829530946692165,1.1085998172126432,9.334301480342063,3.026796760864455,-2.1119206229999996,Q2,Q3,FALSE,FALSE
37059,"Davie County, NC",0.9193677271138192,1.0398378601673035,0.12047013305348431,0.10542875692953102,0.060879892595270046,1.5999999999999996,0.2831812150697599,0.06423248882265287,0.06423248882265264,-1.9000315838236248,-4.042401744771578,,,-2.0238170565999987,Q2,Q4: Highest,FALSE,FALSE
37061,"Duplin County, NC",1.0191578229552911,1.0086542520756132,-0.010503570879677904,0.04074500277031923,0.06111918945541539,-1.6999999999999993,0.2822203196347033,0.056302823233231436,0.056302823233231214,0.670047973260135,-4.971661232437215,,,-4.878236519,Q4: Highest,Q3,FALSE,FALSE
37063,"Durham County, NC",1.0165802351910014,1.0774289866882347,0.060848751497233344,0.03183843400774233,0.05322881763063958,-1.9000000000000004,0.36871671713480203,0.27172898305352944,0.27172898305352944,3.150549234571445,-5.416725961049108,3.4124636503105705,6.756272342285648,-3.9588167510000005,Q4: Highest,Q4: Highest,FALSE,FALSE
37065,"Edgecombe County, NC",0.918150956705758,0.953726136253513,0.03557517954775502,0.08314963407106957,0.09356526795232101,-1.1000000000000014,0.18441075681012942,-0.07939403695158376,-0.07939403695158376,3.2161265739521965,2.2112044778168274,,,-3.278473878,Q2,Q1: Lowest,TRUE,TRUE
37067,"Forsyth County, NC",0.9556011612774052,1.0166771679466875,0.06107600666928226,0.07787389658035604,0.07147682055299176,1.0999999999999996,0.1394514722621938,0.1289193770338828,0.1289193770338828,1.7066264488894616,-4.299912674674114,2.5511087616653754,2.771463533732053,-3.438489239000001,Q3,Q3,FALSE,FALSE
37069,"Franklin County, NC",0.9847688877130656,1.1645577730082968,0.17978888529523118,0.05461279715786693,0.04404651311785246,-2.4000000000000004,0.2839558668844975,0.2188232413334732,0.21882324133347342,6.35944914604682,6.190618327978605,,,-2.257734955,Q3,Q4: Highest,FALSE,FALSE
37071,"Gaston County, NC",0.956747552604328,1.0528706930110232,0.09612314040669523,0.06506816410628691,0.06070848722501254,-3.200000000000001,0.3369431570982693,0.12053279568014297,0.12053279568014297,2.3232036829563487,-7.04236434793938,7.788971493086649,6.768683183667008,-2.7684338329999996,Q3,Q4: Highest,FALSE,FALSE
37073,"Gates County, NC",1.0294117647058822,0.97896728243935,-0.0504444822665322,0.05923777961888976,0.09793011350990433,-1,0.23401252134319872,-0.039860488290981544,-0.039860488290981544,-2.4825474825474867,-15.97642984030896,,,-2.3108101113000004,Q4: Highest,Q2,FALSE,TRUE
37075,"Graham County, NC",0.6403368996130208,0.9387005649717514,0.2983636653587306,0.3293876621898475,0.11073446327683611,-5.399999999999999,0.41184628185768446,-0.0165443318187114,-0.0165443318187114,1.7165898223166942,3.481561393520635,,,-5.319387325599999,Q1: Lowest,Q1: Lowest,TRUE,TRUE
37077,"Granville County, NC",1.0664277724843614,1.032247848280487,-0.03417992420387428,0.03343137661046436,0.0630053280673647,1.4000000000000004,0.2087349464639494,0.05382174489155456,0.05382174489155456,4.4092932340211,-6.445437778538989,,,-1.8329187847000004,Q4: Highest,Q3,FALSE,FALSE
37079,"Greene County, NC",0.9934090909090908,1.0391240157480317,0.04571492483894091,0.04159090909090912,0.047244094488189003,-1.5,0.24101509297606794,-0.005146850505241329,-0.005146850505241218,5.068595699661027,4.728965476013473,,,-3.420569477799999,Q3,Q4: Highest,FALSE,FALSE
37081,"Guilford County, NC",0.9689737370532564,1.0036236728273693,0.034649935774112905,0.05788201503721735,0.07821470703893041,0.5,0.2001720060202108,0.14666592666276745,0.14666592666276745,3.3336474610243307,-9.67253995644629,2.055729304836049,4.200682929792677,-2.2308172000000006,Q3,Q3,FALSE,FALSE
37083,"Halifax County, NC",0.8197396963123644,0.9635267562210966,0.1437870599087322,0.17644251626898044,0.08417749394406515,-2.099999999999998,0.32463401286085647,-0.10079833141542005,-0.10079833141541994,1.5402804593358965,-3.378266377794637,,,-2.543643565,Q1: Lowest,Q1: Lowest,TRUE,TRUE
37085,"Harnett County, NC",0.9546577390626017,1.0649452713706775,0.11028753230807586,0.05714099980497955,0.05584592659925014,-1.4000000000000004,0.4027844334031123,0.2855819230405596,0.28558192304055985,3.801924839699228,-13.439751941053235,9.922396441371532,10.33024309063567,-1.79235759,Q3,Q4: Highest,FALSE,FALSE
37087,"Haywood County, NC",0.9503064962248636,0.9913649715114838,0.04105847528662021,0.07352171637885918,0.08652723219025371,-2.8000000000000007,0.2944422150882826,0.06732778405782214,0.06732778405782192,-0.2951394125725426,-0.6687054776026589,,,-0.5956165540999994,Q3,Q2,FALSE,TRUE
37089,"Henderson County, NC",0.946334097063112,1.037440103206782,0.09110600614366993,0.07894188710685279,0.09460007371913015,-0.3000000000000007,0.31530551288615816,0.14810794954532125,0.14810794954532125,0.18772192803515053,-4.528464241392832,2.3649120071754197,3.8233811311257604,-3.654048229299999,Q3,Q4: Highest,FALSE,FALSE
37091,"Hertford County, NC",0.8987068965517241,0.9395521522218356,0.04084525567011155,0.10124053826745161,0.08284023668639051,-1.8999999999999986,0.3870830469082458,-0.023226072607260728,-0.023226072607260728,0.5895400092004899,-1.8789435960954717,,,-3.4875517358000003,Q2,Q1: Lowest,TRUE,TRUE
37093,"Hoke County, NC",0.9391373379200848,1.0493091948546929,0.11017185693460807,0.10992326012172537,0.06738658620507121,0.6999999999999993,0.16809804110778725,0.2997458584337349,0.29974585843373514,10.197791238596409,-10.966411939444054,,,-5.2607122629999985,Q2,Q4: Highest,FALSE,FALSE
37095,"Hyde County, NC",0.7580896686159844,0.9434075857916916,0.18531791717570723,0.28460038986354774,0.12642986152919933,-3.900000000000002,0.3286079694289501,-0.12449015782940243,-0.12449015782940231,1.6771774696909492,-13.114632559646832,,,-7.0057446374,Q1: Lowest,Q1: Lowest,TRUE,TRUE
37097,"Iredell County, NC",0.9345800456810632,1.0903276668036108,0.15574762112254759,0.10414503737541525,0.049044536480829626,-2.1000000000000014,0.3526336633663367,0.1965329331859107,0.19653293318591047,1.7206104279016587,-7.097183456323954,7.781387695496647,10.378774808067007,-2.9945338560000003,Q2,Q4: Highest,FALSE,FALSE
37099,"Jackson County, NC",0.7923351158645277,1.0295819432860718,0.23724682742154413,0.24514494793132569,0.06948498748957466,0.6999999999999993,0.22600436400975488,0.14409957296114984,0.14409957296114984,-2.046768052120085,-4.984466730821416,,,-2.8716731969,Q1: Lowest,Q3,TRUE,FALSE
37101,"Johnston County, NC",1.0139035928223958,1.1700522543896628,0.15614866156726692,0.03587461974511197,0.03994078489426578,0,0.31528269105980367,0.3445454253508462,0.3445454253508462,6.345071983379924,-1.100524094616624,8.53265510803547,6.525145844351574,-4.516756552999999,Q4: Highest,Q4: Highest,FALSE,FALSE
37103,"Jones County, NC",0.8917990553885788,1.0194931773879143,0.1276941219993355,0.11893516530699866,0.059036480089111665,1.5,0.22194349088988652,-0.06138515196811156,-0.06138515196811156,5.032160194908808,-15.715872458921645,,,-0.021823006600000028,Q2,Q3,TRUE,FALSE
37105,"Lee County, NC",0.9493189737092176,1.0550590895827254,0.10574011587350785,0.09989705416534689,0.0661292675809746,-0.10000000000000142,0.2060947363640493,0.14181421653790705,0.14181421653790705,3.2646547356542435,1.8699143624328602,,,-4.245851427,Q3,Q4: Highest,FALSE,FALSE
37107,"Lenoir County, NC",0.9653787227682076,1.0061476290787157,0.04076890631050811,0.10844138858787045,0.06276600318129055,0.9000000000000021,0.22046378051388582,-0.052867686890574195,-0.052867686890574306,-0.11977118438515899,12.127290349086877,,,-2.9791708900000007,Q3,Q3,TRUE,FALSE
37109,"Lincoln County, NC",0.9354050096742142,1.1114073018524888,0.17600229217827457,0.10173612926842024,0.05476389366615886,-1.5,0.43104568527918774,0.16148046237472857,0.16148046237472857,2.0113025963252484,2.544808303314177,15.489699842166445,6.071305122130045,-2.5985560814,Q2,Q4: Highest,FALSE,FALSE
37111,"McDowell County, NC",0.8904952622838722,0.9831113225499524,0.09261606026608016,0.13763797987691706,0.07928956549318111,-1.0999999999999996,0.2744613016710642,0.031818694328560104,0.031818694328560104,-0.5006618314561839,1.8784393376797421,,,-2.659873296299999,Q2,Q2,TRUE,TRUE
37113,"Macon County, NC",0.8586471754212092,1.0655977646197858,0.20695058919857667,0.14779484638255702,0.06346883108242962,-0.3999999999999986,0.17842228559788142,0.08123266192256673,0.08123266192256651,0.3347933182212104,-2.023076604464416,,,-3.0080690134,Q1: Lowest,Q4: Highest,FALSE,FALSE
37115,"Madison County, NC",0.8970679975046787,1.0465315587820123,0.14946356127733362,0.11873570388854227,0.09669288162936074,-1.5999999999999996,0.3282215913613329,0.06537708129285025,0.06537708129285025,2.8339929956860352,1.068787366025937,,,-0.6939052978000007,Q2,Q4: Highest,FALSE,FALSE
37117,"Martin County, NC",0.8032132001736865,0.9507330746011212,0.14751987442743475,0.21615284411636992,0.08009918068132815,0.8000000000000007,0.197235722964763,-0.07998852035586901,-0.0799885203558689,5.020511189448509,2.955511409449337,,,-2.194647016000001,Q1: Lowest,Q1: Lowest,TRUE,TRUE
37119,"Mecklenburg County, NC",1.0588246490495394,1.062710502208464,0.003885853158924535,0.0512614958808526,0.059914590165609294,-0.6999999999999993,0.23774815554050677,0.28785156644169363,0.28785156644169363,2.057446319857739,-14.353018004221639,1.0363644620295673,4.136841704900249,-3.7267537030000017,Q4: Highest,Q4: Highest,FALSE,FALSE
37121,"Mitchell County, NC",0.8231230812168574,1.0290955091714105,0.20597242795455306,0.18504046888082615,0.0812776723592663,-1,0.3155716217334916,-0.04966340657944879,-0.04966340657944879,-0.8068839957349916,-3.4261235390357068,,,-2.087137329699999,Q1: Lowest,Q3,TRUE,FALSE
37123,"Montgomery County, NC",0.893084226112708,0.986853468956914,0.09376924284420596,0.15199024475219924,0.07225794069667013,-0.7999999999999972,0.2879341864716636,-0.011531465987631884,-0.011531465987631773,1.6284935640126508,12.906505568372474,,,-4.9939157301999995,Q2,Q2,TRUE,TRUE
37125,"Moore County, NC",0.962098841096501,1.060438747843234,0.09833990674673299,0.08382549587697796,0.07079122504313529,1.1000000000000014,0.2701521592308609,0.18969278848988735,0.18969278848988735,1.022613204763606,-0.6040779462564423,2.498324107080464,11.065483768315431,-0.7052082169999991,Q3,Q4: Highest,FALSE,FALSE
37127,"Nash County, NC",0.9095638075078254,0.9965349293658678,0.08697112185804245,0.08708086562929263,0.06598172962756543,1.799999999999999,0.1239621974916092,0.006027759700425683,0.006027759700425683,2.546577775438588,-2.6880594016566235,3.0252178230041835,-1.7182290869024293,-2.851403126000001,Q2,Q2,TRUE,TRUE
37129,"New Hanover County, NC",0.9683640154197152,1.0707243181227424,0.1023603027030272,0.04947486429077175,0.06727795853612628,-0.6999999999999993,0.19012181432669517,0.2065154189328957,0.2065154189328955,2.3503065251373716,-1.8812080630197552,4.629558682768575,8.633280598893705,-3.8914762626999995,Q3,Q4: Highest,FALSE,FALSE
37131,"Northampton County, NC",0.8041792081500347,0.9216858684555927,0.11750666030555801,0.1520027784209308,0.07568907685576787,0.20000000000000284,0.16963655610444595,-0.12604853541470418,-0.12604853541470418,-0.6616419208054947,-4.515036024571651,,,-3.958455815799999,Q1: Lowest,Q1: Lowest,TRUE,TRUE
37133,"Onslow County, NC",0.984964271536324,1.0827783136588427,0.09781404212251865,0.04707555908429273,0.04772403656239954,-1.6999999999999993,0.2116318572214646,0.21243935904346545,0.21243935904346523,2.6989792364647074,2.4285350355362194,3.042383169867122,7.061798667635625,-3.3098470000000013,Q3,Q4: Highest,FALSE,FALSE
37135,"Orange County, NC",1.0094974365001248,1.0610774589762602,0.051580022476135357,0.034610920950184365,0.08332050977155403,-0.7999999999999989,0.35047612124736505,0.1673283907133254,0.1673283907133254,2.636115134280556,-3.4770472829157364,4.552161058809233,7.334680700664606,-3.2082000198999996,Q4: Highest,Q4: Highest,FALSE,FALSE
37137,"Pamlico County, NC",0.9051470588235294,1.050687091687317,0.14554003286378758,0.10845588235294112,0.07389051588195539,1.5999999999999996,0.2844705306921007,-0.022054868208714384,-0.022054868208714273,-1.844057208684502,6.496634447891112,,,-1.875734701299999,Q2,Q4: Highest,TRUE,FALSE
37139,"Pasquotank County, NC",0.9341491178144564,1.015945802023549,0.08179668420909258,0.0932270916334661,0.07058753919886396,-3.8999999999999986,0.30494015788133444,-0.005618117805687994,-0.005618117805687994,3.354024126542468,-12.242770534981751,,,-2.843933777,Q2,Q3,TRUE,FALSE
37141,"Pender County, NC",0.9659383585164836,1.1416522574447647,0.17571389892828115,0.06391655219780223,0.053909702209414045,-1.3000000000000007,0.3355074065885475,0.2822024765661535,0.2822024765661535,2.8352178936411176,-8.95911116701788,,,-1.6814594620000012,Q3,Q4: Highest,FALSE,FALSE
37143,"Perquimans County, NC",0.9413718975962478,1.0581739301912838,0.11680203259503597,0.07953879226109051,0.06231512522184979,-0.9000000000000004,0.2990692441444205,0.043562514533757035,0.043562514533757035,-1.1037198272263793,-11.314867955255595,,,-2.6840699378000004,Q2,Q4: Highest,FALSE,FALSE
37145,"Person County, NC",0.9064238884909922,1.0533938372914515,0.14696994880045933,0.0978458487135695,0.05010597250149451,-0.9000000000000004,0.2945657332700522,0.0215749172185431,0.021574917218542877,2.5569320031492344,-1.75708437587519,,,-1.7491062900000003,Q2,Q4: Highest,FALSE,FALSE
37147,"Pitt County, NC",1.0188097740750834,1.0395669717296947,0.02075719765461126,0.022540584731576274,0.06775454094166466,-3.3000000000000007,0.3709101263201491,0.14772128347271707,0.14772128347271707,1.0940644869643912,-10.984215103740151,1.8142286564335564,3.657129932423871,-3.8463013299999993,Q4: Highest,Q4: Highest,FALSE,FALSE
37149,"Polk County, NC",0.8454881266490765,1.061360448807854,0.2158723221587776,0.19324538258575197,0.06100981767180924,0.5999999999999996,0.23863530939790323,0.028741623231571145,0.028741623231571145,1.4154456550959704,4.534366721408755,,,-0.26175608159999975,Q1: Lowest,Q4: Highest,TRUE,FALSE
37151,"Randolph County, NC",0.8399478799066181,1.0081717065311686,0.1682238266245505,0.167775123513763,0.0712448878423596,-2.700000000000001,0.30289798570500315,0.03465485578481142,0.03465485578481142,1.324427161017974,3.3499806352674875,6.7227922384925165,1.9986246061269899,-2.322492069999999,Q1: Lowest,Q3,TRUE,FALSE
37153,"Richmond County, NC",0.8569031391986782,1.035586699642759,0.17868356044408074,0.2076104915324246,0.06655674635888975,5.199999999999999,0.26840721262208866,-0.03364949342530721,-0.03364949342530699,2.105192042177051,-1.2645312131971052,,,-2.7526916850000003,Q1: Lowest,Q4: Highest,TRUE,FALSE
37155,"Robeson County, NC",0.8275670263655579,0.9671786763044952,0.13961164993893727,0.1504060518411392,0.06959566297718545,2.8999999999999986,0.17286976714184354,0.0013184825186083327,0.0013184825186083327,1.963089842824159,-6.3908001697581085,9.030842454018156,3.105691539207191,-4.830100883,Q1: Lowest,Q1: Lowest,TRUE,TRUE
37157,"Rockingham County, NC",0.8746258767620919,0.998218895198761,0.12359301843666903,0.13230825470081564,0.07581311306143523,3.299999999999999,0.13378834394742856,-0.023120518655274536,-0.023120518655274536,2.7042896659666695,2.4028346353588823,8.264372520400173,2.80408366118011,-1.8124523530999994,Q1: Lowest,Q2,TRUE,FALSE
37159,"Rowan County, NC",0.8459275849197462,1.0420311729916214,0.19610358807187522,0.16864501679731247,0.06394775751601778,1.5999999999999996,0.12979965705107332,0.04764573164437502,0.04764573164437502,2.257545026184768,0.9204450810025344,6.839705369368659,1.274955761177278,-2.1937265619999984,Q1: Lowest,Q4: Highest,FALSE,FALSE
37161,"Rutherford County, NC",0.8063616071428571,0.9831306246940544,0.17676901755119734,0.2107979910714286,0.09771435026546671,2.1000000000000014,0.24572147651006704,0.01091923685996532,0.01091923685996532,1.2575482752135132,4.711282198744732,,,-3.281183800500001,Q1: Lowest,Q2,TRUE,TRUE
37163,"Sampson County, NC",0.8532273152478952,0.9531400771952396,0.09991276194734444,0.16304957904583728,0.08157767770987456,-3.8000000000000007,0.3326283462741917,0.015862102048321836,0.015862102048321836,1.963827326553294,0.12366488030425116,,,-2.159107558999999,Q1: Lowest,Q1: Lowest,TRUE,TRUE
37165,"Scotland County, NC",0.7692844036697247,0.982576726342711,0.21329232267298626,0.24176146788990827,0.09335038363171355,3,0.18688872066616202,-0.04329789279925278,-0.04329789279925278,4.1419623820668185,-1.6289124653457696,,,-2.7977268220000013,Q1: Lowest,Q2,TRUE,TRUE
37167,"Stanly County, NC",0.8865176151761518,1.0748181625591413,0.1883005473829895,0.13899051490514902,0.06853329567120969,-3.1000000000000014,0.4487017020747919,0.049407675984561195,0.049407675984561195,0.1745474308768924,3.903321059918871,,,-1.187845287,Q2,Q4: Highest,FALSE,FALSE
37169,"Stokes County, NC",0.8679160803377255,1.0073144714786408,0.13939839114091535,0.1384589143320114,0.07395743383958953,2,0.15009994947608907,-0.031606448735104875,-0.031606448735104875,-3.0294801427186213,6.256586998753974,,,-2.1712756486,Q1: Lowest,Q3,TRUE,FALSE
37171,"Surry County, NC",0.9017926154943814,0.9897337081846036,0.08794109269022221,0.10681372257565847,0.09125943709132256,-1.5,0.32699443413729123,-0.017034795349665233,-0.017034795349665233,0.7537057684775111,-2.122406109757362,11.395832674101385,5.785830444136845,-3.0843428189999997,Q2,Q2,TRUE,TRUE
37173,"Swain County, NC",0.819331983805668,1.0263738127544098,0.2070418289487418,0.22165991902834004,0.0822591587516961,-1.1999999999999993,0.28199777406789095,0.03270858962298284,0.03270858962298284,0.35360850368680585,-8.376882766280895,,,-4.005989521,Q1: Lowest,Q3,TRUE,FALSE
37175,"Transylvania County, NC",0.955108002152356,1.0280225068483009,0.07291450469594485,0.06564685986624641,0.07966239727548674,0.1999999999999993,0.31470977500472674,0.072486821995571,0.07248682199557077,-0.34822732880593343,-1.258254716451635,,,-2.479567157699999,Q3,Q3,FALSE,FALSE
37177,"Tyrrell County, NC",0.6364282330648982,0.9146810146041506,0.2782527815392525,0.3571766935101848,0.13451191391237505,0.29999999999999716,0.24409812790966412,-0.08768741481144937,-0.08768741481144937,-4.389987415311946,11.782153530358348,,,-5.9014316886,Q1: Lowest,Q1: Lowest,TRUE,TRUE
37179,"Union County, NC",1.0304793104198864,1.0887358009761154,0.05825649055622906,0.049487385995080624,0.05204509134885327,-0.6000000000000005,0.4211377285026068,0.29806474656622406,0.2980647465662243,5.263762718720738,-31.266339420665226,4.304629923617341,10.646757188205598,-5.009184819,Q4: Highest,Q4: Highest,FALSE,FALSE
37181,"Vance County, NC",0.8707561936633023,0.9970294280955024,0.12627323443220018,0.14184703405840127,0.08156579677956688,-3.8999999999999986,0.2065622669649516,-0.003156056943325325,-0.003156056943325214,2.0152995887703002,5.680772826654973,,,-4.81742521,Q1: Lowest,Q2,TRUE,TRUE
37183,"Wake County, NC",1.0365239380093014,1.1037405171984027,0.06721657918910129,0.031799836390836056,0.054913866163782354,-0.5,0.36740349398761873,0.3531542452778518,0.3531542452778518,1.5634516469668376,-17.783743130154996,2.049873769271329,6.508884203290222,-4.6774832459999995,Q4: Highest,Q4: Highest,FALSE,FALSE
37185,"Warren County, NC",0.9584394690977344,0.9717658428827832,0.013326373785048862,0.13071457299906153,0.07151732707441671,-2.8000000000000007,0.22334555786830546,-0.047915460335842486,-0.047915460335842486,6.9274457192749885,2.3131911705196915,,,-3.7051684515999987,Q3,Q2,FALSE,TRUE
37187,"Washington County, NC",0.7421295533212461,0.9569959879638916,0.21486643464264554,0.319762650403824,0.0875125376128385,-2.3000000000000007,0.22314276141451672,-0.12112932604735882,-0.12112932604735871,-0.05222428762962916,6.650575233349378,,,-4.390118757,Q1: Lowest,Q1: Lowest,TRUE,TRUE
37189,"Watauga County, NC",1.0341882109617373,1.0239839592812523,-0.010204251680485,0.10742502585315405,0.10314644867741185,2.799999999999997,0.36051015837044464,0.1519942581769711,0.1519942581769711,-0.5011136433635377,-1.1304293939144074,,,-1.6766414886999996,Q4: Highest,Q3,FALSE,FALSE
37191,"Wayne County, NC",0.979189004776294,0.9944636180615471,0.015274613285253147,0.02475874841602499,0.06181437199556272,1.3000000000000007,0.14213490176448507,0.035218846160313344,0.035218846160313344,2.38378544705177,-3.6637364176851657,6.315197479788367,1.7320385251496866,-2.6191310869999995,Q3,Q2,TRUE,FALSE
37193,"Wilkes County, NC",0.9150116627790736,0.9042852619357562,-0.01072640084331744,0.10703098967010993,0.10649825845266159,0.09999999999999964,0.1865740133735414,-0.008032943769393563,-0.008032943769393786,-0.12884783389313648,-2.0205349558284835,13.656939007066725,6.169541868233775,-2.2506341673999994,Q2,Q1: Lowest,TRUE,TRUE
37195,"Wilson County, NC",0.8729147238628121,1.0012771392081736,0.12836241534536152,0.14511449590715986,0.06400546496777448,3.6999999999999993,0.10166233766233757,0.042396207661136165,0.042396207661136165,2.6635390840614894,-5.4212033999151785,4.345534915519991,1.1710988916689793,-2.94836031,Q1: Lowest,Q3,TRUE,FALSE
37197,"Yadkin County, NC",0.8691502300248533,1.0035780308903333,0.13442780086548,0.14621119983078634,0.07382670403721148,-1.5999999999999996,0.23818438198969183,-0.007849334913736294,-0.007849334913736516,-1.1065198766512296,3.682314101820639,,,-2.7222896070000004,Q1: Lowest,Q3,TRUE,FALSE
37199,"Yancey County, NC",0.9209876543209876,1.0062595809913133,0.08527192667032568,0.09889538661468489,0.08444047010730715,-1.3000000000000007,0.327207417926656,0.0038333333333333552,0.0038333333333333552,-3.1857256104165232,-5.406497315844817,,,0.8799018103999998,Q2,Q3,FALSE,FALSE
38001,"Adams County, ND",0.845945945945946,0.9003777148253069,0.054431768879360964,0.16988416988416988,0.13031161473087816,0.5,0.5479224376731302,-0.06181202370872141,-0.0618120237087213,-0.37368814479589174,-27.871732638007927,,,1.075228418200001,Q1: Lowest,Q1: Lowest,TRUE,TRUE
38003,"Barnes County, ND",0.9172286448298008,0.9867100862524204,0.06948144142261958,0.11817597944765579,0.036965323006512896,-0.5999999999999996,0.540838347678168,-0.05806276566880708,-0.05806276566880708,-3.913761319404391,2.4418920141087095,,,-0.8053208509999994,Q2,Q2,TRUE,TRUE
38005,"Benson County, ND",0.835987864998104,1.0005120327700974,0.1645241677719934,0.11300720515737583,0.03942652329749108,-4.099999999999998,0.5221112221112221,0.022295376327996497,0.022295376327996497,-2.97589091125951,-2.2146487592517765,,,-0.8992107449999978,Q1: Lowest,Q3,FALSE,FALSE
38007,"Billings County, ND",0.8723809523809524,1.0651340996168583,0.19275314723590597,0.20380952380952377,0.04214559386973182,-1.700000000000001,0.5513063656038732,0.21784776902887137,0.21784776902887137,-1.234357413352405,,,,-2.1191316899999997,Q1: Lowest,Q4: Highest,FALSE,FALSE
38009,"Bottineau County, ND",0.8891383665450463,0.989109232769831,0.09997086622478468,0.12629806342969407,0.04551365409622887,-1.3000000000000007,0.6232871409770071,-0.02271313005600495,-0.02271313005600506,-1.6736169670304724,-2.586631988710648,,,-0.9589129848999995,Q2,Q2,FALSE,FALSE
38011,"Bowman County, ND",1.0540158371040724,0.9440914866581956,-0.10992435044587678,0.019796380090497778,0.10864040660736973,-0.3000000000000007,0.469579869692204,-0.008524590163934476,-0.008524590163934476,-4.371943644944054,-3.2166710035562485,,,1.5998193081000007,Q4: Highest,Q1: Lowest,FALSE,TRUE
38013,"Burke County, ND",1.2109744560075686,0.9636032757051866,-0.24737118030238203,-0.03784295175023655,0.08462238398544131,-2.5999999999999996,0.7699544049054032,0.09415416451112257,0.09415416451112257,-6.511435616519257,22.539958589093988,,,-0.5210579829999986,Q4: Highest,Q1: Lowest,FALSE,FALSE
38015,"Burleigh County, ND",0.9671602528745386,1.0272077426609374,0.060047489786398844,0.03954346811489673,0.015441146941889916,-0.8999999999999995,0.41140017650895966,0.23431389000038716,0.23431389000038738,2.2161822422183923,-11.866041555228742,2.777790638378434,6.308011591304567,-0.8792897020000012,Q3,Q3,FALSE,FALSE
38017,"Cass County, ND",0.9838084365675016,1.065992356352135,0.08218391978463335,0.020413238086626317,0.018365464266887566,-0.09999999999999964,0.4297494804120947,0.28734892015058455,0.28734892015058433,1.0266662471208914,-5.761293781561124,0.9083339187462656,5.307654848072502,-1.4006005150000007,Q3,Q4: Highest,FALSE,FALSE
38019,"Cavalier County, ND",1.011126893939394,0.9133923630326508,-0.09773453090674322,0.06912878787878785,0.09297177642501386,-1.3000000000000007,0.6222210865232278,-0.0724852071005917,-0.0724852071005917,2.147238926189765,16.946166743737596,,,6.3785256833999995,Q4: Highest,Q1: Lowest,FALSE,TRUE
38021,"Dickey County, ND",0.8799199466310874,1.0905877976190477,0.21066785098796026,0.13875917278185457,0.0904017857142857,-2.9000000000000004,0.4440732460877648,-0.09977827050997778,-0.09977827050997778,2.845503579827091,-10.260905340804417,,,-1.6746629449999997,Q2,Q4: Highest,FALSE,FALSE
38023,"Divide County, ND",1.7630180658873538,0.9520037278657968,-0.811014338021557,0.07438894792773643,0.09040074557315936,-1.0999999999999996,0.678153392813293,0.10926016658500726,0.10926016658500726,-3.986918955071822,17.942687278286297,,,1.7990401067999997,Q4: Highest,Q1: Lowest,FALSE,TRUE
38025,"Dunn County, ND",1.8743515850144092,0.9682772083943388,-0.9060743766200704,-0.011527377521613813,0.07808687164470474,-3.6999999999999993,1.0121970663265305,0.2901720618256052,0.2901720618256052,-11.92986316077485,20.015628320721515,,,4.090164423000001,Q4: Highest,Q2,FALSE,TRUE
38027,"Eddy County, ND",0.9390148553557468,0.9622331691297208,0.023218313773973986,0.09773260359655978,0.04269293924466333,-0.9000000000000004,0.5408662687073869,-0.08629644426687977,-0.08629644426687977,-2.846349395708181,-6.21257114986284,,,2.4604364179999987,Q2,Q1: Lowest,TRUE,TRUE
38029,"Emmons County, ND",0.8800112930547713,0.9823037323037324,0.10229243924896103,0.15527950310559002,0.02767052767052769,-0.3000000000000007,0.667232117613797,-0.10961538461538467,-0.10961538461538456,0.8833845858158718,3.6177105831533467,,,3.0947675895,Q2,Q2,TRUE,TRUE
38031,"Foster County, ND",0.9566951566951568,0.9459537572254336,-0.01074139946972319,0.10712250712250715,0.059537572254335314,0.20000000000000107,0.30898126519521374,-0.08285714285714285,-0.08285714285714296,1.9526314135223544,30.226969292389853,,,1.2159375499999996,Q3,Q1: Lowest,FALSE,TRUE
38033,"Golden Valley County, ND",1.1086206896551725,0.9816369359916056,-0.12698375366356685,0.006896551724137945,0.05351521511017843,-2,0.5990904607966687,0.05449101796407185,0.05449101796407185,3.710079799988147,,,,5.915955189300001,Q4: Highest,Q2,FALSE,TRUE
38035,"Grand Forks County, ND",0.9694612466680336,0.9832299887260428,0.013768742058009265,0.08137687102727087,0.05949574664343549,-2.3000000000000007,0.3180220941181875,0.04700526133297145,0.04700526133297145,1.150247936406823,2.4597872253292916,5.096503858218156,3.696866019009356,-0.3923439119999994,Q3,Q2,FALSE,FALSE
38037,"Grant County, ND",1.1180555555555556,1.0219831618334891,-0.09607239372206644,0.03839869281045749,0.012160898035547207,-2.4999999999999982,0.3549546632124352,-0.08232445520581111,-0.082324455205811,-0.6915987763030373,,,,2.2910475545000004,Q4: Highest,Q3,FALSE,FALSE
38039,"Griggs County, ND",0.9334353481254782,0.935655737704918,0.0022203895794397077,0.10788064269319053,0.05819672131147546,-1.0999999999999996,0.5525130458665202,-0.08189300411522638,-0.08189300411522638,0.8004527075746337,9.362647173295116,,,-2.2789135219,Q2,Q1: Lowest,FALSE,TRUE
38041,"Hettinger County, ND",1.230508474576271,0.9421094369547978,-0.28839903762147334,0.061864406779660985,0.05551149881046791,0,0.5414149398678787,-0.009904912836767088,-0.009904912836766977,-5.464083796266683,-6.04600001648837,,,8.2252108409,Q4: Highest,Q1: Lowest,FALSE,TRUE
38043,"Kidder County, ND",1.0093192868719612,1.0184672206832872,0.009147933811326059,0.03970826580226905,0.024007386888273308,-1.0999999999999996,0.5812513679997497,0.012244897959183598,0.012244897959183598,1.4632972785711518,15.485516787360105,,,0.3306592960000003,Q4: Highest,Q3,FALSE,FALSE
38045,"LaMoure County, ND",1.0385472370766489,0.9766311892642296,-0.06191604781241922,0.03698752228163993,0.04858861638130496,1.3999999999999986,0.2688486000769561,-0.06342592592592589,-0.063425925925926,-3.0894319765017055,-4.68398143571154,,,1.4234032130000003,Q4: Highest,Q2,FALSE,FALSE
38047,"Logan County, ND",0.9603174603174603,0.9459893048128344,-0.014328155504625961,0.06772486772486774,0.06203208556149731,-0.20000000000000107,0.5237306190081668,-0.08551655956500248,-0.08551655956500259,0.006214211789373758,-26.689289388251325,,,2.5277139758999994,Q3,Q1: Lowest,FALSE,TRUE
38049,"McHenry County, ND",1.1651325478645067,0.9452303228146536,-0.21990222504985313,0.03792341678939615,0.0783460282916213,-2.700000000000001,0.6548137464288686,0.06983240223463683,0.06983240223463683,-1.5302643733779042,11.347734974789834,,,0.29515234099999965,Q4: Highest,Q1: Lowest,FALSE,TRUE
38051,"McIntosh County, ND",0.9025482093663912,0.9424943988050783,0.03994618943868711,0.1707988980716253,0.08364451082897684,-0.40000000000000036,0.4684137075515584,-0.15812542144302089,-0.158125421443021,-1.5992005469012749,32.57908141151715,,,3.1123944244000006,Q2,Q1: Lowest,TRUE,TRUE
38053,"McKenzie County, ND",1.7004830917874396,0.9303491603237888,-0.7701339314636508,0.06698872785829313,0.21807418146671498,-6.4,1.1021943725352625,1.5849965588437716,1.584996558843772,-13.342614731949261,20.67859124414472,,,7.756677865999999,Q4: Highest,Q1: Lowest,FALSE,TRUE
38055,"McLean County, ND",0.9955508474576272,0.9897441552712836,-0.005806692186343665,0.03622881355932206,0.02359947066607848,-1,0.5184935053240585,0.07252298263534218,0.07252298263534218,-5.2458795171297705,-8.053245131896817,,,3.068184005300001,Q4: Highest,Q2,FALSE,FALSE
38057,"Mercer County, ND",0.8555249788314987,0.9198280222559434,0.0643030434244447,0.1905165114309907,0.1069802731411229,0,0.44086374716896315,-0.019638366662675155,-0.019638366662675266,1.7860675846786993,-5.1898622776072365,,,0.4124264009999994,Q1: Lowest,Q1: Lowest,FALSE,TRUE
38059,"Morton County, ND",1.0204309063893016,1.022809872525088,0.0023789661357864755,0.005268134540051372,0.01274749118524543,-1.1999999999999993,0.47089592564573657,0.19209426073736213,0.19209426073736213,-0.1129809065111842,-6.643901398136694,,,-0.2696529329999997,Q4: Highest,Q3,FALSE,FALSE
38061,"Mountrail County, ND",2.335268009559577,0.8508434764040145,-1.4844245331555623,-0.25025606008876755,0.15951313260730304,-6.4,0.9187904727495066,0.5083679015877556,0.5083679015877556,-13.429339804405288,-3.5050009091822254,,,0.18276565600000083,Q4: Highest,Q1: Lowest,FALSE,TRUE
38063,"Nelson County, ND",0.8860981308411215,1.038952316991269,0.15285418615014756,0.13668224299065423,0.025520483546004002,0.3999999999999986,0.5985524178611119,-0.10645561762880196,-0.10645561762880196,-6.508811248037416,-23.419875814697885,,,-0.9562568366999997,Q2,Q4: Highest,TRUE,FALSE
38065,"Oliver County, ND",0.7355040142729705,0.9659217877094972,0.2304177734365267,0.2578055307760928,0.04692737430167593,0.40000000000000036,0.4860502557622939,0.05040214477211791,0.05040214477211791,-0.35527607048654875,18.891292953263072,,,4.8564976339,Q1: Lowest,Q1: Lowest,FALSE,TRUE
38067,"Pembina County, ND",0.8623409669211196,0.960182562165565,0.09784159524444536,0.13893129770992363,0.05319483789738744,0.10000000000000142,0.40622801669558695,-0.10336189848384969,-0.10336189848384969,-0.4565442590616531,-3.531994451550755,,,0.5632795915000006,Q1: Lowest,Q1: Lowest,TRUE,TRUE
38069,"Pierce County, ND",0.9933897408778424,0.946531038080334,-0.04685870279750837,0.07879428873611849,0.06416275430359941,-1.200000000000001,0.8050060428725907,-0.08997252747252749,-0.08997252747252749,1.0431821749151637,-5.8767019144377635,,,0.97719395900000094,Q3,Q1: Lowest,FALSE,TRUE
38071,"Ramsey County, ND",1.012741576877031,0.9879629629629628,-0.024778613914068104,0.05951770138532586,0.023569023569023573,-1,0.4483729363488882,0.01757950530035335,0.017579505300353127,0.23451756698162352,-14.1885107935054,,,2.5934268990000007,Q4: Highest,Q2,FALSE,TRUE
38073,"Ransom County, ND",0.9006081946222791,0.9219663114472328,0.0213581168249537,0.14532650448143403,0.06978343073221038,0.3999999999999986,0.38630434328887775,-0.09503988900450921,-0.09503988900450921,1.2107030941859942,1.8332842091072727,,,-1.1034184002000007,Q2,Q1: Lowest,TRUE,TRUE
38075,"Renville County, ND",1.066465256797583,0.9839373970345964,-0.0825278597629866,0.07250755287009059,0.0749588138385503,-0.09999999999999964,0.9767403995999349,-0.03643892339544519,-0.03643892339544508,-1.8795316020148445,13.132183984746531,,,-0.9661244419000008,Q4: Highest,Q2,FALSE,FALSE
38077,"Richland County, ND",0.9616901408450704,1.0028885037550548,0.041198362909984354,0.07211267605633798,0.04136337377238586,2.3000000000000007,0.4278864726066307,-0.028933309322288214,-0.028933309322288325,0.9420405036907442,9.599275034754845,,,1.074481346999999,Q3,Q3,TRUE,FALSE
38079,"Rolette County, ND",0.9530727424749164,1.0241953142106417,0.07112257173572534,0.1091137123745819,0.046419969345303236,-3.900000000000002,0.4830239334708444,0.03633306528254998,0.03633306528254976,-2.8005130775968445,1.6056230926547541,,,-7.069310699000001,Q3,Q3,FALSE,FALSE
38081,"Sargent County, ND",0.8311948676824379,0.7857470210815766,-0.04544784660086132,0.26222935044105855,0.15902841429880843,0.5,0.34840409605365585,-0.03919152082819821,-0.0391915208281981,-4.310229846779151,17.198672128935375,,,3.333836831200001,Q1: Lowest,Q1: Lowest,TRUE,FALSE
38083,"Sheridan County, ND",1.0567846607669618,0.9456706281833616,-0.1111140325836002,0.09292035398230092,0.049235993208828543,-1.6000000000000014,1.0552619605921674,-0.06472261735419627,-0.0647226173541966,-1.1939595685575344,,,,3.017706101900001,Q4: Highest,Q1: Lowest,FALSE,TRUE
38085,"Sioux County, ND",0.9932859399684044,0.9738924050632912,-0.019393534905113197,0.025276461295418606,0.08939873417721522,-0.6000000000000014,0.301268573030558,0.03321934538348814,0.03321934538348792,-2.1014909920162057,2.638122328587878,,,-6.703469021,Q3,Q2,FALSE,TRUE
38087,"Slope County, ND",0.6688396349413298,0.863013698630137,0.19417406368880719,0.39374185136897,0.18904109589041096,1.3000000000000007,0.7181844859630246,0.05485232067510548,0.05485232067510548,6.639004149377592,,,,0.13345004399999993,Q1: Lowest,Q1: Lowest,TRUE,TRUE
38089,"Stark County, ND",1.2929406002938502,0.9810232502540196,-0.31191735003983057,-0.0028685370461065673,0.10142848604387067,-2.5,0.5987862440997977,0.35869002416292717,0.35869002416292695,-2.44534324880247,1.9361772732730351,,,3.683302478999998,Q4: Highest,Q2,FALSE,FALSE
38091,"Steele County, ND",0.8661248930710008,0.9135135135135136,0.0473886204425128,0.13601368691189053,0.09081081081081077,0,0.49378518600287014,-0.04785894206549124,-0.04785894206549113,-0.15363490987030937,6.017352364959418,,,2.5614533339999994,Q1: Lowest,Q1: Lowest,TRUE,TRUE
38093,"Stutsman County, ND",0.8684879288437103,1.0094497719020576,0.14096184305834736,0.14663278271918678,0.028675169909691878,-0.5999999999999996,0.4472206221198156,-0.008239126269400265,-0.008239126269400154,0.34563970099106833,3.0787519031194126,,,0.04202971499999997,Q1: Lowest,Q3,TRUE,FALSE
38095,"Towner County, ND",1.0904392764857882,0.9307201458523244,-0.15971913063346377,0.07579672695951767,0.07930720145852321,-0.9000000000000004,0.4021207393500277,-0.05646551724137927,-0.05646551724137927,3.975550438979764,25.37944424315937,,,3.1786145805000006,Q4: Highest,Q1: Lowest,FALSE,TRUE
38097,"Traill County, ND",1.0591333492937516,1.0012603982858583,-0.05787295100789325,0.04836006703375628,0.02445172674565166,-1.6999999999999993,0.44294144537256375,-0.03390238037989901,-0.0339023803798989,-2.4603254060877267,0.5230729569785212,,,-1.972281816999999,Q4: Highest,Q3,FALSE,FALSE
38099,"Walsh County, ND",0.9536173208942088,0.9651206994867896,0.01150337859258077,0.06495335328287277,0.055122600266109156,1.0999999999999996,0.40046877219565324,-0.06287978863936594,-0.06287978863936583,2.071444845363557,5.927175078771736,,,-0.6942724509999998,Q3,Q1: Lowest,FALSE,TRUE
38101,"Ward County, ND",1.0961447172114471,1.0028422956561684,-0.09330242155527868,-0.0022718025227179695,0.0406821509574804,-0.9000000000000004,0.5162038571144543,0.16028269036142517,0.16028269036142517,0.6435673796796326,-6.986015242252744,,,-1.7126296110000006,Q4: Highest,Q3,FALSE,FALSE
38103,"Wells County, ND",1.019644527595884,0.9413793103448276,-0.07826521725105651,0.07015902712815714,0.061576354679802936,0.09999999999999964,0.46051434069220165,-0.11188325225851281,-0.11188325225851292,-1.2751343913227742,-1.2511949156136728,,,3.1880622542,Q4: Highest,Q1: Lowest,FALSE,TRUE
38105,"Williams County, ND",1.882287147505423,0.9195762043863308,-0.9627109431190922,0.03206344902386116,0.20392265961886213,-3.799999999999999,0.729512050532513,0.8294154864457097,0.8294154864457093,-6.7912682888551625,9.616685169046594,,,5.994832069000001,Q4: Highest,Q1: Lowest,FALSE,TRUE
39001,"Adams County, OH",0.7880318091451293,1.038700621616202,0.25066881247107275,0.2582107355864811,0.03318628433928217,-0.5,0.19641173534468415,-0.029434438292802567,-0.029434438292802567,-1.1384387090557668,2.56330631078379,,,-1.288566716,Q1: Lowest,Q4: Highest,TRUE,FALSE
39003,"Allen County, OH",0.9265668096072156,0.9748307771399196,0.04826396753270401,0.08644883332326714,0.055607917059377954,-1.5999999999999996,0.3291742700729927,-0.04091194467610593,-0.04091194467610593,0.1795142589497506,1.8646473859801391,3.665250589700122,5.086094232117837,-1.673421265,Q2,Q2,TRUE,TRUE
39005,"Ashland County, OH",0.9026927784577724,0.9645879034785334,0.061895125020761,0.10335067319461444,0.051864619241617005,2.5999999999999996,0.12282875761136625,-0.0011205737337516286,-0.0011205737337517396,0.1244562083478562,-4.800063196637585,,,-1.730287842000001,Q2,Q1: Lowest,TRUE,TRUE
39007,"Ashtabula County, OH",0.8985990090551854,0.9717837180476624,0.07318470899247698,0.10338715188792069,0.10437568698987343,3.1999999999999993,0.18153938215274135,-0.048112690395082036,-0.04811269039508215,-0.5455036949227582,2.241243178354185,1.82674348772845,0.547303372870827,-1.7717522399999996,Q2,Q2,TRUE,TRUE
39009,"Athens County, OH",0.8787448972531654,0.9430805601018368,0.06433566284867143,0.13505846537051136,0.09576286597563188,-2.799999999999997,0.2999463583263797,0.019110168169479858,0.019110168169479635,1.3940215136723362,-3.6249728583234626,,,-1.9947741188000006,Q2,Q1: Lowest,TRUE,TRUE
39011,"Auglaize County, OH",0.8623874305422494,0.9730733322016636,0.11068590165941417,0.15382257137382638,0.06459005262264472,0.09999999999999964,0.2517930926950962,-0.006981751745437914,-0.006981751745437914,-1.0232478541857133,2.240403480856083,,,-1.462225006999999,Q1: Lowest,Q2,TRUE,TRUE
39013,"Belmont County, OH",0.9393640699523051,0.9101530190239868,-0.029211050928318327,0.07468998410174876,0.11486765922249798,-3.700000000000001,0.4020681945220794,-0.04861564674144536,-0.04861564674144547,1.0459103171452462,-3.377397008900969,4.096493470588115,2.0376869625244574,-1.4236890564000007,Q2,Q1: Lowest,TRUE,TRUE
39015,"Brown County, OH",0.9037770657345372,1.0055810557062383,0.10180398997170115,0.12447810467035636,0.05591487586063004,-1.5,0.3390999495898446,-0.02378062485951904,-0.02378062485951893,0.1449468879322624,-0.7708430135589195,,,-1.2323215360000006,Q2,Q3,TRUE,FALSE
39017,"Butler County, OH",0.9441774532337708,1.0150947296275543,0.07091727639378353,0.06216251883296131,0.052507900935057306,-0.20000000000000107,0.2864160494984531,0.060748853795211444,0.060748853795211444,0.5595135776078092,-4.4430964740882075,5.41711755522816,6.698933057834655,-3.073999390000001,Q3,Q3,FALSE,FALSE
39019,"Carroll County, OH",0.9586298258894776,0.980105424247577,0.021475598358099313,0.08107494322482967,0.05500765175990474,-0.1999999999999993,0.31421917871388727,-0.07391094900557427,-0.07391094900557438,4.019697162896446,5.947298206287601,,,-2.1076866741,Q3,Q2,TRUE,TRUE
39021,"Champaign County, OH",0.9442742340532396,0.9710077857026188,0.026733551649379184,0.11501757910597687,0.053683236238906695,-3.3,0.3100835725139288,-0.03095172826276571,-0.030951728262765377,0.9543567896197702,3.4669998619113644,,,-2.055320642,Q3,Q2,TRUE,FALSE
39023,"Clark County, OH",0.9042739742313236,0.992500376235306,0.08822640200398235,0.09811118871765911,0.05937829205892686,-0.9000000000000004,0.17105535973460495,-0.041093049367441625,-0.041093049367441625,0.420001229770145,5.758260795544795,6.374490193462535,-0.6472166606977083,-1.7716162840000003,Q2,Q2,TRUE,TRUE
39025,"Clermont County, OH",0.9488198696425044,1.0193632795464458,0.07054340990394137,0.07356310487853046,0.05473663807723994,-0.8000000000000007,0.2717952514018174,0.062167474504234654,0.062167474504234654,2.6903714201231557,-1.2272368580685948,4.599460388490556,5.811292739708492,-3.907296459000001,Q3,Q3,FALSE,FALSE
39027,"Clinton County, OH",0.7414050822122571,1.0239567621920562,0.28255167997979913,0.3466154174674354,0.04575163398692805,1.8000000000000007,0.11125123484036403,-0.014280345734686173,-0.014280345734686173,4.093243456638396,0.00852459589475485,,,-2.9846157150000003,Q1: Lowest,Q3,TRUE,FALSE
39029,"Columbiana County, OH",0.92244230959691,0.9497517792812582,0.02730946968434822,0.0921263741705457,0.06020999912134262,-1.9000000000000004,0.3313036887316827,-0.06660375802772256,-0.06660375802772267,0.5468370842249215,2.8231273749237706,6.729136433955858,2.4976996449250066,-1.6408336374,Q2,Q1: Lowest,TRUE,TRUE
39031,"Coshocton County, OH",0.8977977856186884,0.9632908873855948,0.06549310176690637,0.11303078233361719,0.06267409470752094,-0.3000000000000007,0.3035344126367716,-0.01570567986230642,-0.0157056798623062,5.215207423321566,8.626161554884643,,,0.08686373099999933,Q2,Q1: Lowest,TRUE,TRUE
39033,"Crawford County, OH",0.8777013983709214,0.972972972972973,0.0952715746020516,0.15716370827251758,0.041940346721223265,1.8999999999999986,0.23641996901704054,-0.07034995743155437,-0.07034995743155448,0.08852609568223979,5.282238568262854,,,-0.3867425279999992,Q2,Q2,TRUE,TRUE
39035,"Cuyahoga County, OH",0.9576527099381952,0.9566488149221332,-0.0010038950160620175,0.061702834277012286,0.1076637036340008,0.5,0.1825000000000001,-0.0510687339613074,-0.0510687339613074,2.6892996830414044,4.00519374138473,4.667676908014386,5.811050484284692,-1.4266523819999986,Q3,Q1: Lowest,TRUE,TRUE
39037,"Darke County, OH",0.9152554989020804,0.9977347194692772,0.08247922056719681,0.1071867207562619,0.04437522753933898,3,0.22055159377953437,-0.03553098347045058,-0.03553098347045058,0.5251025820995903,3.359045298275232,,,-0.634373299,Q2,Q2,TRUE,FALSE
39039,"Defiance County, OH",0.8988496427304515,0.9693624868282402,0.070512844097788685,0.12187705873410026,0.07276080084299263,-0.6999999999999993,0.28105482303955576,-0.02648058686706034,-0.02648058686706034,0.23528549431105217,3.099104829835984,,,-2.5985139549999996,Q2,Q2,TRUE,TRUE
39041,"Delaware County, OH",1.0175869166911715,1.086533976053491,0.06894705936231937,0.03719830803682511,0.03176708406889428,0.2999999999999998,0.35596305452040977,0.2928440752552597,0.2928440752552597,-0.4641313389294244,-4.477214972494661,0.5439758391158591,2.9649945849322066,-4.804810176,Q4: Highest,Q4: Highest,FALSE,FALSE
39043,"Erie County, OH",0.8747473502588119,0.982412899991645,0.10766554973283315,0.12731082080354938,0.08190603503495142,0.5,0.24853663045040975,-0.043801823144667074,-0.043801823144667074,1.4191150028286137,4.360113770785122,3.6052160227181247,5.167445465896435,-0.5536700559999996,Q1: Lowest,Q2,TRUE,TRUE
39045,"Fairfield County, OH",0.9535075558020242,1.042603723016094,0.08909616721406988,0.06590877582143351,0.0374424498135838,-0.8000000000000007,0.23152675553725532,0.1025714585592834,0.1025714585592834,0.8196683316659348,2.48963100541968,2.805427611923662,6.7682014588262085,-1.594611489,Q3,Q4: Highest,FALSE,FALSE
39047,"Fayette County, OH",0.822234588511717,0.968237290875293,0.14600270236357593,0.20781549496073703,0.053422775398044076,0,0.21506477424271297,-0.013248927632489305,-0.013248927632489305,2.1618466502344393,-2.0590717422383946,,,-1.8024678290000011,Q1: Lowest,Q2,TRUE,FALSE
39049,"Franklin County, OH",0.9785157298545124,1.008825142735809,0.030309412881296627,0.0438275084554679,0.04650415231444349,-2.6999999999999993,0.34470421832099185,0.16819231103627308,0.1681923110362733,2.060551088693205,-0.9462298492966039,2.9745058796312094,6.455930645842557,-2.459845298000001,Q3,Q3,FALSE,FALSE
39051,"Fulton County, OH",0.9265316250112784,0.961274322777566,0.03474269776628758,0.13448524767662184,0.0757344524990462,-1.1999999999999993,0.2775836047342919,-0.01574766355140189,-0.01574766355140189,0.206066841790431,2.690467760048737,,,-0.9383025709999995,Q2,Q1: Lowest,TRUE,TRUE
39053,"Gallia County, OH",0.8247690531177829,1.0015342652574155,0.1767652121396326,0.1848296766743649,0.03758949880668261,-6.600000000000001,0.33409153952843273,-0.03483229492849538,-0.03483229492849549,-0.9930659595531105,1.2142402201294433,,,-0.8448930519999998,Q1: Lowest,Q3,TRUE,FALSE
39055,"Geauga County, OH",0.9564946855172696,0.9792817106082624,0.02278702509099284,0.05139033396576698,0.10211750051899526,0.09999999999999964,0.1712986727286061,-9.920846578908016e-4,-9.920846578909126e-4,1.9401570158254777,-0.22379664966383608,0.558340167973995,3.817783244627954,0.030011367100000186,Q3,Q2,FALSE,FALSE
39057,"Greene County, OH",0.9801067252609276,0.9974482995010854,0.01734157424015781,0.056985534541839966,0.05251932817915228,0.7000000000000011,0.2591488746793831,0.06212945207632581,0.06212945207632581,1.6410667463645168,2.85164525952991,4.019449825311213,5.582513337639263,-1.2205360850000009,Q3,Q2,FALSE,FALSE
39059,"Guernsey County, OH",0.9293385338747596,0.9617123999266638,0.03237386605190418,0.12283607608463343,0.06313023284238828,0,0.35630214331863264,-0.0408576151587674,-0.0408576151587674,-1.0924830301412614,1.2609496395161308,,,-2.102745723,Q2,Q1: Lowest,TRUE,TRUE
39061,"Hamilton County, OH",0.901898544792108,1.002116264483223,0.10021771969111515,0.1139988653256444,0.057964496350932815,1.5999999999999996,0.2439558170744296,0.019528195406671056,0.019528195406671278,1.925897552315445,4.713444038018479,4.96675204862494,8.151020677639764,-0.8889527560000001,Q2,Q3,TRUE,FALSE
39063,"Hancock County, OH",0.9272536110346208,0.954768667215247,0.02751505618062622,0.1072170626079555,0.05491996920871711,0.40000000000000036,0.2615910690938348,0.014335046578862753,0.014335046578862753,-0.8673263864379888,-4.151732473634851,0.9296917920801917,4.416261729278691,-1.2127238439999992,Q2,Q1: Lowest,TRUE,TRUE
39065,"Hardin County, OH",0.9079339828991848,0.9176897121114224,0.009755729212237552,0.1261350831841983,0.07380285734797909,-1.0999999999999996,0.23128580368747897,-0.02387028507406941,-0.02387028507406952,-0.6260970047666348,2.813041509051744,,,-0.3622746649999993,Q2,Q1: Lowest,TRUE,TRUE
39067,"Harrison County, OH",0.971090857305611,0.9488714090287278,-0.022219448276883158,0.10922814013101678,0.0829343365253078,-2.5,0.3821364576154376,-0.054147537890698705,-0.054147537890698705,0.7017275666426681,2.0378836738489614,,,-1.9080253931000009,Q3,Q1: Lowest,TRUE,TRUE
39069,"Henry County, OH",0.8441981318247599,0.9696766502756669,0.12547851845090696,0.16359689514537556,0.05796453583668604,-0.5999999999999996,0.2403161895519974,-0.05807261692999899,-0.05807261692999888,-0.12417441224036874,19.975118438524788,,,-2.4519448100000005,Q1: Lowest,Q2,TRUE,TRUE
39071,"Highland County, OH",0.7768272954556595,1.0232244942832014,0.24639719882754185,0.23432521202019707,0.026605101143359677,1.5,0.16199822467698977,-0.015600410537119358,-0.015600410537119358,2.5690065374981694,4.261227740229968,,,-2.5363733580000005,Q1: Lowest,Q3,TRUE,FALSE
39073,"Hocking County, OH",0.9213139231056364,0.98058017727639,0.059266254170753596,0.09496080627099668,0.0547945205479452,-1,0.30079808256202356,-0.03922768373104901,-0.03922768373104901,3.578509232363997,-7.191910073060549,,,-2.792744108999999,Q2,Q2,TRUE,TRUE
39075,"Holmes County, OH",0.9719378379797344,1.0441258422412485,0.07218800426151406,0.07575996219877146,0.016211560869344943,-1.5,0.43578686606876627,0.05102089609333915,0.05102089609333893,6.6142938229764665,4.456746301143518,,,-1.9640634269999993,Q3,Q4: Highest,FALSE,FALSE
39077,"Huron County, OH",0.9348734991423672,1.0031076338110558,0.06823413466868866,0.13725700400228702,0.06394413571219659,-1.0999999999999996,0.210434188618025,-0.030289917784508846,-0.03028991778450907,0.640066007083917,1.4646120123851039,,,-1.8912997160000007,Q2,Q3,TRUE,FALSE
39079,"Jackson County, OH",0.8590010755579457,0.9827699496240052,0.12376887406605952,0.18210540467867709,0.0269402058845003,0,0.37569570765346283,-0.02205527395607043,-0.022055273956070542,2.3931295684679723,-5.594617646663927,,,0.21575108699999923,Q1: Lowest,Q2,TRUE,TRUE
39081,"Jefferson County, OH",0.903875565389997,0.9740786457414918,0.0702030803514948,0.11314308027724451,0.06298712749074242,0.20000000000000284,0.2563142631162667,-0.06830304931967934,-0.06830304931967934,2.48733322029035,5.46491771571269,5.726491378682027,4.104573629740248,-0.9044234764999999,Q2,Q2,TRUE,TRUE
39083,"Knox County, OH",0.9421200148583392,0.9900286846059282,0.047908669747589006,0.09023064194779318,0.05224696079770519,0,0.3509609968229648,0.0414250622462109,0.0414250622462109,0.5634405681369692,-3.1296956870375863,,,-1.2247260779999998,Q3,Q2,FALSE,FALSE
39085,"Lake County, OH",0.9365637298463882,0.977094084627604,0.040530354781215805,0.06397581566586263,0.10326180893355397,1.5000000000000009,0.16997355687071658,0.0053247717642948,0.005324771764295022,1.6210543968525837,-0.6650226801303953,1.9315612276222396,-0.488724827157732,-1.3175002508000002,Q2,Q2,TRUE,FALSE
39087,"Lawrence County, OH",0.827518967595547,0.9822888283378748,0.1547698607423278,0.15556973693540377,0.05181436789066218,-5.699999999999999,0.41460516695101135,-0.05235226620768785,-0.05235226620768796,-4.103162099127259,-1.356462870902649,,,-2.5931931230000007,Q1: Lowest,Q2,TRUE,TRUE
39089,"Licking County, OH",1.001205363869218,1.0262739322533136,0.025068568384095657,0.061523780824669805,0.04378203240058909,-1.6999999999999993,0.2429671833124052,0.08921939953810631,0.08921939953810631,0.19282069650039257,0.5512454576672727,2.378610010168515,3.949464427940608,-2.497223646,Q4: Highest,Q3,FALSE,FALSE
39091,"Logan County, OH",0.8976239669421487,0.9876899972695004,0.09006603032735161,0.15090909090909088,0.0699007918449076,-1.5999999999999996,0.2504434635534838,-0.010443298522338273,-0.010443298522338162,-0.1767679236845593,-2.7119828442167,,,-1.8698359840000016,Q2,Q2,TRUE,FALSE
39093,"Lorain County, OH",0.9405003289871224,0.9994199140107828,0.05891958502366035,0.05985551422701452,0.09789804135671876,2.700000000000001,0.1646403840100723,0.03758761457290305,0.03758761457290305,2.959391760592331,2.4106259612930216,1.474611290665237,4.951023898216814,-1.6152326119999998,Q2,Q3,FALSE,FALSE
39095,"Lucas County, OH",0.9144229410933749,0.9663646026177776,0.051941661524402716,0.09780100767528366,0.07667203928163313,1.1000000000000014,0.1189206149984312,-0.03846171113535446,-0.03846171113535457,1.1808139253299128,6.297178839732059,2.2817757267900873,3.5545117267736437,-1.4844914029999998,Q2,Q1: Lowest,TRUE,TRUE
39097,"Madison County, OH",0.9782483810319615,1.0012923825452331,0.023044001513271573,0.047106747440985974,0.050732350108965596,-0.5,0.25496189038950123,0.05517550481222866,0.05517550481222866,-7.304122115797557,-0.12968002317044292,,,-2.107425834800001,Q3,Q3,FALSE,FALSE
39099,"Mahoning County, OH",0.9124029216797882,0.9602115287046794,0.0478086070248912,0.11012280296433208,0.09040705616048084,1.7999999999999972,0.22679543190005358,-0.06066879438741768,-0.06066879438741768,2.7792889243432315,2.9857577068390677,2.3926359225791316,4.077977470479087,-0.687995677,Q2,Q1: Lowest,TRUE,TRUE
39101,"Marion County, OH",0.8367903755943453,0.9540508531033716,0.11726047750902624,0.17362861792768935,0.05196343313964247,0.20000000000000107,0.21278299997644123,-0.02096650473024797,-0.02096650473024797,0.611143012152271,5.6889632524396,6.2818842391544365,1.6715725463068392,-0.5875432659999991,Q1: Lowest,Q1: Lowest,TRUE,TRUE
39103,"Medina County, OH",0.9885362136372672,0.9902186300854235,0.0016824164481563653,0.019415545689483782,0.09905793540427221,-1.2000000000000002,0.27062706270627057,0.06500370315508808,0.06500370315508786,2.375961668716489,0.9524949839395731,3.562029696876536,7.068125736104722,-2.0652058263999997,Q3,Q2,FALSE,FALSE
39105,"Meigs County, OH",0.9951719265190768,0.9299370621066382,-0.06523486441243864,0.06311822892133778,0.06578791117444482,-4,0.31172802494303875,-0.02985769947484329,-0.029857699474843402,-1.9515397679310764,-2.2941517661796547,,,-1.3767473399999997,Q4: Highest,Q1: Lowest,FALSE,TRUE
39107,"Mercer County, OH",0.8882417258925943,0.9885473854738548,0.10030565958126048,0.14130114807182803,0.041535415354153504,-1.7000000000000002,0.3748257768303682,0.002849835586408389,0.002849835586408611,0.8339213705968629,0.4209312379292576,,,1.5454285700000003,Q2,Q2,TRUE,TRUE
39109,"Miami County, OH",0.9514153176181008,1.005808714989552,0.05439339737145121,0.08934961658619711,0.04852098230546553,-0.1999999999999993,0.26059692014605496,0.04755703515127774,0.04755703515127774,1.7349486673713221,8.369356895459108,3.9197421711645006,0.7040436660035958,-1.5880056730000014,Q3,Q3,FALSE,FALSE
39111,"Monroe County, OH",1.1301865245527218,0.950037565740045,-0.18014895881267678,0.06242862580890751,0.02404207362885047,-1.9000000000000004,0.3486661819808736,-0.07580885339109245,-0.07580885339109245,4.173722849007583,7.041763101140331,,,-0.9249817414999999,Q4: Highest,Q1: Lowest,FALSE,FALSE
39113,"Montgomery County, OH",0.9325243890095688,0.9795974304416328,0.04707304143206403,0.10328249207795137,0.0561258466386213,0.5,0.23958215313498443,-0.01660911429771006,-0.016609114297709948,0.9471654313446515,5.465575268013823,2.776161437434695,3.192866321678835,-1.4073252180000004,Q2,Q2,TRUE,TRUE
39115,"Morgan County, OH",1.1460278148218708,1.032423504867872,-0.11360430995399873,0.026481234520861152,0.047635605006954074,-4.5,0.41696134433463294,-0.04395387149917629,-0.04395387149917618,-2.59370054102987,1.3831010238514092,,,-3.0812027959999995,Q4: Highest,Q3,FALSE,FALSE
39117,"Morrow County, OH",0.9104713883677298,1.0134326535596532,0.10296126519192339,0.1016651031894934,0.045976309683722016,-1.6999999999999993,0.21672801635991812,0.011191573403555033,0.011191573403555033,4.507809916342392,-2.329006199253895,,,-2.153997595,Q2,Q3,TRUE,FALSE
39119,"Muskingum County, OH",1.0026930227471569,1.0365725265180428,0.03387950377088589,0.08016185476815396,0.025820545890032354,-1.0999999999999979,0.28822904047271747,0.003211580306961892,0.003211580306961892,0.22306465728204605,3.942721377348467,2.1048079981086403,5.0315447239556335,-1.5795870159999996,Q4: Highest,Q4: Highest,FALSE,FALSE
39121,"Noble County, OH",0.8527584947022288,0.9803850782190132,0.12762658351678446,0.2226890756302521,0.06064981949458481,-2.1999999999999993,0.3710552601031234,-0.013001231695634274,-0.013001231695634274,5.874446790633692,10.49382554401788,,,-0.25069549260000024,Q1: Lowest,Q2,TRUE,TRUE
39123,"Ottawa County, OH",0.9726184660478748,0.980770237036262,0.008151770988387153,0.1324865657059111,0.08884935377531267,-0.40000000000000036,0.24056631484128688,-0.02794435116334848,-0.02794435116334848,-0.3631845003710332,1.9233586995107539,,,-2.0252925728000006,Q3,Q2,TRUE,TRUE
39125,"Paulding County, OH",0.8137881679389313,1.0079299325363948,0.19414176459746357,0.20543893129770996,0.045685879985797095,0.40000000000000036,0.2757734788432402,-0.0538636939447682,-0.0538636939447682,4.28259707542033,3.1193031315313506,,,-1.0344559679999996,Q1: Lowest,Q3,TRUE,FALSE
39127,"Perry County, OH",0.9418099253973402,1.0017433284162531,0.05993340301891292,0.06571521245540057,0.048544991283357875,0.1999999999999993,0.25111545233099397,0.015513461862739497,0.015513461862739497,-0.677712588087509,0.1673365911769585,,,-2.0824919180000006,Q2,Q3,TRUE,FALSE
39129,"Pickaway County, OH",1.018005779100358,1.0364920998485967,0.018486320748238638,0.05494458101522404,0.04340230599013939,-0.40000000000000036,0.2939402525906736,0.06200494150134439,0.06200494150134439,1.1364094196604557,0.02767125689551797,,,-1.1154734290000015,Q4: Highest,Q4: Highest,FALSE,FALSE
39131,"Pike County, OH",0.9714817422794488,1.0446662145140977,0.07318447223464886,0.07544512624484456,0.038271485321189846,-3.799999999999997,0.3053846588022804,-0.03047652295339498,-0.03047652295339498,0.1197968814436623,4.906276571157801,,,-2.255657465999999,Q3,Q4: Highest,FALSE,FALSE
39133,"Portage County, OH",0.9341319753002028,0.9940388848129128,0.05990690951271005,0.07818944106455217,0.05836390315480555,1.0999999999999996,0.13450789073455915,0.020848518360268464,0.020848518360268464,-0.675324871213065,-4.05832240188167,1.3924248244436939,4.358269082572036,-2.3363642747999993,Q2,Q2,TRUE,FALSE
39135,"Preble County, OH",0.9453616163555214,1.0352616102210506,0.08989999386552916,0.10049431300091183,0.04456499695802063,-0.1999999999999993,0.2856817664466196,-0.03944926106059543,-0.03944926106059532,-1.4434420742001242,4.499255962774655,,,-1.4956720959999998,Q3,Q4: Highest,TRUE,FALSE
39137,"Putnam County, OH",1.0130556507827675,1.001325138152701,-0.011730512630066414,0.0735344532053479,0.04990413894214507,0.7999999999999998,0.3093171244719346,-0.0256388121546961,-0.02563881215469621,1.6721882165209923,4.023244872072876,,,-2.182946093,Q4: Highest,Q3,FALSE,FALSE
39139,"Richland County, OH",0.8738735686699641,0.9653892629035042,0.09151569423354011,0.1498746527542516,0.06785967738841903,1.5999999999999996,0.19766851338873503,-0.04599393676916419,-0.04599393676916419,0.9709556170154204,7.41905975617344,4.609417067114052,3.3353279907835667,-1.9879433120000005,Q1: Lowest,Q1: Lowest,TRUE,TRUE
39141,"Ross County, OH",0.9408780695874718,1.003396609739064,0.0625185401515923,0.08619218816647367,0.05056821789092758,1.3999999999999986,0.28288795124238164,-0.009726294578850103,-0.009726294578850103,-1.8161113140109264,0.7126238161537946,6.389902774862989,3.305080065714172,-1.2520329819999994,Q2,Q3,TRUE,FALSE
39143,"Sandusky County, OH",0.9199856532451736,0.9768081054862932,0.05682245224111959,0.09967875744627763,0.07063557647396979,-0.09999999999999964,0.27299076011157597,-0.049585031914375244,-0.049585031914375244,1.150485547873012,5.817815009096536,,,-3.0232377580000005,Q2,Q2,TRUE,TRUE
39145,"Scioto County, OH",0.9058279555585124,1.0311771780801322,0.12534922252161984,0.11130330649990017,0.025746072314515533,1.2999999999999972,0.37422830165839494,-0.04393525864804826,-0.04393525864804837,-2.193493426387269,-2.8253570809230326,2.915062663393016,8.520344030504473,-2.595873525,Q2,Q3,TRUE,FALSE
39147,"Seneca County, OH",0.8705376559938439,0.9606074190294744,0.09006976303563052,0.1544715447154471,0.05924763719227466,0.09999999999999964,0.2734260614934114,-0.036848260573583036,-0.03684826057358315,-0.13803037073481794,3.7448882679654325,,,-2.7752214239999997,Q1: Lowest,Q1: Lowest,TRUE,TRUE
39149,"Shelby County, OH",0.8203004481010798,0.978131995688583,0.15783154758750317,0.19863365900242413,0.058825967996020245,-0.40000000000000036,0.24040817113867408,-0.014081649216784342,-0.014081649216784453,2.3220883636968863,0.4304572116879175,,,-1.9541915440000004,Q1: Lowest,Q2,TRUE,TRUE
39151,"Stark County, OH",0.9477336690046392,0.9739700438327542,0.026236374828115028,0.0754710758338647,0.05830551202561829,2.0999999999999996,0.23744160177975537,-0.016639381018210164,-0.016639381018210275,1.4873023211387726,1.1439234724971503,3.1383029317564137,-0.03875113344560788,-1.2292223189999998,Q3,Q2,TRUE,TRUE
39153,"Summit County, OH",0.9238617969506548,0.9795351187468418,0.055673321796187,0.11518452284181435,0.06386689873299267,0.1999999999999993,0.2139358906988964,-0.005993293831243363,-0.005993293831243474,1.6695633784051978,2.0549502888709736,2.5392972354941747,3.663717425878243,-1.699615132,Q2,Q2,TRUE,TRUE
39155,"Trumbull County, OH",0.8685517901856525,0.9667912477002648,0.09823945751461227,0.1453896110373999,0.08630804299781303,0.8000000000000007,0.14671639293313254,-0.07616567738081903,-0.07616567738081914,4.6559761572432246,4.190594174771221,2.405400430671193,2.3694099181463812,-1.0224538679999995,Q1: Lowest,Q1: Lowest,TRUE,TRUE
39157,"Tuscarawas County, OH",0.9085711174036156,0.9977961998721112,0.08922508246849559,0.11006316706599872,0.04999086507719008,-0.8000000000000007,0.31630123000632016,-0.005664191285360665,-0.005664191285360776,0.7741086044677159,-4.996888909740591,1.547599273495166,2.9167754550827745,-1.1017760900000013,Q2,Q2,TRUE,FALSE
39159,"Union County, OH",1.0030774214447684,1.1045993599799209,0.10152193853515246,0.04490605766115974,0.0289891447574826,0.3000000000000007,0.42910412831154243,0.18198212639762756,0.18198212639762756,2.7964130887282974,10.424718155492059,,,-2.9025693100000005,Q4: Highest,Q4: Highest,FALSE,FALSE
39161,"Van Wert County, OH",0.8810803547433486,0.967254753895792,0.0861743991524434,0.13591776404192424,0.062469966362325824,1.5,0.31162338893100827,-0.031080803234870835,-0.031080803234870724,1.4785663897719208,2.687028769899883,,,-1.566318679,Q2,Q1: Lowest,TRUE,TRUE
39163,"Vinton County, OH",0.9341816184547784,0.9736606342949292,0.03947901584015079,0.09373855730501646,0.04121125246371615,-0.1999999999999993,0.23052595210885807,-0.03545628777826926,-0.03545628777826915,5.031109041112536,3.815749898696482,,,-2.727557656,Q2,Q2,FALSE,TRUE
39165,"Warren County, OH",0.9752029115276856,1.053403433404932,0.07820052187724646,0.048207735189624845,0.044940639725594034,-0.5999999999999996,0.2875467138722638,0.14296154108487857,0.14296154108487857,0.5230527859933026,-3.609187735978818,5.2280718398646115,9.927789599389762,-3.7771964707,Q3,Q4: Highest,FALSE,FALSE
39167,"Washington County, OH",0.8361992666582374,0.979393713966896,0.1431944473086586,0.18086989505626505,0.06382741305560724,-2.5,0.3306921168548429,-0.037620676915168794,-0.03762067691516868,0.15039687941955093,3.5307246343841863,,,-0.4006264052999988,Q1: Lowest,Q2,TRUE,TRUE
39169,"Wayne County, OH",0.9538401457953658,0.9702662668449004,0.01642612104953456,0.09735311984726203,0.06532027891181036,1.0999999999999996,0.25185390385271056,0.01300952514357756,0.01300952514357756,0.19250853878674534,3.127813792587743,3.6613854984797882,0.14900744574971725,-1.6405927239999993,Q3,Q2,FALSE,TRUE
39171,"Williams County, OH",0.9358420069388844,0.9467684942437022,0.010926487304817822,0.10136108887109685,0.06463011512595462,0.40000000000000036,0.19529717698393467,-0.0477525173881449,-0.0477525173881449,-3.1217605383359963,0.08918840015735441,,,-1.0642062480000014,Q2,Q1: Lowest,TRUE,TRUE
39173,"Wood County, OH",0.9568231003223512,0.9793028322440088,0.022479731921657642,0.12267506091378244,0.0738238238238238,0.3999999999999986,0.2726468332776215,0.04415532585704596,0.04415532585704596,-1.173903305366844,-1.3190827395631268,4.4494798225302645,5.370012677827173,-0.7143775139999988,Q3,Q2,FALSE,TRUE
39175,"Wyandot County, OH",0.955793991416309,1.0201177625122668,0.06432377109595777,0.1785407725321888,0.060308680524578495,0.09999999999999964,0.3155393598431573,-0.04155661207959149,-0.04155661207959149,-2.0790985612284487,0.11322095641856134,,,-2.0978904949999997,Q3,Q3,FALSE,FALSE
40001,"Adair County, OK",0.7107730577879832,1.044584690553746,0.33381163276576276,0.288652889399158,0.016558089033659074,-1.7999999999999972,0.29088952654232414,-0.006757663906914346,-0.006757663906914235,5.543278830688014,3.183838731398319,,,-3.394238267000002,Q1: Lowest,Q4: Highest,TRUE,FALSE
40003,"Alfalfa County, OK",1.165224557066337,0.9413212966762412,-0.2239032603900959,0.01689328388957556,0.05785802215839142,0.5,0.49459318949831044,0.014951940192239332,0.01495194019223911,-6.354326862188131,7.831968672125312,,,-1.3050291411999986,Q4: Highest,Q1: Lowest,FALSE,TRUE
40005,"Atoka County, OK",0.8217167381974249,1.0146801477736729,0.19296340957624802,0.21699570815450642,0.033443515457903916,-4.400000000000002,0.40462931902046284,-0.025499362515937096,-0.025499362515937096,-1.8553305222628935,-10.450759955016244,,,-0.9938496800000003,Q1: Lowest,Q3,TRUE,FALSE
40007,"Beaver County, OK",0.9194797150820688,0.9356950327300732,0.016215317648004324,0.13657479095695257,0.13785136696187905,-2.0999999999999996,0.24406566507220018,-0.04667025668641178,-0.04667025668641189,-0.7442164786229166,-26.524777405763587,,,-1.1197536228000011,Q2,Q1: Lowest,FALSE,TRUE
40009,"Beckham County, OK",0.9857050032488628,0.9337501371065045,-0.051954866142358336,0.20484080571799868,0.16759899089612806,5.200000000000001,0.23359464673846686,1.8302447952422973e-4,1.8302447952422973e-4,0.8903486665453597,-10.020464659582915,,,-4.611097892,Q3,Q1: Lowest,FALSE,TRUE
40011,"Blaine County, OK",0.8684968126670779,0.9510603588907016,0.08256354622362372,0.15278634587703066,0.09760739532354545,-4.1,0.4401571888259248,-0.21490424646128226,-0.21490424646128237,-0.5194186503457043,-4.4631647770457485,,,0.5730359299999996,Q1: Lowest,Q1: Lowest,TRUE,TRUE
40013,"Bryan County, OK",0.8358587113120374,1.124732115521992,0.28887340420995467,0.1821749714342491,-0.025104602510460206,-4.399999999999999,0.3123511195807527,0.1894671623296158,0.18946716232961602,-2.4443628674676505,-0.34473076695179294,,,-1.8024785729999984,Q1: Lowest,Q4: Highest,FALSE,FALSE
40015,"Caddo County, OK",0.9168664737494832,0.9935030495889684,0.07663657583948524,0.12062835882596112,0.04004242906390876,1,0.3309383908313457,0.029715022196763474,0.029715022196763696,-1.8418787616371723,1.6386762160914836,,,-1.0630540029999995,Q2,Q2,FALSE,FALSE
40017,"Canadian County, OK",1.1768311882552052,1.185022553989861,0.008191365734655731,-0.0035029716219938667,0.011589690364988803,0.09999999999999964,0.2940355592309283,0.3885809520242687,0.3885809520242687,0.944433664581823,-6.088235771385342,-2.4588491702021145,1.2076239482974351,-2.144113662999999,Q4: Highest,Q4: Highest,FALSE,FALSE
40019,"Carter County, OK",0.7916714422158548,0.999250796029219,0.20757935381336412,0.2443935052531041,0.07286008615845663,-2.099999999999998,0.42650979960966495,0.03282383753381124,0.03282383753381146,-0.07721657256265502,-2.227846277166962,,,-2.5343684730000007,Q1: Lowest,Q2,FALSE,FALSE
40021,"Cherokee County, OK",0.8346254957002184,1.100442939030745,0.2658174433305267,0.22572739829791022,-0.01349661281917669,-10.400000000000002,0.491534304896021,0.06830457120274014,0.06830457120274014,0.4296398910753535,-3.8049326744847702,,,-2.9732539790000008,Q1: Lowest,Q4: Highest,FALSE,FALSE
40023,"Choctaw County, OK",0.811981288667572,1.1568802427271103,0.3448989540595383,0.19722347970424026,0.044797429948241985,-4.300000000000001,0.3077979712595098,-0.03537146614069686,-0.03537146614069686,-0.5598231096132833,0.19503397365992825,,,-2.143284317000001,Q1: Lowest,Q4: Highest,FALSE,FALSE
40025,"Cimarron County, OK",1.0794354838709677,1.136433512682552,0.056998028811584334,0.040322580645161255,0.03305149884704073,2.3000000000000007,0.4323714380284658,-0.15533596837944663,-0.15533596837944663,1.8044540575182233,,,,-1.0102585390000005,Q4: Highest,Q4: Highest,FALSE,FALSE
40027,"Cleveland County, OK",1.1056845923735517,1.057958459595088,-0.047726132778463715,0.009799539249733535,0.033063898226698196,1.6999999999999993,0.2674527932304318,0.17648472095075163,0.17648472095075163,2.4860635141637886,-4.244697373295436,1.9158979708222432,4.646155702170692,-3.0318759604000007,Q4: Highest,Q4: Highest,FALSE,FALSE
40029,"Coal County, OK",0.8681135225375626,0.9942236598890942,0.12611013735153165,0.13355592654424042,0.07994454713493526,-6.299999999999997,0.3648027512317715,-0.03899965022735219,-0.0389996502273523,-2.449090108245744,-2.6136514450320663,,,-2.3864920960000013,Q1: Lowest,Q2,FALSE,FALSE
40031,"Comanche County, OK",1.06950858628884,1.0079324353217876,-0.06157615096705249,-0.024189570909743052,0.03572803078896725,-1.1999999999999993,0.19110118216513072,0.010164472033061811,0.010164472033061811,0.22876428138103033,-15.657168987881395,1.893841228555388,1.1769373529806195,-4.169646643,Q4: Highest,Q3,FALSE,FALSE
40033,"Cotton County, OK",0.6988694758478932,0.9783109404990404,0.2794414646511473,0.3080678314491264,0.05220729366602683,4.300000000000001,0.2650471158559835,-0.09777070063694271,-0.09777070063694282,-2.975555581869421,-0.8627841566973418,,,-2.6664872650000007,Q1: Lowest,Q2,TRUE,FALSE
40035,"Craig County, OK",0.8206514206514206,0.9840916866233322,0.16344026597191164,0.19306999306999306,0.06500171057133086,-3.3000000000000007,0.18527302813017088,-0.05581519562024306,-0.05581519562024273,0.6776801226117513,1.7329239345033634,,,-3.8716304509999997,Q1: Lowest,Q2,TRUE,TRUE
40037,"Creek County, OK",0.9608960503045784,1.0277249427770077,0.06682889247242929,0.04981332285321283,0.04352171249879111,-2.6999999999999993,0.31122290094622107,0.04729690154044408,0.04729690154044408,-0.46818645912715673,-7.254615923421776,6.939368146958827,6.516028609035541,-1.7400864909999996,Q3,Q3,FALSE,FALSE
40039,"Custer County, OK",1.0496277915632757,0.9843409586056644,-0.06528683295761128,0.07003032809484422,0.06229575163398693,-3.6999999999999993,0.28584903318688415,0.10043253908028538,0.10043253908028515,0.21781481425803828,-7.551092141875078,,,-2.719376473999999,Q4: Highest,Q2,FALSE,FALSE
40041,"Delaware County, OK",0.8879941035160516,1.1138272065683896,0.22583310305233806,0.1390587464511902,0.004665049449524172,-2.6999999999999993,0.3459066356860496,0.04940952566855361,0.04940952566855361,-0.6015898009659737,-3.0114379366698003,,,-2.1380924918,Q2,Q4: Highest,FALSE,FALSE
40043,"Dewey County, OK",0.921760861207228,1.050258337247534,0.12849747604030604,0.15455594002306805,0.09675904180366368,-3.3000000000000007,0.5330338913842385,0.04957081545064379,0.04957081545064379,-9.540716223329687,0,,,-3.3232257549999993,Q2,Q4: Highest,FALSE,FALSE
40045,"Ellis County, OK",0.8888003188521323,0.9665226781857452,0.07772235933361293,0.2184137106416899,0.050755939524838034,0.3000000000000007,0.4628155129455096,-0.030889000502260178,-0.030889000502260067,-1.318095400109942,-22.04042315842384,,,-2.646744837,Q2,Q1: Lowest,TRUE,TRUE
40047,"Garfield County, OK",0.9084947310753764,1.0033281481749448,0.09483341709956838,0.12738874029196612,0.032449444705712094,-2.9000000000000004,0.4630362870890137,0.049920038519079,0.049920038519079,1.3207556356760741,-5.1978615513129345,,,-3.7277051870000015,Q2,Q3,TRUE,FALSE
40049,"Garvin County, OK",0.8117150504426601,1.0254869070916035,0.21377185664894338,0.22428110630704823,0.028795079675705937,-1.0000000000000018,0.2196558915537017,0.01138727690791641,0.01138727690791641,-0.859728774441676,-4.132045777916529,,,-3.6441871960000007,Q1: Lowest,Q3,TRUE,FALSE
40051,"Grady County, OK",1.064515416556233,1.080579175356971,0.01606375880073796,0.03710575139146566,0.03678004171346061,-2,0.46851710851157113,0.09626749916553767,0.09626749916553767,4.705437876083318,1.7453843126551547,,,-2.8870321709999995,Q4: Highest,Q4: Highest,FALSE,FALSE
40053,"Grant County, OK",1.0317986734295748,0.9972081218274113,-0.03459055160216351,0.04447912602419035,0.026903553299492344,-3.9000000000000004,0.6446123217061663,-0.06475285991797974,-0.06475285991797963,-4.891625221560397,3.9532669558818276,,,1.3099232259000004,Q4: Highest,Q2,FALSE,FALSE
40055,"Greer County, OK",1.04906894816306,0.9194111776447106,-0.12965777051834937,0.05083039758429797,0.12025948103792417,-0.3999999999999986,0.25007278962181756,-0.07272727272727275,-0.07272727272727275,7.308494600547571,-8.393812070282658,,,-1.3737333860999996,Q4: Highest,Q1: Lowest,FALSE,TRUE
40057,"Harmon County, OK",0.945722501797268,1.0121323529411763,0.0664098511439083,0.10567936736161032,0.030882352941176472,-3.900000000000002,0.37463361679030216,-0.06221279604100394,-0.06221279604100394,-1.7566315917338593,13.623372274955809,,,-6.435576403000001,Q3,Q3,FALSE,FALSE
40059,"Harper County, OK",0.9172447968285432,1.0087010565568677,0.0914562597283245,0.1129831516352825,0.037911746426351756,0.5,-0.06796138978264388,0.04713231118682559,0.04713231118682559,-0.18370474517272473,8.750697505977303,,,-6.662394857999999,Q2,Q3,TRUE,FALSE
40061,"Haskell County, OK",0.7609970674486803,1.0511238431026884,0.290126775654008,0.3011902708297395,0.02401939180255619,3.3000000000000007,0.31815016459863266,0.017403915881073262,0.017403915881073262,0.36423085905837316,-2.406184061881968,,,-4.407225392600001,Q1: Lowest,Q4: Highest,TRUE,FALSE
40063,"Hughes County, OK",1.0775313205997126,0.971318192460782,-0.10621312813893058,-0.01848428835489835,0.05057363615078436,-4.300000000000001,0.31168740632298086,-0.013153983353150989,-0.0131539833531511,-4.204484291430011,-0.6946018312375608,,,-2.8659066170000003,Q4: Highest,Q2,FALSE,TRUE
40065,"Jackson County, OK",0.8866731914199494,1.0353382116723184,0.14866502025236905,0.16687056520675314,0.019810815634481505,-0.5999999999999979,0.2640618066974656,-0.06853996582494781,-0.06853996582494781,2.7684825084268145,14.471602872178078,,,-3.021268427999999,Q2,Q4: Highest,TRUE,FALSE
40067,"Jefferson County, OK",1.06893580353296,0.988445854100589,-0.08048994943237087,-0.017664799655320973,0.04077933846850934,1.6000000000000014,0.37936414381305683,-0.05998433829287397,-0.05998433829287397,-2.255313163883077,9.970234406333365,,,-3.1859809079999994,Q4: Highest,Q2,FALSE,TRUE
40069,"Johnston County, OK",0.7562949640287769,0.8375975715524718,0.08130260752369489,0.34372501998401284,0.2575888985255854,1.1000000000000014,0.28409509767784735,0.028388533259114945,0.028388533259114945,-2.9304687981556166,-1.9297282931616269,,,-4.139099905,Q1: Lowest,Q1: Lowest,TRUE,TRUE
40071,"Kay County, OK",0.7856131771972719,0.9976749101669836,0.21206173296971176,0.20426371552352762,0.053107165504121756,-2,0.2742121848739496,-0.06291298077957852,-0.06291298077957863,0.25000756132232405,-2.8595677361779677,,,-3.1187074960000007,Q1: Lowest,Q2,TRUE,FALSE
40073,"Kingfisher County, OK",0.8860232945091514,1.0023699718165513,0.11634667730739989,0.1632992631328738,0.06597489110940302,-1.9000000000000004,0.39797327484667555,0.07208432505950357,0.07208432505950357,-2.1224586607498983,-11.646318823531569,,,-3.897329634,Q2,Q3,TRUE,FALSE
40075,"Kiowa County, OK",0.9863659531090724,1.0428485214242609,0.0564825683151885,-0.0028032619775739676,0.017501508750754402,1.5,0.25391572909772786,-0.08749869013936917,-0.08749869013936928,3.755424796152096,-0.4291914493260709,,,3.404575468599999,Q3,Q4: Highest,FALSE,FALSE
40077,"Latimer County, OK",0.8300992282249173,1.1048409794539826,0.2747417512290653,0.1695700110253583,0.05460174500422177,-0.1999999999999993,0.2335290663534939,-0.07374712643678161,-0.07374712643678161,9.244379590455459,-0.687605765269852,,,0.3888945590000006,Q1: Lowest,Q4: Highest,TRUE,FALSE
40079,"Le Flore County, OK",0.8914247195339208,1.0015310233682515,0.11010630383433073,0.13553854302084833,0.022078968573730817,-1,0.2491672807663965,0.005323761318034137,0.005323761318034137,1.148892263214546,-2.5659641487577467,,,-3.655526222999999,Q2,Q3,TRUE,FALSE
40081,"Lincoln County, OK",1.0456906981709486,1.064508190958307,0.018817492787358336,0.07152515835171869,0.0382479083175139,-2.4999999999999982,0.335252853104387,0.036894993459388736,0.036894993459388736,-0.7806838882933598,6.177655206236164,,,-3.0388807160000013,Q4: Highest,Q4: Highest,FALSE,FALSE
40083,"Logan County, OK",1.0434556185626664,1.1081582759869613,0.06470265742429482,0.04640666589515108,0.02539840637450197,-0.29999999999999893,0.3879340874528676,0.2403058720194271,0.24030587201942688,6.5854319829154795,0.8296271246135518,,,-1.6415212640000014,Q4: Highest,Q4: Highest,FALSE,FALSE
40085,"Love County, OK",0.9487523992322456,0.9606385571533024,0.01188615792105674,0.1318618042226487,0.06166219839142095,-0.09999999999999964,0.3227049664705428,0.10819282317336798,0.10819282317336776,-7.283841795272386,-3.598147583812214,,,-3.2831630159999996,Q3,Q1: Lowest,FALSE,TRUE
40087,"McClain County, OK",1.140728021978022,1.172065401820145,0.031337379842123037,0.005219780219780201,0.01599053935935013,-2.9000000000000004,0.5416820816376866,0.24650446566060968,0.24650446566060968,-1.5581496516568871,-10.773833004672271,,,-2.401073311000001,Q4: Highest,Q4: Highest,FALSE,FALSE
40089,"McCurtain County, OK",0.9752044414434692,1.1510889656835168,0.17588452424004763,0.028809363042988978,-0.027404966647914586,-3.3000000000000007,0.3950220520359671,-0.008935039845447967,-0.008935039845447967,-1.3088098520804337,0.6352435093744719,,,-2.728080248999998,Q3,Q4: Highest,FALSE,FALSE
40091,"McIntosh County, OK",0.7876331074540174,1.0602573807721425,0.2726242733181251,0.20050822846079386,0.026040878122634337,0.09999999999999787,0.29960641259479703,-0.017842822774659206,-0.017842822774659206,-0.27817508243519473,-6.700680531008654,,,-2.2464922427000005,Q1: Lowest,Q4: Highest,FALSE,FALSE
40093,"Major County, OK",0.9320273778616948,0.9593784078516904,0.027351029989995612,0.11234363936747704,0.10141766630316251,2.3000000000000007,0.45560514058575374,0.021969189551239054,0.021969189551239054,-0.8147208010759799,-10.450253408728653,,,-0.5325500049999992,Q2,Q1: Lowest,TRUE,TRUE
40095,"Marshall County, OK",1.0169051737694603,1.1098127101008484,0.09290753633138804,0.045132882528699514,0.04258043861053307,1.6999999999999993,0.2925414285304,0.10530095312704013,0.10530095312703991,0.7558569495919543,-5.263188578845734,,,-3.8632495999999996,Q4: Highest,Q4: Highest,FALSE,FALSE
40097,"Mayes County, OK",0.9757511566976976,1.031335947100474,0.05558479040277631,0.07480907519928648,0.043770846743519276,0.8999999999999986,0.29582018927444786,0.013088811654218713,0.013088811654218713,-2.0715725058867376,-1.952904243702673,,,-4.820755813,Q3,Q3,FALSE,FALSE
40099,"Murray County, OK",0.7442151717557252,0.9266590013140604,0.18244382955833527,0.28936068702290074,0.08919185282523001,-1,0.34351768861707166,0.08537714021286447,0.08537714021286447,-0.7630657140557939,3.1447545953697573,,,-3.087920188,Q1: Lowest,Q1: Lowest,FALSE,TRUE
40101,"Muskogee County, OK",0.9736612136465324,0.9831147731228966,0.009453559476364282,0.03722734899328861,0.03833507407837222,5.899999999999999,0.18914771170183609,-0.030262838888175825,-0.030262838888175714,-1.4480057048043338,-0.9844084546206929,5.891184351353118,6.354244854068739,-3.091276764,Q3,Q2,FALSE,TRUE
40103,"Noble County, OK",0.90333736814802,1.0481714510420763,0.1448340828940563,0.1495763444578938,0.05446323240267403,-2.299999999999999,0.4286040493225758,-0.028708551483420552,-0.028708551483420663,-1.049661084083564,-18.786275707844215,,,-0.9317213889999998,Q2,Q4: Highest,TRUE,FALSE
40105,"Nowata County, OK",0.9306727010903106,1.0469855992189407,0.1163128981286301,0.08023040526640612,0.02050280693190143,-1.3000000000000007,0.33385800213615147,-0.06452511373131553,-0.06452511373131575,-1.3789789134790065,-6.463752650038889,,,0.20743432100000092,Q2,Q4: Highest,TRUE,FALSE
40107,"Okfuskee County, OK",0.912251285490722,1.0067992948879376,0.09454800939721564,0.11737089201877937,0.06169730546461849,5.5,0.33029543298549946,0.001001585844253361,0.001001585844253583,-2.9986576658949824,-7.338949835196202,,,-1.5769887740000001,Q2,Q3,TRUE,FALSE
40109,"Oklahoma County, OK",1.0796026014292737,1.051147120764109,-0.02845548066516468,0.024101662444385608,0.035974494245782696,-1,0.3527573441030818,0.14622268601966915,0.1462226860196696,2.0946015853719664,2.0758023110383554,2.3938875463062743,3.727634354799129,-3.9319855099999987,Q4: Highest,Q4: Highest,FALSE,FALSE
40111,"Okmulgee County, OK",0.9578737162419172,1.008970145165708,0.05109642892379085,0.07360213008748573,0.052451383182689715,0.5999999999999979,0.1915300702495859,-0.02748280744336573,-0.02748280744336573,1.0797886676150559,2.9900069916037655,,,-3.035641301,Q3,Q3,TRUE,FALSE
40113,"Osage County, OK",1.0008545290037196,1.0026906757735692,0.001836146769849556,0.07489695385543382,0.05371002794163304,1.5999999999999996,0.1993608711090069,-0.004704885027021266,-0.004704885027021266,3.5811883468763295,-12.750823698389418,,,-1.4245160495999993,Q4: Highest,Q3,FALSE,FALSE
40115,"Ottawa County, OK",0.7519703291608716,1.0769045709703289,0.3249342418094573,0.24860917941585536,0.028628708901363265,2.3999999999999986,0.2272095978251234,-0.04050430011405315,-0.04050430011405326,-5.729549853635993,8.012843196176334,,,-1.7027317039999996,Q1: Lowest,Q4: Highest,FALSE,FALSE
40117,"Pawnee County, OK",0.942162671694048,1.025996665150826,0.08383399345677811,0.08833827093994073,0.046839472487494316,-0.9000000000000021,0.18360452117749348,-0.014147251821082452,-0.014147251821082563,-2.8148679739114,5.967953237383942,,,-0.2676340079999999,Q3,Q3,TRUE,FALSE
40119,"Payne County, OK",0.9693774414729424,1.0398414514547238,0.07046400998178148,0.08353593574999318,0.049825651084232314,1.1999999999999993,0.27142434988179676,0.10274526724556399,0.10274526724556399,1.1377249655003112,-9.0355751969207585,5.279961473495362,4.978960813919805,-1.4964959306,Q3,Q4: Highest,FALSE,FALSE
40121,"Pittsburg County, OK",0.72676412586813,0.9258027270727952,0.1990386012046652,0.2873188716453743,0.10413459423795912,3.1999999999999993,0.2721957265648156,-0.031245839066175507,-0.031245839066175618,0.0064829179236836065,-6.728357527318942,,,-0.7519141909999991,Q1: Lowest,Q1: Lowest,TRUE,TRUE
40123,"Pontotoc County, OK",0.8569485720042311,1.0506687091262594,0.1937201371220283,0.15786027300659855,0.010546161550698208,-2.200000000000001,0.37930073826438226,0.05882678319550849,0.05882678319550849,-0.3039672973274732,-9.411113631268401,,,-2.776649494999999,Q1: Lowest,Q4: Highest,FALSE,FALSE
40125,"Pottawatomie County, OK",0.9441255381543644,1.0467673287393595,0.10264179058499512,0.0957446808510638,0.033238751520064835,-4,0.3660071476666493,0.056682872863838885,0.056682872863838885,0.10581233758411579,0.09111827034063147,5.941408569777565,1.3215496855053495,-2.203690583,Q3,Q4: Highest,TRUE,FALSE
40127,"Pushmataha County, OK",0.8209922946814509,1.0465495608531994,0.22555726617174854,0.1960157865062958,0.04592220828105398,1.5,0.3305347819952025,-0.03243808859434949,-0.03243808859434949,1.788288059928489,-12.544985840666572,,,-3.5253542432000007,Q1: Lowest,Q4: Highest,TRUE,FALSE
40129,"Roger Mills County, OK",1.004434011476265,0.9718934911242604,-0.03254052035200472,0.10119979134063639,0.07751479289940832,0.7000000000000011,0.4366094794998545,0.04217568353694001,0.04217568353694001,-0.62263209288807575,-12.668656867630204,,,-10.088234571000001,Q4: Highest,Q2,FALSE,TRUE
40131,"Rogers County, OK",1.045872845926379,1.061295296838859,0.015422450912479846,0.029570714795554176,0.03923339574843043,0.5999999999999996,0.2683766503991223,0.10030941330477217,0.10030941330477217,1.1163776702169725,-9.802437694699627,3.20477677526911,4.878627135299752,-1.3697605069999987,Q4: Highest,Q4: Highest,FALSE,FALSE
40133,"Seminole County, OK",0.8192278790155927,1.0083096186681844,0.18908173965259167,0.1625023482998309,0.06021627774615823,-0.8000000000000007,0.22639804860420987,-0.030842988413903316,-0.030842988413903316,-0.26884793405879126,3.452405880360502,,,-1.7872444719999994,Q1: Lowest,Q3,TRUE,FALSE
40135,"Sequoyah County, OK",0.8973020762035135,1.039979332170768,0.14267725596725445,0.12120693588866072,0.03184137441064394,2.400000000000002,0.1833379158647237,2.1655437921075382e-4,2.1655437921075382e-4,-1.2842345919407083,-3.4410272693630826,,,-1.4671228799999998,Q2,Q4: Highest,TRUE,FALSE
40137,"Stephens County, OK",0.8990071577003002,1.073764847650198,0.17475768994989782,0.14527822673747404,0.043151431686463515,0.5,0.17031272940831,-0.02382568558240561,-0.02382568558240572,1.7067399531383975,-7.693493206539191,,,-1.1270451649999984,Q2,Q4: Highest,TRUE,FALSE
40139,"Texas County, OK",0.8882917666701451,1.0816049776643268,0.19331321099418175,0.22999060836898677,-1.5954052329281154e-4,2,0.33147923649242905,0.03764669228372619,0.03764669228372597,-0.7282832139608925,-22.94338545848923,,,-3.1288289099999993,Q2,Q4: Highest,FALSE,FALSE
40141,"Tillman County, OK",0.9242379835873388,0.9381983240223464,0.013960340435007601,0.07444314185228607,0.06424581005586594,-3.3000000000000007,0.5792879019908117,-0.12344335630516257,-0.12344335630516268,0.6549918844673541,4.364580857920695,,,-3.881856439,Q2,Q1: Lowest,TRUE,TRUE
40143,"Tulsa County, OK",1.0109140995343504,1.0349646837231203,0.02405058418876993,0.028812943101254263,0.03778998587348925,0.10000000000000142,0.27265906031381726,0.11932437029070897,0.11932437029070919,2.221443424102149,1.03461200763519,2.509848410498151,4.885441772102041,-3.538273047999999,Q4: Highest,Q4: Highest,FALSE,FALSE
40145,"Wagoner County, OK",1.0351001759639429,1.1101694915254237,0.07506931556148078,0.02503627326891611,0.02936447267838782,-2.9000000000000004,0.21954915349359272,0.18364226742577583,0.18364226742577583,-2.33061501839345,-10.541973558971147,2.782168394090803,2.3083685497193223,-2.825486594999999,Q4: Highest,Q4: Highest,FALSE,FALSE
40147,"Washington County, OK",0.8691411339860765,1.0145070296409062,0.1453658956548297,0.15744015487137486,0.048177666338318215,1.5,0.35027430990539554,0.029757384387865127,0.029757384387865127,0.9647988831150256,-13.647194844515447,,,-1.1461499660000012,Q1: Lowest,Q3,FALSE,FALSE
40149,"Washita County, OK",0.8890637945318972,1.007913247362251,0.11884945283035375,0.14631317315658654,0.07112153184837833,-2.700000000000001,0.29812776174299516,-0.0553007356122891,-0.055300735612288876,3.238411543634334,-20.966123589777823,,,-4.477138256,Q2,Q3,TRUE,FALSE
40151,"Woods County, OK",1.1577157598499062,1.0207984699976094,-0.1369172898522968,0.031894934333958735,0.015778149653358886,0.09999999999999964,0.065500353560485,0.023274758524380212,0.023274758524380434,-3.411767483735051,-5.569782327803809,,,-3.1407530140000013,Q4: Highest,Q3,FALSE,FALSE
40153,"Woodward County, OK",0.8237066195372751,0.947959906854308,0.12425328731703289,0.2969151670951157,0.08180621646248865,-1.1000000000000014,0.6029102844638949,0.013641606901048098,0.01364160690104832,4.165837567609137,-23.15555839998056,,,-2.986414288999999,Q1: Lowest,Q1: Lowest,TRUE,TRUE
41001,"Baker County, OR",0.886271383009568,1.0267078776351244,0.1404364946255564,0.10205856770078281,0.0030115707719131635,-4.1,0.31368090520275027,-9.294256149700031e-4,-9.294256149700031e-4,-2.726855509809117,1.6802290458870024,,,-1.4848266268000003,Q2,Q3,TRUE,FALSE
41003,"Benton County, OR",1.0420345349007365,1.0267843471793865,-0.015250187721350006,0.022462318911272594,0.05223439858258416,-1.1000000000000014,0.4094290780864638,0.11150529157409395,0.11150529157409395,1.636828206482499,-4.457541748136571,3.178487449358755,10.471052382536612,-2.6194269066999993,Q4: Highest,Q3,FALSE,FALSE
41005,"Clackamas County, OR",0.9847378282123276,1.0417703365400812,0.05703250832775364,0.04024266614297767,0.03754253071595981,-1.9999999999999991,0.3133143090093762,0.14007055462258178,0.14007055462258178,0.9936515596785545,0.5216219158724504,3.068142871318983,5.923276415153836,-1.2446428530000002,Q3,Q4: Highest,FALSE,FALSE
41007,"Clatsop County, OR",0.9147290844924226,1.0192068050062306,0.10447772051380799,0.13805272991488482,0.059056184645391974,-1.5999999999999996,0.40977881257275905,0.09250909881036451,0.09250909881036451,-1.3599252439210145,2.43756777462582,,,-3.458156667499999,Q2,Q3,TRUE,FALSE
41009,"Columbia County, OR",0.9732385578679976,1.0569991971944055,0.08376063932640787,0.0944337982976069,0.04018253264038529,-0.20000000000000107,0.34716812345080794,0.0706777373307701,0.0706777373307701,-3.580084272413231,-6.106357820835827,,,-0.19722126709999976,Q3,Q4: Highest,FALSE,FALSE
41011,"Coos County, OR",0.9201859379704908,1.0188518077075883,0.09866586973709757,0.10271755495332735,0.02133492252681768,0.9000000000000004,0.31929749753484526,0.016824345632292736,0.016824345632292736,-1.7756193132418248,7.250640094150727,,,-0.6523249646,Q2,Q3,TRUE,FALSE
41013,"Crook County, OR",0.8836405529953917,1.1329468599033816,0.24930630690798994,0.14483212639894671,0.004154589371980655,-1.9000000000000004,0.298271594023517,0.11852598771656431,0.11852598771656431,2.1045459617253073,15.559626057584243,,,-0.5337804989999988,Q2,Q4: Highest,FALSE,FALSE
41015,"Curry County, OR",0.887816169828365,1.0317490984028852,0.14393292857452022,0.12070912375790421,0.02395672333848531,-0.6999999999999993,0.405846381660131,0.021294605069719807,0.021294605069719807,-0.37749761131566917,18.303890822627917,,,-0.07980579669999965,Q2,Q3,TRUE,FALSE
41017,"Deschutes County, OR",0.913793774824122,1.095239895852465,0.1814461210283429,0.09914072843384125,0.013169693499421986,0.29999999999999893,0.3127808014026372,0.29521138941120206,0.29521138941120206,0.7980707920672403,2.681911070662668,-0.30304294635992335,10.067182080517462,-4.3709042150999995,Q2,Q4: Highest,FALSE,FALSE
41019,"Douglas County, OR",0.940061098860713,1.0233277514187369,0.0832666525580239,0.08880007350238883,0.008861289422271823,-3.0999999999999996,0.2477054864368753,0.036644030749974243,0.036644030749974466,-1.8015686181305501,4.936280240969145,5.676815299915205,-0.6936040558162269,-1.7465479970000004,Q2,Q3,FALSE,FALSE
41021,"Gilliam County, OR",0.6614310645724258,1.0450913242009132,0.3836602596284874,0.3237347294938918,0.007990867579908634,-0.1999999999999993,0.4478166248758102,0.052863436123347984,0.052863436123347984,-2.048700816629551,45.78087847676626,,,-1.1565303304000008,Q1: Lowest,Q4: Highest,TRUE,FALSE
41023,"Grant County, OR",0.8648269410664172,1.0315696649029982,0.16674272383658095,0.12160898035547241,0.005996472663139296,1.1000000000000014,0.3826886229207742,-0.009357368928030851,-0.00935736892803074,-0.5707664266118351,5.7275587925963976,,,-0.45685682509999914,Q1: Lowest,Q3,TRUE,FALSE
41025,"Harney County, OR",1.038978054372748,1.0597743214394633,0.020796267066715224,0.03308221421552571,-0.014028667276608786,-1.9000000000000021,0.065238298781791,0.009007779445885156,0.009007779445885156,-0.4701206925857626,15.571094431596984,,,-4.096702930899999,Q4: Highest,Q4: Highest,FALSE,FALSE
41027,"Hood River County, OR",1.0411876635217632,0.994593586875466,-0.04659407664629722,-0.013716007294061638,0.051752423564504046,-4.299999999999999,0.45963654869696136,0.09898477157360408,0.09898477157360408,2.077646443037123,5.580456483728426,,,-3.7092819820000003,Q4: Highest,Q2,FALSE,TRUE
41029,"Jackson County, OR",0.9734305616937096,1.029602758052897,0.056172196359187465,0.081128859145148,0.018400740969435003,0.1999999999999993,0.27113025437488725,0.1094239575801399,0.1094239575801399,-1.0470938215471293,-0.4234606916685424,4.114629203721449,4.836632810010691,-1.5834522370000013,Q3,Q3,FALSE,FALSE
41031,"Jefferson County, OR",0.9756450306606502,1.059054305182738,0.08340927452208768,0.08284160592386902,0.022919677885608114,-3.8000000000000007,0.3321248383743629,0.12794474177759474,0.12794474177759474,-1.772943095900212,0.4290541272185031,,,-5.331655627,Q3,Q4: Highest,FALSE,FALSE
41033,"Josephine County, OR",0.9442484121383204,1.015442352651655,0.0711939405133345,0.11392715780430185,0.018057093638488952,-1.5999999999999996,0.2774597543605042,0.07022973601154803,0.07022973601154803,-4.250418990120853,0.9491110259149798,3.7705904579250387,-0.4624930573678867,-1.2770780871999996,Q3,Q3,FALSE,FALSE
41035,"Klamath County, OR",0.9252257036643654,1.031380673610583,0.10615496994621765,0.0810054876969375,0.019387212042879964,0.7999999999999989,0.2709711437062601,0.02203184207767306,0.02203184207767328,-1.8728376054285123,0.563367598220319,2.7409453442067218,3.401528029833127,-1.6198274999999995,Q2,Q3,TRUE,FALSE
41037,"Lake County, OR",0.9317109144542772,1.020035885167464,0.08832497071318679,0.0861356932153392,-0.012559808612440104,1.4000000000000004,0.2892078967922649,-0.0013959390862944288,-0.0013959390862940957,-1.2428922129736508,-2.5352327097335623,,,-3.1393165236,Q2,Q3,FALSE,FALSE
41039,"Lane County, OR",0.97599310667134,1.0173430701944708,0.041349963523130806,0.092043463021381,0.04289662102750913,-0.40000000000000036,0.32282080924855494,0.10794156198164973,0.10794156198164973,0.21183538491233445,1.6073281455995208,3.1808155606688615,3.9722600676676585,-1.9663500065000008,Q3,Q3,FALSE,FALSE
41041,"Lincoln County, OR",0.8958450704225353,1.0173639950166111,0.12151892459407587,0.11037558685446014,0.06680855481727577,-1.0999999999999996,0.32862298581812643,0.09092100091707067,0.09092100091707067,-1.9411326259361983,2.165219522031294,,,-2.500497082999999,Q2,Q3,TRUE,FALSE
41043,"Linn County, OR",0.9808335300133744,1.0523037035703355,0.07147017355696117,0.05125481866100223,0.02246988711042297,-1.200000000000001,0.37021085688649613,0.14891261998370697,0.1489126199837072,-2.5614472619282456,-3.251365149309013,2.8761327857821612,2.6984256189840323,-1.9647856239999992,Q3,Q4: Highest,FALSE,FALSE
41045,"Malheur County, OR",0.9482078401745992,1.0531701794112525,0.10496233923665321,0.04482498111306976,-0.01680891830691511,3.3999999999999986,0.16396121883656511,-0.0274543487942992,-0.0274543487942992,-1.3612394152093366,6.154870911346765,,,-2.102925097,Q3,Q4: Highest,FALSE,FALSE
41047,"Marion County, OR",1.0140217248689671,1.053336024968117,0.039314300099149824,0.06473265152509133,0.023615890899070124,-3,0.46004467338286914,0.13309052527332188,0.1330905252733221,-0.7090526270816688,2.2461948922268635,4.094009937306367,3.7557993803256835,-3.636702147000001,Q4: Highest,Q4: Highest,FALSE,FALSE
41049,"Morrow County, OR",1.0134846720993402,1.054490792934987,0.0410061208356467,0.030267753201396963,0.002630590003757982,-2.4000000000000004,0.29382101504166225,0.05023533671252722,0.05023533671252722,-7.916210024963291,26.397788269569723,,,-0.9231936960000002,Q4: Highest,Q4: Highest,FALSE,FALSE
41051,"Multnomah County, OR",1.066738475621956,1.0069377011742282,-0.0598007744477278,0.03781207431952793,0.043138947330564115,-3,0.48271135117440056,0.16488415718566518,0.1648841571856654,2.058158401521509,-7.998656402464867,2.5978436940613108,12.41825251592249,-4.699051952,Q4: Highest,Q3,FALSE,FALSE
41053,"Polk County, OR",0.9542355206160756,1.087879098886437,0.13364357827036144,0.14011444462270706,0.005952686406322183,-1.4000000000000004,0.4673327724021876,0.18263246829965252,0.18263246829965252,-1.3172962006677502,-9.117497579062197,3.2737128285245944,4.914705358648888,-0.7143350948000009,Q3,Q4: Highest,FALSE,FALSE
41055,"Sherman County, OR",0.905464480874317,1.0485549132947978,0.1430904324204808,0.13551912568306013,-0.026589595375722475,-3,0.5026029934424587,0.03911266783420908,0.03911266783420886,-3.1045335889138768,1.0921112182451438,,,-0.9286985870999995,Q2,Q4: Highest,FALSE,FALSE
41057,"Tillamook County, OR",0.8831693161746151,1.027532833020638,0.14436351684602278,0.15097989738413664,0.04099437148217633,-1.8000000000000007,0.24843045045475165,0.07102959236223905,0.07102959236223905,-2.541430895456104,13.051410741798918,,,-2.5267663039000006,Q2,Q3,TRUE,FALSE
41059,"Umatilla County, OR",0.9279365260248996,1.0429555872620746,0.11501906123717498,0.0776046266488134,0.015178652742782517,-1.1999999999999993,0.4295244401932652,0.04956307476874611,0.04956307476874611,-1.946436470530824,4.17573615582231,5.782680217768046,3.2159003525782754,-2.834888327,Q2,Q4: Highest,FALSE,FALSE
41061,"Union County, OR",0.954252352736145,1.0210753850310728,0.06682303229492781,0.05585569884977348,0.024497883454922098,-3.0999999999999996,0.36092092393348874,0.06222538890868079,0.06222538890868079,-1.3933978246576384,-5.772410076072385,,,-3.499219115999999,Q3,Q3,TRUE,FALSE
41063,"Wallowa County, OR",0.8917965304322258,1.0696202531645569,0.17782372273233105,0.1511320199941194,-0.0027786353812904174,-2.0999999999999996,0.3472089355430876,0.04706565950029051,0.047065659500290735,0.8579492377715492,7.30231629779295,,,0.7519486531000004,Q2,Q4: Highest,FALSE,FALSE
41065,"Wasco County, OR",1.018154190658989,0.99884,-0.019314190658989094,0.00983685220729369,0.022719999999999962,-2.4000000000000004,0.42311725928885346,0.09124371191362313,0.09124371191362313,-1.5338629420352108,0.8543372906781213,,,-0.5862814109999999,Q4: Highest,Q2,FALSE,FALSE
41067,"Washington County, OR",0.9928177098566832,1.0356283996564557,0.04281068979977254,0.039598566832407145,0.04257085599770971,-0.40000000000000036,0.38793927512516,0.18227662024754254,0.18227662024754254,-0.06494476327359444,-1.9239776230810328,3.8822828832352485,4.6341626682289885,-4.515508514,Q3,Q4: Highest,FALSE,FALSE
41069,"Wheeler County, OR",1.0972927241962775,1.1036906854130053,0.006397961216727754,0.030456852791878153,0.03514938488576447,0.3999999999999986,0.31440255826824925,-0.06131078224101483,-0.061310782241014716,-4.262491530453966,-11.750122215238493,,,1.7380148946,Q4: Highest,Q4: Highest,FALSE,FALSE
41071,"Yamhill County, OR",1.041236998098647,1.0455412259662642,0.004304227867617305,0.04569958617604297,0.03711713128612437,-1.0999999999999996,0.3883196721311475,0.11707953063885257,0.11707953063885279,0.7208498554697573,-11.938195182462382,4.3521943803915235,2.097245836029696,-4.112180789,Q4: Highest,Q4: Highest,FALSE,FALSE
42001,"Adams County, PA",0.9557902108211704,0.9854243038764527,0.029634093055282307,0.07113371664455259,0.0582442867171048,0.1999999999999993,0.2766045704804283,0.024944777218363745,0.024944777218363745,0.02696857290943877,-0.5160417259696239,6.799019956180231,2.8596909697582085,-2.2144580626000003,Q3,Q2,TRUE,TRUE
42003,"Allegheny County, PA",0.9922339598838588,0.963402607923476,-0.02883135196038278,0.04373660817344427,0.06532427674523678,-0.7999999999999989,0.3964699797422524,-0.00526551720188928,-0.00526551720188928,1.986841378137616,0.04952665246913446,4.441853925704564,9.736731863003982,-0.3559311619999992,Q3,Q1: Lowest,FALSE,TRUE
42005,"Armstrong County, PA",0.9848110488137096,0.9567735742892132,-0.028037474524496453,0.04178149450410218,0.06973819216893395,-2,0.39888604321555565,-0.07316200157491592,-0.07316200157491581,3.6405327986718445,-3.898808405948351,4.224787287585343,1.5822565783389688,-0.8604469028999997,Q3,Q1: Lowest,TRUE,TRUE
42007,"Beaver County, PA",0.9373560544375944,0.9607919871834067,0.02343593274581235,0.08915900895661277,0.06876689209847253,1.799999999999999,0.34598478256018916,-0.04781570739017549,-0.0478157073901756,0.3968062576866549,0.8187992753962741,3.6730982011174262,7.372699946373402,-1.0289977802999992,Q2,Q1: Lowest,TRUE,TRUE
42009,"Bedford County, PA",0.9979695209816164,1.0308483290488433,0.03287880806722687,0.049823151827431134,0.04416919841084366,-2.1999999999999993,0.41806728180463715,-0.040109042073402934,-0.040109042073402934,-1.1545990652932214,-1.5777663399047255,,,-0.4314395018999999,Q4: Highest,Q3,FALSE,FALSE
42011,"Berks County, PA",0.9930192994341074,0.993094874756954,7.557532284663271e-5,0.04680456585186954,0.06373157246697192,-0.9000000000000004,0.2812238692512352,0.0393388331856781,0.0393388331856781,0.29191301600992314,-3.9019667477300413,4.128127955000608,4.018037938965275,-1.7596216759999983,Q3,Q2,FALSE,FALSE
42013,"Blair County, PA",0.916918115490844,0.98273700798682,0.06581889249597594,0.0921979021983812,0.045378030872819775,1.0999999999999996,0.2247034529126446,-0.041078962281972164,-0.041078962281972164,1.2783690908852618,-0.6007808129393923,2.321665103141214,6.755501562607481,-2.119549430400001,Q2,Q2,TRUE,TRUE
42015,"Bradford County, PA",1.0143392152231856,0.9836952351722552,-0.030643980050930386,0.0348527278248254,0.050448860584669686,0.3000000000000007,0.35754692043351843,-0.032401392297451204,-0.032401392297451204,-1.2587204629462723,-2.6670378448431467,,,-2.5129583250000014,Q4: Highest,Q2,FALSE,TRUE
42017,"Bucks County, PA",0.9332698793684951,1.0010330855317413,0.06776320616324616,0.0789410676228115,0.058153486142661026,0.5,0.3239446582163874,0.011159823348397602,0.011159823348397602,2.2182943669495443,2.4367216172601056,4.059313346414356,8.312295049446611,-2.1026912824000004,Q2,Q3,TRUE,FALSE
42019,"Butler County, PA",0.9686645204730042,1.006302564960877,0.03763804448787278,0.06604805790514667,0.05645633708523368,-1.0000000000000009,0.3434277992706809,0.03392041389179368,0.0339204138917939,-0.10786249758946431,2.836366534330644,4.698637023825242,10.514717317836055,-1.5581125160999996,Q3,Q3,FALSE,FALSE
42021,"Cambria County, PA",0.9016402188991022,0.948283665227684,0.04664344632858186,0.09716315300071643,0.07032446734438103,1,0.30966183574879236,-0.10387313037313384,-0.10387313037313384,-0.021122461575096008,-1.1800958241484656,7.2359956388494595,3.2653169062395726,-1.0167088228,Q2,Q1: Lowest,TRUE,TRUE
42023,"Cameron County, PA",0.9061864061864062,0.8867586912065439,-0.019427714979862287,0.19780219780219777,0.11707566462167684,1.9000000000000004,0.1567719223948545,-0.1568069776260903,-0.15680697762609008,-0.15480537634545155,-5.021685909441662,,,-2.143756570700001,Q2,Q1: Lowest,TRUE,TRUE
42025,"Carbon County, PA",0.9774193548387096,1.0104843229698988,0.0330649681311892,0.03935146090187469,0.056542810985460434,-0.7999999999999989,0.3716186861180344,-0.002440199567913748,-0.002440199567913637,-0.16370141654071524,-12.219764704746623,,,-1.0092018080000003,Q3,Q3,FALSE,FALSE
42027,"Centre County, PA",1.010845314823996,0.9863541542100158,-0.024491160613980156,0.017517765658568885,0.06446898127848422,1.200000000000001,0.3573207614303504,0.08620182209795457,0.08620182209795457,0.3797348940055262,-5.616711683254653,0.17887187443035657,2.99655822536581,-2.4509627743000006,Q4: Highest,Q2,FALSE,TRUE
42029,"Chester County, PA",0.969370867183072,1.0373087608091716,0.06793789362609959,0.04480634800680139,0.05265235996542483,0.40000000000000036,0.23203461116668067,0.07987765244078027,0.07987765244078027,1.9917246025228597,-4.2360864037255475,1.2421920672782818,6.788674370590343,-2.787507561,Q3,Q4: Highest,FALSE,FALSE
42031,"Clarion County, PA",0.8763239243906147,0.9176749703440096,0.041351045953394894,0.12704606496731363,0.0808422301304863,-2.4000000000000004,0.36504455486772347,-0.048540805465481784,-0.048540805465481784,0.6502817168450303,1.3005558847545529,,,-0.4538224576000012,Q2,Q1: Lowest,TRUE,TRUE
42033,"Clearfield County, PA",0.8897752087347464,0.9797614589035176,0.08998625016877126,0.1234168272318561,0.04226325948546572,-1.6000000000000014,0.2809414716631211,-0.040008236633639394,-0.040008236633639394,-0.5846653433346477,3.905344116053592,2.274735151700142,2.1855321072164617,-0.34948974299999946,Q2,Q2,TRUE,TRUE
42035,"Clinton County, PA",0.9653179190751444,0.9369891008174388,-0.028328818257705612,0.07312684044061513,0.08685286103542234,0.09999999999999964,0.37298218100208214,-0.005841632569031585,-0.005841632569031585,0.528368586668107,-2.6664858993875042,,,-1.671665793899999,Q3,Q1: Lowest,TRUE,TRUE
42037,"Columbia County, PA",0.9497153148965838,0.9999670706006324,0.050251755704048606,0.0845340460144085,0.04764884088514221,1.5999999999999996,0.2910325506303568,-0.018611396459000562,-0.018611396459000562,-0.05265938561373473,-2.5202326553662937,4.323745896779613,8.44819290787958,-1.9905666764000003,Q3,Q3,TRUE,FALSE
42039,"Crawford County, PA",0.9420781170545076,0.9704882033153904,0.028410086260882816,0.08542993437779989,0.054417396427519305,-1.5,0.35637543630017454,-0.054889216474582336,-0.05488921647458245,-1.597834147714039,-1.6079077813091036,4.004128218516556,4.358559667068942,-1.270068569000001,Q3,Q2,TRUE,TRUE
42041,"Cumberland County, PA",0.98063671216578,1.0320280452233077,0.051391333057527744,0.04151105529299004,0.04008989248304895,0.7999999999999998,0.290266730663741,0.1077833839050708,0.1077833839050708,-0.12554233231842904,0.029335389060658024,2.121511885314419,6.180643935230336,-0.6041604570000008,Q3,Q3,FALSE,FALSE
42043,"Dauphin County, PA",0.9871757053172984,1.0012602261366677,0.014084520819369284,0.035178882081536966,0.044438812148861584,0.3000000000000007,0.21530861234449383,0.05778499102989021,0.05778499102989021,1.3065737471715841,-2.6416501131917722,1.5967868594762678,4.954296374425695,-1.8559379929999995,Q3,Q3,FALSE,FALSE
42045,"Delaware County, PA",0.9712516537223788,1.030023193883687,0.058771540161308256,0.051490445767017445,0.06038284225295654,0.20000000000000107,0.2782466829812382,0.02132034397998983,0.02132034397998961,3.272229980830435,-0.6077858778243584,3.2549522253030005,6.818055195187483,-1.1294353869999991,Q3,Q3,FALSE,FALSE
42047,"Elk County, PA",0.9347903763697,0.9105667810395222,-0.024223595330177816,0.10505002382086703,0.11672385309442113,0.20000000000000107,0.3142342598516623,-0.08902628453080741,-0.08902628453080741,-1.119206484867391,0.0680454341837482,,,-0.9992198411999986,Q2,Q1: Lowest,TRUE,TRUE
42049,"Erie County, PA",0.9419880467425888,0.9692494063282204,0.027261359585631584,0.08015670066307867,0.06469417880752193,2.200000000000001,0.22561076360202992,-0.03175110294249617,-0.03175110294249628,0.06639931808826438,-1.3382306761814329,1.9475547982134032,6.451916349151425,-1.7030454899999992,Q3,Q2,TRUE,TRUE
42051,"Fayette County, PA",0.8670274757731053,0.9444516069619672,0.07742413118886182,0.15125245461947412,0.07190349019246711,-2,0.5079863181347475,-0.07766179838611864,-0.07766179838611864,-0.877606346701687,-1.7333544393952853,5.854504542822184,4.304017889713526,-0.18415221739999943,Q1: Lowest,Q1: Lowest,TRUE,TRUE
42053,"Forest County, PA",0.7422083704363313,0.9262987012987012,0.18409033086236992,0.20480854853072128,0.06493506493506496,5,0.3529720337038129,-0.03527689030883918,-0.03527689030883929,-3.134110787172015,13.268021889414635,,,-3.4183322072999998,Q1: Lowest,Q1: Lowest,TRUE,TRUE
42055,"Franklin County, PA",0.8987004499409296,0.9968609985780592,0.09816054863712964,0.1290752331397833,0.03644729428809057,0.1999999999999993,0.3136733154542406,0.07033278099972384,0.07033278099972384,0.27087857093057444,-5.176321995398661,5.716635821120505,6.494298559416501,-2.9386818659999996,Q2,Q2,TRUE,FALSE
42057,"Fulton County, PA",0.8525406632202749,0.9247392974753018,0.07219863425502693,0.17715294414323546,0.12856750823271135,-0.10000000000000142,0.2670473706693046,-0.02483221476510067,-0.02483221476510067,-1.8123582672550125,-8.821461729261836,,,-3.0266418674000004,Q1: Lowest,Q1: Lowest,TRUE,TRUE
42059,"Greene County, PA",0.999006979515406,0.9331000999571613,-0.0659068795582447,0.09419508596720194,0.08160788233614169,-3.900000000000002,0.5049323300273871,-0.07322999795375484,-0.07322999795375496,-3.7601396132545704,-5.40741230375752,,,-0.23333878759999926,Q4: Highest,Q1: Lowest,FALSE,TRUE
42061,"Huntingdon County, PA",0.8603408502424557,0.97527665317139,0.11493580292893435,0.133327056164964,0.05743589743589739,0.9000000000000004,0.3619565762422905,-0.014366184882756206,-0.014366184882756317,0.15670254416955132,-6.113201487053238,,,-2.537846300599999,Q1: Lowest,Q2,TRUE,TRUE
42063,"Indiana County, PA",0.9183541046696352,0.9323233714364412,0.013969266766805988,0.09887454411205332,0.07368131111417164,-4.899999999999999,0.4885239242085715,-0.05023723452327156,-0.05023723452327178,-0.36645490048353435,-0.8009632216152993,7.2895526167898765,2.981785534928111,-1.2206391727000003,Q2,Q1: Lowest,TRUE,TRUE
42065,"Jefferson County, PA",0.8941373231478552,0.9293218482374028,0.035184525089547614,0.12136690322289023,0.0655247958573989,3.1999999999999993,0.40038050071688547,-0.042130804014558265,-0.042130804014558154,-1.6053789632794553,-5.705174788161489,,,-1.3250080870000005,Q2,Q1: Lowest,TRUE,TRUE
42067,"Juniata County, PA",0.92268126080158,0.9910395824271422,0.06835832162556221,0.08386141058349106,0.025141365811222283,1.9000000000000004,0.36846961953435553,0.021660202987045185,0.021660202987044963,-0.16902322898366684,-2.5722552662513167,,,-0.8850898659999995,Q2,Q2,TRUE,FALSE
42069,"Lackawanna County, PA",0.9616336031008658,0.9951684836471756,0.03353488054630982,0.05082731956252862,0.057799801783944504,1.5999999999999996,0.2917709938366717,-0.017980169825724923,-0.017980169825724812,2.466919502597537,-2.2663063404907153,4.56282594250554,6.893872534939188,-1.6180575987,Q3,Q2,TRUE,FALSE
42071,"Lancaster County, PA",0.9775692616509176,1.011871254848253,0.03430199319733529,0.06077603348040983,0.04888692382626447,1.9000000000000004,0.2773867635372913,0.0771456599274829,0.07714565992748268,1.3130749092984146,-3.508651122993216,4.015969788689063,4.753934519782117,-1.5434307140000012,Q3,Q3,FALSE,FALSE
42073,"Lawrence County, PA",0.9532311506281136,0.9613748840086608,0.008143733380547191,0.06617243927439154,0.06678523559129812,-2,0.25564039408867,-0.07059245492190813,-0.07059245492190802,-0.17123741704597462,1.8951512008502227,5.83134697715991,3.6099119042241874,-0.16551535499999837,Q3,Q1: Lowest,TRUE,TRUE
42075,"Lebanon County, PA",0.9411818838220096,1.021980354554903,0.08079847073289348,0.08170401936771765,0.04242362137869449,1.5999999999999996,0.3032432890168515,0.08919051789033805,0.08919051789033805,-0.5976053751443222,-4.668900917906374,2.954357196252971,3.5851691638061887,-1.8627609069999984,Q2,Q3,FALSE,FALSE
42077,"Lehigh County, PA",0.99456784446881,1.0130450351191296,0.018477190650319608,0.05090840495643667,0.05383831428177932,2.4000000000000004,0.26507491541807626,0.08352696803267134,0.08352696803267157,0.8592104009769591,-3.982251767129296,5.113345962454318,2.5390591219724605,-1.4930876479999995,Q4: Highest,Q3,FALSE,FALSE
42079,"Luzerne County, PA",0.957776902370166,1.0028978563083346,0.04512095393816862,0.054907753922920355,0.055922391272956395,3.5,0.2821564816814224,-0.0025610246612534082,-0.0025610246612535192,1.1318388206052883,-4.814005357512594,4.763413122972764,1.8307432971084658,-0.2336207720000001,Q3,Q3,FALSE,FALSE
42081,"Lycoming County, PA",1.003903255035896,0.963364382091383,-0.04053887294451297,0.05551683278734232,0.05734437289175098,0.5999999999999996,0.2955635347133527,-0.02767670179533832,-0.02767670179533832,-0.013869224968543481,2.8847601910598524,6.621189851564182,6.265998740140535,-1.4083196412000003,Q4: Highest,Q1: Lowest,FALSE,TRUE
42083,"McKean County, PA",0.8890016920473773,0.9311511773404618,0.04214948529308449,0.127773749093546,0.08628142418382434,0.9000000000000004,0.40362064876544834,-0.07764786014303549,-0.0776478601430356,1.4008336344700723,3.374618615576727,,,-1.7335964080999986,Q2,Q1: Lowest,TRUE,TRUE
42085,"Mercer County, PA",0.9512341218528942,0.9375235700817096,-0.013710551771184631,0.0768806571841485,0.08049444793630844,1.9000000000000004,0.3212602271339602,-0.07105625074282218,-0.07105625074282218,0.4334781224422324,0.7246900788629578,2.5307242073613168,5.93628776797771,-0.3837827852000011,Q3,Q1: Lowest,TRUE,TRUE
42087,"Mifflin County, PA",0.9115849391125834,1.010651974288338,0.09906703517575455,0.10894415154201464,0.03314967860422402,-0.5999999999999996,0.3615216864550521,-0.008871989860583018,-0.008871989860582907,-1.8863652850536843,-3.7198703113671057,,,-1.2515840629999992,Q2,Q3,FALSE,FALSE
42089,"Monroe County, PA",0.96814933387111,0.9754068442978868,0.007257510426776803,0.06435674762727028,0.07763080059909633,3.0999999999999996,0.12666285223859242,0.01744227735551407,0.01744227735551407,1.1654586144820205,-3.7053143052174136,1.912262650918251,4.6084853189378805,-0.4433828597999998,Q3,Q2,FALSE,TRUE
42091,"Montgomery County, PA",0.964332459955674,1.018647549686935,0.05431508973126098,0.05379705490401954,0.05414316722215884,0.7000000000000002,0.24809082922213954,0.0582612682603767,0.05826126826037692,2.1466021971255245,4.086800453010335,3.157976949604034,7.679876613440115,-1.8633767199999998,Q3,Q3,FALSE,FALSE
42093,"Montour County, PA",0.9914700343414202,1.0458116695551705,0.05434163521375024,0.06137144123186,0.01005199306759097,-1.3000000000000007,0.40314741462370196,0.006792953001601543,0.006792953001601765,-2.5969881172392824,6.686676122050246,,,-0.18362627900000028,Q3,Q4: Highest,FALSE,FALSE
42095,"Northampton County, PA",0.9861956573838854,1.0211566912375416,0.03496103385365623,0.050739175984826135,0.055271490863787354,0,0.27261750754635616,0.04117498601694347,0.04117498601694325,-0.1764921866330732,-7.555876261038879,4.986564295270625,6.364357442526373,-2.3051660251,Q3,Q3,FALSE,FALSE
42097,"Northumberland County, PA",0.910410199556541,0.9934240526075792,0.08301385305103814,0.09361419068736143,0.05037559699522409,0.40000000000000036,0.2965455724943238,-0.030780556503926304,-0.030780556503926193,0.7476298887512528,-2.048811438800952,2.3708981771700905,0.0589636383131662,-1.5792024465,Q2,Q2,TRUE,FALSE
42099,"Perry County, PA",0.9570870441942532,0.9951597931308844,0.03807274893663126,0.043900184842883494,0.049462935950139286,0.3000000000000007,0.3148572577402493,0.017996215954591444,0.017996215954591444,0.40991757291446995,-4.254050011255737,,,-1.733108464999999,Q3,Q2,TRUE,FALSE
42101,"Philadelphia County/city, PA",1.0558041668153235,0.9993993767014848,-0.0564047901138387,-0.005964971296442689,0.06484707051047578,-0.5,0.34339984759109266,0.0607744277975959,0.0607744277975959,6.1034978648461955,-0.42271538761565,6.587781564927738,9.923310408374391,-2.174432229999999,Q4: Highest,Q3,FALSE,FALSE
42103,"Pike County, PA",0.9142213450510166,1.0296396671501642,0.1154183220991476,0.12567960080434948,0.07607450950454231,0.5,0.21937598417988058,-0.014445405901778341,-0.014445405901778452,-1.1516759768911256,-17.57083979800814,,,-1.2336790775999997,Q2,Q3,FALSE,FALSE
42105,"Potter County, PA",0.9204720369420216,0.8896276595744681,-0.03084437736755352,0.11518727552591068,0.06205673758865249,-3.3000000000000007,0.30740938166311294,-0.064159918455178655,-0.064159918455178655,-2.194735850652191,11.807877524759622,,,-2.646460040600001,Q2,Q1: Lowest,TRUE,TRUE
42107,"Schuylkill County, PA",0.9135676745809062,0.9923697182544056,0.07880204367349941,0.0993861360755437,0.04249019638723084,-0.20000000000000107,0.376239084983397,-0.04736263958433018,-0.04736263958432996,0.13855192789048731,-3.2814106029925725,8.266514081122907,0.9121132830281784,-1.075176711600001,Q2,Q2,TRUE,FALSE
42109,"Snyder County, PA",0.9504663212435234,0.9651369619352544,0.014670640691731074,0.08119170984455959,0.07633277430502616,-0.3999999999999986,0.37527204139865544,0.027408067184120144,0.027408067184120144,3.5226542203370763,-2.1729591853908543,,,-1.6178459360000002,Q3,Q1: Lowest,FALSE,TRUE
42111,"Somerset County, PA",0.877711898665948,0.9637328548401812,0.08602095617423322,0.12073844495351027,0.06313676591344541,1.0999999999999996,0.31112595164952594,-0.0642502229583386,-0.0642502229583386,-0.727470065995453,-0.6298456736734281,6.933643933686099,2.4620888455238887,-0.8076497857000007,Q2,Q1: Lowest,TRUE,TRUE
42113,"Sullivan County, PA",0.989209885137487,0.9868370850820296,-0.002372800055457369,0.051862164984336934,0.08164822586798937,0.3000000000000007,0.4270577522695289,-0.07034482758620686,-0.07034482758620686,1.7515534798736743,-11.052673465443341,,,-1.5725768279000008,Q3,Q2,FALSE,TRUE
42115,"Susquehanna County, PA",0.9984191616766468,0.9858833718244804,-0.012535789852166412,0.05394011976047908,0.06420323325635102,0,0.42909677572421656,-0.06885245901639347,-0.06885245901639359,-2.7481445450319555,-1.4474749675610816,,,-0.8510180824000013,Q4: Highest,Q2,TRUE,TRUE
42117,"Tioga County, PA",1.0187316922760676,0.9950552167463326,-0.023676475529735064,0.047946965414461196,0.042799846162298816,-1,0.3347203079083556,-0.01885378646878244,-0.01885378646878222,-0.6131409507969365,-3.0739450587452675,,,-0.9169429104999995,Q4: Highest,Q2,FALSE,TRUE
42119,"Union County, PA",1.0505201904426027,0.9860406091370558,-0.06447958130554687,0.04949156527361431,0.05543377941855099,-1.1999999999999993,0.4051662884778473,0.0017169870222539796,0.0017169870222539796,-1.2559332020624259,-5.168978884817809,,,-0.4203300003999999,Q4: Highest,Q2,FALSE,TRUE
42121,"Venango County, PA",0.9009402283411686,0.8972498966989578,-0.0036903316422107757,0.07577134278829056,0.05940957715440065,-1.9000000000000004,0.4686113393590796,-0.0872275265717889,-0.0872275265717889,0.3632627889268547,-0.5655290215532589,,,-2.1346647652,Q2,Q1: Lowest,TRUE,TRUE
42123,"Warren County, PA",0.9235599826764832,0.8914638406894142,-0.032096141987069005,0.08907174823155772,0.08763246768370792,0.5999999999999996,0.3170719491122185,-0.06605819412339442,-0.06605819412339442,-0.67149401043132,-2.0942908795221427,,,1.048731183300001,Q2,Q1: Lowest,TRUE,TRUE
42125,"Washington County, PA",0.9867892497952012,0.98363153755407,-0.003157712241131261,0.04443391663952467,0.06244593000393239,0.3000000000000007,0.3912397606213658,0.002938053612206115,0.002938053612206115,-0.590595793733989,0.4716704418073032,4.552072898341592,6.900940501122172,-1.0582364559999995,Q3,Q2,FALSE,TRUE
42127,"Wayne County, PA",0.842953781342407,1.0080100975775523,0.16505631623514538,0.1489852959047272,0.05912908393611338,1.200000000000001,0.3474710221285564,-0.01872337173535088,-0.01872337173535088,0.8030705637365909,3.3684469062394635,,,-2.1558754049000006,Q1: Lowest,Q3,TRUE,FALSE
42129,"Westmoreland County, PA",0.9685169427899294,0.9680858460611398,-4.310967287896039e-4,0.053912163327048956,0.06669640994738912,1,0.2921868882411798,-0.047551580866897036,-0.04755158086689715,-0.21158492861410583,-0.11989036627122662,3.1640296560920405,5.24112077745173,-1.0581588009999994,Q3,Q2,TRUE,TRUE
42131,"Wyoming County, PA",0.965591319545587,0.9708448866416572,0.005253567096070277,0.047261870084474245,0.07543630729081718,-1,0.31646148817954023,-0.052780429172411325,-0.052780429172411325,-3.9882048384435014,-4.020903853629094,,,-1.8889179920999997,Q3,Q2,TRUE,TRUE
42133,"York County, PA",0.9801409163206805,1.0116459251367973,0.03150500881611684,0.045437765756240256,0.04895206483507297,0.5999999999999996,0.2553090994967937,0.056808474085649374,0.05680847408564915,0.6211489481750848,-9.0023272242404,4.249968684944363,3.377240195310371,-1.7584831639999994,Q3,Q3,FALSE,FALSE
44001,"Bristol County, RI",0.9064835609881816,1.0016378911669492,0.09515433017876762,0.11811052612201323,0.06489902882688459,0.09999999999999964,0.40512984418697573,-0.0478257453745532,-0.047825745374553086,4.779466942343919,3.3628194162636706,,,-1.5099593248000005,Q2,Q3,TRUE,FALSE
44003,"Kent County, RI",0.9247604317636116,1.0192758762519871,0.09451544448837557,0.09655194791148414,0.06172949297997932,1.5,0.28013658469285696,-0.019240068053607118,-0.019240068053607118,2.6725761371562182,8.129950776099285,2.8152152408292324,5.1225530568667565,-0.6753654022000006,Q2,Q3,FALSE,FALSE
44005,"Newport County, RI",0.9386571388798663,0.9917492934808642,0.05309215460099781,0.09247830727112427,0.06875987929300187,0.1999999999999993,0.3032588724494729,-0.009640327698748785,-0.009640327698748896,1.7162456617326267,4.078307810870601,4.919342711457375,2.993913245768482,-2.475447807,Q2,Q2,TRUE,TRUE
44007,"Providence County, RI",0.9479199787163632,1.0154488207597223,0.06752884204335907,0.06735167965530886,0.065172770297516,-1.4000000000000004,0.3132433403046242,0.015610942442498166,0.015610942442498166,3.0833625089884853,5.337448910005689,7.546934392237873,4.645046004302518,-2.293917173999999,Q3,Q3,FALSE,FALSE
44009,"Washington County, RI",0.9210295511451244,1.014111127979353,0.09308157683422869,0.09622158407718095,0.06474874753301962,1.7000000000000002,0.2983794662301189,-0.010386540052799598,-0.010386540052799598,1.253111782951466,4.065894457763993,4.053797420643164,7.2165534783519405,-1.9194448653,Q2,Q3,TRUE,FALSE
45001,"Abbeville County, SC",0.8559329589016671,0.9896616541353384,0.13372869523367126,0.15752875100294195,0.03059732664995818,-2.599999999999998,0.2918900897396717,-0.04731015731209942,-0.04731015731209931,3.0915541442451513,0.13687437872419528,,,-2.217096958500001,Q1: Lowest,Q2,TRUE,FALSE
45003,"Aiken County, SC",0.9277595598043576,1.0344691134696646,0.10670955366530699,0.080994330813695,0.01608275979027407,-2.9000000000000004,0.259815984924066,0.10372446936323598,0.10372446936323598,2.550279072498926,-1.851493762176113,6.275791478732742,6.424439639754244,-4.7489155610000005,Q2,Q4: Highest,FALSE,FALSE
45005,"Allendale County, SC",0.690436005625879,0.9440924338427134,0.2536564282168343,0.269760900140647,0.11852404025344765,-6.599999999999998,0.26478341267655514,-0.19458607583202003,-0.19458607583201992,8.436782620774185,-0.26000492373587303,,,-5.1133375828,Q1: Lowest,Q1: Lowest,TRUE,TRUE
45007,"Anderson County, SC",0.9633462329773684,1.0558008696821626,0.09245463670479415,0.06984177525227786,0.03325189402429729,-0.9000000000000004,0.3071406298721546,0.11575769927785706,0.11575769927785706,3.590700526253654,-1.3841015419363298,9.28634401165094,7.602413608789192,-2.8968091650000005,Q3,Q4: Highest,FALSE,FALSE
45009,"Bamberg County, SC",0.8407456946998829,1.0072564612326045,0.16651076653272157,0.19478348102324028,0.05606361829025841,-3.1999999999999993,0.2896685022428067,-0.13311968445704425,-0.13311968445704414,5.676733780760623,6.438997265431552,,,-5.3784441140000006,Q1: Lowest,Q3,TRUE,FALSE
45011,"Barnwell County, SC",0.9109597086808412,0.9412753692806533,0.030315660599812055,0.11182896746152937,0.08646571394259639,3.099999999999998,0.19849024541681648,-0.08686709553192418,-0.08686709553192418,4.2183304166980236,-4.659167839557782,,,-3.610146038,Q2,Q1: Lowest,TRUE,TRUE
45013,"Beaufort County, SC",0.9678941034897712,1.0379911696904185,0.07009706620064726,0.06612113918973128,0.03723577447545612,-0.20000000000000107,0.36305779483111666,0.26887742634286815,0.2688774263428684,4.613488692644174,0.9533653880268531,3.6981666407642706,4.4342762786159184,-6.505951702000001,Q3,Q4: Highest,FALSE,FALSE
45015,"Berkeley County, SC",1.0417466536934283,1.1357680715594018,0.09402141786597351,0.03722355168695923,0.02285171581691492,0.09999999999999964,0.409141262872851,0.38198322751996505,0.38198322751996505,5.707190169097428,-2.0721813302860603,3.4968165514503085,8.776936497197571,-3.3244707800000004,Q4: Highest,Q4: Highest,FALSE,FALSE
45017,"Calhoun County, SC",0.9209312704552216,1.0064775336175795,0.08554626316235792,0.10949122285034218,0.02820596917021978,0.8000000000000007,0.20308627781610067,-0.04633027522935784,-0.04633027522935762,4.33849186365167,-0.16529269478155495,,,-1.3377602719000006,Q2,Q3,TRUE,FALSE
45019,"Charleston County, SC",1.006658788774003,1.0651545233743391,0.05849573460033608,0.05109010339734121,0.039353824779903346,-3.5,0.5007294331564369,0.22025703921434858,0.2202570392143488,3.687267435890673,9.777742304218862,3.6231643768966535,9.68057206096318,-3.680212933,Q4: Highest,Q4: Highest,FALSE,FALSE
45021,"Cherokee County, SC",0.8715582954971467,0.9707294077312076,0.09917111223406094,0.16236930895155577,0.0431559098311477,-0.8000000000000007,0.24038080126933759,0.05201314557438441,0.052013145574384634,3.1795753415931243,1.1943210021560358,,,-1.7266014710000004,Q1: Lowest,Q2,TRUE,TRUE
45023,"Chester County, SC",0.8094162847128606,0.9992076667672803,0.1897913820544197,0.19580749528174712,0.025958345910051306,-2.400000000000002,0.2430863589069603,-0.030168135470869606,-0.030168135470869828,1.204298220116612,-0.6673275596224442,,,-4.251338333,Q1: Lowest,Q2,TRUE,FALSE
45025,"Chesterfield County, SC",1.0670542189478531,0.981195288014698,-0.08585893093315511,0.07315528951306549,0.042905003782557016,-1.1000000000000014,0.2684858628728555,-0.0012689244771155739,-0.001268924477115685,0.8476303639293664,-4.662489668452085,,,-3.982324351999999,Q4: Highest,Q2,FALSE,TRUE
45027,"Clarendon County, SC",0.9677526872760605,0.9710132235747438,0.003260536298683392,0.08399300058328474,0.033015150188282716,1.4000000000000021,0.2541648330923494,-0.014744525547445209,-0.014744525547445209,2.0015832642608036,0.5098954914110012,,,-3.2072544477999987,Q3,Q2,FALSE,TRUE
45029,"Colleton County, SC",0.927133655394525,1.0018783365188164,0.07474468112429145,0.11247367769106897,0.04547551571871089,-0.6999999999999993,0.17592139008154906,-0.028066554881981176,-0.028066554881981176,-0.01763676142574888,-3.4867993687619796,,,-3.789228068,Q2,Q3,TRUE,FALSE
45031,"Darlington County, SC",0.9269714636391532,1.018899430740038,0.09192796710088491,0.09460979850669937,0.026907020872865228,0.9000000000000021,0.11596591773596399,-0.027318255486282417,-0.027318255486282528,2.0886234007594013,2.1163081516034175,5.522049215110869,1.7361570121078493,-1.907162463999999,Q2,Q3,TRUE,FALSE
45033,"Dillon County, SC",0.8940527925317882,1.0246820243707195,0.13062923183893138,0.09681313375181066,-8.894423196654788e-4,-0.8999999999999986,0.22443838641775082,-0.03035026882575642,-0.03035026882575631,3.0195702860009472,-1.028251860037507,,,-3.199255748999999,Q2,Q3,TRUE,FALSE
45035,"Dorchester County, SC",1.0179340854520935,1.0707178585913208,0.05278377313922733,0.036081965595500476,0.038650804380154113,-1.3999999999999986,0.2693003562568781,0.2888208099806846,0.2888208099806848,2.24397231300249,-25.46672589737169,1.1308241396782108,5.891241357076829,-4.398572149,Q4: Highest,Q4: Highest,FALSE,FALSE
45037,"Edgefield County, SC",0.936623748211731,1.057967645965043,0.12134389775331189,0.08307105388650449,0.03477129044254368,-3,0.27154255319148946,0.028951043671913368,0.028951043671913368,2.0143264851349816,2.05021833450434,,,-3.2174274225999993,Q2,Q4: Highest,FALSE,FALSE
45039,"Fairfield County, SC",0.8922482810586795,0.9739379171522408,0.08168963609356128,0.15315060751624754,0.04216548363174066,1.3000000000000007,0.24351846432960733,-0.0656436844085797,-0.0656436844085796,6.937365668082848,4.304805188183065,,,-2.427415398500001,Q2,Q2,TRUE,TRUE
45041,"Florence County, SC",0.9936274918675452,1.0329299373807956,0.03930244551325046,0.04445741930102598,0.024828261346566016,-0.8000000000000007,0.2328156349855095,0.03391224384518199,0.03391224384518199,0.8023044676188668,-3.153641222105837,7.78537400475885,4.613192840798508,-3.978962024000001,Q3,Q3,FALSE,FALSE
45043,"Georgetown County, SC",0.7953023663453112,1.055337472461446,0.2600351061161348,0.24052585451358455,0.02323252553575006,-0.1999999999999993,0.2975785229714396,0.03986595218740141,0.03986595218740141,6.353619569772862,3.603980639942642,,,-4.004730757600001,Q1: Lowest,Q4: Highest,TRUE,FALSE
45045,"Greenville County, SC",0.991751304509877,1.0742882828888225,0.08253697837894547,0.06579388743943348,0.02920787134152436,-1.5,0.3453736394593352,0.22331471832137773,0.22331471832137795,3.2606665902898873,-8.854181396380927,5.2005573409409465,7.164215376499868,-2.964797383999999,Q3,Q4: Highest,FALSE,FALSE
45047,"Greenwood County, SC",0.959292569971139,0.9804205178861216,0.021127947914982625,0.07701859185180215,0.041452056727580566,3,0.08731572177698621,0.0383149065955013,0.0383149065955013,2.559870272386608,-0.7895938893852381,7.886940427142875,1.9971781850861205,-3.605426132,Q3,Q2,TRUE,TRUE
45049,"Hampton County, SC",0.990680766688698,0.9718716433941996,-0.018809123294498353,0.09134170522141438,0.045112781954887216,1.8999999999999986,0.12792792792792795,-0.0973467950223057,-0.0973467950223057,4.121753612153093,-5.385602300955881,,,-4.886071261,Q3,Q2,FALSE,FALSE
45051,"Horry County, SC",0.9499817726494644,1.0768707899155094,0.12688901726604507,0.0828868953274583,0.05847726639341477,-1.3000000000000007,0.2487895716945996,0.402500950630585,0.4025009506305848,3.093886540474591,-1.6090413760308522,2.2882492226904816,3.950725852980426,-5.2238759034,Q3,Q4: Highest,FALSE,FALSE
45053,"Jasper County, SC",1.005602099525588,1.1288351534061365,0.1232330538805484,0.07328151811850203,0.014560582423296942,-3.6000000000000014,0.3906686380811566,0.30917243480910717,0.30917243480910717,7.833481603317099,20.119185755130932,,,-4.968126453,Q4: Highest,Q4: Highest,FALSE,FALSE
45055,"Kershaw County, SC",0.892972027972028,1.0691945158526135,0.17622248788058548,0.12279720279720274,0.01942302199371604,-0.3999999999999986,0.21220861404679403,0.12076456719434159,0.12076456719434159,2.6423116915305274,-2.0368225364776826,,,-3.669108978999999,Q2,Q4: Highest,FALSE,FALSE
45057,"Lancaster County, SC",1.0567405843013025,1.1474114983705253,0.09067091406922279,0.10517423442449847,0.0021145856655969686,-6.099999999999998,0.7176141408162717,0.4101634438305708,0.410163443830571,2.661477207504631,5.414165610495019,15.584037366420958,12.288225809928143,-2.5371014580000004,Q4: Highest,Q4: Highest,FALSE,FALSE
45059,"Laurens County, SC",0.8491859334316278,1.02719805400832,0.17801212057669225,0.16293879599711392,0.037016146090389945,-1.0999999999999979,0.31273721812904665,0.004778776871315449,0.004778776871315227,5.152402420589786,4.348077237497409,16.22118943417763,5.3165865671865795,-1.6166235469999997,Q1: Lowest,Q3,TRUE,FALSE
45061,"Lee County, SC",0.7534556258881282,1.0161990950226245,0.2627434691344963,0.2548766309262369,0.005610859728506834,-0.8000000000000007,0.23850499211770892,-0.15164347650736032,-0.15164347650736032,2.6251995322358583,-2.6967987988791196,,,-3.3618486851,Q1: Lowest,Q3,TRUE,FALSE
45063,"Lexington County, SC",0.9948844332838362,1.0687389519510306,0.07385451866719439,0.044042075147519566,0.014061153233700052,1,0.21588949843260186,0.21215932743922972,0.21215932743922972,-0.31998726700130375,-0.6675501376566189,0.29011796164773784,2.860400333529821,-3.621017386,Q4: Highest,Q4: Highest,FALSE,FALSE
45065,"McCormick County, SC",0.9610091743119266,1.0305218247456516,0.06951265043372501,0.10917431192660554,0.04364949130292095,-1.5,0.33007956689361007,-0.06878567211178899,-0.06878567211178899,-0.05240045546677785,10.807347266161791,,,-5.0966698628,Q3,Q3,FALSE,FALSE
45067,"Marion County, SC",0.9548775425487754,0.9970482427820312,0.042170700233255753,0.13399750933997512,0.014574301263721057,0.5999999999999979,0.15722566196812005,-0.09411382306010285,-0.09411382306010274,8.94035611718281,2.6241187813336326,,,-4.048162174,Q3,Q2,TRUE,FALSE
45069,"Marlboro County, SC",0.7801044841097083,0.866072429644579,0.08596794553487064,0.24841097083151942,0.0836416638636619,2.8999999999999986,0.18142940230592908,-0.10619075322542004,-0.10619075322542004,3.667201846930665,-5.7245150688918205,,,-3.0011433309999997,Q1: Lowest,Q1: Lowest,TRUE,TRUE
45071,"Newberry County, SC",0.998745938550989,1.0466790524849048,0.04793311393391575,0.05489368979079978,0.009173246632605658,-2.6999999999999993,0.2767942463410955,0.037208925824991246,0.037208925824991246,2.2765981961176545,0.3690438248991924,,,-4.412076373,Q4: Highest,Q4: Highest,FALSE,FALSE
45073,"Oconee County, SC",1.048375890220601,1.0413252094440213,-0.007050680776579776,0.04592669793295123,0.02226961157654228,-0.8000000000000007,0.2356015989025284,0.09859543966743556,0.09859543966743556,0.2877514210573917,1.9545511007958707,5.548901861319237,6.581308173678998,-3.9743850433,Q4: Highest,Q4: Highest,FALSE,FALSE
45075,"Orangeburg County, SC",0.8717330861909175,0.988045738045738,0.11631265185482054,0.10824837812789623,0.03938223938223939,3.1000000000000014,0.16702819956616044,-0.06964567184159953,-0.06964567184159942,3.9181211748954974,-6.308694768097383,6.350053675437749,4.418577922614187,-5.010732472000001,Q1: Lowest,Q2,TRUE,TRUE
45077,"Pickens County, SC",0.890415097021821,1.0476840166450645,0.15726891962324352,0.13145923661951808,0.03245446483389047,-1.0999999999999979,0.2472381221586224,0.0861961220733638,0.08619612207336402,1.4881711350295979,-2.8544222095795053,8.736354063697945,3.455534709248397,-2.499445961900001,Q2,Q4: Highest,FALSE,FALSE
45079,"Richland County, SC",0.9886192642302436,1.031973015345147,0.04335375111490336,0.04569013727219795,0.024656753289942546,3.5,0.10710025739217777,0.1356091458601354,0.1356091458601354,3.7690273610896137,-7.795166025355533,3.004805049759554,4.782099941067251,-3.1914549910000005,Q3,Q3,FALSE,FALSE
45081,"Saluda County, SC",0.8947954976039229,0.9863538424706728,0.09155834486674996,0.12660202830714362,0.04524778549197994,-0.6999999999999993,0.27009340997741726,0.054385332440644696,0.054385332440644696,5.636984075398116,9.493199686406044,,,-4.573795535999999,Q2,Q2,TRUE,FALSE
45083,"Spartanburg County, SC",0.9544025887562512,1.0534513777104442,0.099048788954193,0.09355597875733501,0.010706507771179652,-0.7999999999999989,0.3505344995140913,0.16618346917564675,0.16618346917564697,2.4115638084575397,1.6183408920664366,8.67647917072513,7.359287963247265,-2.0038735380000006,Q3,Q4: Highest,FALSE,FALSE
45085,"Sumter County, SC",0.9271510914604504,0.9842000832863826,0.05704899182593226,0.09296511493321602,0.022536315312446376,-0.6999999999999993,0.2847265382224984,0.006668930518610727,0.006668930518610727,2.0404257564663935,1.2651183569513371,9.694134434791934,5.182331065189619,-4.211581821999999,Q2,Q2,TRUE,TRUE
45087,"Union County, SC",0.9199428162973552,0.933970982349136,0.01402816605178081,0.11543959971408146,0.06191664356344151,2.1999999999999993,0.19405355699835591,-0.06001376462491392,-0.06001376462491392,0.446398188585137,3.441896966471377,,,-1.4694236109999999,Q2,Q1: Lowest,TRUE,TRUE
45089,"Williamsburg County, SC",0.7895538930451649,0.8364478042979699,0.046893911252805065,0.27653089498476036,0.08162745264588467,-8.499999999999996,0.28655823518414647,-0.14321182710754998,-0.14321182710754998,4.40573580993619,-2.6966394635613917,,,-3.4552720543,Q1: Lowest,Q1: Lowest,TRUE,TRUE
45091,"York County, SC",1.0417983168463014,1.0843165144482707,0.04251819760196929,0.030503469658939908,4.6414133852368256e-4,-3.5,0.2657694298602382,0.346716832822086,0.34671683282208576,1.3157356885596883,-16.721385791265057,10.035796451619774,7.4948605414910965,-3.5959389159999997,Q4: Highest,Q4: Highest,FALSE,FALSE
46003,"Aurora County, SD",1.1686962750716332,0.9693069306930692,-0.19938934437856404,-0.035816618911174825,0.05478547854785476,-0.3000000000000007,0.49575371549893843,0.002185792349726823,0.002185792349726823,-1.0097333472436354,-21.81581263047913,,,4.006146141,Q4: Highest,Q2,FALSE,TRUE
46005,"Beadle County, SD",0.9991860212719774,0.9781099540924868,-0.02107606717949062,0.01866724549598442,0.03258313738663088,0.09999999999999964,0.37765731292517013,0.11910970950330513,0.11910970950330535,-0.6078143460969687,-23.40131955236546,,,0.48647763700000013,Q4: Highest,Q2,FALSE,TRUE
46007,"Bennett County, SD",0.8570919458303635,0.9984189723320158,0.1413270265016523,0.24233784746970777,0.032411067193675924,-3,0.18638811816549694,-0.029140219272937085,-0.029140219272937196,-4.896919673563477,-8.35559015663945,,,-0.9027226980000016,Q1: Lowest,Q2,TRUE,FALSE
46009,"Bon Homme County, SD",0.9857889578569096,1,0.014211042143090435,0.05586409670042469,0.010424710424710382,-0.09999999999999964,0.3865922376112487,-0.022521246458923505,-0.022521246458923727,2.4802110024505275,0.8465948811458535,,,0.5240780107000003,Q3,Q3,TRUE,FALSE
46011,"Brookings County, SD",0.9068146892056594,1.0136802575107295,0.1068655683050701,0.09750410683058663,0.0429184549356223,-2.5,0.30842198581560276,0.13771853005092272,0.1377185300509225,1.256864487347925,-9.208664516835718,,,1.0139278000000012,Q2,Q3,FALSE,FALSE
46013,"Brown County, SD",1.0011567237645205,0.9574863599053643,-0.043670363859156125,0.012108682811577065,0.03659890879242911,-1.4000000000000004,0.40363661283322294,0.08425225426425831,0.08425225426425831,1.886229109319082,-12.150665874529219,,,-1.5830806469999992,Q4: Highest,Q1: Lowest,FALSE,TRUE
46015,"Brule County, SD",1.005965697240865,1.0493387589013226,0.04337306166045751,0.06189410887397462,0.028145133943709766,0,0.6851928660306927,0.042921835006891174,0.042921835006891174,2.65282131170122,-14.92306027666401,,,1.4075389339999997,Q4: Highest,Q4: Highest,FALSE,FALSE
46017,"Buffalo County, SD",1.36830835117773,1.0073770491803278,-0.3609313019974023,0.09635974304068518,0.03770491803278686,-10.5,0.5251029277218664,0.012906556530717594,0.012906556530717594,1.2931418261908663,,,,-10.654419155,Q4: Highest,Q3,FALSE,FALSE
46019,"Butte County, SD",0.9440499040307102,1.03609678698929,0.09204688295857988,0.08598848368522072,0.03312177707259023,-1.0999999999999996,0.300989276348246,0.06234083732301121,0.06234083732301099,-0.40082855460015776,-17.256878643096172,,,-2.652815169,Q3,Q4: Highest,FALSE,FALSE
46021,"Campbell County, SD",0.9899882214369848,0.9591240875912408,-0.030864133845744046,0.06713780918727918,0.004379562043795637,-0.9000000000000004,0.6200208128577209,-0.06648575305291726,-0.06648575305291704,-3.1333981831071833,,,,-1.8032112872,Q3,Q1: Lowest,FALSE,FALSE
46023,"Charles Mix County, SD",1.0027968471904398,1.009076962413705,0.006280115223265215,0.03152809560132219,0.03988749680388648,-2.6999999999999993,0.5772657450076806,0.02855877794996675,0.02855877794996675,2.0224409497514584,14.952862344016115,,,-0.46668651499999925,Q4: Highest,Q3,FALSE,FALSE
46025,"Clark County, SD",1.0476457399103138,1.089820359281437,0.04217461937112321,0.047645739910313956,-0.015568862275449069,-2.3000000000000007,0.47581546175436684,0.006736728644570089,0.006736728644570089,-3.542008380539885,-4.532289270223313,,,5.21158211,Q4: Highest,Q4: Highest,FALSE,FALSE
46027,"Clay County, SD",0.9841607240811848,0.9908199975189182,0.006659273437733426,0.06417992320351074,0.04924947277012781,-0.6000000000000014,0.3968744868356231,0.020674646354733373,0.020674646354733595,-0.7366376122097756,4.16524558924637,,,-2.2320173111,Q3,Q2,FALSE,TRUE
46029,"Codington County, SD",0.9335355936444388,1.040933012799688,0.10739741915524925,0.10628049543350426,0.02163602105126372,-2.4000000000000004,0.47251880048277783,0.03598905163485733,0.03598905163485733,0.7082413841321161,-3.3334850927246444,,,-4.862237724000002,Q2,Q4: Highest,FALSE,FALSE
46031,"Corson County, SD",1.0204613095238095,0.9409751924721984,-0.07948611705161113,0.07068452380952384,0.09751924721984606,4.199999999999996,0.30328519282653543,-0.007770762506070894,-0.007770762506070783,-4.167364951678676,-20.546592125541746,,,-0.23931963299999737,Q4: Highest,Q1: Lowest,FALSE,TRUE
46033,"Custer County, SD",0.8177801724137931,1.1000772797527048,0.28229710733891167,0.17737068965517244,0.01597114889232354,-0.40000000000000036,0.3116257030429139,0.11758844045839556,0.11758844045839578,-0.08088312856358026,-3.5334976712136146,,,-2.1161965023000002,Q1: Lowest,Q4: Highest,FALSE,FALSE
46035,"Davison County, SD",1.0097920920735104,1.0059662533793232,-0.003825838694187178,0.030165212548728393,0.024237904353500483,-0.10000000000000142,0.35385740919925435,0.021911012350782855,0.021911012350782855,1.3221723801194325,8.029158062830376,,,-3.923730343999999,Q4: Highest,Q3,FALSE,FALSE
46037,"Day County, SD",1.0063359884141927,0.9754865269461078,-0.03084946146808487,0.03041274438812458,0.036302395209580784,0.29999999999999893,0.4370676188350815,-0.057023643949930425,-0.057023643949930536,0.6324600362080324,-14.70156846816908,,,-1.301205243,Q4: Highest,Q2,FALSE,FALSE
46039,"Deuel County, SD",0.8662432640492687,1.0860238832375055,0.21978061918823688,0.13433410315627403,-0.053958425475453264,-0.10000000000000142,0.5869041535878532,0.0016114180478821183,0.0016114180478821183,4.382635958824011,20.926213274990655,,,-1.2968524540000015,Q1: Lowest,Q4: Highest,TRUE,FALSE
46041,"Dewey County, SD",0.8359278984022941,1.0657690315898498,0.22984113318755572,0.17738631708316266,-0.05126877265665453,-1.5,0.6207389263114922,0.09070714550166614,0.09070714550166614,-4.9614415276455075,-4.15331074734585,,,-3.887229197,Q1: Lowest,Q4: Highest,TRUE,FALSE
46043,"Douglas County, SD",1.0221480582524272,0.9844428364688856,-0.03770522178354152,0.029733009708737823,0.03979739507959479,-2.1000000000000014,0.5597249672911506,-0.05162337662337657,-0.05162337662337657,2.307978604780647,7.739188233881832,,,2.942147758000001,Q4: Highest,Q2,FALSE,TRUE
46045,"Edmunds County, SD",1.1347020530796197,1.0029085140137493,-0.13179353906587044,0.039058587881822704,0.016393442622950838,-1.6000000000000014,0.47190348657215164,-0.04893194237456533,-0.04893194237456533,-1.2730094446989915,-2.4016003576647327,,,0.5272599595000003,Q4: Highest,Q3,FALSE,FALSE
46047,"Fall River County, SD",0.8282800441014333,1.0331535532994924,0.20487350919805913,0.204244762954796,0.013959390862944177,0.9000000000000004,0.27764850282558107,-0.0522377523648172,-0.0522377523648172,-0.6733085189031818,-1.162820557228911,,,-2.1405174099,Q1: Lowest,Q3,TRUE,FALSE
46049,"Faulk County, SD",1.0131938125568698,0.9918347742555236,-0.021359038301346223,0.034576888080072754,0.05955811719500481,2,0.3973528743467394,-0.04447215295095597,-0.04447215295095597,1.5251518764548944,,,,6.4165671237,Q4: Highest,Q2,FALSE,FALSE
46051,"Grant County, SD",1.0812747035573125,0.9971520554730064,-0.08412264808430603,0.021492094861660038,0.01634472511144136,-0.8000000000000007,0.4391804457225017,-0.04715578975814083,-0.04715578975814072,0.02153542693952848,3.0555727357595974,,,-0.11559696100000139,Q4: Highest,Q2,FALSE,FALSE
46053,"Gregory County, SD",0.8589403973509934,1.0391211146838155,0.18018071733282215,0.10905077262693152,0.0037513397642015,-3.1999999999999993,0.48759412846583605,-0.019217248652449004,-0.019217248652449004,-1.0830946347912318,16.285410050010093,,,2.1616054932999997,Q1: Lowest,Q4: Highest,TRUE,FALSE
46055,"Haakon County, SD",0.8856382978723404,1.0061936936936935,0.1205553958213531,0.0700354609929078,0.024774774774774744,-0.5999999999999996,0.2542201131954227,-0.02963719979560553,-0.02963719979560553,-1.3115382887630311,,,,1.2516620608999993,Q2,Q3,TRUE,FALSE
46057,"Hamlin County, SD",1.0484943977591037,1.119973413094051,0.07147901533494738,0.026960784313725505,-0.016284479893652337,-0.5999999999999996,0.49970431697220574,0.0821629213483146,0.08216292134831482,-2.5041175041175032,2.9403468125906853,,,1.4829141260000007,Q4: Highest,Q4: Highest,FALSE,FALSE
46059,"Hand County, SD",1.0024684585847503,1.009217877094972,0.006749418510221705,0.025233132199670827,0.04525139664804467,0.20000000000000107,0.41052393970555046,-0.058424313956919494,-0.058424313956919605,1.9606653252952189,1.6443969229998165,,,0.19523858400000016,Q4: Highest,Q3,FALSE,FALSE
46061,"Hanson County, SD",0.9224826851358552,1.0176540993417116,0.0951714142058564,0.10655301012253593,0.008378216636744429,-1.0999999999999996,0.6824886373381356,0.010535557506584636,0.010535557506584858,-1.2250796709404876,53.436248003097916,,,-3.1425454540000004,Q2,Q3,TRUE,FALSE
46063,"Harding County, SD",1.0625,1.0006234413965087,-0.06187655860349128,-0.010752688172043001,0.03615960099750626,0.40000000000000036,0.5975697543839442,0.018838304552590168,0.01883830455259039,1.4651274340194143,,,,4.8992108532,Q4: Highest,Q3,FALSE,FALSE
46065,"Hughes County, SD",0.9366044075501532,1.0077274706138442,0.07112306306369098,0.04970846921632577,0.024270787984327358,-1.1999999999999993,0.3026948146706878,0.04395997140814867,0.043959971408148446,0.9285231777405034,-7.312835817827524,,,-2.046691128999999,Q2,Q3,TRUE,FALSE
46067,"Hutchinson County, SD",1.0179615705931495,1.0266806173162435,0.008719046723093982,0.012252854358117515,-0.0018310227569970916,-0.3000000000000007,0.5547229136643521,-0.01949973103819258,-0.01949973103819269,0.4100826834610327,-13.6185017097206,,,4.000385753,Q4: Highest,Q3,FALSE,FALSE
46069,"Hyde County, SD",0.9424119241192412,0.9884726224783862,0.04606069835914495,0.05962059620596205,0.05187319884726227,0,0.6911145461329353,-0.11315610088616224,-0.11315610088616224,5.149279943800495,,,,3.785861669999999,Q3,Q2,FALSE,TRUE
46071,"Jackson County, SD",1.0257475083056478,0.96415770609319,-0.0615898022124578,0.0714285714285714,0.04898446833930703,-1,0.3828994925340441,0.11170212765957444,0.11170212765957444,-3.7494731600470566,-3.085869897180088,,,-0.4097517049999979,Q4: Highest,Q1: Lowest,FALSE,TRUE
46073,"Jerauld County, SD",0.8585043988269795,1.1317689530685922,0.27326455424161267,0.15322580645161288,-0.07099879663056563,1.3000000000000007,0.45176732535485664,0.0034895314057825644,0.0034895314057825644,-1.0662525879917173,18.46546797758736,,,-6.1810018810999985,Q1: Lowest,Q4: Highest,TRUE,FALSE
46075,"Jones County, SD",0.6974789915966386,0.9246411483253588,0.2271621567287202,0.16246498599439774,0.0861244019138756,0,0.4582063922893702,-0.10946745562130178,-0.10946745562130167,0.2228608375023311,,,,7.4257732982,Q1: Lowest,Q1: Lowest,TRUE,TRUE
46077,"Kingsbury County, SD",0.9978865797816132,1.0521472392638036,0.05426065948219039,0.04332511447692855,8.179959100204082e-4,-0.8000000000000007,0.530062197650311,-0.04597257098705809,-0.04597257098705809,-2.262791544458559,-8.92268718739493,,,2.8927652249999998,Q4: Highest,Q4: Highest,FALSE,FALSE
46079,"Lake County, SD",0.9233353695784972,1.0153546375681994,0.09201926798970228,0.11178985949908371,0.03600935307872177,-1.6999999999999993,0.5220889269732458,0.17188644688644694,0.17188644688644672,-1.0475315170720256,-183.64680824632376,,,-0.26791696289999933,Q2,Q3,TRUE,FALSE
46081,"Lawrence County, SD",0.9552959501557632,1.0826968272620447,0.12740087710628156,0.055685358255451733,0.017920094007050524,-1.0999999999999996,0.3033658961214818,0.097736057426836,0.097736057426836,4.197660196302336,3.49003933126004,,,-4.5058446619999994,Q3,Q4: Highest,FALSE,FALSE
46083,"Lincoln County, SD",1.2649005046177282,1.1234338292873922,-0.14146667533033597,-0.004474911929924774,-0.009201252936570148,0.09999999999999964,0.3463490031381242,0.5570045848191543,0.5570045848191543,-0.8029734318999504,-14.593534237603219,,,-6.930447509,Q4: Highest,Q4: Highest,FALSE,FALSE
46085,"Lyman County, SD",0.8978634705575821,1.006931886678722,0.10906841612113993,0.07712350182386662,0.03013863773357439,-1.7999999999999972,0.4789050417568821,0.004249667994687956,0.004249667994687734,1.8533040166879344,-11.63825698703906,,,3.176582230000001,Q2,Q3,TRUE,FALSE
46087,"McCook County, SD",1.089807555238774,1.0128813559322034,-0.07692619930657063,0.11867426942266568,0.02745762711864408,0,0.4927671154397022,-0.019828040007018766,-0.019828040007018433,3.564229586607448,-8.070052302189058,,,3.126979422,Q4: Highest,Q3,FALSE,FALSE
46089,"McPherson County, SD",0.9960456942003516,0.9666958808063104,-0.02934981339404119,0.08435852372583474,0.05083260297984227,2.8999999999999986,0.4474644351464434,-0.05520254169976169,-0.055202541699761576,3.2049751060976295,-1.6117664459439742,,,0.41010825529999995,Q4: Highest,Q1: Lowest,FALSE,TRUE
46091,"Marshall County, SD",1.048213411649535,1.0314893617021277,-0.016724049947407282,0.05041605482134115,0.010212765957446801,-1.799999999999999,0.5396618646937765,0.07492920932258773,0.07492920932258751,-1.0305804084090098,-12.386376852469159,,,2.898815718,Q4: Highest,Q3,FALSE,FALSE
46093,"Meade County, SD",1.0383790029712776,1.0379585540875864,-4.204488836911935e-4,0.06330472103004292,0.017235597880759124,-1.1000000000000014,0.30215140134164087,0.13350670134026799,0.13350670134026799,0.74128884901693,16.28279771442076,,,-6.907786243699999,Q4: Highest,Q4: Highest,FALSE,FALSE
46095,"Mellette County, SD",0.8187361419068736,1.0014224751066856,0.18268633319981198,0.1452328159645233,0.06258890469416789,-1,0.3568214777079537,0.010294117647058787,0.010294117647058787,3.894465545306569,7.332962297000314,,,-7.895289423999998,Q1: Lowest,Q3,TRUE,FALSE
46097,"Miner County, SD",0.948685326547922,1.0560263653483992,0.10734103880047718,-0.00932994062765058,0.05178907721280601,-1.0999999999999996,0.4395964830076349,-0.08429752066115703,-0.08429752066115714,5.093666995262735,13.337261688098577,,,3.6927374966999995,Q3,Q4: Highest,FALSE,FALSE
46099,"Minnehaha County, SD",1.0296026802072973,1.039768187287038,0.010165507079740621,0.012354080510914467,0.009772136552750221,-0.9000000000000004,0.276851234156104,0.1806916620307255,0.18069166203072573,1.0502589129727595,3.3715298461476504,2.844470988429279,5.215974332550783,-0.6128271839999986,Q4: Highest,Q4: Highest,FALSE,FALSE
46101,"Moody County, SD",0.988677303139475,1.0040625,0.015385196860525086,0.06047349459598561,0.015312499999999951,-0.20000000000000107,0.3339380559987759,9.132420091324533e-4,9.132420091324533e-4,-0.3466971975206512,0.0033330000333298138,,,-2.389823924,Q3,Q3,TRUE,FALSE
46102,"Oglala Lakota County, SD",0.9175973849087442,1.0757575757575757,0.15816019084883148,0.13402342685916646,-0.06397306397306401,,,,,1.2506573217425598,,,,,Q2,Q4: Highest,FALSE,FALSE
46103,"Pennington County, SD",0.98111292021837,1.058548468387747,0.07743554816937703,0.03970884014941101,0.014896119168953392,-0.40000000000000036,0.3301201011378003,0.18645393399030197,0.18645393399030197,1.703818704945198,3.188646063284101,1.7617599833893962,5.568481985209736,-4.293801904000002,Q3,Q4: Highest,FALSE,FALSE
46105,"Perkins County, SD",0.907618476304739,0.9942528735632185,0.08663439725847943,0.11337732453509297,0.04916985951468711,0.8000000000000007,0.46689159454305407,-0.03307458656766793,-0.03307458656766782,1.1582013867756424,3.0978932135076054,,,5.3196815937999995,Q2,Q2,FALSE,FALSE
46107,"Potter County, SD",0.9487975174553918,0.9724025974025974,0.02360507994720562,0.10240496508921648,0.04951298701298701,-1.0999999999999996,0.5330461668560555,-0.08421948107188426,-0.08421948107188426,3.8134051132136415,25.560172139692906,,,-2.4805355012000003,Q3,Q2,FALSE,TRUE
46109,"Roberts County, SD",1.010015076459186,0.9719101123595506,-0.038104964099635374,0.038121903941417234,0.04239983040067841,-1.7999999999999972,0.3975629199407813,0.04085720008011218,0.04085720008011218,-0.5572541760767713,3.1790321343087946,,,-0.9254034149999981,Q4: Highest,Q2,FALSE,TRUE
46111,"Sanborn County, SD",0.8778389538885065,1.0682684973302825,0.19042954344177598,0.1376462491397109,-0.011441647597254079,-0.7000000000000011,0.37262856171205083,-0.02129436325678502,-0.02129436325678513,7.622127486546754,-15.37653102666961,,,1.3044699289999997,Q2,Q4: Highest,TRUE,FALSE
46115,"Spink County, SD",0.9992672919109028,0.9416900530090428,-0.05757723890185995,0.07473622508792499,0.05830994699095726,-0.8000000000000007,0.3661035585765693,-0.028345016763181907,-0.028345016763182018,1.2440621201099455,-0.5759654938876597,,,0.9684268610000011,Q4: Highest,Q1: Lowest,FALSE,TRUE
46117,"Stanley County, SD",0.9332638164754952,1.0278422273781902,0.09457841090269503,0.058394160583941646,0.019721577726218076,-1.2000000000000002,0.4398496240601504,0.07345807345807343,0.07345807345807343,4.250354250354254,9.280572224406958,,,-2.2741715199999994,Q2,Q3,TRUE,FALSE
46119,"Sully County, SD",0.8715736040609137,0.9478922716627636,0.07631866760184991,0.14213197969543145,0.051522248243559665,-1.9000000000000004,0.48407628014218473,-0.03133704735376042,-0.03133704735376064,0.39679276612380465,3.662121597455989,,,-4.064306358,Q1: Lowest,Q1: Lowest,TRUE,FALSE
46121,"Todd County, SD",0.7253313696612665,0.9701971572673086,0.24486578760604205,0.15375552282768779,0.03576341127922966,0.6000000000000014,0.3947433163851075,0.056691932301941694,0.05669193230194147,1.2390205864004993,-16.517402131784596,,,-7.005444097000002,Q1: Lowest,Q2,TRUE,TRUE
46123,"Tripp County, SD",1.0804794520547945,0.9949582753824756,-0.08552117667231884,0.0373287671232877,0.030598052851182223,0.40000000000000213,0.41738935196879123,-0.06189655172413788,-0.061896551724137994,1.54780683250344,8.570907984713763,,,3.1960562800000005,Q4: Highest,Q2,FALSE,FALSE
46125,"Turner County, SD",1.064996536596629,1.0308491817779744,-0.03414735481865461,0.11498499191872547,0.021671826625387025,1.5999999999999996,0.3841151478366427,-0.002735815391935237,-0.002735815391935237,1.652510550482006,0.24148644304954892,,,-0.3158220949999997,Q4: Highest,Q3,FALSE,FALSE
46127,"Union County, SD",0.9648901237686284,1.0292297111416782,0.06433958737304979,0.07943925233644855,0.022466758367721273,-0.10000000000000053,0.47337184597285376,0.16530134581626688,0.16530134581626665,3.352462693981612,-1.3281468182431908,,,-2.0822677400000007,Q3,Q3,FALSE,FALSE
46129,"Walworth County, SD",0.8440508278783211,0.9717019543973942,0.12765112651907307,0.15633423180592987,0.043973941368078195,-1.5999999999999996,0.4864700955901464,0.010410857036623922,0.010410857036623922,-0.954258689169557,-4.795404391297858,,,1.8983291309999988,Q1: Lowest,Q2,TRUE,TRUE
46135,"Yankton County, SD",0.9515303947480604,0.9935854990895548,0.0420551043414944,0.072469946286981,0.03285879821221649,-2.700000000000001,0.37835144927536235,0.0339920232052211,0.0339920232052211,0.8613740047817536,-2.0454812455972577,,,-1.7814149100000005,Q3,Q2,FALSE,FALSE
46137,"Ziebach County, SD",1.1325369738339022,0.9773429454170958,-0.1551940284168064,0.1183162684869169,0.06488156539649848,-8.199999999999996,0.4825236704716396,-0.008989572096368192,-0.008989572096368192,1.3187890613680087,-1.1146286563029562,,,-4.2197764104,Q4: Highest,Q2,FALSE,TRUE
47001,"Anderson County, TN",0.916154970760234,1.0273150416462518,0.11116007088601776,0.08681286549707601,0.04501469867711905,-0.8000000000000007,0.21194036948096717,0.046181027453112256,0.04618102745311248,-1.5727313935715221,4.008019899233643,4.522696381030329,2.383375730240939,-1.3803947440000002,Q2,Q3,FALSE,FALSE
47003,"Bedford County, TN",0.913613406795225,1.0261295473179994,0.11251614052277448,0.15973370064279158,0.04859103266732834,-3.799999999999999,0.27007941294732607,0.13817024589037952,0.13817024589037952,2.7961788999857546,-2.0259372271355645,,,-3.424727979,Q2,Q3,FALSE,FALSE
47005,"Benton County, TN",0.961109413202934,0.9897922954020948,0.02868288219916082,0.07166870415647919,0.0557429433694302,-0.29999999999999716,0.24195204976963924,-0.020012128562765352,-0.020012128562765463,-2.4829131399782653,-17.10506367495452,,,0.3970711071000004,Q3,Q2,TRUE,FALSE
47007,"Bledsoe County, TN",0.8472491909385114,1.0250850340136055,0.17783584307509415,0.16720604099244873,0.03843537414965992,6,0.2330111095080074,0.15627878415719998,0.15627878415719976,2.001247547402479,1.9871819852530548,,,-2.5912898740999992,Q1: Lowest,Q3,FALSE,FALSE
47009,"Blount County, TN",0.9629832876028936,1.0356229275225013,0.07263963991960765,0.0765111831711981,0.042033791252171215,-1.5,0.2507479037626934,0.10952897040433518,0.10952897040433496,-0.23899773766544452,-0.2958531651552736,4.30986302544332,3.176675188721692,-2.3125054564000003,Q3,Q4: Highest,FALSE,FALSE
47011,"Bradley County, TN",0.9953742000087074,0.956911091478596,-0.03846310853011137,0.0839827593713266,0.038370412015099165,-1.1999999999999993,0.3346374676083532,0.12221807008802532,0.12221807008802532,-2.5472070809331173,-1.7431464744666734,6.580359468026202,3.367361269664382,-2.018260585,Q4: Highest,Q1: Lowest,FALSE,TRUE
47013,"Campbell County, TN",0.8898125661622766,1.00489941596366,0.1150868498013834,0.149947070178716,0.051524983776768285,-2,0.34770889487870615,-0.015760869565217384,-0.015760869565217495,2.0165223569066053,-2.8725149121639175,,,-1.3602344439999996,Q2,Q3,FALSE,FALSE
47015,"Cannon County, TN",0.8801057184046132,1.045339452445007,0.16523373404039388,0.13439051737946495,0.053805981959170746,-2.5999999999999996,0.3536794213122716,0.09251953851879424,0.09251953851879424,-2.7941167525727506,2.1341342977875204,,,0.1519192270000005,Q2,Q4: Highest,FALSE,FALSE
47017,"Carroll County, TN",0.9124875963666896,0.9954128440366972,0.08292524767000753,0.11792992901305244,0.0759909987882984,-2.3000000000000007,0.17274846825353785,-0.035633660959260904,-0.035633660959260904,-0.8863909662247371,-4.0480879366246025,,,-1.1243168589999986,Q2,Q2,TRUE,FALSE
47019,"Carter County, TN",0.7888892836839113,0.9887647831800264,0.19987549949611505,0.19503268902785675,0.04866403854577306,-0.8000000000000007,0.23777371697587268,-0.024056350703518414,-0.024056350703518414,2.4340698429084817,0.343030496848594,,,-1.1650224747000006,Q1: Lowest,Q2,TRUE,FALSE
47021,"Cheatham County, TN",0.934827087179999,1.0322634891654254,0.09743640198542647,0.0819901192674285,0.06145197712967854,0.29999999999999893,0.20533691687463995,0.0525403111007583,0.0525403111007583,0.30142007984872987,-6.015850890734809,,,-1.232585845000001,Q2,Q3,FALSE,FALSE
47023,"Chester County, TN",1.0348961821835232,1.0071353462520656,-0.027760835931457617,0.06577361018084393,0.03740423614240651,-4.300000000000001,0.3720609696773147,0.040608831668872636,0.040608831668872414,0.6693430061904204,15.178243745153528,,,-1.1870872369999983,Q4: Highest,Q3,FALSE,FALSE
47025,"Claiborne County, TN",0.9531965272296764,0.9819043181112148,0.02870779088153841,0.0853196527229676,0.0610438024231128,-2.6000000000000014,0.34518140969753874,0.007248889028964145,0.007248889028963923,-2.727715357990057,3.7885850963209604,,,-0.4859281519999996,Q3,Q2,FALSE,TRUE
47027,"Clay County, TN",0.8762759047324467,1.005681818181818,0.12940591344937125,0.13949891741416642,0.06646005509641872,-3.1999999999999993,0.33782995479072486,-0.03619794962662959,-0.03619794962662959,4.299532886920831,-2.568156511351946,,,-2.3080022137,Q2,Q3,TRUE,FALSE
47029,"Cocke County, TN",0.8680829082456254,0.9803866824876108,0.11230377424198545,0.1321108026086395,0.07349759195923777,-3.8000000000000007,0.36747983938995166,0.020753005216602505,0.020753005216602283,-1.154389149953594,1.4078222048813958,,,-2.8375152980000014,Q1: Lowest,Q2,TRUE,TRUE
47031,"Coffee County, TN",0.9170850202429148,0.992073668259704,0.07498864801678917,0.12376518218623478,0.050316664723938254,0.20000000000000107,0.3483970739849771,0.08646341932259438,0.08646341932259416,0.027355908079018665,2.752386348167846,,,-1.6998055539999992,Q2,Q2,FALSE,FALSE
47033,"Crockett County, TN",1.0621652329167344,0.9829280077307134,-0.07923722518602094,0.08050641129686742,0.04332420679658555,-2.1999999999999993,0.3300888824129389,-0.01801117935270169,-0.01801117935270158,-2.6254131874913655,-9.036243350308354,,,-4.030516957,Q4: Highest,Q2,FALSE,FALSE
47035,"Cumberland County, TN",0.9855716379626236,1.011820495026602,0.026248857063978503,0.06467570538658851,0.06000462641684012,-3.6999999999999993,0.3491653854601362,0.10976638427403085,0.10976638427403085,-1.5879088979390665,-7.568341279406068,,,-1.7951315626,Q3,Q3,FALSE,FALSE
47037,"Davidson County, TN",1.0503179190751446,1.0057684363381445,-0.0445494827370001,0.054781631342324943,0.06581875993640696,-2.5999999999999996,0.37510230454447546,0.14728666795585688,0.14728666795585665,3.5878907195260434,-7.187560262684057,4.7771437712276565,12.250068105629204,-1.810788585000001,Q4: Highest,Q3,FALSE,FALSE
47039,"Decatur County, TN",0.7899816176470589,0.9959075589792972,0.2059259413322383,0.1588235294117647,0.06571978815599422,-2.6999999999999993,0.41168940647538177,-0.004948383243750576,-0.004948383243750687,0.05231378556291855,-13.656228042799338,,,-3.959865817600001,Q1: Lowest,Q2,TRUE,FALSE
47041,"DeKalb County, TN",0.7311806256306761,0.9988033757400177,0.26762275010934156,0.29626639757820383,0.07419070411890671,0.6999999999999993,0.2574718872781465,0.11274030628869336,0.11274030628869336,-0.17850720305210288,15.305895110363064,,,-3.916263657,Q1: Lowest,Q2,TRUE,TRUE
47043,"Dickson County, TN",0.9842711168622552,1.0477258898691817,0.06345477300692648,0.0665298291017804,0.05978095527836935,-2.3000000000000007,0.28624260355029585,0.1172365232878414,0.1172365232878414,-2.6890654896853885,-10.670609177333208,,,-3.8668616599999996,Q3,Q4: Highest,FALSE,FALSE
47045,"Dyer County, TN",0.9304013919721604,1.0304925959504383,0.10009120397827787,0.09179816403671925,0.06467210637654885,0.6000000000000014,0.2859591298615689,-0.024109042203955156,-0.024109042203955156,2.521643463811016,2.5811793266205694,,,-2.2416836579999995,Q2,Q3,FALSE,FALSE
47047,"Fayette County, TN",0.9987585717663752,1.0315972582822723,0.032838686515897164,0.04262236935445729,0.04252778066258178,-2.4000000000000004,0.24090213926406379,0.11311666170540957,0.11311666170540957,1.4442814975435203,-16.52322330658469,,,-2.6966114669999985,Q4: Highest,Q3,FALSE,FALSE
47049,"Fentress County, TN",0.9190645029319514,1.04073756432247,0.1216730613905187,0.11523251056866224,0.023441966838193218,-4.100000000000001,0.29059000501420695,0.052502983124041114,0.052502983124041114,-3.3910817175586807,13.639644714246668,,,-2.6201580580999995,Q2,Q4: Highest,FALSE,FALSE
47051,"Franklin County, TN",0.9447686536056692,0.9655686998046452,0.02080004619897602,0.09571696540225094,0.06761449967440847,2.0999999999999996,0.30800905413215185,0.02568588855677878,0.02568588855677878,-2.6065135541617157,1.4175899614447198,,,-0.19824220650000157,Q3,Q1: Lowest,TRUE,TRUE
47053,"Gibson County, TN",1.0633756007771755,0.9981572183696232,-0.06521838240755229,0.058441558441558406,0.03976528781339417,-2.1999999999999993,0.3405392907719431,0.01359491686264791,0.013594916862648132,-0.5738351952927656,-6.89803919777499,,,-2.3197617919999995,Q4: Highest,Q2,FALSE,FALSE
47055,"Giles County, TN",1.0227616394747314,0.98581285370959,-0.03694878576514138,0.09104655789892557,0.08341731917202888,-1.5999999999999996,0.34633410119945984,-0.0010171560317352446,-0.0010171560317352446,-1.788451711803779,9.330800167716133,,,-2.663136769000001,Q4: Highest,Q2,FALSE,TRUE
47057,"Grainger County, TN",0.9144288370171452,1.031115767417496,0.11668693040035083,0.11888039661227023,0.04421162912519638,-2.299999999999997,0.315713951036664,0.045318033080819387,0.045318033080819387,-1.168921504742404,-1.160532016130527,,,-2.030414890300001,Q2,Q3,FALSE,FALSE
47059,"Greene County, TN",0.8979635832974031,0.9724983198330444,0.07453473653564124,0.16520181751849028,0.06901064695270775,-3.799999999999999,0.27603132270328556,0.018116155660377276,0.018116155660377276,0.5608440753748778,-2.0119573993138387,11.367078556952634,8.18497604489233,-1.7617677894000003,Q2,Q2,TRUE,TRUE
47061,"Grundy County, TN",0.8276015680684248,0.9904546349143868,0.162853066845962,0.14148253741981465,0.047431607951190724,-5.600000000000001,0.43223811652510813,-0.044205580865603666,-0.044205580865603555,-2.538217069014909,5.219515279874146,,,-1.8314493059999997,Q1: Lowest,Q2,TRUE,FALSE
47063,"Hamblen County, TN",0.8649769265466153,0.99452589309391215,0.12954896654729686,0.14367995558793933,0.04356555669204831,-2.4999999999999982,0.26099012033273206,0.054260293544616145,0.05426029354461637,-0.3120575081513949,-1.5956333901047035,,,-3.0378890070000004,Q1: Lowest,Q2,TRUE,FALSE
47065,"Hamilton County, TN",0.9828488191904792,1.029023307436182,0.046174488245702916,0.07377425153412265,0.052447280799112095,-0.8000000000000007,0.2700665773109798,0.13245726390462575,0.13245726390462575,2.260261398969063,2.8639654534825403,4.81068730529725,8.759503611078426,-1.5789982360000003,Q3,Q3,FALSE,FALSE
47067,"Hancock County, TN",0.8071549534292972,1.084604385128694,0.27744943169939673,0.19348010160880613,0.010486177311725409,-5.800000000000004,0.3102769230769231,-0.028755868544600993,-0.028755868544600882,6.932521750018966,-17.417432591520928,,,-4.7446276140000005,Q1: Lowest,Q4: Highest,TRUE,FALSE
47069,"Hardeman County, TN",0.7856747277090641,0.9373575011399908,0.15168277343092673,0.19180358131807274,0.07136342909256721,-2.6000000000000014,0.21341030195381894,-0.10005388898868328,-0.10005388898868317,4.242360271395154,-0.7863346416561524,,,-3.8220934795999995,Q1: Lowest,Q1: Lowest,TRUE,TRUE
47071,"Hardin County, TN",0.8670499778858912,0.9831852488774244,0.1161352709915332,0.12321981424148609,0.03840642017770135,-5.5,0.3678549477566073,-0.012739098641419422,-0.012739098641419422,-2.875080557433801,-5.944084612076991,,,-2.1993144386,Q1: Lowest,Q2,TRUE,FALSE
47073,"Hawkins County, TN",0.8503951007506915,0.9917803101064824,0.1413852093557909,0.10442512840774398,0.060059779562861904,1.7000000000000028,0.24610941761591532,0.007201135154309979,0.007201135154310201,-1.4192078404146102,-2.7328937215750244,,,-1.7019083990000006,Q1: Lowest,Q2,TRUE,FALSE
47075,"Haywood County, TN",0.8082497820401047,1.0365077383924113,0.2282579563523066,0.21588927637314737,0.03444832750873694,-1.6999999999999993,0.1800527160905263,-0.09601922474140634,-0.09601922474140634,9.210534460772784,9.565678519247808,,,-4.014268844,Q1: Lowest,Q4: Highest,FALSE,FALSE
47077,"Henderson County, TN",1.038935137010059,0.9875143894447888,-0.051420747565270264,0.1436004162330905,0.063490657929691,0.5,0.2281907359806956,0.02729265619291188,0.02729265619291188,2.772306797367019,-2.065177855843222,,,-3.803185968000001,Q4: Highest,Q2,FALSE,FALSE
47079,"Henry County, TN",0.9748658250812609,0.9811089108910892,0.006243085809828353,0.1046186408647668,0.03952475247524756,3.200000000000001,0.23537325395008013,0.01608393805170727,0.01608393805170727,-0.23224764587148616,1.568470079910628,,,-2.8033037644000007,Q3,Q2,FALSE,TRUE
47081,"Hickman County, TN",0.9988190593551036,1.0362770072648364,0.03745794790973278,0.09858287122612441,0.05859043305972267,-1.3999999999999986,0.15656856606136516,0.028093099224173024,0.028093099224173246,0.5706131921973168,2.1324332451597146,,,-1.549579228999999,Q4: Highest,Q4: Highest,FALSE,FALSE
47083,"Houston County, TN",0.8361367335865437,0.9888373441577268,0.15270061057118312,0.1812262615301139,0.04378080603073353,-0.5,0.1315614801703635,-0.002190047451028132,-0.002190047451028132,-3.9743600409839983,-16.056876371125583,,,-3.2736226876000014,Q1: Lowest,Q2,TRUE,FALSE
47085,"Humphreys County, TN",0.90936993282372,0.9958312278928751,0.08646129506915512,0.09277275886031966,0.055078322385042955,-1.5999999999999996,0.2510441169410973,0.00961695191524048,0.00961695191524048,-2.2335709667143266,5.078316713679589,,,-0.154731009999999,Q2,Q2,TRUE,FALSE
47087,"Jackson County, TN",0.8735144312393888,1.0467969104952295,0.17328247925584073,0.1288200339558574,0.025897319400272623,-4.699999999999999,0.37590218501796135,0.034676498990431126,0.03467649899043135,3.2644887645519374,2.5998640818471657,,,-2.9014779825000003,Q1: Lowest,Q4: Highest,FALSE,FALSE
47089,"Jefferson County, TN",0.9386450051849292,1.0267001275352778,0.08805512235034862,0.08269961977186313,0.033447155140494456,-4.899999999999999,0.2716523496715513,0.08590387374461983,0.08590387374461983,0.610054871728527,-3.892621478310767,,,-3.6853293498000017,Q2,Q3,FALSE,FALSE
47091,"Johnson County, TN",0.9598047660063164,0.9750261051166028,0.015221339110286447,0.06833189778926207,0.03619909502262442,3.3000000000000007,0.32095116103392773,-0.02328135295409617,-0.02328135295409617,-4.338801971650952,3.205901500114263,,,-1.784674860600001,Q3,Q2,TRUE,TRUE
47093,"Knox County, TN",0.9809625135820356,1.0392917556126515,0.05832924203061596,0.04149311843534953,0.04086189191837852,0.5999999999999996,0.3356954624975086,0.12220827686258051,0.12220827686258029,1.8264714230941392,-4.084988765244372,4.60242336343444,4.847890840362211,-1.9377166829999997,Q3,Q4: Highest,FALSE,FALSE
47095,"Lake County, TN",0.7633333333333333,0.9065998821449616,0.14326654881162826,0.24392156862745096,0.11078373600471425,-3.700000000000003,0.28422759322800806,-0.10578638796839157,-0.10578638796839157,4.34433109369323,-7.487019945815559,,,-1.5134205116000006,Q1: Lowest,Q1: Lowest,TRUE,TRUE
47097,"Lauderdale County, TN",0.95847022587269,0.9571550074420584,-0.0013152184306316483,0.13162217659137576,0.03880501807357006,-7.5,0.2867907801418439,-0.0747211493340072,-0.07472114933400709,2.287886754622237,-5.329416112874489,,,-2.9145179379999995,Q3,Q1: Lowest,TRUE,TRUE
47099,"Lawrence County, TN",1.113188462542417,1.0174917306721982,-0.09569673187021888,0.06884625424171231,0.03683354824241747,0.5,0.21492086572339364,0.0747467861316713,0.0747467861316713,-4.182500824130803,2.9076532535497357,,,-1.590932745,Q4: Highest,Q3,FALSE,FALSE
47101,"Lewis County, TN",0.9103585657370518,1.085579382254574,0.1752208165175223,0.10498007968127487,0.015738736966358413,-2.6999999999999993,0.3428370704291317,0.0256667502717165,0.025666750271716277,1.4834070357218454,5.057737505604223,,,-1.4790111830000008,Q2,Q4: Highest,FALSE,FALSE
47103,"Lincoln County, TN",0.8715669956009987,0.996068841701232,0.1245018461002333,0.13333729639757463,0.10313873583854394,-1.0999999999999996,0.3135111710323575,0.05536959125387719,0.05536959125387697,-1.9207378402573472,2.095041265425987,,,-2.1506648150000007,Q1: Lowest,Q2,TRUE,FALSE
47105,"Loudon County, TN",0.9203874373657838,1.0806044801641588,0.160217042798375,0.09283285612025771,0.0346272229822161,-1.4000000000000004,0.34889876951711307,0.16792672916576667,0.16792672916576667,-1.2099473731724653,-1.841705878462868,,,-3.8930048656,Q2,Q4: Highest,FALSE,FALSE
47107,"McMinn County, TN",0.9046277322404372,0.9045622350850008,-6.549715543646695e-5,0.1472421448087432,0.07410783464746362,-3.6000000000000014,0.34932582444360216,0.0362536600400678,0.0362536600400678,-0.47871740214578407,1.6990524740152857,,,-0.11544174199999979,Q2,Q1: Lowest,TRUE,TRUE
47109,"McNairy County, TN",0.7571219554178501,0.9874194219172384,0.23029746649938831,0.2861692056114984,0.051881888126429576,-2.1000000000000014,0.2741411197668553,0.00599036842723466,0.005990368427234438,4.990500457542141,-7.702830480632323,,,-0.872480843,Q1: Lowest,Q2,TRUE,FALSE
47111,"Macon County, TN",0.9130413434154964,1.0598201648488883,0.14677882143339194,0.10704114700972212,0.05728082590958283,-3.1000000000000014,0.2520192036147981,0.13409855713824737,0.13409855713824714,0.02443234508449632,3.478991313152398,,,0.258054177,Q2,Q4: Highest,FALSE,FALSE
47113,"Madison County, TN",0.9588912607542532,0.993083788962101,0.034192528207847794,0.06779222459408762,0.04154399738305525,-1.1999999999999993,0.22842379780155508,0.009925686191649241,0.009925686191649241,0.9868526124277799,1.1404863556814053,4.093552200354878,-0.874207136439221,-2.583136227999999,Q3,Q2,TRUE,FALSE
47115,"Marion County, TN",0.8702081491601704,1.004485852311939,0.13427770315176868,0.11749578076026679,0.057712215320910976,1.3000000000000007,0.22058936480708669,0.029671582246918904,0.029671582246918904,-0.8795668907780552,-0.7512983560127333,,,-1.2428792439999992,Q1: Lowest,Q3,TRUE,FALSE
47117,"Marshall County, TN",1.0683877941298745,1.0030735107731306,-0.06531428335674394,0.1409329009728112,0.07490494296577943,-0.20000000000000107,0.34792888435594915,0.16549128636332822,0.16549128636332822,0.26844828414450683,-3.519261236491859,,,-2.057938427,Q4: Highest,Q3,FALSE,FALSE
47119,"Maury County, TN",1.0722577485885472,1.1111167113566258,0.03885896276807865,0.07172485309367438,0.04060402008024033,-4.4,0.4309962304792676,0.23800043669804904,0.23800043669804904,-1.7995392926673015,-3.0510620285733765,8.33790402770562,11.684492894937879,-1.9619649299999988,Q4: Highest,Q4: Highest,FALSE,FALSE
47121,"Meigs County, TN",0.987608695652174,0.96763114071607,-0.01997755493610398,0.060869565217391286,0.04392173189009163,-4.799999999999997,0.31071699750515247,0.08621895767750964,0.08621895767750942,-1.3642916246365488,-10.393276571162572,,,-1.3581753410000008,Q3,Q1: Lowest,FALSE,TRUE
47123,"Monroe County, TN",0.943340014083744,1.033950953678474,0.09061093959472988,0.1613672065435242,0.05340599455040873,-0.6999999999999993,0.33532506675832163,0.06425060020578477,0.06425060020578477,-2.418221938804646,-4.335216851292985,,,-2.815870905999999,Q3,Q4: Highest,FALSE,FALSE
47125,"Montgomery County, TN",1.08266885375374,1.056748849905926,-0.02592000384781379,0.04064336811409308,0.0371401537809003,-0.6999999999999993,0.1868716004615132,0.3009860435004543,0.3009860435004543,3.5032768731750763,-17.854923172027544,3.0102281996662725,7.671853316054968,-0.6463159930000018,Q4: Highest,Q4: Highest,FALSE,FALSE
47127,"Moore County, TN",1.0329616267628732,1.0265342960288808,-0.006427330733992376,0.09445719908166617,0.028158844765342916,-1.4000000000000004,0.31201970025049897,0.044766505636070875,0.044766505636070875,0.3833667487994463,-18.543884312125343,,,-0.6949536957000007,Q4: Highest,Q3,FALSE,FALSE
47129,"Morgan County, TN",0.9183096822805475,1.000199627362257,0.08188994508170955,0.08539495165138766,0.0531008783603939,0.6000000000000014,0.25483926226231945,-0.009166242303597083,-0.009166242303596972,3.170876279247464,-9.099391236537809,,,-3.072792443399999,Q2,Q3,FALSE,FALSE
47131,"Obion County, TN",0.7947326095697628,1.047254509018036,0.2525218994482733,0.18502881651253178,0.04745490981963929,-1.3000000000000007,0.16289688300034322,-0.059520830726886076,-0.059520830726886076,4.239295340853899,-1.6889778556236708,,,-0.6174278600000012,Q1: Lowest,Q4: Highest,TRUE,FALSE
47133,"Overton County, TN",0.9207589285714286,1.022582304526749,0.10182337595532043,0.07525510204081631,0.04763374485596705,-2.8999999999999986,0.3574317177875941,0.025734446340450967,0.02573444634045119,-1.8376031540031479,4.116015348942241,,,-1.724614154000001,Q2,Q3,FALSE,FALSE
47135,"Perry County, TN",0.8907317073170732,0.8685995252628009,-0.022132182054272254,0.29170731707317077,0.1909121736181757,-3.799999999999999,0.3006300357424123,0.0499219968798752,0.049921996879874975,4.8787679953756875,-10.530228044188632,,,0.219890865,Q2,Q1: Lowest,TRUE,TRUE
47137,"Pickett County, TN",1.2337662337662338,0.8986562150055991,-0.33511001876063473,0.12648221343873522,0.09742441209406494,-0.3999999999999986,0.4973529832594077,-9.89511181476388e-4,-9.89511181476277e-4,3.01380467680874,18.42215777418633,,,-4.53549234,Q4: Highest,Q1: Lowest,FALSE,TRUE
47139,"Polk County, TN",0.9559013337157608,0.953781512605042,-0.0021198211107188447,0.1127204933314212,0.0442843804188342,-0.09999999999999964,0.3249278707443739,0.014036990180131381,0.014036990180131381,3.43772851919561,3.9234040680447793,,,-0.8910782430000008,Q3,Q1: Lowest,FALSE,TRUE
47141,"Putnam County, TN",0.9431523405258814,1.0155742296918768,0.07242188916599546,0.11328263176512199,0.03420168067226892,-5.5,0.3584733331488197,0.15513617780848743,0.15513617780848743,-2.241372600009481,2.2994051050321893,10.190790210337,5.557495202918922,-2.785321983000001,Q3,Q3,FALSE,FALSE
47143,"Rhea County, TN",0.9770723104056436,1.0453884424033677,0.06831613199772413,0.06637806637806642,0.061615001913509326,-2.5999999999999996,0.2631760522265272,0.07793558451688387,0.07793558451688387,-2.321779153023251,2.863833249485343,,,-2.3977837369999992,Q3,Q4: Highest,FALSE,FALSE
47145,"Roane County, TN",0.8262404469100361,1.034030941319742,0.20779049440970587,0.17616479807580399,0.04537458842632269,-1.4000000000000004,0.20679284913000928,-0.013800365792828284,-0.013800365792828173,-0.8690536751784272,5.22767377029725,,,-1.2236813421000008,Q1: Lowest,Q4: Highest,TRUE,FALSE
47147,"Robertson County, TN",0.989290008226286,1.0539771939072775,0.06468718568099152,0.03470859963298112,0.060233609854895565,-1.0999999999999996,0.3020503483217225,0.13730738165750767,0.13730738165750767,-0.48231440798955916,-10.539848439378218,,,-4.6634385169999995,Q3,Q4: Highest,FALSE,FALSE
47149,"Rutherford County, TN",1.0591318371186669,1.0924058380154718,0.03327400089680488,0.02947895997533534,0.04935405788391234,-1.8000000000000007,0.3568129105190325,0.3620861395432726,0.3620861395432726,1.7566048531891143,-14.12518482419234,4.801905875866936,5.65316164707631,-3.7010135589999997,Q4: Highest,Q4: Highest,FALSE,FALSE
47151,"Scott County, TN",0.9127323874755382,0.9746195841561156,0.061887196680577405,0.14921722113502933,0.07062376582646068,0.8999999999999986,0.27719182597231384,-0.0050047342080346,-0.005004734208034711,1.3487579022411267,0.46403059824114834,,,-2.2350414599999997,Q2,Q2,FALSE,FALSE
47153,"Sequatchie County, TN",0.9301690285128904,1.0751094644661503,0.1449404359532599,0.08434352057367256,0.052206130010104435,-1.4000000000000021,0.21179846444174433,0.10080586080586085,0.10080586080586063,3.3641637407201106,-6.9073727638881355,,,-4.322541099999999,Q2,Q4: Highest,FALSE,FALSE
47155,"Sevier County, TN",0.9814774317704688,1.0153887135773123,0.03391128180684355,0.04986004198740379,0.08487357075529689,0.20000000000000107,0.3513593967056956,0.13868156320986502,0.13868156320986502,-5.134761096469004,-8.306552136308726,5.951726787538476,2.947726971230214,-3.004191024999999,Q3,Q3,FALSE,FALSE
47157,"Shelby County, TN",0.9650861711578324,0.9587274946597498,-0.006358676498082527,0.0669517323067812,0.060099777142804345,-2.900000000000002,0.1867351767967007,0.017421201820828847,0.017421201820828847,5.462973069672591,4.06709621016397,3.3162628470073656,4.252948057407895,-2.8303017410000013,Q3,Q1: Lowest,FALSE,TRUE
47159,"Smith County, TN",0.9053298333713764,1.0368025751072962,0.13147274173591983,0.10568363387354485,0.06008583690987124,1.8000000000000007,0.2487128440996773,0.06622586617297022,0.06622586617297022,0.935272604781251,3.112973892841225,,,-1.6276536109999995,Q2,Q4: Highest,FALSE,FALSE
47161,"Stewart County, TN",0.8614228975997237,1.00126582278481,0.13984292518508623,0.17302711103436363,0.04683544303797471,-0.6999999999999993,0.1727804000899078,0.0552435177348618,0.0552435177348618,-6.348522161873355,-2.118843376486865,,,-0.1558781105999998,Q1: Lowest,Q3,TRUE,FALSE
47163,"Sullivan County, TN",0.9266506247889228,0.9889903015031204,0.0623396767141976,0.06329505797590906,0.05688710480822756,0.09999999999999964,0.2920717271948823,0.01918682860581722,0.01918682860581722,0.15256442748918242,0.10751147162481889,7.939868054951802,8.062377529525566,-1.5603398551999987,Q2,Q2,FALSE,FALSE
47165,"Sumner County, TN",1.0375614384166347,1.070804397278257,0.03324295886162232,0.042272266072816866,0.04874284740803092,-0.8000000000000007,0.3540499931703318,0.25063256379577514,0.2506325637957749,0.9175216591508606,1.174022485648056,7.340585531146303,10.676707582791,-2.035449281,Q4: Highest,Q4: Highest,FALSE,FALSE
47167,"Tipton County, TN",0.9660975701074545,0.9863886475528526,0.020291077445398154,0.048298326406829184,0.05607442803359397,-6,0.23135509991381564,0.04642747935990221,0.046427479359902435,2.125176392896233,-13.83079602860928,,,-3.033879058,Q3,Q2,FALSE,TRUE
47169,"Trousdale County, TN",0.94082260772244,1.0799289520426287,0.13910634432018876,0.08561835478455515,0.04558910597986976,0.6000000000000014,0.3256656125675814,0.4665973485833117,0.4665973485833115,-0.10584470006810842,-3.4552997418908866,,,-3.3070195774,Q2,Q4: Highest,FALSE,FALSE
47171,"Unicoi County, TN",0.8698578437539313,0.9635007849293564,0.09364294117542515,0.16039753428104164,0.05782312925170063,-0.5,0.2712744706352377,-0.01768744850315851,-0.0176874485031584,2.171641281034373,-1.2595066381232352,,,-0.48040856189999914,Q1: Lowest,Q1: Lowest,TRUE,TRUE
47173,"Union County, TN",0.8552756091790868,1.036586855607134,0.1813112464280472,0.20191625266146207,0.04348888345956514,-3.3999999999999986,0.5137669530192894,0.048894490835565296,0.048894490835565296,1.4837360419076018,3.325957743077586,,,-2.855243044,Q1: Lowest,Q4: Highest,FALSE,FALSE
47175,"Van Buren County, TN",0.9556503198294244,1.0134178158777487,0.05776749604832432,0.1667377398720682,0.056653000372717144,-3.6999999999999993,0.3076515753243314,0.07153284671532845,0.07153284671532845,9.127040716620987,9.195439447880826,,,0.1702843240000007,Q3,Q3,FALSE,FALSE
47177,"Warren County, TN",0.9579019807312548,0.9818338585954688,0.023931877864214024,0.12099814493447425,0.03645121008503305,-0.7000000000000011,0.20764197853964927,0.04857106566747116,0.04857106566747116,-0.3276360144764012,8.921468169585266,,,-2.0019316739999997,Q3,Q2,FALSE,FALSE
47179,"Washington County, TN",0.9670568901839868,1.0195598239295718,0.05250293374558501,0.06927455697489238,0.042176870748299344,-1.5,0.288375096232647,0.09795218656912752,0.09795218656912752,0.7083116130088496,-6.344347537461004,7.588985996089448,6.7809993100170125,-2.4544538116000005,Q3,Q3,FALSE,FALSE
47181,"Wayne County, TN",0.9830894308943088,1.026111386547678,0.043021955653369304,0.057886178861788595,0.01718724177821851,-3.1999999999999993,0.4414820498065919,-0.018715790712730218,-0.018715790712730218,5.424322523616754,1.3839658827356156,,,-2.4825624596999996,Q3,Q3,FALSE,FALSE
47183,"Weakley County, TN",1.0195696721311476,0.9505517384967728,-0.0690179336343748,0.046311475409836045,0.058852106322437314,-1.1999999999999993,0.22407487401007908,-0.027090144792153215,-0.027090144792153215,-1.7698009332426823,1.0767813462017537,,,-0.38489960340000096,Q4: Highest,Q1: Lowest,FALSE,TRUE
47185,"White County, TN",1.1206409997984277,0.9808801637513956,-0.13976083604703204,0.07589195726668008,0.05191663565314475,-2.6999999999999993,0.29503179414036973,0.08297029702970304,0.08297029702970282,-2.6460843595650374,1.3608946193577118,,,-1.9428406000000003,Q4: Highest,Q2,FALSE,TRUE
47187,"Williamson County, TN",1.0857659534622408,1.0896669444152314,0.0039009909529905684,0.02928507888946108,0.040723872084651336,-0.7000000000000002,0.4255397740813116,0.4062783866363089,0.4062783866363089,-1.1640775467278985,-6.536011779322063,1.192455247955607,11.135614807638184,-3.1393268069999998,Q4: Highest,Q4: Highest,FALSE,FALSE
47189,"Wilson County, TN",1.0107241988392632,1.118788494077834,0.10806429523857086,0.036786705598212066,0.04705245346869713,0.20000000000000018,0.33124979220001993,0.35501184934009,0.35501184934009,0.7555885215096814,0.22519030100591664,5.736048417397583,12.15725881594749,-1.8854009279999993,Q4: Highest,Q4: Highest,FALSE,FALSE
48001,"Anderson County, TX",1.073326414115205,0.9874499050833158,-0.08587650903188926,0.002335236118318651,0.040761442733600495,0.9000000000000021,0.2761962447001818,-0.002332814930015581,-0.00233281493001547,-0.883921093672943,-0.10166038562257085,,,-1.839931601,Q4: Highest,Q2,FALSE,FALSE
48003,"Andrews County, TX",1.1589858314690529,0.9661447312738044,-0.19284110019524847,0.022073079791200545,0.12547608971646207,-5.100000000000001,0.5601416076634735,0.3842226004588174,0.3842226004588174,0.4969869467937371,2.7509066729192213,,,-5.257497871999998,Q4: Highest,Q1: Lowest,FALSE,FALSE
48005,"Angelina County, TX",0.9180545781531004,0.9960949792590472,0.07804040110594679,0.09072901191127791,0.04437133457302245,-3.700000000000001,0.36352857481622003,0.025994462718000877,0.0259944627180011,3.9646479362088205,-0.9589208270510967,11.763621854917488,4.796355264931858,-3.917601008,Q2,Q2,TRUE,FALSE
48007,"Aransas County, TX",0.8447789703474623,1.0719762983617986,0.22719732801433634,0.1984718937602329,0.04577669338910184,0.5,0.38671926020741365,0.01458656999827368,0.01458656999827368,3.73069031113481,11.0352716720623,,,-2.7001992781999995,Q1: Lowest,Q4: Highest,TRUE,FALSE
48009,"Archer County, TX",0.7270326353518204,1.0217958757504568,0.29476324039863644,0.24787775891341257,0.06238580005220573,2.200000000000001,0.28858829714100853,-0.05240416574340789,-0.05240416574340778,10.373291290463394,0.28436757612218067,,,-2.3167405748000007,Q1: Lowest,Q3,TRUE,FALSE
48011,"Armstrong County, TX",0.8328664799253035,1.0205811138014529,0.1877146338761494,0.10270774976657326,0.02421307506053272,1.0999999999999996,0.3917777441724817,-0.025309917355371914,-0.02530991735537158,5.6234361876618735,8.385177837049495,,,0.9380656664,Q1: Lowest,Q3,TRUE,FALSE
48013,"Atascosa County, TX",1.0192537475559418,1.0574000702141533,0.038146322658211496,0.019063654138605224,0.05215908520989021,-3.400000000000002,0.42609366446025976,0.17293802022425542,0.17293802022425542,-3.021439411167864,5.446260374244168,,,-2.2645028139999983,Q4: Highest,Q4: Highest,FALSE,FALSE
48015,"Austin County, TX",1.037337146488719,1.0350236197224685,-0.0023135267662506287,0.017715284397839204,0.063699439031591365,0.1999999999999993,0.35869284165721904,0.09390252786479203,0.09390252786479203,5.107421167764814,-14.588098815865926,,,-2.9310693049999994,Q4: Highest,Q4: Highest,FALSE,FALSE
48017,"Bailey County, TX",0.8426097711811997,0.9250645994832042,0.08245482830200446,0.1298701298701299,0.08194905869324476,-3.9000000000000004,0.4927100507548572,0.010538472643280006,0.010538472643279784,1.855582992329613,10.078450782651739,,,0.37794608299999766,Q1: Lowest,Q1: Lowest,TRUE,TRUE
48019,"Bandera County, TX",0.9117521822439856,1.0961348481106443,0.18438266586665875,0.10070257611241218,0.039021980735984174,-0.5,0.3778085991678224,0.1411079292979165,0.1411079292979165,-0.24478975256366775,-0.530161206741532,,,-1.2074946584000017,Q2,Q4: Highest,TRUE,FALSE
48021,"Bastrop County, TX",0.9999237223493516,1.222501624275092,0.22257790192574034,0.02849733028222734,0.018721274394205567,1.4000000000000004,0.21457246475185698,0.2435246958569266,0.2435246958569266,-0.4826881147626083,2.00231363497101,0.48153500204246313,0.7897060029216156,-1.153658978000001,Q4: Highest,Q4: Highest,FALSE,FALSE
48023,"Baylor County, TX",0.7556962025316456,1.0905310300703774,0.33483482753873184,0.20253164556962022,-0.00703774792066536,-2.200000000000001,0.3601951602868463,-0.10140845070422533,-0.10140845070422533,-5.352421316748968,-2.990298588338237,,,-3.4418817019,Q1: Lowest,Q4: Highest,TRUE,FALSE
48025,"Bee County, TX",0.9551490389079766,0.9589957737975447,0.003846734889568104,0.10864518525396971,0.08241094787683634,1.5,0.27242611050296706,0.01969564128256507,0.01969564128256529,2.8315236246117923,-0.6869258246263756,,,-2.871591711499999,Q3,Q1: Lowest,FALSE,TRUE
48027,"Bell County, TX",1.0458860759493671,1.0609359195777972,0.015049843628430093,-0.017268953314278024,0.01885325425058315,0.20000000000000107,0.1559429944765358,0.26123884456059376,0.26123884456059376,5.0111895147858965,-14.070313894353273,3.57835978175504,4.492171521230986,-5.246126068000002,Q4: Highest,Q4: Highest,FALSE,FALSE
48029,"Bexar County, TX",1.0757234151187378,1.0487329658050266,-0.026990449313711196,0.0019590758489791416,0.049483190599656,-1.1999999999999993,0.322268822751026,0.24042941784659577,0.24042941784659577,2.634891650307558,-6.57527164276196,3.3505762438223883,3.7868299462877175,-3.7308040779999985,Q4: Highest,Q4: Highest,FALSE,FALSE
48031,"Blanco County, TX",1.08384307108205,1.1651716068642746,0.08132853578222465,-0.02299093018350562,-0.01189547581903283,-2,0.3869424168694242,0.21311642094560246,0.21311642094560246,1.3760547193769401,3.557329751988182,,,-6.000585473100001,Q4: Highest,Q4: Highest,FALSE,FALSE
48033,"Borden County, TX",1.020460358056266,1.7433035714285714,0.7228432133723055,0.14322250639386191,-0.1160714285714286,2.5999999999999996,0.7214178014982169,0.09547738693467345,0.09547738693467345,-2.4102324616023187,,,,7.6863950807,Q4: Highest,Q4: Highest,FALSE,FALSE
48035,"Bosque County, TX",0.9260793172690764,1.066731007858817,0.14065169058974059,0.05660140562248994,0.027436922652695483,-5.900000000000002,0.34134720567858623,0.03363389943021522,0.03363389943021522,0.29475476465096184,1.377925006057029,,,-2.2172938448000004,Q2,Q4: Highest,TRUE,FALSE
48037,"Bowie County, TX",0.8966802492809204,0.9851995873343384,0.08851933805341805,0.10695110258868645,0.048144327169801326,-1.0999999999999979,0.22440342403519686,0.03083267002741663,0.03083267002741641,1.9321185772456757,-2.846175062502181,2.546761857648846,3.0152838366711947,-1.7799980710000014,Q2,Q2,TRUE,FALSE
48039,"Brazoria County, TX",1.081524926686217,1.0686023796838928,-0.012922547002324203,0.0057184750733138,0.047623275913100116,-1.200000000000001,0.3770729139247171,0.2760624079428291,0.2760624079428291,1.7116777589567866,-11.770612052865234,4.391058300589734,2.3536647656503185,-3.726982583999998,Q4: Highest,Q4: Highest,FALSE,FALSE
48041,"Brazos County, TX",1.0533154323206904,1.110811030154379,0.05749559783368863,-0.0364686320330756,0.027972154090318835,-6.199999999999999,0.43197770709009164,0.27714072390122135,0.27714072390122113,2.369164751055888,-0.648688435186513,3.2754461157091583,2.0489936524145165,-3.8141663339999994,Q4: Highest,Q4: Highest,FALSE,FALSE
48043,"Brewster County, TX",0.7887537993920972,1.038878657663188,0.2501248582710909,0.2587386018237082,0.05197462656026197,-4.200000000000001,0.4651366186139092,0.0407101662331788,0.0407101662331788,3.755063318391522,-0.8225515948347822,,,-2.7329347113999987,Q1: Lowest,Q4: Highest,FALSE,FALSE
48045,"Briscoe County, TX",0.8355167394468704,1.0848,0.24928326055312955,0.141193595342067,0.04479999999999995,-0.5,0.2677666065137063,-0.061323618700667826,-0.061323618700667826,-2.356417666441213,35.85019923322895,,,-5.2407383949,Q1: Lowest,Q4: Highest,FALSE,FALSE
48047,"Brooks County, TX",0.7960652591170825,0.912227602905569,0.11616234378848656,0.2687140115163148,0.08141646489104115,-0.5999999999999979,0.2975049570389954,-0.043167408606502145,-0.043167408606502145,-0.15549157938177238,-4.226498124044642,,,-6.697990565000001,Q1: Lowest,Q1: Lowest,FALSE,TRUE
48049,"Brown County, TX",0.870655737704918,0.978978978978979,0.10832324127406101,0.18999999999999995,0.0696096096096096,-5.199999999999999,0.48789294817332207,-0.009340414955129384,-0.009340414955129384,1.3223808048937191,0.9685475775557382,,,-3.0934695150000007,Q1: Lowest,Q2,TRUE,FALSE
48051,"Burleson County, TX",0.9047766749379652,1.1370796928779454,0.2323030179399802,0.11178660049627787,0.0387873974053482,-1.799999999999999,0.4912810356487296,0.086032269461783,0.08603226946178322,-2.3231334304748885,5.050740483464978,,,-3.0390420660000004,Q2,Q4: Highest,FALSE,FALSE
48053,"Burnet County, TX",0.8994653649465365,1.1280747786159395,0.22860941366940302,0.11910739191073916,0.010729513189336126,0.5,0.2951350237064523,0.14583829058202058,0.14583829058202058,0.938177286658981,-1.6955516257017624,,,-1.4128074556999994,Q2,Q4: Highest,FALSE,FALSE
48055,"Caldwell County, TX",1.017061143984221,1.14702154626109,0.129960402276869,0.042209072978303785,0.04268694550063368,-2.299999999999999,0.2612553026501847,0.18311385682544845,0.18311385682544845,-1.2079892726355568,3.195605566970106,,,-0.6974622709999991,Q4: Highest,Q4: Highest,FALSE,FALSE
48057,"Calhoun County, TX",1.0682372505543236,1.0222025739267118,-0.04603467662761185,0.03237250554323723,0.03703703703703709,-1,0.33683228922576625,0.019245499808502542,0.019245499808502542,-3.351773619273457,-3.9083436607667945,,,-3.414531994999999,Q4: Highest,Q3,FALSE,FALSE
48059,"Callahan County, TX",0.8039201504411977,1.0861305162719372,0.28221036583073955,0.1975987270360191,0.029136139035610853,-1.200000000000001,0.3117513424204874,0.03912654643016844,0.03912654643016866,-2.7287440751832426,-3.8971885908116803,,,-0.9963221610000002,Q1: Lowest,Q4: Highest,TRUE,FALSE
48061,"Cameron County, TX",1.0708808501050275,1.084572102278753,0.013691252173725355,-0.0031617278297464413,0.023305282988266285,-8.799999999999997,0.3820338639359222,0.09540882098647185,0.09540882098647185,2.733148091916715,-2.9298958635818604,6.65740742043495,2.1935571107995937,-7.6723673550000004,Q4: Highest,Q4: Highest,FALSE,FALSE
48063,"Camp County, TX",0.902171877925482,1.0559497263328603,0.1537778484073783,0.05504587155963303,0.01763632677883642,-0.8999999999999986,0.2928918540482661,0.06863625234636417,0.06863625234636417,1.7597788182603102,-12.64472146489538,,,-2.7151308490000012,Q2,Q4: Highest,FALSE,FALSE
48065,"Carson County, TX",0.8819139596136962,1.0039275956284153,0.12201363601471904,0.11618378694761489,0.0529371584699454,0,0.4634248673141874,-0.06838547398207828,-0.06838547398207828,-1.0596202184379455,5.9897940554158415,,,-2.8097892702000005,Q2,Q3,TRUE,FALSE
48067,"Cass County, TX",0.8648080808080808,0.979982883225561,0.11517480241748024,0.0808888888888889,0.043837961201977915,-2,0.3027412890202159,-0.0049708377518558056,-0.004970837751855917,0.7553358293560075,1.0355840244216765,,,-2.6665016020000003,Q1: Lowest,Q2,TRUE,FALSE
48069,"Castro County, TX",1.1034236804564908,0.9796242774566474,-0.12379940299984338,-0.012838801711840153,0.04826589595375719,-4.800000000000001,0.4853435158335966,-0.026754556029468746,-0.026754556029468968,-1.3933242954633107,3.2685594702745178,,,-2.4398219170000015,Q4: Highest,Q2,FALSE,FALSE
48071,"Chambers County, TX",1.1358787611270509,1.167644207464857,0.03176544633780609,-0.0364158022511587,0.019728550654386834,0,0.5016890804967504,0.42726443966920624,0.42726443966920624,8.328423625682285,24.25332570670927,,,-2.359110265,Q4: Highest,Q4: Highest,FALSE,FALSE
48073,"Cherokee County, TX",1.0447576911204857,1.0012888514350864,-0.043468839685399274,0.0068422677230167706,0.03222128587716255,-2.1000000000000014,0.31522322311015727,0.0599367814934868,0.0599367814934868,5.393683776244229,5.578657338484999,,,-1.7639201780000011,Q4: Highest,Q3,FALSE,FALSE
48075,"Childress County, TX",0.9726682610181072,1.051358983409813,0.07869072239170571,0.04475572258284932,3.529827038475375e-4,-1.9000000000000021,0.3686448569122851,0.022104085058757716,0.022104085058757716,-0.7916043074051415,14.557030572261175,,,-5.8378308146,Q3,Q4: Highest,FALSE,FALSE
48077,"Clay County, TX",0.7298335467349552,1.0234767416466477,0.29364319491169255,0.22679257362355953,0.04324088228870937,-0.5,0.28898678414096923,-0.05248393810514884,-0.05248393810514895,9.379272442792436,10.24483243191046,,,-1.2520468702,Q1: Lowest,Q3,TRUE,FALSE
48079,"Cochran County, TX",0.8085180055401662,1.0162721893491125,0.20775418380894628,0.0976454293628809,0.035502958579881616,-4.699999999999999,0.3322977582846003,-0.10676268002504696,-0.10676268002504707,2.175667025684458,13.97665312260699,,,-6.400197883000001,Q1: Lowest,Q3,TRUE,FALSE
48081,"Coke County, TX",1.11441647597254,1.108946608946609,-0.005469867025930997,0.08924485125858128,0.0714285714285714,-0.8000000000000007,0.43247959304388983,0.003555555555555534,0.003555555555555756,7.4465064313426925,9.758881999803169,,,3.4821582252,Q4: Highest,Q4: Highest,FALSE,FALSE
48083,"Coleman County, TX",0.7319369263356084,1.053185004571777,0.32124807823616863,0.3165450694281007,0.046327339225845754,-4.300000000000001,0.47204255179433297,-0.06826988830635972,-0.06826988830635972,1.5272825042223437,-20.121613134162722,,,-2.0131305049999995,Q1: Lowest,Q4: Highest,TRUE,FALSE
48085,"Collin County, TX",1.0553340744432094,1.178385082221393,0.12305100777818367,0.006841210820204169,0.012276494861983123,-0.10000000000000053,0.20969534967961123,0.44853219100415775,0.4485321910041573,1.573800681205606,-16.588857026221426,2.1270531482349213,4.539722498523574,-4.094669136,Q4: Highest,Q4: Highest,FALSE,FALSE
48087,"Collingsworth County, TX",0.8536096256684492,0.9452945677123182,0.09168494204386901,0.23262032085561501,0.08951798010711554,0.3000000000000007,0.2578863615089395,-0.01782711066263032,-0.01782711066263043,-1.4515267277535882,-9.161102894083278,,,-6.330204010200001,Q1: Lowest,Q1: Lowest,TRUE,TRUE
48089,"Colorado County, TX",0.8944365865157944,1.0650330972012545,0.1705965106854601,0.1672795851013673,0.03495528974567419,-1.3000000000000007,0.4143245924154946,0.04092406044168917,0.04092406044168917,0.04639539287393801,-8.27571596299079,,,-2.222886912,Q2,Q4: Highest,TRUE,FALSE
48091,"Comal County, TX",1.0053039883727517,1.225278223797132,0.21997423542438033,0.05979727816682079,0.010173855268257537,-3.1000000000000005,0.5015787946542867,0.5693088205746433,0.5693088205746433,-1.515570691071444,5.571412221870212,6.592002210192518,7.7674948799863515,-2.046090274999999,Q4: Highest,Q4: Highest,FALSE,FALSE
48093,"Comanche County, TX",0.8663093173577172,1.1483257477243174,0.2820164303666002,0.16537915812706916,0.008289986996098841,-4.100000000000001,0.5670729941801547,-0.010163339382940118,-0.010163339382940118,3.7500865599638056,13.813681428638933,,,-3.759646506000001,Q1: Lowest,Q4: Highest,FALSE,FALSE
48095,"Concho County, TX",1.155782848151062,1.087051142546246,-0.068731705604816,0.0055074744295829925,-0.06093579978237207,-8.6,0.21756604834176496,-0.3215530114484818,-0.3215530114484819,4.960702914806853,14.463527479241433,,,-3.148828718700001,Q4: Highest,Q4: Highest,FALSE,FALSE
48097,"Cooke County, TX",0.8895285087719298,1.0379877325911036,0.14845922381917376,0.17073282163742687,0.06798618627905773,-1.1000000000000014,0.2831557755221876,0.07855798389626689,0.07855798389626689,3.905554966794289,11.07047853271996,,,-2.8711912959999992,Q2,Q4: Highest,TRUE,FALSE
48099,"Coryell County, TX",0.9957557384148982,1.023220193603725,0.027464455188826897,0.04469467301862273,0.0278152187231957,-3.5,0.1876188558516232,0.03582728710926841,0.035827287109268635,1.8290443424957892,-4.012112969473144,2.54343092849399,-0.7232892483133746,-1.4505505860000003,Q4: Highest,Q3,FALSE,FALSE
48101,"Cottle County, TX",0.7014925373134329,1.6748091603053434,0.9733166229919106,0.2798507462686567,-0.022900763358778553,-2.1000000000000014,0.32367956018064015,-0.07600793126239258,-0.07600793126239291,4.0053615364841475,,,,3.6327849065000004,Q1: Lowest,Q4: Highest,FALSE,FALSE
48103,"Crane County, TX",1,1.0659081150708458,0.06590811507084582,0.039806996381182125,0.13310433662516097,-0.8000000000000007,0.47977402104536826,0.20648893360160958,0.2064889336016098,12.010739930891468,-14.433169792152958,,,-4.751829321999999,Q4: Highest,Q4: Highest,FALSE,FALSE
48105,"Crockett County, TX",0.7994912118408881,0.89221140472879,0.0927201928879019,0.2705827937095282,0.1265646731571627,-1.1999999999999993,0.36233305666641513,-0.07847831870178235,-0.07847831870178257,1.8497713294683749,5.213123607268653,,,-9.084285152100001,Q1: Lowest,Q1: Lowest,TRUE,TRUE
48107,"Crosby County, TX",1.0029542097488922,0.9463975694444444,-0.056556640304447736,0.104135893648449,0.08723958333333337,-2,0.1861401849195936,-0.08383902906419671,-0.08383902906419671,1.2724813236407173,25.391248802299582,,,-4.3281594729999995,Q4: Highest,Q1: Lowest,FALSE,TRUE
48109,"Culberson County, TX",0.5695171611401978,1.2316486161251503,0.6621314549849525,0.4613147178592205,-0.038507821901323736,-4.600000000000001,0.5627020947560804,-0.14392744479495267,-0.14392744479495267,0.06570963974222854,-0.6173651241559597,,,-2.7812578749999997,Q1: Lowest,Q4: Highest,FALSE,FALSE
48111,"Dallam County, TX",1.1070301291248206,0.9805194805194806,-0.12651064860534,-0.043328550932568044,0.07368718238283456,-1.799999999999999,0.5454696545802056,0.15009469696969702,0.15009469696969702,-12.185610821334786,-19.953809399054357,,,-1.3784921410000024,Q4: Highest,Q2,FALSE,FALSE
48113,"Dallas County, TX",1.0225472993452405,1.0363363124189051,0.013789013073664647,0.03294886448705636,0.047685731474021,-2.8999999999999986,0.33009813204786087,0.14993077768532626,0.14993077768532626,2.937973843623487,-1.3380613810312667,6.291520504414379,5.986104765025345,-3.954406362000002,Q4: Highest,Q4: Highest,FALSE,FALSE
48115,"Dawson County, TX",0.9032455603184324,0.9707508060801474,0.06750524576171502,0.049601959583588484,0.057577153385536595,-4.899999999999999,0.5335264900662251,-0.08200504868373604,-0.08200504868373615,1.6320595812784944,21.751045991437138,,,-2.2261509219999986,Q2,Q2,FALSE,TRUE
48117,"Deaf Smith County, TX",0.9347851134923378,1.0823475887170155,0.1475624752246777,-0.0024196335983408535,-0.009099181073703333,-3.8000000000000007,0.35047084283792485,-0.01956016071050959,-0.01956016071050959,0.45122638935260473,-1.25360824337909,,,-3.5369303860000016,Q2,Q4: Highest,FALSE,FALSE
48119,"Delta County, TX",1.0491341991341991,1.034329752452125,-0.014804446682074035,0.09999999999999998,0.03876693134049514,-1.6999999999999993,0.46813438170121513,0.025389497980380815,0.025389497980380815,2.885876694359429,20.8065639219178,,,0.04929369000000072,Q4: Highest,Q4: Highest,FALSE,FALSE
48121,"Denton County, TX",1.079597336429203,1.1637132116755822,0.08411587524637909,0.010872638246422373,0.013607519119009592,-0.5999999999999996,0.27510659784560154,0.4568235520138719,0.45682355201387215,0.2579279565797121,6.061761767935632,1.734581140167279,8.647746571896477,-4.122383707999999,Q4: Highest,Q4: Highest,FALSE,FALSE
48123,"DeWitt County, TX",1.0401715188445049,0.94781121751026,-0.09236030133424489,0.05371248025276465,0.08166894664842683,-2.299999999999997,0.5096247773372407,0.009969440408797103,0.009969440408797103,-0.33379822523929015,4.903144962041059,,,-1.1496269730000002,Q4: Highest,Q1: Lowest,FALSE,TRUE
48125,"Dickens County, TX",0.596885813148789,0.9742120343839542,0.37732622123516524,0.3987889273356401,0.035816618911174825,-4.400000000000002,0.41901348929984117,-0.1015847216578627,-0.10158472165786281,0.8935304536924982,-18.490532818527143,,,-1.2426346877999999,Q1: Lowest,Q2,TRUE,FALSE
48127,"Dimmit County, TX",1.5793905372894947,0.8610148124803025,-0.7183757248091922,0.07618283881315158,0.22187204538291838,-7.400000000000002,0.562415223036081,0.028339258506856257,0.028339258506856257,-14.505164120325084,-0.30513456401164163,,,-5.185094949,Q4: Highest,Q1: Lowest,FALSE,TRUE
48129,"Donley County, TX",0.8411343612334802,0.9527777777777776,0.11164341654429744,0.11729074889867841,0.08819444444444446,-0.20000000000000284,0.20532074032792647,-0.138728323699422,-0.1387283236994219,1.818313666029403,-6.7554937982062935,,,-1.5167602010000003,Q1: Lowest,Q1: Lowest,FALSE,TRUE
48131,"Duval County, TX",1.0221664994984956,1.0033470648815654,-0.018819434616930142,0.1053159478435306,0.11225540679711632,-3,0.23798718633208749,-0.07770521616929815,-0.07770521616929826,-3.530433002126254,13.977370590979467,,,-2.7890997009999996,Q4: Highest,Q3,FALSE,FALSE
48133,"Eastland County, TX",0.961146575006138,0.7506517205422315,-0.21049485446390648,0.08850969801129394,0.21676225234619395,-1.8000000000000007,0.3888281365449977,-0.01481004507405026,-0.01481004507405026,-2.915259758524197,2.4784064015532525,,,-1.7153471370000002,Q3,Q1: Lowest,TRUE,TRUE
48135,"Ector County, TX",1.0757459165154264,0.9686938986302044,-0.107052017885222,0.09064246823956446,0.1363770503897892,-3.4000000000000004,0.48647606955812006,0.27413976804973217,0.27413976804973217,1.1884194280601363,0.0945941854873329,4.96640412699108,3.876727014559572,-2.670900522,Q4: Highest,Q2,FALSE,FALSE
48137,"Edwards County, TX",0.7620927936821322,1.015527950310559,0.25343515662842675,0.1648568608094768,-0.11677018633540381,-4.100000000000001,0.3420982735723772,-0.06304558680892336,-0.06304558680892347,-6.033456380034908,-20.014137312665547,,,1.5113040628999999,Q1: Lowest,Q3,TRUE,FALSE
48139,"Ellis County, TX",1.0533508521883723,1.2019642529690315,0.1486134007806592,0.021082011995961714,0.00960013806940141,-2,0.4085801103978999,0.3202988827613795,0.3202988827613793,1.6926667857669664,0.9315657557018291,7.898744302051597,5.519012691412193,-3.056572008,Q4: Highest,Q4: Highest,FALSE,FALSE
48141,"El Paso County, TX",1.1144515982722147,1.044767504480893,-0.06968409379132168,-0.003164299052836439,0.040271421982750244,-9.599999999999998,0.3848103428636518,0.11072318145843307,0.11072318145843307,0.6990346073875803,2.410433214190894,9.356070471623667,4.170046976522158,-5.819041341000002,Q4: Highest,Q4: Highest,FALSE,FALSE
48143,"Erath County, TX",1.0555187272124626,1.05376262241843,-0.0017561047940326535,-0.0032040658490775087,0.0615517328867915,-0.6000000000000014,0.41749285160738614,0.164131086755003,0.164131086755003,2.29285778017162,5.070316953025084,,,-3.4691783320000003,Q4: Highest,Q4: Highest,FALSE,FALSE
48145,"Falls County, TX",0.970244341178234,1.0505770536320431,0.08033271245380913,0.0783990406235947,0.0308893414799728,-6.099999999999998,0.37069221873451186,-0.02343044263775973,-0.02343044263775973,3.0747565685397493,7.684314849257451,,,-0.7496356459999998,Q3,Q4: Highest,TRUE,FALSE
48147,"Fannin County, TX",1.0905714955828316,1.032074598240857,-0.05849689734197461,0.016808693612696435,0.050856424839627046,-3.3000000000000007,0.37421645445641527,0.055581975983830745,0.055581975983830745,0.13111258928651393,-2.715827196392102,,,-3.5443594914,Q4: Highest,Q3,FALSE,FALSE
48149,"Fayette County, TX",0.994923012900541,0.9684857423795477,-0.026437270520993317,0.05834373699542239,0.07984267453294003,-1.5,0.38195756027108096,0.06059084442212748,0.06059084442212748,2.05203842506127,-4.916097126721072,,,-2.5823203569999986,Q4: Highest,Q2,FALSE,FALSE
48151,"Fisher County, TX",0.9386694386694386,1.0125909345271404,0.0739214958577018,0.077962577962578,0.010072747621712397,-2.8000000000000007,0.5079899571702851,-0.06127450980392157,-0.06127450980392157,1.8718951968409336,-15.116725541391494,,,1.3561675934999986,Q2,Q3,TRUE,FALSE
48153,"Floyd County, TX",0.8356518925913944,0.9323517707918824,0.09669987820048798,0.08379165318667103,0.07122960604854756,-4.699999999999999,0.4400588536335721,-0.1452940296274129,-0.1452940296274129,6.176600215197609,13.208212358712753,,,-1.9157471390000005,Q1: Lowest,Q1: Lowest,FALSE,TRUE
48155,"Foard County, TX",0.7148040638606676,0.9979423868312756,0.2831383229706079,0.20899854862119016,0.026748971193415683,-1.1000000000000014,0.3300840451915128,-0.16485900216919736,-0.16485900216919747,-2.4706649282920488,,,,-2.6015011558000003,Q1: Lowest,Q2,TRUE,FALSE
48157,"Fort Bend County, TX",1.1398442683736,1.128751123797242,-0.011093144576358016,-0.013024472112719954,0.030852985041374126,-1.8000000000000007,0.3161031473979432,0.5713212690005498,0.5713212690005498,6.918586855904602,-13.310765189945581,3.054421878600934,8.639318974623542,-2.7108614089999996,Q4: Highest,Q4: Highest,FALSE,FALSE
48159,"Franklin County, TX",0.8242527430949679,1.150337837837838,0.32608509474287006,0.19182746878547108,-0.024704391891891886,0,0.26095835823869296,-0.006852486341327846,-0.006852486341328068,3.4202424104113116,-3.4907315729614092,,,-2.320977054,Q1: Lowest,Q4: Highest,FALSE,FALSE
48161,"Freestone County, TX",0.7010726573568103,0.9962526766595288,0.2951800193027184,0.2636106051406598,0.061180789232181065,1.9000000000000004,0.29133877631320093,0.02896357373969316,0.02896357373969316,4.28067025062529,-4.058108489166164,,,-1.2433361210000005,Q1: Lowest,Q2,TRUE,FALSE
48163,"Frio County, TX",1.1914747597986883,0.9239823815309842,-0.2674923782677041,-0.059935946316913125,0.10176184690157963,-1.1999999999999993,0.3642970625021127,0.210419647114926,0.21041964711492622,-6.299589672842906,-4.274285125702644,,,-3.4270351209999994,Q4: Highest,Q1: Lowest,FALSE,TRUE
48165,"Gaines County, TX",1.244164898454077,1.048961083687292,-0.19520381476678494,-0.009851470142467456,0.042704626334519546,-5.100000000000001,0.743342849727485,0.32773213072218454,0.32773213072218454,3.216240846504015,8.716549048793453,,,-0.9238602909999969,Q4: Highest,Q4: Highest,FALSE,FALSE
48167,"Galveston County, TX",1.0242634764208876,1.0319708756985646,0.007707399277677052,0.03674849439931338,0.05010586178881804,-1.0999999999999996,0.3974270881050541,0.20569122881206603,0.20569122881206625,4.331003559387933,1.860282696961077,5.350024255019363,5.228457968986923,-3.488719371,Q4: Highest,Q3,FALSE,FALSE
48169,"Garza County, TX",0.8517017828200972,0.8056745182012848,-0.04602726461881246,0.18111831442463533,0.2317987152034261,3.1999999999999993,0.3768238171544236,0.02975698462555787,0.02975698462555787,1.9358390076699594,16.840289771383542,,,-11.4365087038,Q1: Lowest,Q1: Lowest,TRUE,FALSE
48171,"Gillespie County, TX",0.9111791137279208,1.0966142270861834,0.18543511335826257,0.10497365974589401,0.03932968536251713,-1.4000000000000004,0.24740053795816763,0.13456930256022193,0.13456930256022193,0.47217860440826875,0.574041932062574,,,-1.2056448223,Q2,Q4: Highest,FALSE,FALSE
48173,"Glasscock County, TX",1.1800327332242226,1.0425531914893618,-0.13747954173486088,-0.02782324058919805,0.07736943907156668,-2.4000000000000004,0.9704306159762941,0.2104810996563573,0.21048109965635708,3.938987047438147,27.342025613447184,,,2.094672404799999,Q4: Highest,Q4: Highest,FALSE,FALSE
48175,"Goliad County, TX",0.981300089047195,0.9803571428571428,-9.429461900521963e-4,0.07598693974473136,0.08392857142857146,-2.4000000000000004,0.273428911175428,0.07224866984038081,0.07224866984038081,5.876464584609109,0.24873185879197646,,,-1.9834710748000006,Q3,Q2,FALSE,TRUE
48177,"Gonzales County, TX",0.9481117105680736,1.002735164704483,0.054623454136409455,0.08124404950809272,0.03056249256748722,-2.400000000000002,0.43477230304287273,0.06790692906929063,0.06790692906929063,-1.2141360223380804,6.084301856600176,,,-3.9018586440000025,Q3,Q3,FALSE,FALSE
48179,"Gray County, TX",0.8281743524952622,0.957920510192461,0.12974615769719888,0.23292121649670605,0.08131192347113081,-0.5999999999999996,0.28498410369283445,-0.024601123094749933,-0.024601123094749933,1.7670401030081577,-12.721565891637416,,,-3.0862729610000006,Q1: Lowest,Q1: Lowest,TRUE,TRUE
48181,"Grayson County, TX",1.0297969571436534,1.074539582075918,0.04474262493226466,0.01974698593747093,0.022413258731220354,-1,0.29390430708235726,0.15111002188775546,0.15111002188775546,1.3771351273677457,6.88202362885481,5.210200557476753,0.4422188313791118,-1.3005373809999998,Q4: Highest,Q4: Highest,FALSE,FALSE
48183,"Gregg County, TX",0.9284148425158774,0.9903357813584712,0.061920938842593864,0.10272736064992427,0.06414191238262268,0.3000000000000007,0.29919315403422986,0.04807204464738701,0.04807204464738701,0.6942695652735142,-1.2185084630772813,-0.10092030298623911,-2.015055011138241,-4.229575981999998,Q2,Q2,TRUE,FALSE
48185,"Grimes County, TX",1.0632228218966846,1.062898309781103,-3.245121155817099e-4,0.004433307632999206,0.04839752470675163,-0.9000000000000004,0.33124565066109946,0.10880749443292626,0.10880749443292648,1.8180169446516792,13.36852783153947,,,-3.5882587259999994,Q4: Highest,Q4: Highest,FALSE,FALSE
48187,"Guadalupe County, TX",1.1318090596330277,1.0998852401129944,-0.031923819520033314,-0.01644925458715596,0.03877875302663436,-2.1999999999999993,0.4906927471529643,0.4179591559230711,0.4179591559230711,2.5587511712871827,-20.533806234617842,5.765231067422434,8.46933117359854,-2.7549603079999994,Q4: Highest,Q4: Highest,FALSE,FALSE
48189,"Hale County, TX",0.8058528738476768,0.9522234080398436,0.14637053419216683,0.20980016086122621,0.06780505158306649,-0.10000000000000142,0.3833670829114637,-0.0741130820399113,-0.0741130820399113,3.2373392288071985,0.7024940618365481,,,-6.342008823999999,Q1: Lowest,Q1: Lowest,FALSE,TRUE
48191,"Hall County, TX",0.84375,0.9733218588640276,0.12957185886402756,0.13372093023255816,0.06282271944922546,-0.9000000000000021,0.29803524992776653,-0.13837209302325582,-0.13837209302325582,5.675193385933519,17.84279571917271,,,-2.882926125100001,Q1: Lowest,Q2,TRUE,TRUE
48193,"Hamilton County, TX",0.7509042681456475,1.0652030373060415,0.314298769160394,0.18350614902339035,-0.009243974909211028,-0.29999999999999893,0.41165241705651456,0.001064836725035434,0.001064836725035656,-1.275955663612366,-1.191332319392231,,,-0.7812357490000004,Q1: Lowest,Q4: Highest,FALSE,FALSE
48195,"Hansford County, TX",1.1302667182064168,0.9945604873803308,-0.13570623082608602,-0.03015075376884413,0.12880765883376855,-1.8000000000000007,0.309574800339089,0.0063373718546131386,0.006337371854613361,-0.45164527923148845,-18.178507048093373,,,-1.8482059070000005,Q4: Highest,Q2,FALSE,FALSE
48197,"Hardeman County, TX",0.7164902998236331,1.0216787103946636,0.3051884105710305,0.2985008818342152,0.017787659811006162,2.3999999999999986,0.19210166061543954,-0.08449720670391059,-0.08449720670391059,0.9895464050996228,29.84522881164534,,,-2.8538227140000005,Q1: Lowest,Q3,TRUE,FALSE
48199,"Hardin County, TX",0.9343668733746748,1.0221238938053097,0.08775702043063482,0.07429485897179433,0.05984985110934027,0.9000000000000004,0.18595401340959894,0.0983106433283758,0.09831064332837602,2.695155373240504,-4.508188292320793,,,-1.5180275540000014,Q2,Q3,FALSE,FALSE
48201,"Harris County, TX",1.059487145854489,1.0272672343817006,-0.032219911472788354,0.010908942343823336,0.055946839524782965,-1.3000000000000007,0.23332733057206312,0.22001173077002711,0.22001173077002711,4.941415006288799,-1.5620124479716817,5.600969518616196,4.867618838586264,-3.849170107999999,Q4: Highest,Q3,FALSE,FALSE
48203,"Harrison County, TX",0.955246665595372,0.9997677427917316,0.04452107719635967,0.1006909850554395,0.06423570788679123,1.3000000000000007,0.34981528148166263,0.04542812711078992,0.04542812711079014,5.55216624828957,2.8452676844415103,,,-2.458832214000001,Q3,Q3,TRUE,FALSE
48205,"Hartley County, TX",1.147489539748954,0.9283292978208232,-0.21916024192813077,4.184100418409553e-4,0.08232445520581111,-2.200000000000001,0.41472325870646776,-0.0778898627418555,-0.0778898627418555,4.620689983139825,-9.353619032547293,,,-2.8122170009999987,Q4: Highest,Q1: Lowest,FALSE,TRUE
48207,"Haskell County, TX",0.7166666666666667,1.22015503875969,0.5034883720930233,0.19371069182389933,0.041860465116279055,-0.3000000000000007,0.3206895372302221,-0.024819027921406445,-0.024819027921406445,-1.7339571369699658,6.717433524769131,,,-2.2135210260000004,Q1: Lowest,Q4: Highest,TRUE,FALSE
48209,"Hays County, TX",1.0660823294257469,1.260868634819006,0.19478630539325903,-0.005712819404678271,0.007541064993537461,-2.5,0.3220996880214757,0.6386033599088838,0.6386033599088836,0.1885764644482757,-13.493224847378151,1.8456110020019878,3.880909538152352,-2.3583511670000004,Q4: Highest,Q4: Highest,FALSE,FALSE
48211,"Hemphill County, TX",0.7793125602312881,0.6324616259238204,-0.14685093430746776,0.3414712495984581,0.27913587265491757,0,0.36609058859595334,0.079423403052572,0.079423403052572,4.1220789654131345,-3.989158370475433,,,-9.599466046999998,Q1: Lowest,Q1: Lowest,TRUE,TRUE
48213,"Henderson County, TX",0.9640664226732404,1.088948220064725,0.12488179739148453,0.03974471431596138,0.011521035598705542,2,0.2797127468581688,0.058315638670725756,0.058315638670725756,-0.6560564680855807,10.091723807323504,2.7650718833538406,0.7090290371685501,-2.187555462999999,Q3,Q4: Highest,FALSE,FALSE
48215,"Hidalgo County, TX",1.0942757953747009,1.0842035294188577,-0.010072265955843207,-0.01244720797225729,0.02912946226705171,-7.100000000000001,0.38148774582960243,0.21452638466356477,0.21452638466356477,3.706955223374839,-5.193712352917919,7.87443722039783,4.232346590654943,-8.350997235000001,Q4: Highest,Q4: Highest,FALSE,FALSE
48217,"Hill County, TX",0.975004900999804,1.1010486794407044,0.12604377844090042,0.051950597921976094,0.03087778353184878,-3.799999999999999,0.3696620247625422,0.05769119769119779,0.05769119769119779,-1.2032245087713112,2.1576881769520035,,,-2.0036073949999995,Q3,Q4: Highest,FALSE,FALSE
48219,"Hockley County, TX",0.9644641626464509,0.9882234896493453,0.023759327002894404,0.11535148173673326,0.05777355302070131,-1.6000000000000014,0.21456557357585537,0.007748205218000459,0.007748205218000237,-0.1475697704365342,7.684888001774294,,,-2.8784127329999993,Q3,Q2,TRUE,FALSE
48221,"Hood County, TX",0.91268216800393,1.0569968867246746,0.14431471872074464,0.12391517930243978,0.06805300550810245,-1.5,0.4135027498577659,0.26136689175363204,0.2613668917536318,-0.5416172428512445,6.216836836167552,,,-1.8181601249999986,Q2,Q4: Highest,FALSE,FALSE
48223,"Hopkins County, TX",0.9453341183397116,1.0777963671128108,0.1324622487730992,0.09255225198704742,0.020016730401529625,0.09999999999999964,0.28709883646592504,0.08018991581952162,0.08018991581952184,1.039984252562548,-1.3830236409863819,,,-2.876314968999999,Q3,Q4: Highest,FALSE,FALSE
48225,"Houston County, TX",1.1357781282860149,1.0393258426966292,-0.09645228558938568,0.020241850683491047,0.03544676297485283,-3.1000000000000014,0.30163895274203667,-0.02846749291485129,-0.0284674929148514,-2.619049463894635,-1.3709328251276853,,,-3.6149238733000004,Q4: Highest,Q4: Highest,FALSE,FALSE
48227,"Howard County, TX",0.9419079435783222,0.930872150644202,-0.011035792934120159,0.08708240534521161,0.09103780263344186,-8.899999999999999,0.6390505565240714,0.08418842593961617,0.08418842593961617,1.6411228114623948,-3.525771558719635,,,-3.701724970000001,Q3,Q1: Lowest,FALSE,TRUE
48229,"Hudspeth County, TX",0.6711974110032363,1.061413043478261,0.39021563247502467,0.22524271844660193,0.0902173913043478,-4.399999999999999,0.5664076509264795,0.41132293471981507,0.4113229347198153,-3.2227277065504434,18.740513044615383,,,-5.731679257099999,Q1: Lowest,Q4: Highest,FALSE,FALSE
48231,"Hunt County, TX",0.953004139884519,1.1588455909257227,0.20584145104120366,0.0803192068852816,0.0337769849981705,-1.5999999999999979,0.3273251788599123,0.1688539554954891,0.1688539554954891,7.644470871684417,11.106516238844286,4.644053437560359,0.7609710075690508,-1.8698368399999996,Q3,Q4: Highest,FALSE,FALSE
48233,"Hutchinson County, TX",0.8411872986654395,0.9592592592592591,0.11807196059381964,0.18067188219052,0.07064676616915422,-2.1999999999999993,0.3120456552754942,-0.05420543861234073,-0.05420543861234062,-3.7548945219002485,3.992652450811309,,,-2.6116090179999993,Q1: Lowest,Q1: Lowest,TRUE,TRUE
48235,"Irion County, TX",0.8117219917012448,1.0733532934131738,0.26163130171192894,0.15975103734439833,0.04940119760479045,-0.6999999999999993,0.4665783400290624,-0.04536979490366688,-0.04536979490366688,-4.684605984522822,-1.8349744924383677,,,5.238515186800001,Q1: Lowest,Q4: Highest,TRUE,FALSE
48237,"Jack County, TX",0.6898591549295775,0.8207327711544053,0.13087361622482785,0.36469483568075123,0.2366967141610934,2.5999999999999996,0.25343597871617796,-0.014666960741067436,-0.014666960741067325,1.6059486872105788,20.995184305412145,,,-0.5730413958999989,Q1: Lowest,Q1: Lowest,TRUE,TRUE
48239,"Jackson County, TX",1.0534495830174375,0.9616785431512272,-0.09177103986621027,0.018498862774829372,0.05605700712589079,-0.7999999999999989,0.15058663422479746,0.06516562026412642,0.06516562026412642,-2.4134435644126984,-0.4742547425474255,,,-0.0924949539999993,Q4: Highest,Q1: Lowest,FALSE,TRUE
48241,"Jasper County, TX",0.8662411732753938,0.9556266793108898,0.089385506035496,0.12208039109179791,0.07151888730836098,-1.3000000000000007,0.29075611888111896,0.013116997918389384,0.013116997918389606,3.308778175912325,-9.957609606712854,,,-2.5540002170000005,Q1: Lowest,Q1: Lowest,TRUE,TRUE
48243,"Jeff Davis County, TX",0.7062122519413288,0.9502529510961214,0.24404069915479265,0.04400345125107852,0.11298482293423273,-0.40000000000000036,0.37353925353925344,-0.0013175230566534468,-0.0013175230566535578,-0.5141800975737798,17.150975164053058,,,-1.967395187100001,Q1: Lowest,Q1: Lowest,FALSE,TRUE
48245,"Jefferson County, TX",0.9544980248937914,0.9997143564450708,0.045216331551279354,0.08119363494074683,0.07044922209738536,-0.20000000000000284,0.39682017266259906,0.015894745768872065,0.015894745768872065,2.7954619473758684,-3.732801495850181,2.172025100771151,2.1830420500383667,-2.1950344820000005,Q3,Q3,FALSE,FALSE
48247,"Jim Hogg County, TX",0.8061338289962825,0.9807592303692148,0.17462540137293225,0.22193308550185875,0.046801872074882955,0,0.19901081916537877,0.01344767101929456,0.013447671019294338,4.963444855291926,8.037194728872764,,,-7.660327072000001,Q1: Lowest,Q2,FALSE,FALSE
48249,"Jim Wells County, TX",0.917657822506862,0.931939473849438,0.014281651342575974,0.20715558337747386,0.1214290199033089,-1.1000000000000014,0.250956991668543,-0.004230825994982035,-0.004230825994982035,0.682648465366692,-10.411426747112847,,,-5.477527585000001,Q2,Q1: Lowest,TRUE,TRUE
48251,"Johnson County, TX",0.9710657017170428,1.1560257945870085,0.18496009286996573,0.0660139066269334,0.027367427679576006,-0.3000000000000007,0.2538489079842463,0.21150334543800775,0.21150334543800753,2.1083062551039755,0.21550380164003258,5.547325938475282,3.46437578881317,-1.3462545410000004,Q3,Q4: Highest,FALSE,FALSE
48253,"Jones County, TX",0.7540036755053819,1.072877358490566,0.31887368298518404,0.2877395641900762,0.039622641509433953,-0.20000000000000284,0.43587005395683454,-9.45179584120992e-4,-9.45179584120881e-4,7.687709504861279,20.910339294197513,,,-1.525899776500001,Q1: Lowest,Q4: Highest,TRUE,FALSE
48255,"Karnes County, TX",1.0177897038362154,0.9590778097982708,-0.05871189403794452,0.118465513814351,0.05917387127761764,-5.5,0.7236469922685274,0.047046979865771776,0.047046979865771776,-8.228145258861986,-1.2307032460920377,,,-0.5891034130000001,Q4: Highest,Q1: Lowest,FALSE,TRUE
48257,"Kaufman County, TX",1.072136215923452,1.3250501782451094,0.2529139623216574,0.02010742011193356,-0.001977172643120362,-1.1999999999999993,0.39072958190414386,0.4228060275461367,0.4228060275461367,5.529371058890714,2.7336037741123818,6.450383413647373,4.199340317395615,-2.519432075000001,Q4: Highest,Q4: Highest,FALSE,FALSE
48259,"Kendall County, TX",1.074896331738437,1.141728671898889,0.06683234016045203,0.016395534290271185,0.043675466313321754,-1.1999999999999993,0.4065153917979576,0.5638311902406858,0.5638311902406856,-5.008394819715573,-8.624653315785775,,,-2.3377448221999995,Q4: Highest,Q4: Highest,FALSE,FALSE
48261,"Kenedy County, TX",1.0987394957983194,0.5927152317880795,-0.5060242640102399,0.1386554621848739,0.304635761589404,-1.700000000000001,0.5085183610738695,-0.026506024096385583,-0.026506024096385472,-2.962099125364431,,,,-6.035840823000001,Q4: Highest,Q1: Lowest,FALSE,TRUE
48263,"Kent County, TX",1.2353629976580796,1.2510288065843622,0.015665808926282665,-0.0374707259953162,0.04526748971193417,2.4000000000000004,0.43311442352235874,-0.032994923857868064,-0.03299492385786795,-1.534086987728961,,,,1.1951594169999993,Q4: Highest,Q4: Highest,FALSE,FALSE
48265,"Kerr County, TX",0.93608703422393,1.0204793220638213,0.08439228783989128,0.09806987758019836,0.04757911462241249,-3.8999999999999986,0.35521317011397224,0.08785572468563863,0.08785572468563863,1.7990774379207541,-0.5017671423502676,,,-2.172250191,Q2,Q3,FALSE,FALSE
48267,"Kimble County, TX",0.8938277291570704,0.9910948140387638,0.09726708488169333,0.05803777061262094,0.03614457831325302,-0.8000000000000007,0.2724455563768693,-0.040061974324922534,-0.04006197432492242,4.561383814674963,3.7168978379005693,,,0.07603906599999988,Q2,Q2,TRUE,FALSE
48269,"King County, TX",1.4854651162790695,1.9221311475409837,0.43666603126191417,-0.08720930232558133,-0.024590163934426146,-4.199999999999999,0.6918583944725407,-0.04225352112676062,-0.04225352112676062,-0.3902116402116351,,,,7.749225077499999,Q4: Highest,Q4: Highest,FALSE,FALSE
48271,"Kinney County, TX",0.8192541856925418,0.9277950310559008,0.10854084536335895,0.16590563165905636,0.10248447204968947,-2.3000000000000007,0.6227507755946224,0.034122955442752456,0.034122955442752456,-1.9120144424215502,-25.476610263549336,,,-1.1615058559999998,Q1: Lowest,Q1: Lowest,FALSE,TRUE
48273,"Kleberg County, TX",0.897545858636449,0.9847787746338472,0.08723291599739824,0.13616728228886243,0.05574725864580932,-1.0999999999999979,0.27456225680933843,-0.02199553713739244,-0.02199553713739244,2.268822739108836,-2.165733128463364,,,-3.4938355249999997,Q2,Q2,FALSE,FALSE
48275,"Knox County, TX",0.8999429874572406,1.0391156462585034,0.13917265880126284,0.05929304446978334,0.0217687074829932,-1.1999999999999993,0.3413976727368351,-0.015318462778822872,-0.015318462778822872,2.667061713763691,11.849863104368103,,,-1.904938693,Q2,Q4: Highest,FALSE,FALSE
48277,"Lamar County, TX",0.9146693680489696,1.016958301470919,0.10228893342194934,0.12130356065178027,0.04151860015293962,2.1999999999999993,0.23487273681448428,0.009557170915423185,0.009557170915423185,1.2005048647449723,5.15338568712785,,,-0.9985881659999993,Q2,Q3,TRUE,FALSE
48279,"Lamb County, TX",0.7668371073776479,1.0001756851721717,0.23333857779452383,0.16800584368151938,0.02283907238229088,-1,0.2757271695633996,-0.09649614576033638,-0.0964961457603365,1.9823297914887683,-6.928853414859658,,,-4.154138889,Q1: Lowest,Q3,TRUE,FALSE
48281,"Lampasas County, TX",0.8304249235926254,1.0710671843746322,0.2406422607820068,0.1724341910677314,0.023061536651370784,-1.1999999999999993,0.30394395548362785,0.08617193836171944,0.08617193836171966,3.400779996545306,-1.4654026891920147,,,-3.8397520152,Q1: Lowest,Q4: Highest,TRUE,FALSE
48283,"La Salle County, TX",1.3481468154012235,0.9034847967201912,-0.4446620186810323,0.10651313422094277,0.20635462931329007,-2.1999999999999993,0.4908082975679542,0.12659176029962538,0.1265917602996256,-10.195395381385586,-3.4372260737907405,,,-1.7760769629999995,Q4: Highest,Q1: Lowest,FALSE,TRUE
48285,"Lavaca County, TX",0.8744204797419876,1.0456643587207386,0.17124387897875104,0.1182221326345495,0.06044620287943725,-2.1999999999999993,0.3841420118343195,0.04761409709949049,0.047614097099490715,3.6286925096241096,2.858940519162651,,,-2.2160895909999994,Q1: Lowest,Q4: Highest,TRUE,FALSE
48287,"Lee County, TX",0.9879083094555874,1.0445481049562682,0.05663979550068077,0.12401146131805163,0.12011661807580176,-1.6000000000000014,0.32033426183844016,0.04981426222519936,0.04981426222519936,-1.9199715534684691,11.212451769961087,,,-0.49649180099999946,Q3,Q4: Highest,FALSE,FALSE
48289,"Leon County, TX",0.8851360318513604,1.0415927776882157,0.15645674583685532,0.14810882548108828,0.06641947444784779,-1,0.3040627742501678,0.06186699206833435,0.06186699206833435,0.013818525874598198,-9.505525578896044,,,-0.06236856900000021,Q2,Q4: Highest,FALSE,FALSE
48291,"Liberty County, TX",0.9543096976728316,1.1819664998912334,0.2276568022184018,0.0757182829454719,0.027253799061499717,0,0.15414112090816534,0.18390928001073603,0.18390928001073625,5.572342915110884,20.125981412591415,8.31068016055849,5.0309174340625615,-1.102610628999999,Q3,Q4: Highest,FALSE,FALSE
48293,"Limestone County, TX",0.8406195715112913,1.0313708897485494,0.1907513182372581,0.15672650067554528,0.05597195357833651,-2.1000000000000014,0.2430646539447452,0.015028150714595068,0.015028150714595068,0.28388843416842224,7.78310560938567,,,-4.198560529,Q1: Lowest,Q3,FALSE,FALSE
48295,"Lipscomb County, TX",0.920863309352518,0.8836828309305373,-0.03718047842198069,0.1311566131710017,0.11271297509829625,-1.9000000000000004,0.4473095907390603,0.017306482064191275,0.017306482064191275,-1.2213780319051737,-60.0287664361212,,,-3.206165310000001,Q2,Q1: Lowest,TRUE,TRUE
48297,"Live Oak County, TX",1.1363912515188337,0.9336540896429476,-0.20273716187588608,0.12920210611583638,0.1228159027601925,-1.6000000000000014,0.3604008640176821,0.0589000693962527,0.0589000693962527,-0.43463583975728026,9.835250271925638,,,0.9664581348999999,Q4: Highest,Q1: Lowest,FALSE,TRUE
48299,"Llano County, TX",0.9315253405325808,1.1247711221553751,0.19324578162279427,0.09718983924407898,0.03518179440230185,-1.5999999999999996,0.33949086004672324,0.1510430419857407,0.1510430419857407,3.1105317163624804,-5.278378059277543,,,-2.7399228213999995,Q2,Q4: Highest,FALSE,FALSE
48301,"Loving County, TX",1.5625,2.286666666666666,0.7241666666666662,0.025000000000000022,0.3733333333333333,-12.9,0.9366396007966558,1.1392405063291138,1.1392405063291142,-40.73753961394411,,,,-12.039475587999998,Q4: Highest,Q4: Highest,FALSE,FALSE
48303,"Lubbock County, TX",1.0281959636190705,1.0505496358241166,0.022353672205046138,-2.30353109023973e-4,0.036815484219045014,0.5,0.32772966547800975,0.17100842712516262,0.17100842712516262,2.813204867890551,4.1697374441145305,2.9897022244272193,4.441525561346367,-3.595203654999999,Q4: Highest,Q4: Highest,FALSE,FALSE
48305,"Lynn County, TX",0.9452157598499062,1.0447575631993369,0.09954180334943064,-0.01050656660412752,0.04061334438458353,-4.100000000000001,0.3927222898903775,-0.006344965770579414,-0.006344965770579414,1.3238251782361488,58.758847614509975,,,-3.2257854750000003,Q3,Q4: Highest,FALSE,FALSE
48307,"McCulloch County, TX",1.066045066045066,0.8218406980016887,-0.2442043680433773,0.05231805231805231,0.1846327047565438,-5.199999999999999,0.36555032985069924,-0.014929056138186292,-0.014929056138186292,0.29056251280987766,7.550495809632837,,,-4.874967155,Q4: Highest,Q1: Lowest,FALSE,TRUE
48309,"McLennan County, TX",0.9874997664380876,1.0698920976359256,0.08239233119783806,0.02454268577514529,0.016333764011593366,-1.1000000000000014,0.2624632343854272,0.13178913385757318,0.1317891338575734,2.3969862588290396,4.448327432492824,7.8628021396408485,5.438850745059369,-1.7726512519999993,Q3,Q4: Highest,FALSE,FALSE
48311,"McMullen County, TX",1.7074303405572755,1.0398230088495577,-0.6676073317077178,0.015479876160990669,0.12389380530973448,-3.4000000000000004,0.8148482515068638,-0.03880983182406206,-0.03880983182406206,-15.236427320490364,,,,-5.8286196283,Q4: Highest,Q4: Highest,FALSE,FALSE
48313,"Madison County, TX",0.9651211361737676,1.0590568532393123,0.09393571706554471,0.10756056808688386,0.040326134861172314,-3.3999999999999986,0.34968645180107916,0.06972215981427388,0.06972215981427388,2.1868853703054523,-9.945937764759735,,,-1.2369566499999998,Q3,Q4: Highest,FALSE,FALSE
48315,"Marion County, TX",0.8485655737704918,1.0150798344175045,0.1665142606470127,0.1924180327868853,0.0449438202247191,-3.6000000000000014,0.22011403537029284,-0.10017350013697379,-0.10017350013697368,1.3869388869388821,-6.2801107659362065,,,-3.7730220959,Q1: Lowest,Q3,TRUE,FALSE
48317,"Martin County, TX",1.0863970588235294,0.9873544761140104,-0.09904258270951904,0.05009191176470584,0.1224407868325974,-4.799999999999999,0.6796979988760476,0.28415665331553175,0.28415665331553197,-8.218177711693736,-1.8369474245373247,,,-1.1318357879999983,Q4: Highest,Q2,FALSE,FALSE
48319,"Mason County, TX",0.7684521299029945,1.044277108433735,0.2758249785307405,0.22479966258962458,0.04096385542168679,-2.8000000000000007,0.45098557311208576,0.09674108288426986,0.09674108288426986,2.3795994716703905,0.6568891588252441,,,-1.8058583225999998,Q1: Lowest,Q4: Highest,TRUE,FALSE
48321,"Matagorda County, TX",0.9573261898828808,1.0369089199355186,0.07958273005263783,0.05737602790929475,0.059511015583019855,-5,0.2739400206825233,0.005239767365302406,0.005239767365302406,2.162875421576244,6.070346212321394,,,-0.2571585610000007,Q3,Q4: Highest,FALSE,FALSE
48323,"Maverick County, TX",1.085939993616342,0.9985757603601948,-0.08736423325614728,-0.045643153526971014,0.062115225581181654,-2.900000000000002,0.44716476204252853,0.14318531352814068,0.14318531352814068,0.15784217022192237,-0.39534003595670697,,,-2.4802090879999987,Q4: Highest,Q2,FALSE,FALSE
48325,"Medina County, TX",0.9960214997101756,1.0815495636062216,0.08552806389604595,0.022975180481635715,0.0482714905651177,-2.6000000000000014,0.3606913868089494,0.15718868474773995,0.15718868474773995,1.349843681648688,-1.7057461554381792,,,-0.9203528690000002,Q4: Highest,Q4: Highest,FALSE,FALSE
48327,"Menard County, TX",0.7956273764258555,0.9812633832976444,0.18563600687178894,0.1815589353612167,0.0224839400428265,-0.8000000000000007,0.17331826926013005,-0.01746323529411764,-0.01746323529411764,0.3273709832295024,-2.986057612942279,,,-6.160754424199999,Q1: Lowest,Q2,TRUE,FALSE
48329,"Midland County, TX",1.0926269842345702,1.0291914568173384,-0.0634355274172318,0.08809933711992846,0.12707927974536903,-4.5,0.6733814352574103,0.37127968112660326,0.37127968112660303,-0.16985608000124608,-8.530581563280924,6.820428999803326,2.949645371322802,-0.5694399869999991,Q4: Highest,Q3,FALSE,FALSE
48331,"Milam County, TX",0.8370044052863436,1.1052711916149385,0.2682667863285949,0.21357167062012872,0.029408771751297413,-1,0.2425241585715372,-0.004930650204441611,-0.0049306502044415,7.6060172658580445,-4.758423059457221,,,-3.7692167869999995,Q1: Lowest,Q4: Highest,TRUE,FALSE
48333,"Mills County, TX",0.8287376130978027,1.0059278350515464,0.17719022195374368,0.15898319689788887,-0.001546391752577314,-4,0.31213435969209247,4.1059330732906574e-4,4.1059330732906574e-4,0.2214319958886768,-11.289715033667935,,,-4.097075328400001,Q1: Lowest,Q3,FALSE,FALSE
48335,"Mitchell County, TX",0.8395100502512562,1.0224465200361554,0.1829364697848992,0.1532663316582915,0.019584212112081945,-5.100000000000001,0.36563863119739515,-0.08501980940143483,-0.08501980940143472,3.4095008705302075,1.2195471139701128,,,1.0218521439999986,Q1: Lowest,Q3,FALSE,FALSE
48337,"Montague County, TX",0.9203471552555448,1.0274291860882037,0.10708203083265888,0.16248794599807137,0.05712919803991878,-2,0.33881513276103004,-2.0179598425995593e-4,-2.0179598425973388e-4,0.7043482062974782,4.794487468900097,,,-2.2488440999999995,Q2,Q3,TRUE,FALSE
48339,"Montgomery County, TX",1.0677432079045917,1.1466463425404216,0.07890313463582999,-0.00803997097624043,0.032146503272938,-0.9000000000000004,0.39784421715184903,0.4763426799152197,0.4763426799152195,1.4884530555828002,-8.602830154448903,3.033126836533711,5.045395297231817,-2.915310387,Q4: Highest,Q4: Highest,FALSE,FALSE
48341,"Moore County, TX",0.9306174411203056,1.055221835809885,0.1246043946895794,0.009457124670364636,0.030245547476024925,-0.5999999999999996,0.2765922939690926,0.023010405979774218,0.02301040597977444,0.6637429223776609,4.842944414791194,,,-3.400862986,Q2,Q4: Highest,FALSE,FALSE
48343,"Morris County, TX",0.8953785811732605,0.9628399418725349,0.06746136069927433,0.15006821282401095,0.07452771434502803,0.6000000000000014,0.22715937429154387,-0.06512716021432341,-0.06512716021432341,4.124527871086156,-0.6659564041407418,,,-3.2858491,Q2,Q1: Lowest,TRUE,TRUE
48345,"Motley County, TX",0.7043413173652695,1.080046403712297,0.3757050863470275,0.2979041916167665,0.09280742459396751,1.6000000000000014,0.22560492472725047,-0.0228013029315961,-0.022801302931596323,-1.8205297007140353,,,,-4.9869346944,Q1: Lowest,Q4: Highest,TRUE,FALSE
48347,"Nacogdoches County, TX",0.910538515806094,0.9946704726116492,0.08413195680555519,0.08710988678738196,0.04801994507876861,-0.20000000000000284,0.40986757795813755,0.047050133281947515,0.04705013328194729,2.762308525662649,0.4423760257955296,,,-4.041543652,Q2,Q2,FALSE,FALSE
48349,"Navarro County, TX",1.015500398724083,1.001631212012871,-0.013869186711211956,0.014005183413078104,0.05264569181265644,-5.1,0.29189792070531384,0.06009900152310044,0.060099001523100215,2.5776258622106862,13.211739454954666,,,-2.4168269149999997,Q4: Highest,Q3,FALSE,FALSE
48351,"Newton County, TX",0.921183628318584,0.9628309572301426,0.041647328911558534,0.08278023598820061,0.06252545824847255,2.400000000000002,0.3433054270827236,-0.05162190442971748,-0.05162190442971748,12.492616207718548,-0.7911103163376536,,,-1.5304428106000003,Q2,Q1: Lowest,TRUE,TRUE
48353,"Nolan County, TX",0.8233328878791928,0.992055527680214,0.1687226398010212,0.12668715755712945,0.0342866700117076,-4.300000000000001,0.4398472903345956,-0.002440677966101701,-0.002440677966101701,-1.6627143559426405,-9.308206412433218,,,-2.617299517000001,Q1: Lowest,Q2,TRUE,FALSE
48355,"Nueces County, TX",0.9980431965166984,0.9951127075982722,-0.0029304889184261773,0.045028825343318424,0.06587636298673538,-2.6000000000000014,0.3631259115216334,0.09615989737135111,0.09615989737135089,1.6654306059174395,3.2962271884453003,6.54827513388183,3.42600928199354,-3.3162680719999997,Q4: Highest,Q2,FALSE,FALSE
48357,"Ochiltree County, TX",0.934119782214156,0.8998158002455997,-0.03430398196855633,0.16733212341197823,0.11665984445354072,-1.299999999999999,0.23071324599708887,0.0024459845087647647,0.0024459845087645427,3.8163151629141137,-22.594520789127586,,,-4.348012919999999,Q2,Q1: Lowest,TRUE,TRUE
48359,"Oldham County, TX",0.9424643584521384,0.9910220994475138,0.048557740995375465,0.11303462321792257,0.06491712707182318,-9.000000000000002,0.16248214320659082,0.06024096385542177,0.06024096385542155,-2.1528551963334586,17.91826396495071,,,1.7228786540000005,Q3,Q2,TRUE,FALSE
48361,"Orange County, TX",0.9317417533050956,0.993803886413373,0.06206213310827746,0.13135669362084457,0.06697075961715926,-1,0.3524901746021518,0.013871497173424174,0.013871497173423952,0.46460174734355986,-3.803561459063193,2.8717791725096475,8.401282640602508,-1.7710469809999996,Q2,Q2,FALSE,FALSE
48363,"Palo Pinto County, TX",0.8981755246268118,0.9882239070817874,0.0900483824549756,0.12511718468306054,0.062348765929988725,1.299999999999999,0.3544040611330128,0.05455399400267358,0.05455399400267358,1.7712257029356027,8.827748319782486,,,-4.2319537789999995,Q2,Q2,TRUE,FALSE
48365,"Panola County, TX",0.9243997147159044,0.9276668813050012,0.0032671665890967594,0.17655915682700685,0.13554410817772056,0.6000000000000014,0.34396559871467725,-0.006723480793113801,-0.006723480793113912,3.291126793606952,1.4458946203878225,,,-1.7280019459999991,Q2,Q1: Lowest,TRUE,TRUE
48367,"Parker County, TX",1.0453156624630235,1.2060274372446,0.1607117747815765,0.008329441071150523,0.014200233508464666,-0.40000000000000036,0.37843979215050716,0.30591912840011704,0.30591912840011704,1.9359281746166634,1.7563660844446183,2.8082211400625283,6.00007988032641,-1.5991734720000004,Q4: Highest,Q4: Highest,FALSE,FALSE
48369,"Parmer County, TX",1.1243125572868928,1.0606128886885984,-0.06369966859829446,-0.022456461961503305,6.759801712482583e-4,-3.5,0.43119343891402706,-0.04665012406947888,-0.04665012406947877,1.3931359967476742,-6.878396410058347,,,-1.9617626039999987,Q4: Highest,Q4: Highest,FALSE,FALSE
48371,"Pecos County, TX",0.8844571764360217,0.9790222222222222,0.09456504578620051,0.07330688996621126,0.04657777777777783,-3.1000000000000014,0.5163088772020576,0.03276548528163947,0.032765485281639695,0.3381006189829616,-0.99669099431388,,,-2.489356004000001,Q2,Q2,FALSE,TRUE
48373,"Polk County, TX",1.0122804824698457,1.0606323447118076,0.04835186224196186,0.01499906255859007,0.017851147174034687,-0.8000000000000007,0.35701981050818254,0.12303453102105988,0.12303453102105988,1.7503679724582555,26.5668175767063,,,-2.3291253248999997,Q4: Highest,Q4: Highest,FALSE,FALSE
48375,"Potter County, TX",0.9448141287340612,0.9795559111822364,0.03474178244817516,0.02267863244788948,0.04804960992198437,-5,0.25436028783998044,-0.017751825794523834,-0.017751825794523945,1.091421317791652,-0.9566069185240202,3.298764526295784,-1.5781507244785953,-5.05131394,Q3,Q2,TRUE,FALSE
48377,"Presidio County, TX",1.0844348975545277,0.9921339249697458,-0.09230097258478187,-0.010244547257105108,0.05970149253731338,-5.199999999999999,0.2292759898719312,-0.13070539419087135,-0.13070539419087135,4.447109099266139,-21.079877994434487,,,-7.610539252000001,Q4: Highest,Q2,FALSE,FALSE
48379,"Rains County, TX",0.9949402954867436,1.1063032022699637,0.11136290678322014,0.04472778789718679,0.01803810295905961,-2.1999999999999993,0.6372908406274158,0.13825723121702738,0.1382572312170276,0.34003891139278153,-5.375489366408441,,,0.35018306999999993,Q4: Highest,Q4: Highest,FALSE,FALSE
48381,"Randall County, TX",0.9820646758658172,1.0794171530825274,0.09735247721671014,0.04994112141067064,0.018490903668356706,0,0.328509950575987,0.1997787109477096,0.1997787109477096,-0.7304927214246304,-3.38326699774023,2.3257050465530114,4.077057279067041,-2.0357513859999994,Q3,Q4: Highest,FALSE,FALSE
48383,"Reagan County, TX",0.7696897374701671,0.8302429667519181,0.060553229281751,0.28042959427207637,0.15792838874680304,-0.6999999999999993,0.3562515095402947,0.18067484662576683,0.18067484662576683,-1.6267082755655637,-3.7181197570239704,,,-3.545141999,Q1: Lowest,Q1: Lowest,TRUE,TRUE
48385,"Real County, TX",0.7023977433004231,1.053648068669528,0.35125032536910483,0.3201692524682651,0.005364806866952843,-2.3000000000000007,0.40656539561158755,0.043530834340991476,0.043530834340991476,-1.7771327511897916,-15.44239114138834,,,-1.3700207413999994,Q1: Lowest,Q4: Highest,FALSE,FALSE
48387,"Red River County, TX",0.757044035768517,1.014758100310697,0.25771406454217993,0.224059389235701,0.008211273857079426,0.6000000000000014,0.2800458431421138,-0.08024785801713585,-0.08024785801713585,5.714472127824322,1.7661604527674468,,,-2.0178505420999997,Q1: Lowest,Q3,TRUE,FALSE
48389,"Reeves County, TX",1.2624496981891349,0.8358495940749181,-0.4266001041142168,-0.05432595573440646,0.25281298960262066,-14.399999999999999,0.6805021953896817,0.22524733491832194,0.22524733491832194,-7.4683892159620315,20.031129983571105,,,-6.309153061000002,Q4: Highest,Q1: Lowest,FALSE,TRUE
48391,"Refugio County, TX",0.846899719316152,0.970130340333092,0.12323062101693993,0.22378157693289102,0.07168718320057932,2,0.256984288701807,-0.06285405988670079,-0.06285405988670123,-0.8586511197601732,8.92758553695501,,,-4.7533245184999995,Q1: Lowest,Q2,TRUE,TRUE
48393,"Roberts County, TX",0.7459749552772809,0.8856041131105399,0.13962915783325902,0.23434704830053665,0.06940874035989719,1.2000000000000002,0.204658136404682,-0.03720405862457721,-0.03720405862457732,6.169160406448548,,,,-16.2605666077,Q1: Lowest,Q1: Lowest,FALSE,TRUE
48395,"Robertson County, TX",0.951238281796558,1.077599388379205,0.126361106582647,0.07457674548761717,0.040519877675840976,1,0.32279211096418425,0.031911035899915285,0.031911035899915285,-1.4622588828437866,4.469880973034508,,,-1.6129111819999995,Q3,Q4: Highest,FALSE,FALSE
48397,"Rockwall County, TX",1.0621210885463392,1.263503064322126,0.20138197577578665,0.005301362042247737,7.255092884280723e-4,-0.20000000000000018,0.33048608665022905,0.4807836163215762,0.4807836163215764,-1.9213847021254893,-21.36817523960499,3.7877320644573302,3.6661197316119924,-3.147962485999999,Q4: Highest,Q4: Highest,FALSE,FALSE
48399,"Runnels County, TX",1.1052263182454505,1.0230164237797823,-0.08220989446566818,0.0058329444703686395,0.030996992829053882,-2.1000000000000014,0.4362047588120683,-0.023034456501047074,-0.023034456501046963,-0.5010268831949161,9.748206087632216,,,-3.0261395209999993,Q4: Highest,Q3,FALSE,FALSE
48401,"Rusk County, TX",0.9807882408561482,0.986319612590799,0.005531371734650792,0.04891047406197624,0.06663438256658594,2.3000000000000007,0.33718321958669395,0.061000819064706,0.061000819064706224,4.571035390337186,-5.864156206619189,,,-4.552837336,Q3,Q2,TRUE,FALSE
48403,"Sabine County, TX",1.0050939191340338,1.0167106420404572,0.01161672290642346,0.08150270614453992,0.007622398123717344,1.5,0.26690782810013025,9.486765961486121e-5,9.486765961486121e-5,-3.5404728958909004,3.5097344459648587,,,-0.042940913300000716,Q4: Highest,Q3,FALSE,FALSE
48405,"San Augustine County, TX",0.7457424559306842,0.9471875,0.20144504406931574,0.22886166716462508,0.16781250000000003,0.6999999999999993,0.31637008339352546,-0.08963306808134397,-0.08963306808134408,-4.804665443252398,5.143517416775592,,,-4.2710573352,Q1: Lowest,Q1: Lowest,TRUE,TRUE
48407,"San Jacinto County, TX",1.0802211558522845,1.0539899139721152,-0.026231241880169343,0.031191320675985845,0.050232374171857996,-0.3999999999999986,0.08032840888933945,0.12208872817761196,0.12208872817761174,8.302475612820437,4.991026833640973,,,-1.0835471460000008,Q4: Highest,Q4: Highest,FALSE,FALSE
48409,"San Patricio County, TX",0.9967792753369508,1.0284649567864517,0.0316856814495009,0.04932609837213375,0.05836453339864933,-2.9999999999999982,0.4146546190687799,1.0491134990942008e-4,1.0491134990942008e-4,4.156498013849086,8.347628405952612,10.583832105404966,1.5478403697303929,-2.7766866629999996,Q4: Highest,Q3,FALSE,FALSE
48411,"San Saba County, TX",0.8971790678659035,0.8790496760259179,-0.01812939183998563,0.12878168438266557,0.1555075593952484,0.8999999999999986,0.31949696344677436,0.011695906432748648,0.011695906432748648,-0.1729968617060873,-3.821692960725513,,,-1.2627438620000007,Q2,Q1: Lowest,TRUE,TRUE
48413,"Schleicher County, TX",1.150278940027894,0.919957310565635,-0.2303216294622591,0.03556485355648531,0.12700106723585913,0.3000000000000007,0.2786082783443311,-0.12664165103189495,-0.12664165103189495,4.343274297118333,-19.31524066128871,,,-12.4239377252,Q4: Highest,Q1: Lowest,FALSE,TRUE
48415,"Scurry County, TX",1.086923813431815,0.9135115606936416,-0.1734122527381735,0.09314731226918338,0.1388728323699422,-2.5,0.27166154680159016,0.01655407461505698,0.0165540746150572,1.5073881466297956,-7.122668675039919,,,-3.040857269,Q4: Highest,Q1: Lowest,FALSE,FALSE
48417,"Shackelford County, TX",1.0287001897533208,1.0079787234042554,-0.020721466349065354,0.14563567362428842,0.08045212765957444,0.3999999999999986,0.6155010671564005,-0.02740542150729819,-0.02740542150729819,3.234529904569178,8.395430726679777,,,-4.9855811723,Q4: Highest,Q3,FALSE,FALSE
48419,"Shelby County, TX",0.8113910277870774,1.0086541662043715,0.19726313841729415,0.10378305992634751,0.016642627316099,2.599999999999998,0.18815080789946137,-0.006251720206031486,-0.006251720206031597,1.5925313384203998,-9.142784893942682,,,-1.0315800740000007,Q1: Lowest,Q3,TRUE,FALSE
48421,"Sherman County, TX",1.0374823196605374,0.987258953168044,-0.05022336649249337,0.014144271570014189,0.058539944903581276,-3,0.43813029839525064,0.017851128326035637,0.017851128326035637,-6.496218328232928,-24.658399312195577,,,-0.09945322799999978,Q4: Highest,Q2,FALSE,FALSE
48423,"Smith County, TX",0.9955484292917572,1.066272494072836,0.07072406478107884,0.016086837275048005,0.030199385906953258,-1.4000000000000004,0.33197610684802803,0.16402854670847655,0.16402854670847655,2.987156974967853,-1.7722261968523991,4.0844462539761395,4.530215721081163,-3.128585451000001,Q4: Highest,Q4: Highest,FALSE,FALSE
48425,"Somervell County, TX",0.9756436143361938,1.0373078829945463,0.061664268658352506,0.05906108026249368,0.0813088745661874,0.20000000000000107,0.3732378698703558,0.1415707853926964,0.1415707853926964,6.374432616529796,6.47447957107388,,,-3.1867550413999997,Q3,Q4: Highest,FALSE,FALSE
48427,"Starr County, TX",1.1043831902394938,0.9868001722652886,-0.11758301797420523,-0.034945021840638635,0.04310938845822565,0.29999999999999716,0.4094495015171218,0.08573972349611103,0.08573972349611103,1.8590798310107792,0.32330338159944993,,,-4.2465095920000024,Q4: Highest,Q2,FALSE,FALSE
48429,"Stephens County, TX",0.8871074017131562,0.995382782246053,0.10827538053289687,0.13573468043048542,0.04289544235924936,-1.5,0.30086151615691303,-0.015452538631346546,-0.015452538631346435,1.316280825538696,-5.325259416074015,,,-1.540517115,Q2,Q2,TRUE,FALSE
48431,"Sterling County, TX",0.8319575471698113,1.0015243902439024,0.1695668430740911,0.24056603773584906,0.11280487804878048,-2.1000000000000014,0.4967953027654519,0.12065972222222232,0.1206597222222221,8.750000000000002,-2.670733281693777,,,-2.3986996627000003,Q1: Lowest,Q3,TRUE,FALSE
48433,"Stonewall County, TX",0.7409568261376897,1.3490878938640132,0.6081310677263235,0.21703617269544928,0.031509121061359835,-2.4000000000000004,0.3580653329956951,-0.061848505906879736,-0.06184850590687985,-0.9679280865721618,-18.671402465704066,,,-6.4464720006,Q1: Lowest,Q4: Highest,FALSE,FALSE
48435,"Sutton County, TX",0.5561943087093992,0.645893371757925,0.08969906304852582,0.48203506754814607,0.32636887608069165,-1,0.29659838914101155,-0.12471024571163658,-0.12471024571163647,3.701230196114574,-12.578528323236133,,,-1.9648227590000005,Q1: Lowest,Q1: Lowest,TRUE,TRUE
48437,"Swisher County, TX",0.7299621101719616,0.9822649572649572,0.25230284709299566,0.21334887787816958,0.04914529914529919,2,0.3707615341856587,-0.05830681094844048,-0.05830681094844059,2.6088242576753853,12.737439705587114,,,-6.818209261000002,Q1: Lowest,Q2,FALSE,FALSE
48439,"Tarrant County, TX",1.047656441891662,1.0690584162984156,0.02140197440675351,0.013493821678916218,0.03713978482168545,-2,0.31040023917186743,0.2315885416514123,0.2315885416514123,4.312676424181708,-8.78515795603858,3.684698074070738,5.425927582777106,-4.217972338999999,Q4: Highest,Q4: Highest,FALSE,FALSE
48441,"Taylor County, TX",0.9307387155569852,1.0606846231467826,0.1299459075897974,0.08042702446047578,0.0300861600558876,-2.1999999999999993,0.366236046657469,0.07416947464261536,0.07416947464261536,0.8838520635646219,1.748969181864788,6.7524423469344725,2.970828501736719,-1.7736708589999992,Q2,Q4: Highest,FALSE,FALSE
48443,"Terrell County, TX",1.2956403269754768,0.9807692307692308,-0.314871096206246,0.15258855585831066,0.038461538461538436,-2.6000000000000014,0.4382379797852578,-0.12415349887133187,-0.12415349887133187,-3.5381750465549366,,,,-6.4047790545000005,Q4: Highest,Q2,FALSE,FALSE
48445,"Terry County, TX",0.8994004584729325,0.9006318793314309,0.0012314208584983666,0.08710985716804798,0.10130452507134124,-1.5,0.2782870067257901,-0.007002575660012833,-0.007002575660013055,3.389234884129555,3.822054660382463,,,-1.9324033779999983,Q2,Q1: Lowest,TRUE,TRUE
48447,"Throckmorton County, TX",0.7778366914103924,1.048291233283804,0.27045454187341156,0.2036055143160127,0.12481426448736999,-0.5,0.2551311037378512,-0.09195402298850575,-0.09195402298850563,5.894679165370887,40.379210794336345,,,-3.0267255027999997,Q1: Lowest,Q4: Highest,FALSE,FALSE
48449,"Titus County, TX",0.8934966337200974,1.0735569364378228,0.18006030271772544,0.13765936112304833,-0.0036684884330313583,1.700000000000001,0.3168042623902092,0.08332506367635872,0.08332506367635872,4.581733284972195,-1.3180656527435946,,,-7.842244472999999,Q2,Q4: Highest,FALSE,FALSE
48451,"Tom Green County, TX",1.0127211290001987,1.0431215052000802,0.03040037619988145,0.021367521367521403,0.04389559769047224,-3,0.36579892280071813,0.11736032995875512,0.11736032995875512,1.8872304562961157,5.129349393406361,6.422561459553279,2.773953115795738,-3.055294759999999,Q4: Highest,Q4: Highest,FALSE,FALSE
48453,"Travis County, TX",1.087906744770906,1.122952389464142,0.0350456446932359,0.006795607984502405,0.034211605218844476,-3.799999999999999,0.5164727771617583,0.3334261392360678,0.33342613923606823,3.966556679975239,-4.403410812671012,5.40882977090925,10.168951323826498,-5.099377744999998,Q4: Highest,Q4: Highest,FALSE,FALSE
48455,"Trinity County, TX",0.9187622614588908,1.0250528541226216,0.10629059266373075,0.09042268592830394,0.02938689217758983,-0.10000000000000142,0.32434067263488986,0.015667244367417732,0.01566724436741751,5.725393791913152,-0.25181617310534277,,,-1.0688723758999998,Q2,Q3,TRUE,FALSE
48457,"Tyler County, TX",0.8794580084366611,1.0173552319674908,0.13789722353082967,0.1376709702160297,0.004740941415509625,-1.6000000000000014,0.3302274293590628,0.01846891301282949,0.018468913012829713,-1.2271247236995686,4.2233224600215955,,,-2.3820276752000016,Q2,Q3,TRUE,FALSE
48459,"Upshur County, TX",0.9056963679122028,1.0317215159795652,0.12602514806736242,0.1270446825189443,0.05595817987406437,-0.7999999999999989,0.3068248965924758,0.09086871325930757,0.09086871325930757,-0.24776388399077587,4.502904495275728,,,-2.6745870489999994,Q2,Q3,TRUE,FALSE
48461,"Upton County, TX",0.9078341013824884,1.9865724381625445,1.078738336780056,0.1589861751152074,-0.0381625441696114,-1.3999999999999986,0.45358535261313726,0.1709894332372719,0.1709894332372719,-3.8859683500682474,3.79859188633802,,,-3.426404796,Q2,Q4: Highest,FALSE,FALSE
48463,"Uvalde County, TX",1.0030697674418605,0.9893378773125608,-0.013731890129299651,0.026325581395348796,0.03865628042843228,-4.099999999999998,0.35914357835832234,0.019987031315558568,0.019987031315558568,3.975520885605288,5.344482618586717,,,-2.1826380699999994,Q4: Highest,Q2,FALSE,FALSE
48465,"Val Verde County, TX",0.9253616101302312,0.974017403206883,0.0486557930766518,0.06938796520306789,0.10148611654282358,-4.199999999999999,0.3040859467755481,0.028295158989848135,0.028295158989848135,3.7869992718568306,-1.0014478573478236,,,-3.8449024650000005,Q2,Q2,FALSE,TRUE
48467,"Van Zandt County, TX",0.8934928035678087,1.100384862091084,0.2068920585232754,0.12187309953375225,0.025956809920889445,-0.7000000000000011,0.29732380552052673,0.0851182144158309,0.0851182144158309,-0.7086152138139235,12.028270605411532,,,-0.3307492449999998,Q2,Q4: Highest,FALSE,FALSE
48469,"Victoria County, TX",0.9759665740698574,0.9694851605087824,-0.006481413561075011,0.09267270822897222,0.07983040581465783,-1.8999999999999986,0.26208292983537285,0.0800248648268258,0.08002486482682603,2.2249197362673585,-3.6615211022295013,5.495325653038279,3.908905985391163,-3.712120207,Q3,Q2,FALSE,TRUE
48471,"Walker County, TX",0.8592248431419268,1.016686727213043,0.15746188407111628,0.15642125327614964,0.029689608636977005,-2.8000000000000007,0.3605233773298595,0.1137719981073615,0.1137719981073615,3.363974926228583,4.6394425097015155,,,-1.8619560588000006,Q1: Lowest,Q3,FALSE,FALSE
48473,"Waller County, TX",1.2119130546955623,1.1379617989375077,-0.07395125575805461,0.01754385964912286,0.02380469605417901,-6.699999999999999,0.3156416258778463,0.38777663342460245,0.38777663342460245,1.9003779316459135,21.973220738882272,,,-5.134616884,Q4: Highest,Q4: Highest,FALSE,FALSE
48475,"Ward County, TX",1.047754521438732,0.9640888888888888,-0.08366563254984327,0.13716724243040035,0.22791111111111106,-3.1999999999999993,0.5318363273453093,0.16768856447688574,0.16768856447688574,-6.070424388427151,21.186215545251052,,,0.7624626359999986,Q4: Highest,Q1: Lowest,FALSE,FALSE
48477,"Washington County, TX",0.9290438397581254,1.0413361305972595,0.11229229083913406,0.08893927941546986,0.013833344260145597,-3.700000000000001,0.3128238197949791,0.10630819510390332,0.10630819510390332,4.5310584049236216,2.72414224948007,,,-3.0895038590000006,Q2,Q4: Highest,FALSE,FALSE
48479,"Webb County, TX",1.13852181494944,1.0220190779014309,-0.11650273704800918,0.015456738118694191,0.06049752174319645,-9.5,0.5603038936372269,0.17927994748373788,0.1792799474837381,3.2675633788546348,-2.6237229047376958,5.694502212575806,1.0139627939324996,-9.450777954,Q4: Highest,Q3,FALSE,FALSE
48481,"Wharton County, TX",0.9927830960765835,1.012748188706377,0.0199650926297934,0.034522097118198536,0.044743100492229404,0.6999999999999993,0.24178175936294632,0.017407271391847168,0.01740727139184739,-0.09313091959090025,6.614170394850029,,,-2.211328631999999,Q3,Q3,FALSE,FALSE
48483,"Wheeler County, TX",0.8596228674049686,0.830160507652109,-0.0294623597528596,0.231068542352589,0.16722657708100042,-0.7000000000000011,0.47827184809231627,-0.01595951732191514,-0.01595951732191503,2.7320675105485193,-35.80744243684436,,,-5.228962791999999,Q1: Lowest,Q1: Lowest,TRUE,TRUE
48485,"Wichita County, TX",0.8839990056347365,0.9928951882278596,0.10889618259312306,0.11029168047729532,0.0467996750022569,-1.6999999999999993,0.2903427727284109,0.012760025734505742,0.012760025734505742,0.600368428470649,11.684173669865295,6.5433244614051915,1.5019377486351857,-2.4467920109999994,Q2,Q2,TRUE,TRUE
48487,"Wilbarger County, TX",0.705955497382199,0.9967834772304046,0.29082797984820563,0.2912303664921466,0.025055019468427253,-0.5,0.18698416239125581,-0.07107522188272952,-0.07107522188272952,0.10632704145923655,1.7125650672345616,,,-2.407771540999999,Q1: Lowest,Q2,TRUE,FALSE
48489,"Willacy County, TX",0.9326990838618746,1.114054262569114,0.1813551787072395,0.12205778717406623,0.02893146457502893,-9.399999999999999,0.43507872280757987,-0.010103819058212782,-0.010103819058212782,1.7955034905082046,13.956835851261106,,,-7.723123416,Q2,Q4: Highest,FALSE,FALSE
48491,"Williamson County, TX",1.119856781846048,1.241977474393744,0.12212069254769586,-0.006909737706766617,0.01216461728850149,-0.5999999999999996,0.35627927400468384,0.5801837189576238,0.5801837189576238,1.9738590753056673,-8.22904744618657,4.037734278620121,5.625241319318711,-4.895564428,Q4: Highest,Q4: Highest,FALSE,FALSE
48493,"Wilson County, TX",1.122491407029604,1.0935827664399094,-0.028908640589694556,0.010699634105776679,0.04308390022675734,-2.6999999999999993,0.38335761696616477,0.2655498835307528,0.2655498835307528,-2.4531429060991483,-5.473717381863672,,,-1.4807871769999998,Q4: Highest,Q4: Highest,FALSE,FALSE
48495,"Winkler County, TX",0.9125446960667462,1.0773871983210912,0.16484250225434505,0.2145411203814065,0.1209338929695698,-3.3000000000000007,0.5251950737990034,0.18228782287822876,0.18228782287822853,-1.3162368689489778,5.76041940194683,,,-1.6245772469999977,Q2,Q4: Highest,FALSE,FALSE
48497,"Wise County, TX",0.9858910798822084,1.1555760743685248,0.16968499448631646,0.05643568047116709,0.03305267770509246,-1.3999999999999986,0.3024304592921172,0.22249200831484628,0.22249200831484606,4.585454912955594,12.243956109012814,,,-2.366616000999999,Q3,Q4: Highest,FALSE,FALSE
48499,"Wood County, TX",0.9097158040665434,1.050437656852543,0.1407218527859997,0.11240757855822547,0.013466364693640154,2.4000000000000004,0.4028626330311391,0.09960399864780034,0.09960399864780034,-2.5948909373668947,7.879921572516929,,,-1.4575048537999997,Q2,Q4: Highest,FALSE,FALSE
48501,"Yoakum County, TX",1.0222555638909727,0.9337799937675288,-0.08847557012344387,0.140035008752188,0.15861639139918982,-6.4,0.3704708559425871,0.14826041117554034,0.14826041117554034,3.4518533880458864,-1.3178703215603584,,,-0.7888406120000013,Q4: Highest,Q1: Lowest,FALSE,TRUE
48503,"Young County, TX",0.855388313996028,1.0104965430546826,0.15510822905865462,0.170377338768684,0.06536769327467007,-3.200000000000001,0.349578280821391,-0.006892748828232653,-0.006892748828232653,1.1085329836682811,5.138155792810017,,,-2.431781239000001,Q1: Lowest,Q3,TRUE,FALSE
48505,"Zapata County, TX",1.2463959390862944,0.8139512003148367,-0.4324447387714577,0.02659898477157363,0.19539551357733176,-3.299999999999997,0.20161908251990535,0.05908276068120699,0.059082760681207214,5.162395122815563,-11.78786939694372,,,-7.684786841999999,Q4: Highest,Q1: Lowest,FALSE,TRUE
48507,"Zavala County, TX",1.1734389005079175,0.9624792210876276,-0.21095967942028993,0.01762772632207943,0.12182379482308237,-11.100000000000001,0.5243136887473063,0.01569872179806131,0.01569872179806131,-11.702786377708978,8.335765367752586,,,-6.672079698000001,Q4: Highest,Q1: Lowest,FALSE,TRUE
49001,"Beaver County, UT",0.9522645812968392,1.0123367198838895,0.060072138587050294,0.11827956989247312,0.04680696661828743,-0.5999999999999996,0.4774863803370075,0.0708586019789339,0.0708586019789339,0.9639313351505918,15.398267469555137,,,-0.27787348400000056,Q3,Q3,FALSE,FALSE
49003,"Box Elder County, UT",0.9442211721061696,1.083678378484956,0.13945720637878634,0.06474407101532487,0.01581292637722309,-0.8000000000000007,0.3186353701415947,0.18759138007755394,0.18759138007755372,0.6539191285744733,0.21419944208718888,,,-4.655949806999999,Q3,Q4: Highest,FALSE,FALSE
49005,"Cache County, UT",0.9208532964437548,1.094913431719366,0.17406013527561126,0.10216613806599639,-0.006373794199691529,0.1999999999999993,0.34761000789198637,0.23802400988188066,0.23802400988188066,1.2134820952084402,-3.4715194959077933,-0.2024383523913258,1.0948351563840788,-5.258519678999999,Q2,Q4: Highest,FALSE,FALSE
49007,"Carbon County, UT",0.8376603065373788,0.9960216998191682,0.15836139328178944,0.13158169116880414,0.019168173598553384,0.9999999999999982,0.24127581524975583,-0.004427362070643204,-0.004427362070643204,0.6904243186847708,-2.610998890333139,,,-5.507818729,Q1: Lowest,Q2,TRUE,FALSE
49009,"Daggett County, UT",0.9627016129032258,1.052801724137931,0.0901001112347053,0.18346774193548387,-0.0431034482758621,-0.7999999999999998,0.5237694876168055,-0.024640657084188944,-0.024640657084189055,7.745818588754802,,,,-5.798004703999999,Q3,Q4: Highest,FALSE,FALSE
49011,"Davis County, UT",0.9912516005350616,1.0737223002048002,0.08247069966973863,0.03967896306787699,0.005655015302482913,-0.7999999999999998,0.332127054601852,0.2332984082487961,0.23329840824879633,0.6397071981424612,-11.158294232012341,1.5585558985895176,3.318068684886846,-6.17190658,Q3,Q4: Highest,FALSE,FALSE
49013,"Duchesne County, UT",0.8816505441354293,1.0746413338503296,0.19299078971490025,0.26350261991132606,0.03438025074318207,2.1999999999999993,0.20381172276906878,0.19740556122755382,0.19740556122755404,1.2863049977161867,-40.408459425829584,,,-4.227522970999999,Q2,Q4: Highest,TRUE,FALSE
49015,"Emery County, UT",0.8464755077658304,1.0318935208437972,0.1854180130779668,0.12903225806451613,0.0030135610246107003,-0.5,0.28432694901537636,-0.052432330115464665,-0.052432330115465,2.425205867318414,9.83652099025746,,,-7.253585432000001,Q1: Lowest,Q3,TRUE,FALSE
49017,"Garfield County, UT",0.8848797250859106,1.0333947489636113,0.14851502387770066,0.04161893852615506,0.09166282818977434,-1.1999999999999993,0.314586191129401,0.04144329896907206,0.04144329896907206,0.8862276564104155,-11.058053218001126,,,-5.508696863999999,Q2,Q3,FALSE,FALSE
49019,"Grand County, UT",1.0113172920065252,1.1216981132075472,0.110380821201022,0.038743882544861385,0.06020583190394513,-2.6000000000000014,0.3650271552053852,0.10364335822584292,0.10364335822584314,-2.405757443248752,-0.2762689474955833,,,-1.821075070000001,Q4: Highest,Q4: Highest,FALSE,FALSE
49021,"Iron County, UT",0.9500963962627912,1.1844074103396405,0.2343110140768493,0.10964456967719616,-0.02240519357137205,-6.200000000000001,0.44862111801242244,0.2564784053156146,0.2564784053156144,0.7594123152356136,1.5517729064826984,,,-7.340803742,Q3,Q4: Highest,FALSE,FALSE
49023,"Juab County, UT",1.0760952139782225,1.1095183486238531,0.033423134645630626,0.10433021017979238,0.011085626911314983,-1,0.31985294117647056,0.25085874882897885,0.25085874882897885,0.3447910469026705,-19.80612473122914,,,-0.49848541800000135,Q4: Highest,Q4: Highest,FALSE,FALSE
49025,"Kane County, UT",0.992394870265434,1.1011721159777914,0.10877724571235736,0.043244855353414824,0.010487353485502782,0,0.3222059241033406,0.16347005016228966,0.16347005016228988,2.313756994872851,3.1579021415154163,,,-4.08479404,Q3,Q4: Highest,FALSE,FALSE
49027,"Millard County, UT",0.9717547075487418,1.043742075710922,0.0719873681621801,0.06348941843026157,0.029342510414779976,-0.8999999999999986,0.3141630328379461,0.10322904467123983,0.10322904467123983,-0.8593346812140634,14.761240502910535,,,-1.6491764060000023,Q3,Q4: Highest,FALSE,FALSE
49029,"Morgan County, UT",1.0371656378600822,1.1089645984012182,0.07179896054113599,0.02777777777777779,-0.008564902931100127,-0.20000000000000018,0.49533546513333526,0.3822825219473265,0.3822825219473265,3.201471628311847,-12.576875874015851,,,-6.381053054999999,Q4: Highest,Q4: Highest,FALSE,FALSE
49031,"Piute County, UT",0.4766146993318486,1.0613839285714286,0.5847692292395801,0.5044543429844097,0.03125,-0.5,0.21918520658769136,0.04228329809725162,0.04228329809725162,5.096760165253306,15.12221131071077,,,-0.9136693769999997,Q1: Lowest,Q4: Highest,TRUE,FALSE
49033,"Rich County, UT",0.7034925160370634,1.064609450337512,0.36111693430044867,0.3663578047042053,0.03857280617164893,0.3000000000000007,0.29453386518070124,0.16902071563088517,0.16902071563088494,1.8754349028493933,-50.0474791671881,,,-3.8240228050000002,Q1: Lowest,Q4: Highest,TRUE,FALSE
49035,"Salt Lake County, UT",0.9974393904756194,1.0681427983251124,0.07070340784949303,0.06092995191713102,0.01621184431291689,0,0.4179467168044273,0.17964276383804734,0.17964276383804734,0.4203448342123217,-3.2321331238689543,3.4252814710555697,7.9750637943232405,-5.366883254999999,Q4: Highest,Q4: Highest,FALSE,FALSE
49037,"San Juan County, UT",1.1209073400385192,1.004124820659971,-0.11678251937854811,0.009201797560453695,0.09774031563845054,-9.700000000000003,0.43045629466739976,0.09124607927003137,0.09124607927003137,0.4117717753808259,-0.150227746381141,,,-5.087564155999999,Q4: Highest,Q3,FALSE,FALSE
49039,"Sanpete County, UT",0.9919370138493644,1.1086772307431574,0.11674021689379299,0.03604629102637069,-0.010677061265994325,-1,0.3425047904485825,0.1970517681652868,0.1970517681652868,-0.6627205091020216,-6.718365624122516,,,-4.466067258999999,Q3,Q4: Highest,FALSE,FALSE
49041,"Sevier County, UT",0.961004915346805,1.0606926698049766,0.09968775445817157,0.049044238121245254,0.008182021968168529,-0.5,0.2987559176483541,0.06839296303617326,0.06839296303617304,-0.9154474710802468,-7.558049063602679,,,-4.776431582000001,Q3,Q4: Highest,FALSE,FALSE
49043,"Summit County, UT",0.9755314123760038,1.0669967707212056,0.09146535834520175,0.09692961738308925,0.06794402583423031,-0.2999999999999998,0.39849063172159993,0.21641123329581213,0.21641123329581213,0.41239734848659837,6.027154615349154,,,-6.0466038625,Q3,Q4: Highest,FALSE,FALSE
49045,"Tooele County, UT",0.9897207501785245,1.2007730391731086,0.21105228899458417,0.06393054459352798,-0.008888502851848612,-1.6000000000000005,0.2603092783505154,0.3425800338157967,0.34258003381579716,2.4795512738803565,-5.884313227037612,,,-6.303388984,Q3,Q4: Highest,FALSE,FALSE
49047,"Uintah County, UT",0.8355296080066722,1.068623426382047,0.2330938183753749,0.23525159855435085,0.07286535303776687,0.29999999999999893,0.11154358837643286,0.19431818181818183,0.19431818181818183,3.411576508396519,-21.790903239593558,,,-7.1805573,Q1: Lowest,Q4: Highest,TRUE,FALSE
49049,"Utah County, UT",1.0197753589624827,1.1322969104728062,0.1125215515103235,0.05358962482630847,-0.007547790609679916,-1.700000000000001,0.3915775471268794,0.35491956539331393,0.35491956539331393,0.41278079266559575,-9.647829129365144,2.5704322930181576,4.437849134023715,-5.269004757000001,Q4: Highest,Q4: Highest,FALSE,FALSE
49051,"Wasatch County, UT",1.032253398900781,1.1293429449302763,0.09708954602949538,0.12178189181371135,0.024935003545261125,-0.9000000000000004,0.5132045723295231,0.5920702377060665,0.5920702377060665,2.0624445064864494,13.938182542280822,,,-6.645446432,Q4: Highest,Q4: Highest,FALSE,FALSE
49053,"Washington County, UT",0.8866909411534191,1.1733921557931486,0.28670121463972953,0.17866239958199992,-0.01710124372681654,0.5999999999999996,0.36713591099220766,0.34230440666177797,0.34230440666177797,1.0456871982059635,5.746012431827452,2.7502667451085046,6.1533751636233305,-8.355812826000001,Q2,Q4: Highest,FALSE,FALSE
49055,"Wayne County, UT",0.953794139744553,1.0826702033598583,0.12887606361530535,0.09842223891810664,0.02652519893899208,0.40000000000000036,0.014814220045366033,0.0237915407854985,0.0237915407854985,4.662583828019374,-4.918141486904087,,,-1.3795113729999997,Q3,Q4: Highest,FALSE,FALSE
49057,"Weber County, UT",0.9827673710436468,1.0808610219316908,0.098093650888044,0.056630063670757624,0.0061811008393609645,-3.5999999999999996,0.3741750358680058,0.19601318214618946,0.19601318214618946,0.4008232594509886,-3.8523123385119598,3.457465149003511,5.908505233539568,-4.431362890999999,Q3,Q4: Highest,FALSE,FALSE
50001,"Addison County, VT",0.9566015252621544,1.000821692686935,0.04422016742478074,0.04871306005719733,0.07284063995359857,-2,0.3573286597177383,-0.0029550506967412904,-0.0029550506967412904,0.2604240288438586,-5.619679267568275,,,-1.6461942319999991,Q3,Q3,FALSE,FALSE
50003,"Bennington County, VT",0.9123651284129476,0.9481221805532908,0.03575705214034319,0.066258041639228,0.10424479591282132,-0.6999999999999993,0.22017483716146735,-0.0433422337298055,-0.04334223372980561,0.3574057915759349,0.3361348013866312,,,-1.5589751294000003,Q2,Q1: Lowest,TRUE,TRUE
50005,"Caledonia County, VT",0.9506771027456828,0.9770935035674052,0.026416400821722363,0.06485277674245249,0.06828138690699714,-1.5,0.24145830287079018,-0.03985530443690377,-0.03985530443690377,0.21890060328578764,-2.4922487249073573,,,-2.1210152143,Q3,Q2,FALSE,FALSE
50007,"Chittenden County, VT",1.0835018695764644,0.987929190067683,-0.09557267950878146,-0.0028572772382005063,0.06579028574955259,2.7,0.3260571805052275,0.06606346623270953,0.06606346623270931,0.3087745089276256,-2.4486504716461015,0.9926275817781516,5.497198255091618,-2.0394846165999994,Q4: Highest,Q2,FALSE,FALSE
50009,"Essex County, VT",0.8514203638684966,0.983753194596568,0.13233283072807134,0.1468241302266199,0.0752099306316174,1.3000000000000007,0.27260601344967483,-0.040180657218501836,-0.040180657218501725,0.567143220805244,-23.070393893273135,,,0.5977752475999996,Q1: Lowest,Q2,TRUE,FALSE
50011,"Franklin County, VT",1.046575560779314,0.9972313649564376,-0.0493441958228763,0.019602374596597527,0.06106485963213937,-0.20000000000000107,0.2633459559180502,0.04102834264039612,0.04102834264039612,0.3569914970092014,3.9809489954177106,,,-1.4081876589999993,Q4: Highest,Q2,FALSE,FALSE
50013,"Grand Isle County, VT",0.9643120846665024,1.0006435006435006,0.03633141597699818,0.055377799655426996,0.07361647361647361,-0.8000000000000007,0.2850617492810015,0.011605145413870144,0.011605145413870366,-0.6229487957695068,9.83586344655068,,,0.45190934690000084,Q3,Q3,TRUE,FALSE
50015,"Lamoille County, VT",0.9686587908269632,0.9958686081950558,0.027209817368092692,0.08186240444753301,0.1176430748391466,-1.4000000000000004,0.2603808929128941,0.06661619984859946,0.06661619984859946,0.28486119264773957,5.596091979506914,,,-3.4003322951,Q3,Q2,FALSE,FALSE
50017,"Orange County, VT",0.9845590077674768,0.9812136903258398,-0.003345317441637019,0.027687296416938123,0.07400858802727961,-0.7999999999999989,0.2597339629403208,-0.007795597376283547,-0.007795597376283769,-0.9317599780946595,9.804077884855776,,,-0.9130615811999991,Q3,Q2,TRUE,FALSE
50019,"Orleans County, VT",0.9550545348071152,0.9589758510328776,0.003921316225762417,0.054461606031769305,0.10794297352342164,-3,0.29973912580524953,-0.010793209424849959,-0.010793209424849848,-2.0197080113194934,1.6023891808538484,,,-1.9815718655000012,Q3,Q1: Lowest,FALSE,TRUE
50021,"Rutland County, VT",0.8998457598509982,0.9314688024802996,0.03162304262930138,0.1025842500436529,0.10179563363906474,-0.1999999999999993,0.23496240601503748,-0.0706985211919895,-0.07069852119198938,-0.4480529616336243,-1.2760071484393036,,,-0.9514478384,Q2,Q1: Lowest,TRUE,TRUE
50023,"Washington County, VT",1.003281677301732,0.9770494785350472,-0.0262321987666847,0.010027347310847756,0.07964467620664561,-1.6999999999999993,0.254742495809843,-0.014609869253479513,-0.014609869253479624,-1.1328178858288878,2.780245549391199,,,-1.3747258628,Q4: Highest,Q2,FALSE,TRUE
50025,"Windham County, VT",1.0168977287092833,0.9438560596943074,-0.07304166901497589,0.02355568665458685,0.12444337465398969,0.9000000000000004,0.18988093877830847,-0.04999549995499952,-0.04999549995499941,0.5910586290900299,-4.102117900531002,,,-1.9301648827999998,Q4: Highest,Q1: Lowest,FALSE,TRUE
50027,"Windsor County, VT",0.923381124940917,0.9846679164434924,0.06128679150257543,0.07628801008350405,0.06989823245848958,-0.20000000000000107,0.22197632832104963,-0.03503268432028883,-0.03503268432028872,-0.7805808548838167,0.6131460026378452,,,-1.897777820499999,Q2,Q2,TRUE,TRUE
51001,"Accomack County, VA",0.8112216846272268,0.9761285019521884,0.1649068173249616,0.17033208709038927,0.0899376669634907,-0.40000000000000213,0.2927408783045664,-0.06474112233380602,-0.06474112233380602,-2.1615662044699087,-0.07455660078743609,,,-0.653693036,Q1: Lowest,Q2,FALSE,TRUE
51003,"Albemarle County, VA",0.9707898774495524,1.024095104795989,0.05330522734643661,0.06603352172308652,0.07182467267863157,-1.7999999999999998,0.3570159857904085,0.1507330884442526,0.15073308844425282,,0.33247568721428133,3.792046189969767,9.922596839573103,-2.8965208372000006,Q3,Q3,FALSE,FALSE
51005,"Alleghany County, VA",1.032707622298066,0.947973624959794,-0.08473399733827203,0.07167235494880542,0.06593760051463493,-0.40000000000000036,0.2843968215747652,-0.10102843315184518,-0.10102843315184507,,5.562992039433992,,,-2.827644437,Q4: Highest,Q1: Lowest,FALSE,TRUE
51007,"Amelia County, VA",0.8933179723502304,1.0177142857142858,0.12439631336405543,0.12165898617511517,0.05746938775510202,0.20000000000000107,0.14641078956906584,0.05607776974371337,0.056077769743713146,4.36403279749592,-11.339423392536961,,,0.5305629029999999,Q2,Q3,TRUE,FALSE
51009,"Amherst County, VA",0.9677450600542424,0.983872029491146,0.016126969436903615,0.054500839467906514,0.05569086959383851,-0.1999999999999993,0.2808840282524494,-0.018569698475297325,-0.018569698475297325,4.020981904654647,-5.426725530906824,,,-1.1526852424999987,Q3,Q2,TRUE,TRUE
51011,"Appomattox County, VA",0.9569517575067596,1.024327868852459,0.06737611134569943,0.05009250035577062,0.04537704918032792,0,0.3290418360145051,0.10301559792027737,0.10301559792027737,2.868238824223601,-7.954271632489516,,,-0.41142666699999886,Q3,Q3,FALSE,FALSE
51013,"Arlington County, VA",1.0391045242506085,0.997484462858834,-0.04162006139177454,0.017037549568853283,0.05412440474589042,1.0999999999999996,0.28849423358059445,0.2415770684476224,0.2415770684476224,1.7940583879839185,-3.1781481969055125,4.52959286200867,7.070351675160708,-1.6355968979999993,Q4: Highest,Q2,FALSE,FALSE
51015,"Augusta County, VA",0.9499823403157008,1.0339672491367584,0.08398490882105758,0.06017877034259789,0.047321335147012644,0.09999999999999964,0.25024072945939047,0.03446009775331671,0.03446009775331671,,-3.7380046096776565,0.9520867736456751,-0.3888473947490283,-5.2396741654,Q3,Q4: Highest,FALSE,FALSE
51017,"Bath County, VA",0.8521298882681564,0.9666199813258636,0.11449009305770719,0.1875,0.17320261437908502,1.4000000000000004,0.28521126760563376,-0.14229576008273004,-0.14229576008273015,-0.27297753300745686,-10.433776899561586,,,-0.34938303689999994,Q1: Lowest,Q1: Lowest,TRUE,FALSE
51019,"Bedford County, VA",0.9641494838485956,1.0023812057681052,0.03823172191950963,0.048120782096081505,0.04975256744532541,-0.3000000000000007,0.23722200546234884,0.1722014482431149,0.17220144824311512,2.662593903627175,-9.01024154438841,5.409343290745241,5.971564324608405,-1.1970441829999992,Q3,Q3,FALSE,FALSE
51021,"Bland County, VA",0.8036352800953516,0.9835552075176194,0.1799199274222678,0.2121573301549463,0.04698512137823019,-0.09999999999999964,0.28416502946954814,-0.09379509379509376,-0.09379509379509376,-4.334617879608646,-10.737722998869497,,,-2.2057607085000006,Q1: Lowest,Q2,FALSE,TRUE
51023,"Botetourt County, VA",0.9670554946006814,1.030469715698393,0.06341422109771166,0.04071143962580126,0.045611866501854115,-0.5,0.26273321530709515,0.022581928337566115,0.022581928337566337,-0.9582992173401417,-2.5000376796999966,,,-2.036511580799999,Q3,Q3,TRUE,FALSE
51025,"Brunswick County, VA",0.9490950226244343,0.999447601010101,0.050352578385666646,0.08778280542986427,0.0601325757575758,-0.40000000000000213,0.2467292377701935,-0.08932278516523595,-0.08932278516523606,5.595130170214083,-1.333545981676561,,,-0.9333955582000009,Q3,Q3,FALSE,FALSE
51027,"Buchanan County, VA",0.7462364336562026,0.9334737170488224,0.1872372833926198,0.1499591550939433,0.13336452971455315,0,0.27518843786736746,-0.14860154033238748,-0.1486015403323877,0.004142699860693044,-1.7008090878823472,,,0.05646641030000055,Q1: Lowest,Q1: Lowest,FALSE,TRUE
51029,"Buckingham County, VA",0.8494114269308067,0.973166881905582,0.12375545497477525,0.1548952052828022,0.06069737408523457,-2.5,0.29979347377116894,0.024556372109697078,0.024556372109697078,2.2779696728063126,2.7604955652576493,,,-4.6399518988,Q1: Lowest,Q2,FALSE,TRUE
51031,"Campbell County, VA",0.9324944485566248,0.9680816057913788,0.03558715723475403,0.06247224278312358,0.05674381192643774,-0.7999999999999989,0.12243074173369073,0.020755453886068143,0.020755453886068365,,-11.56954701575303,,,-1.5071313922999998,Q2,Q2,FALSE,TRUE
51033,"Caroline County, VA",0.9838639018691588,1.0243670671282157,0.04050316525905684,0.04979556074766356,0.05586099233014319,0.40000000000000036,0.2553303040894792,0.11354740504494054,0.11354740504494076,1.5325601067557149,-23.96730600324949,,,-3.3897403289999986,Q3,Q3,FALSE,FALSE
51035,"Carroll County, VA",0.9319486404833836,0.9732327836247616,0.04128414314137807,0.07922960725075534,0.07077152564846279,0,0.2756608882561482,-0.004743928106103579,-0.00474392810610369,,2.434672214691807,,,-4.1390326481,Q2,Q2,TRUE,TRUE
51036,"Charles City County, VA",0.9528352593388874,0.9616394399066512,0.008804180567763886,0.049180327868852514,0.07934655775962662,1.9000000000000004,0.17359133706066965,-0.025881365416899782,-0.025881365416899893,6.2028732439082495,2.301577102601881,,,-1.9473405851,Q3,Q1: Lowest,TRUE,TRUE
51037,"Charlotte County, VA",0.9515909972836633,1.024236037934668,0.07264504065100474,0.06189367481567709,0.0556375131717598,1.1999999999999993,0.25473432348049374,-0.06309148264984232,-0.06309148264984221,-3.2901539693612647,-4.274076198366419,,,-1.0023408732000014,Q3,Q3,TRUE,FALSE
51041,"Chesterfield County, VA",0.9924346629986244,1.0611043817862826,0.06866971878765826,0.049827606057117224,0.046359918089330376,0.7999999999999998,0.17328945288360664,0.15811000669651643,0.15811000669651643,2.0796402250318535,0.5398458575907004,1.3753438036975183,4.32738127346461,-2.1198784180000008,Q3,Q4: Highest,FALSE,FALSE
51043,"Clarke County, VA",0.9154029326983332,1.0480653367251305,0.1326624040267973,0.09712996616117309,0.05154639175257736,0,0.33387893809724245,0.046531605698332035,0.046531605698332035,-0.05151939305216291,4.812073224926129,,,-1.613625989500001,Q2,Q4: Highest,TRUE,FALSE
51045,"Craig County, VA",0.920418006430868,0.9891196834817012,0.06870167705083319,0.09405144694533762,0.061819980217606374,0.8999999999999986,0.10347896272687773,-0.015541059094397514,-0.015541059094397625,-1.7915783539272756,-7.086886879191132,,,-1.2149938637000002,Q2,Q2,TRUE,TRUE
51047,"Culpeper County, VA",1.0914537138311624,1.0590086240385364,-0.03244508979262606,0.009247290444466594,0.04273172247688606,0.8999999999999986,0.321472961999304,0.15546818371515814,0.15546818371515814,-0.1351411984489903,-12.092619127965266,,,-4.195476034999999,Q4: Highest,Q4: Highest,FALSE,FALSE
51049,"Cumberland County, VA",0.9335920177383592,1.0254859182863942,0.09189390054803503,0.07871396895787142,0.051566838556128536,-1.0999999999999996,0.33507046954021513,0.01741446424912918,0.01741446424912918,10.045829108146293,1.287591929154308,,,-4.5307257283,Q2,Q3,FALSE,FALSE
51051,"Dickenson County, VA",0.7899341649341649,0.977014010507881,0.18707984557371604,0.1926541926541927,0.03218038528896672,2.8999999999999986,0.26742837653478846,-0.10350009392023041,-0.10350009392023041,-2.338200814272115,-1.437980519045429,,,-3.2628595921,Q1: Lowest,Q2,FALSE,TRUE
51053,"Dinwiddie County, VA",0.9902702276845504,1.00640600839408,0.01613578070952959,0.038997872843299475,0.06641631691333483,-0.3000000000000007,0.23375883532018138,0.05413989216337978,0.05413989216337978,,-12.679271591088623,,,-3.7310440064000003,Q3,Q3,FALSE,FALSE
51057,"Essex County, VA",0.985,1.0092885792695798,0.024288579269579835,0.03462962962962968,0.04960945746252898,4.1,0.2268946077869698,0.019927367538876917,0.01992736753887714,1.5100954199119276,-7.450970980333506,,,-1.6100351659000012,Q3,Q3,FALSE,FALSE
51059,"Fairfax County, VA",1.0208348044137578,1.002655911071633,-0.018178893342124747,0.02111294625404081,0.06116078037602746,1.0999999999999996,0.21826183037415214,0.11657278635279611,0.11657278635279611,,0.49301000929338734,-0.13231787862069666,3.36786025586067,-3.0761282980000004,Q4: Highest,Q3,FALSE,FALSE
51061,"Fauquier County, VA",0.9276121225276068,1.0380737798823798,0.11046165735477298,0.08676777816968284,0.05410015529926937,0.39999999999999947,0.2754532946783941,0.11072642774710717,0.11072642774710695,3.3679684858656636,-3.300172463444109,0.4826525447740977,5.009540694828264,-1.6798387360000007,Q2,Q4: Highest,FALSE,FALSE
51063,"Floyd County, VA",1.1335932986712882,1.0532249937011842,-0.08036830497010405,0.0060658578856152,0.05505165028974557,-1.5,0.32420588682304063,0.06247048505700592,0.06247048505700614,-3.605337677785098,2.004108616712233,,,-3.3445871205,Q4: Highest,Q4: Highest,FALSE,FALSE
51065,"Fluvanna County, VA",0.9026731382208056,1.033768821966342,0.13109568374553626,0.1095334685598377,0.07263064658990259,0.2999999999999998,0.31647322837406633,0.08498448317020779,0.08498448317020757,0.5028690222497911,-2.8008466478859226,,,-2.123333111000001,Q2,Q4: Highest,FALSE,FALSE
51067,"Franklin County, VA",0.984158720393725,1.023885997723207,0.039727277329482114,0.038988003691171946,0.053870548056594525,0,0.3678323533312702,0.029294543317354593,0.02929454331735437,-1.2317740337600747,-9.491909611932273,,,-3.6130755830000005,Q3,Q3,TRUE,FALSE
51069,"Frederick County, VA",1.00912272862675,1.0795524964589236,0.0704297678321737,0.04656935756131464,0.01808162181303119,-0.09999999999999964,0.30346460618145565,0.1961028525512254,0.1961028525512254,,-5.934985432774766,6.3874901985132055,5.949690797081683,-3.2993347680000014,Q4: Highest,Q4: Highest,FALSE,FALSE
51071,"Giles County, VA",0.931057563587684,1.0244972330948845,0.0934396695072005,0.08348545697943288,0.05655284113915504,0,0.2895401349973292,-0.024390243902439046,-0.024390243902439046,-0.06802615378944665,1.776753413467149,,,-1.5529882655999998,Q2,Q3,TRUE,FALSE
51073,"Gloucester County, VA",0.8935697907010782,1.0336066429914352,0.140036852290357,0.10825974532858462,0.055253812408606606,0.1999999999999993,0.2778183632378881,0.02418691383754723,0.024186913837547452,0.38463979684745797,-8.899883771597647,,,-1.0578571546000006,Q2,Q4: Highest,TRUE,FALSE
51075,"Goochland County, VA",0.8931195126321447,1.0964821520951888,0.20336263946304411,0.1307113420533954,0.039403345404380063,-2.3,0.3437863726972319,0.1381954094590061,0.13819540945900632,-1.7262867396958232,-3.742442851533287,,,-3.137714493699999,Q2,Q4: Highest,FALSE,FALSE
51077,"Grayson County, VA",0.9678246848431544,1.0327944572748269,0.06496977243167246,0.07226619759601294,0.049268668206312594,1.1999999999999993,0.3260150858610176,-0.032117515249595385,-0.032117515249595385,-8.367391426120147,0.28793605797307986,,,-2.470366729900001,Q3,Q3,TRUE,FALSE
51079,"Greene County, VA",0.8875503935496256,1.034135422495803,0.14658502894617742,0.1326550201574198,0.06416713299757504,0.1999999999999993,0.25427525822559693,0.1027709770754508,0.1027709770754508,-0.6687593797324087,9.389888910846139,,,-3.862619486,Q2,Q4: Highest,FALSE,FALSE
51081,"Greensville County, VA",0.9279904306220096,0.9655491024287224,0.037558671806712796,0.03660287081339708,0.06045406546990495,4.600000000000001,0.2614305899917353,-0.06676545649131471,-0.06676545649131471,,-2.052493103913661,,,-4.7708837748,Q2,Q1: Lowest,TRUE,TRUE
51083,"Halifax County, VA",0.9563470808784146,0.9996845425867508,0.04333746170833619,0.03320835565077662,0.06799859796705221,-1.5,0.3117574638350262,-0.06678958665859436,-0.06678958665859425,0.070520621753703,-3.3988907182660117,,,-0.9160345320000012,Q3,Q3,TRUE,FALSE
51085,"Hanover County, VA",0.9643678583914476,1.0393643883326078,0.07499652994116024,0.06127293134855649,0.05163256421419238,0,0.21024438344482044,0.09041788930486705,0.09041788930486705,-0.2710364623088407,5.9795943477949285,4.190796597522635,8.155368890968035,-1.9017761672000013,Q3,Q4: Highest,FALSE,FALSE
51087,"Henrico County, VA",0.995110502033932,1.0051054966640702,0.009994994630138199,0.036189106062109344,0.057134148406543184,0.1999999999999993,0.18525964876104073,0.11608998407600324,0.11608998407600346,2.509856742702929,-2.4936348479722614,2.409839858605835,4.498161185855821,-2.4938916869999996,Q4: Highest,Q3,FALSE,FALSE
51089,"Henry County, VA",0.8665486221353849,1.0114738760033486,0.14492525386796373,0.1891154801156022,0.055596592308071124,-1.5000000000000018,0.18554980338906324,-0.08550394327472688,-0.08550394327472688,,-1.088765802029568,,,-4.527565527699999,Q1: Lowest,Q3,TRUE,FALSE
51091,"Highland County, VA",1.2549909255898366,1.1495535714285714,-0.1054373541612652,0.009981851179673318,0.0479910714285714,-0.40000000000000036,0.2572766353604776,-0.09653465346534651,-0.09653465346534662,0.7074419215120087,-9.708847597088477,,,2.7741572293,Q4: Highest,Q4: Highest,FALSE,FALSE
51093,"Isle of Wight County, VA",0.954214528393464,1.0605682421667553,0.10635371377329128,0.05554656743784714,0.048327137546468446,0.7999999999999989,0.3383582596872876,0.07310372748040828,0.07310372748040828,4.928248874502889,-14.588084777840375,,,-1.4378746190000005,Q3,Q4: Highest,FALSE,FALSE
51095,"James City County, VA",0.9966809963332912,1.0614735002912057,0.06479250395791447,0.04219876090529773,0.04775771694816544,0.09999999999999964,0.31617177635592375,0.214515847445522,0.214515847445522,,-10.80766686276097,,,0.24055443820000022,Q4: Highest,Q4: Highest,FALSE,FALSE
51097,"King and Queen County, VA",1.050693374422188,1.0027504342790967,-0.047942940143091306,0.06040061633281968,0.07006369426751591,-0.40000000000000036,0.2545437706929685,0.011082325849165242,0.01108232584916502,2.394586153045286,-12.91077388306013,,,-2.4233829446,Q4: Highest,Q3,FALSE,FALSE
51099,"King George County, VA",1.183905556157262,1.0726259101941749,-0.11127964596308715,-0.04234809920935767,0.014259708737864085,-0.2999999999999998,0.24458037893758,0.1956870433077882,0.19568704330778863,-3.2483535059360245,-23.608703959938158,,,-4.890544881,Q4: Highest,Q4: Highest,FALSE,FALSE
51101,"King William County, VA",0.9623573697212092,1.0758245311489545,0.11346716142774527,0.054581813904246546,0.03352015520586338,0.6000000000000005,0.17699671243473225,0.12107740585774063,0.12107740585774063,1.2603309797077022,-14.64488521295773,,,-2.1328333219999998,Q3,Q4: Highest,FALSE,FALSE
51103,"Lancaster County, VA",0.8513385228782988,1.033731553056922,0.18239303017862318,0.04955382570723377,0.04989458889669707,0.40000000000000036,0.2991130401962634,-0.08381577810420804,-0.08381577810420804,-0.05996203952051693,-8.77136329874538,,,-4.626086547700001,Q1: Lowest,Q4: Highest,TRUE,FALSE
51105,"Lee County, VA",0.8364375936630272,0.9942559805379104,0.15781838687488325,0.08948833226289876,0.03878902554399244,4.200000000000003,0.22179465349906358,-0.07499407629729093,-0.07499407629729093,5.553837768661829,-8.135177922995544,,,-1.2948610522,Q1: Lowest,Q2,FALSE,FALSE
51107,"Loudoun County, VA",1.0635916692702654,1.0579254838047216,-0.0056661854655437605,0.015456533657162042,0.04149644110231887,0.10000000000000009,0.4161007462686568,0.4784843977919515,0.47848439779195173,3.448991887705888,-14.622528811574282,0.5364407062452159,5.979769267679039,-6.767879049999998,Q4: Highest,Q4: Highest,FALSE,FALSE
51109,"Louisa County, VA",1.0340712876171685,1.0437457279562543,0.009674440339085821,0.03811050814010852,0.04152426520847574,-0.1999999999999993,0.221293369387211,0.18523773489721274,0.1852377348972125,0.5005163714301597,-6.5017899021005725,,,-2.4402134909999997,Q4: Highest,Q4: Highest,FALSE,FALSE
51111,"Lunenburg County, VA",0.8922775601566871,0.9988886419204268,0.10661108176373968,0.07461294534601759,0.055345632362747255,-0.10000000000000142,0.3281226870355567,-0.06357493857493857,-0.06357493857493868,6.081603773584907,4.2622827962283525,,,-0.5217922879000003,Q2,Q2,TRUE,TRUE
51113,"Madison County, VA",0.9570874861572536,1.0227172797889492,0.06562979363169563,0.06713732004429673,0.04250329766964678,-0.5,0.32436421661513903,-0.01251023903492443,-0.01251023903492432,5.912717511586613,-5.19838704164373,,,-2.0278385476,Q3,Q3,TRUE,FALSE
51115,"Mathews County, VA",0.8992912665752172,1.0011444921316166,0.10185322555639942,0.09990855052583447,0.060371959942775444,0.7000000000000011,0.26971762414800393,-0.021271881231996415,-0.021271881231996193,-2.3907849703023567,-0.053050275457596996,,,-1.046003377199999,Q2,Q3,TRUE,FALSE
51117,"Mecklenburg County, VA",0.9805660674865972,1.0435480084513655,0.06298194096476828,0.08443708609271527,0.04476093591047814,1.3000000000000007,0.18921303700435677,-0.06812296255674377,-0.06812296255674377,1.7195441888294805,-1.5258879074355987,,,-0.18432150099999944,Q3,Q4: Highest,FALSE,FALSE
51119,"Middlesex County, VA",0.9684422110552764,1.0077586206896552,0.03931640963437877,0.03537688442211051,0.05840517241379306,1.6000000000000014,0.29070048044227015,-0.016816872619158207,-0.01681687261915832,-1.96167572915531,-8.7629675105286,,,1.1992688114999996,Q3,Q3,TRUE,FALSE
51121,"Montgomery County, VA",1.0311675721983002,1.037897800366957,0.00673022816865676,0.03185517505692448,0.05945125166079679,0.6000000000000014,0.3976064146184777,0.07632061869183371,0.07632061869183393,,-9.96022154501845,4.551134623253475,3.1713850043830547,-2.5202075200999996,Q4: Highest,Q4: Highest,FALSE,FALSE
51125,"Nelson County, VA",0.8656050955414013,0.9765895953757224,0.11098449983432113,0.11261146496815289,0.07991329479768783,0.40000000000000036,0.21310406295515305,-0.004201960915093728,-0.004201960915093728,-5.22612548919113,-14.294717307013869,,,-1.6475126313999997,Q1: Lowest,Q2,TRUE,TRUE
51127,"New Kent County, VA",1.025031094527363,1.1393583254696749,0.11432723094231179,0.032960199004975155,0.03285579480140688,-0.2999999999999998,0.49946666277013896,0.3382983655963834,0.3382983655963834,0.7287155374145204,-6.387227974699584,,,-0.3557073309999996,Q4: Highest,Q4: Highest,FALSE,FALSE
51131,"Northampton County, VA",0.9673073622790458,1.0303030303030305,0.06299566802398471,0.056804530633258965,0.05900060204695967,-2.6999999999999993,0.33240058910161996,-0.07423511740058497,-0.07423511740058508,6.153513168141917,1.8216809516135555,,,-0.6514686449999996,Q3,Q3,FALSE,FALSE
51133,"Northumberland County, VA",0.834491142757902,0.9458370635631156,0.11134592080521355,0.08301493574157692,0.04431512981199637,-0.9000000000000004,0.339358988577132,-0.029760949783410928,-0.029760949783410817,0.600072606849622,0.12893275579771224,,,-0.7729646794999994,Q1: Lowest,Q1: Lowest,TRUE,TRUE
51135,"Nottoway County, VA",1.0052491382011908,0.9900911960715538,-0.015157942129636948,0.028204324663115066,0.04051210101718694,1.6000000000000014,0.23170404549844403,-0.035888347363757234,-0.035888347363757234,-0.23798287458653145,-4.705685719125931,,,0.28353432599999984,Q4: Highest,Q2,FALSE,TRUE
51137,"Orange County, VA",0.9950593540685722,1.0175625179649324,0.0225031638963602,0.05676769016513028,0.05208393216441509,1.0999999999999996,0.34661332131184497,0.14804945310321327,0.14804945310321305,-2.2908296159782737,-12.338437771585216,,,-0.22165350299999886,Q4: Highest,Q3,FALSE,FALSE
51139,"Page County, VA",0.996970245093606,1.0315214471209817,0.034551202027375716,0.021705706792077395,0.05167009940001788,-0.8999999999999986,0.3122471770691153,-0.013211130377342895,-0.013211130377343006,-0.043088758216119905,2.595752627387252,,,0.19155683700000026,Q4: Highest,Q3,FALSE,FALSE
51141,"Patrick County, VA",0.8219990871748061,0.9758454106280192,0.15384632345321314,0.1821086261980831,0.07115811463637556,0.5,0.297323050352857,-0.06080648602517602,-0.06080648602517591,0.84304532299980806,-3.1826990214409783,,,-0.7412146401000008,Q1: Lowest,Q2,TRUE,TRUE
51143,"Pittsylvania County, VA",0.9501524747830168,1.00059327375876,0.05044079897574316,0.07405918032237524,0.06107011754236347,3,0.3417274591759911,-0.038994952470423394,-0.038994952470423505,,3.0871293651381713,,,-3.467091570200001,Q3,Q3,TRUE,FALSE
51145,"Powhatan County, VA",0.9048675683291068,1.057146501690159,0.15227893336105214,0.11263736263736268,0.049046495312201066,-0.39999999999999947,0.32316910598767934,0.07438675314322984,0.07438675314322984,2.115892546876635,4.868796114080794,,,-0.3917555488999991,Q2,Q4: Highest,FALSE,FALSE
51147,"Prince Edward County, VA",0.9597845015237266,0.9701580561453172,0.01037355462159062,0.0019590770570309113,0.06510969568294411,0.3000000000000007,0.2221704448891204,0.02283227919077735,0.02283227919077735,-1.9232104021724732,-8.380475320565887,,,-0.15308238109999905,Q3,Q2,FALSE,TRUE
51149,"Prince George County, VA",0.9444674965421852,1.01041345739109,0.0659459608489047,0.10933609958506219,0.049664181403660135,-1,0.24653730344596858,0.11277781001566756,0.11277781001566756,,3.7982978017932836,,,-0.9501252237999989,Q3,Q3,FALSE,FALSE
51153,"Prince William County, VA",1.0674490380068198,1.0320187864919994,-0.03543025151482038,0.0037285013813873613,0.0511659406670647,1.0999999999999996,0.23076923076923084,0.27802867266640585,0.2780286726664061,,-6.538158318960173,0.05795178868594064,5.535464463670031,-5.885022836000001,Q4: Highest,Q3,FALSE,FALSE
51155,"Pulaski County, VA",0.8928040695016004,1.0404725149338885,0.14766844543228808,0.1347736625514403,0.05705080877911273,0.5,0.3378682563633215,-0.029408408922357188,-0.0294084089223573,-0.3615538506274524,-4.538808561053111,,,-1.148942375599999,Q2,Q4: Highest,TRUE,FALSE
51157,"Rappahannock County, VA",0.8276024493641074,1.0119583567810917,0.18435590741698427,0.12317475270843148,0.06865503657850314,0.7000000000000002,0.30634291377601586,-0.004457652303120341,-0.004457652303120341,5.661860657563894,1.915318719115486,,,-1.4116702190000003,Q1: Lowest,Q3,TRUE,FALSE
51159,"Richmond County, VA",1.0106325706594883,0.9784897713598074,-0.03214279929968089,0.010767160161507361,0.035800240673886874,0.10000000000000142,0.2378843666036421,-0.042754084447273466,-0.04275408444727358,-0.42908775741535565,-10.719781841435518,,,-3.8295734833,Q4: Highest,Q2,FALSE,TRUE
51161,"Roanoke County, VA",0.9713424296680456,1.015674147751424,0.044331718083378324,0.04747792801136008,0.05011476664116299,0.5,0.21473078225533349,0.0336479367866549,0.0336479367866549,,-2.290851194692988,2.3067374137957586,6.4681892700680805,-3.3319211873,Q3,Q3,TRUE,FALSE
51163,"Rockbridge County, VA",0.8967797067554196,1.0150948821161587,0.1183151753607391,0.11549878564360894,0.07283879624305156,1.0999999999999996,0.34010629037430706,0.015520964549217142,0.015520964549217142,,-3.3113547479383083,,,-8.165130404900001,Q2,Q3,TRUE,FALSE
51165,"Rockingham County, VA",0.9327919959399696,1.0332617274149485,0.10046973147497884,0.08707315304864782,0.05363438952062949,-0.20000000000000107,0.36266364041664967,0.10332013894498737,0.10332013894498737,,-2.7068219417014747,10.650629620509761,6.038436227659787,-1.8990600099999995,Q2,Q3,FALSE,FALSE
51167,"Russell County, VA",0.8932021625454223,0.9836921420882668,0.09048997954284455,0.05672250288043956,0.04822389666307858,1.6000000000000014,0.1978207944896384,-0.07971892415798398,-0.0797189241579841,0.8301783019085823,-9.262733240307806,,,-1.635910857599999,Q2,Q2,TRUE,TRUE
51169,"Scott County, VA",0.9720174436714776,0.9993597951344432,0.027342351462965597,0.059495379503686,0.05044814340588988,-3.3000000000000007,0.3299832495812396,-0.0745000429147713,-0.0745000429147713,-3.532146357302585,2.213901531537963,,,-1.8723494452999994,Q3,Q2,TRUE,FALSE
51171,"Shenandoah County, VA",0.9990539987727552,1.0030151946818613,0.003961195909106041,0.035283289016158736,0.04420702754036088,1.3000000000000007,0.22926331994923754,0.05828116659387583,0.05828116659387583,-1.3129213008304885,-2.4492116840109572,,,-3.3583602579999994,Q4: Highest,Q3,FALSE,FALSE
51173,"Smyth County, VA",0.8299932065217391,1.0138021273003546,0.18380892077861544,0.17900815217391308,0.05926050987675169,-0.6000000000000014,0.1666388657214346,-0.07226725014638358,-0.07226725014638358,-1.5739775808867291,-1.529596266549212,,,-2.6094578621999993,Q1: Lowest,Q3,TRUE,FALSE
51175,"Southampton County, VA",1.1306694076834125,1.0053688731682668,-0.12530053451514567,0.02788127971219323,0.04383527033855483,-1.6999999999999993,0.4298790979375531,-0.05061655268967746,-0.050616552689677574,,-13.583898331668635,,,-2.6528508325999995,Q4: Highest,Q3,FALSE,FALSE
51177,"Spotsylvania County, VA",0.9366208105215812,1.0801654676258994,0.14354465710431819,0.0832544938505203,0.04448920863309358,0.5999999999999996,0.21362304030978563,0.1438660430120169,0.1438660430120171,,7.051031111232411,6.013120625153377,0.6351384071434794,-3.963357812,Q2,Q4: Highest,FALSE,FALSE
51179,"Stafford County, VA",0.9648689382992278,1.0742676857682203,0.10939874746899247,0.06869280131760902,0.04046044381080616,1.2000000000000002,0.2558567892707073,0.24775149764131688,0.2477514976413171,1.7371615170053283,6.463591029666006,1.49084210257584,5.194707106967108,-2.9814038089999997,Q3,Q4: Highest,FALSE,FALSE
51181,"Surry County, VA",0.9221556886227544,0.9984496124031008,0.07629392378034638,0.08192705498094721,0.06108527131782948,0.9000000000000004,0.2936989421581726,-0.08804316955410396,-0.08804316955410407,3.473367490551593,-27.957228820872864,,,-0.5498663349000008,Q2,Q2,TRUE,FALSE
51183,"Sussex County, VA",0.8904761904761904,0.970601189165382,0.08012499868919154,0.11614401858304302,0.07707553402334288,1.2000000000000028,0.2594949072136179,-0.08465261258305312,-0.08465261258305312,3.114343143296308,-20.103393746261794,,,-1.6707025548,Q2,Q2,FALSE,TRUE
51185,"Tazewell County, VA",0.7529129369405411,0.9717775041050905,0.21886456716454938,0.190828624293644,0.07060755336617408,3.8999999999999986,0.2569592530689875,-0.08091647988408157,-0.08091647988408157,0.6146889518625326,-1.3937331160922903,,,-0.6974206520999999,Q1: Lowest,Q2,FALSE,TRUE
51187,"Warren County, VA",0.972311271975181,1.0381805444355483,0.06586927246036733,0.04141675284384694,0.05259207365892715,0.6999999999999993,0.26448554160182414,0.09099798989514851,0.09099798989514851,-1.8253242957046916,-1.5463992101877606,,,-2.8111846729999996,Q3,Q4: Highest,FALSE,FALSE
51191,"Washington County, VA",0.9817961165048544,0.9987297823693791,0.016933665864524716,0.048657463592233,0.054238292827504475,-2.5,0.33817819556554607,-0.008779696030692064,-0.008779696030691952,,-9.649032919034415,,,-1.7763976404000008,Q3,Q2,TRUE,FALSE
51193,"Westmoreland County, VA",0.9993525603296056,1.007289641766176,0.007937081436570459,0.0037669217186580006,0.03943349069702862,3.5,0.14766953139702643,0.051847959362410156,0.051847959362410156,0.12676768628346324,3.0514167875615215,,,-1.0181136419999994,Q4: Highest,Q3,FALSE,FALSE
51195,"Wise County, VA",0.7312464101091327,0.9856634979519284,0.2544170878427957,0.22073520964962667,0.05371357910193986,-1.2000000000000028,0.31692307692307686,-0.10013720723106179,-0.10013720723106179,,-8.95589849699669,,,-2.8471327223999996,Q1: Lowest,Q2,FALSE,TRUE
51197,"Wythe County, VA",0.8412492710425711,1.0458125882440366,0.20456331720146548,0.1753385602280827,0.047558891283347005,0.6000000000000014,0.2763725283971392,-0.004960627189787403,-0.004960627189787292,0.5944191484125033,-3.4361827083844205,,,-1.5028471329999995,Q1: Lowest,Q4: Highest,TRUE,FALSE
51199,"York County, VA",0.978973569580454,1.0288282605267307,0.0498546909462767,0.04136508040480791,0.05002365557483046,1,0.17001559424291224,0.055169216504404206,0.05516921650440443,,6.460030271599748,,,-1.0754081951999996,Q3,Q3,FALSE,FALSE
51510,"Alexandria city, VA",0.9822974466734522,0.984467988036701,0.00217054136324879,0.05673572577732544,0.06243219952349577,0.29999999999999893,0.3024362994655123,0.2342016644087479,0.23420166440874768,7.567227152174608,6.589906360565129,1.2160292088261997,4.72830006764152,-3.8746088259999993,Q3,Q2,FALSE,FALSE
51520,"Bristol city, VA",0.9389799635701276,0.9827158793554608,0.0437359157853332,0.051131928181108455,0.03539457375017219,3.5,0.12710520805288827,-0.0443557582668187,-0.0443557582668187,,8.74722471159381,,,-4.5228348473,Q2,Q2,TRUE,TRUE
51530,"Buena Vista city, VA",0.9240909090909092,0.9559250887956088,0.031834179704699594,0.11090909090909096,0.17823700355182437,1.799999999999999,0.16487063355718679,-0.021154427319431846,-0.021154427319431734,,-2.1383017920290177,,,6.247499746200001,Q2,Q1: Lowest,TRUE,TRUE
51540,"Charlottesville city, VA",1.0485771295548485,0.9560206490855976,-0.09255648046925091,0.01971590099292131,0.0871983672816039,-1.5,0.5786261594300308,0.13789782849439058,0.1378978284943908,,-8.505280597264193,,,-0.8684319239999994,Q4: Highest,Q1: Lowest,FALSE,TRUE
51550,"Chesapeake city, VA",0.962436494308828,1.0275164768052387,0.06507998249641067,0.06614327946044507,0.052734259031494646,0.3000000000000007,0.22764059921289825,0.12593699701080707,0.1259369970108073,3.024980045533629,7.655334562721142,1.9679415080251914,5.331212914725622,-1.8346725409999998,Q3,Q3,FALSE,FALSE
51570,"Colonial Heights city, VA",0.897119341563786,1.015646335912608,0.11852699434882197,0.12657101545990435,0.056326809285389134,2,0.20534893439197655,-0.005268583209254385,-0.005268583209254385,,2.625798781952514,,,2.3721626899999997,Q2,Q3,FALSE,FALSE
51580,"Covington city, VA",0.8773983115886416,0.9477152899824252,0.07031697839378359,0.0978511128165771,0.07073813708260102,0,0.1986707537170196,-0.08568598315998022,-0.08568598315998022,,-23.959635181199335,,,7.1928532956,Q2,Q1: Lowest,TRUE,TRUE
51590,"Danville city, VA",0.9661108412929684,0.96834453197405,0.0022336906810815904,0.05855053693810375,0.07674930491195553,0.6999999999999993,0.22062057997496032,-0.09324758842443726,-0.09324758842443714,,-2.1840123773816638,,,-2.6323421049999993,Q3,Q2,TRUE,TRUE
51595,"Emporia city, VA",0.9039915966386556,0.9857270294380018,0.08173543279934625,0.09579831932773109,0.07805530776092773,1.6999999999999993,0.12032364712023669,-0.07106863596872282,-0.07106863596872282,,-1.1612732531740155,,,0.43540995460000076,Q2,Q2,TRUE,TRUE
51600,"Fairfax city, VA",0.8876760062580002,1.0564939071417554,0.16881790088375515,0.14585407481154888,0.05252198056455348,1.5999999999999996,0.1962728171926984,0.10778525966239272,0.10778525966239294,,-12.88425734693884,,,11.279254988000002,Q2,Q4: Highest,FALSE,FALSE
51610,"Falls Church city, VA",1.091228332337119,1.0129441624365485,-0.07828416990057052,-0.025552898983861372,0.05520304568527923,0.5,0.3071707631618874,0.3352516671234127,0.3352516671234129,,21.01396593270621,,,1.8001748099999997,Q4: Highest,Q3,FALSE,FALSE
51620,"Franklin city, VA",0.8886977236633139,0.9856330014224752,0.09693527775916133,0.13949179460031758,0.05547652916073964,0.8000000000000007,0.23499510710014127,-0.07478806178144237,-0.07478806178144248,,-19.17924794789539,,,0.49864658699999964,Q2,Q2,TRUE,TRUE
51630,"Fredericksburg city, VA",1.0398615635179154,1.047715189447473,0.007853625929557628,0.07662866449511396,0.0558584023150952,3.8999999999999986,0.4462215393211342,0.2680583457070487,0.2680583457070487,,-0.3727004806295442,,,-4.408393109000002,Q4: Highest,Q4: Highest,FALSE,FALSE
51640,"Galax city, VA",0.972782258064516,1.0042949176807443,0.03151265961622829,0.07090053763440862,0.07551896921975665,0,0.13933774023748313,-0.07747093023255813,-0.07747093023255802,,-6.32772395674939,,,-0.6069181859999997,Q3,Q3,FALSE,FALSE
51650,"Hampton city, VA",0.9183050644111516,1.0122500748396854,0.09394501042853387,0.09383482551251476,0.05593281759599178,-1.1999999999999993,0.2013258146442254,-0.0407354052859038,-0.0407354052859038,4.47585546950301,5.448347637062205,4.1070326667298644,5.5327533016073005,-1.8750328979999988,Q2,Q3,TRUE,FALSE
51660,"Harrisonburg city, VA",1.0041463086646645,0.989987508782887,-0.014158799881777484,0.04442153391008108,0.06460301350612851,-1.8000000000000007,0.2982649927259011,0.13887993813237087,0.1388799381323711,,-6.4912693437599,,,-1.8864849899999996,Q4: Highest,Q2,FALSE,TRUE
51670,"Hopewell city, VA",0.9093654093654092,0.989305912596401,0.07994050323099178,0.1354321354321354,0.06519280205655531,4.300000000000001,-0.03957763788216995,-8.869572930063629e-4,-8.86957293006474e-4,,-0.21847164801879604,,,-1.339587219000002,Q2,Q2,TRUE,TRUE
51678,"Lexington city, VA",1.0796498905908096,1.1748955563995442,0.09524566580873461,0.09628008752735229,0.05013292821876192,2.799999999999997,0.418321689300573,0.07044278320874064,0.07044278320874064,,-7.568118978786423,,,10.4136778396,Q4: Highest,Q4: Highest,FALSE,FALSE
51680,"Lynchburg city, VA",0.9752943618945932,0.9802732845453808,0.004978922650787587,0.03493786517187181,0.05981474980421808,-2.599999999999998,0.39143344146918135,0.12761256501392904,0.12761256501392904,,-12.946467992245804,2.0770822096388883,7.643133039846518,0.011765902000000494,Q3,Q2,FALSE,TRUE
51683,"Manassas city, VA",1.0260230533044747,1.0149605268896933,-0.011062526414781448,0.030150500830522953,0.058620840057574064,-1.5,0.1428784206464193,0.17489776659326828,0.1748977665932685,,17.78113435564252,,,-2.5600486490000023,Q4: Highest,Q3,FALSE,FALSE
51685,"Manassas Park city, VA",1.2075399262899262,0.9632410679230468,-0.24429885836687948,0.011977886977886931,0.07018060463290143,0.09999999999999964,0.30564846657558764,0.37871736215192864,0.37871736215192886,,11.867200175461685,,,-25.136805441699998,Q4: Highest,Q1: Lowest,FALSE,TRUE
51690,"Martinsville city, VA",0.9196754194018965,1.0206926406926409,0.10101722129074442,0.0886214442013129,0.050909090909090904,-0.8000000000000007,0.18826006347610225,-0.10596781085315488,-0.10596781085315465,,5.42339616712801,,,4.414072138,Q2,Q3,FALSE,FALSE
51700,"Newport News city, VA",0.9894833690487282,0.9915967844543404,0.0021134154056121623,0.031130625174694893,0.060725232780059035,0.40000000000000036,0.18123287366052532,-0.01809585378681622,-0.01809585378681633,2.4758905278753462,5.743153069932351,3.8782716778360964,5.597170837205962,-2.1038220989999985,Q3,Q2,FALSE,FALSE
51710,"Norfolk city, VA",1.075021229003997,0.9765633840003016,-0.09845784500369548,0.05010044943354808,0.06492098215969522,1.1000000000000014,0.3013277081523762,0.006192797453243193,0.006192797453243193,4.799012499907285,0.8407524374582778,3.432141240946791,8.352342314318136,-3.5088562260000025,Q4: Highest,Q2,FALSE,TRUE
51720,"Norton city, VA",1.2290051679586564,0.9603436880370124,-0.268661479921644,-0.05943152454780365,0.0627891606080635,-1.3000000000000007,0.24166503555816532,0.028948048591367348,0.028948048591367126,,-1.8746970051398835,,,-2.3693522269000002,Q4: Highest,Q1: Lowest,FALSE,TRUE
51730,"Petersburg city, VA",0.9200059920605198,1.0008088907645776,0.08080289870405777,0.1061343719571568,0.06077231483435319,2.5,0.16199826739820966,-0.03007611857169379,-0.03007611857169379,,-6.8891552229957895,,,3.2135601220000005,Q2,Q3,FALSE,FALSE
51735,"Poquoson city, VA",0.96019820971867,1.0208852867830425,0.060687077064372486,0.04603580562659848,0.05626558603491272,0.5999999999999996,0.25611643283753893,0.01505500868558185,0.01505500868558185,,-3.4847556039616245,,,1.8046284933999992,Q3,Q3,FALSE,FALSE
51740,"Portsmouth city, VA",0.9303767870663164,1.0006767024408776,0.07029991537456115,0.08177081013673004,0.054682306011967,2.9000000000000004,0.17398695854680946,-0.035091126534534056,-0.035091126534534056,2.4040873741593973,8.0846138389673,6.470725575939085,0.6358240152236618,-2.218361917000001,Q2,Q3,TRUE,FALSE
51750,"Radford city, VA",0.9953473132372216,1.099740932642487,0.10439361940526537,0.07182175622542597,0.05336787564766843,-0.3999999999999986,0.25802738398158254,0.11676152010280894,0.11676152010280894,,1.2086440291026261,,,-0.6609868368000003,Q4: Highest,Q4: Highest,FALSE,FALSE
51760,"Richmond city, VA",1.0346644538948242,1.01612125274887,-0.01854320114595409,0.03701898143346127,0.05665328678989234,-3.1999999999999993,0.33022636484687085,0.15102322166222937,0.1510232216622296,6.054807897203661,-3.348756455532989,5.140266023397672,8.461859882292966,-2.384564887,Q4: Highest,Q3,FALSE,FALSE
51770,"Roanoke city, VA",1.010023402658189,0.9872638415808068,-0.022759561077382084,0.031483198657658806,0.05445659762625088,2.6000000000000014,0.22723229927499133,0.04453411437481569,0.04453411437481547,2.003204852766992,0.8232896306529649,6.96411571905351,2.8221392770640783,-2.977107034000001,Q4: Highest,Q2,FALSE,TRUE
51775,"Salem city, VA",0.9226388050694024,1.0305629379077073,0.10792413283830482,0.09867229933614963,0.04719336393653861,1.0999999999999996,0.1705444541596468,0.03345314925251208,0.03345314925251186,,-4.072733748941884,,,3.436968676500001,Q2,Q3,TRUE,FALSE
51790,"Staunton city, VA",0.9755543914789592,1.0382256745707277,0.0626712830917685,0.043565566614283235,0.04529844644317249,-3.5999999999999996,0.3863044477352806,0.04230769230769238,0.04230769230769216,,-4.404750151180444,,,3.5857589710000006,Q3,Q4: Highest,FALSE,FALSE
51800,"Suffolk city, VA",0.981955305848708,1.077946465152274,0.09599115930356605,0.027029079037278914,0.04295078982109524,-1.0999999999999996,0.35277864664789904,0.13331610744035527,0.13331610744035527,1.5990440258508543,8.526333180724698,6.960042581806803,8.306111975381121,-2.4317773120000012,Q3,Q4: Highest,FALSE,FALSE
51810,"Virginia Beach city, VA",0.9815667362548204,0.99660741211015,0.015040675855329644,0.04365365155479384,0.057336719307991446,0.7000000000000002,0.28182055720678045,0.03506068106327587,0.03506068106327587,3.690810210503975,9.353118143764071,1.8583329329916154,5.801263452398828,-2.8909722480000006,Q3,Q2,FALSE,FALSE
51820,"Waynesboro city, VA",0.9391695847923962,1.063932448733414,0.12476286394101788,0.07113556778389196,0.04630231047601374,-3,0.043206845759977464,0.0907601098954065,0.09076010989540673,,0.20512045664471756,,,2.9580624770000004,Q2,Q4: Highest,FALSE,FALSE
51830,"Williamsburg city, VA",1.262520358306189,1.0524676942238829,-0.21005266408230616,0.02402280130293155,0.044994550832944125,-1.8000000000000007,0.2922082372021837,0.137878557297215,0.137878557297215,,-24.86919405275249,,,-9.825777118200001,Q4: Highest,Q4: Highest,FALSE,FALSE
51840,"Winchester city, VA",0.9587857142857142,0.9995504219117444,0.04076470762603013,0.10064285714285715,0.04862359939134042,1.3000000000000007,0.34471522942331734,0.09248667367028518,0.09248667367028518,,15.584596350554955,,,-6.728511235000001,Q3,Q3,FALSE,FALSE
53001,"Adams County, WA",1.0661960575386256,0.97493776872595606,-0.09125828881266951,0.0022642514651038947,0.07241457343290336,-1.5,0.39185710942984175,0.14759088037673007,0.14759088037672985,-3.0011748658216373,-10.193152780334197,,,-4.063680559000002,Q4: Highest,Q2,FALSE,FALSE
53003,"Asotin County, WA",0.9466611960201048,0.999371266897202,0.052710070877097226,0.07528977331008313,0.010793251598030018,-0.29999999999999893,0.2838626508848001,0.06579195771191237,0.0657919577119126,-3.8243170022625423,-3.1243005270812425,,,-1.4392257221999998,Q3,Q3,TRUE,FALSE
53005,"Benton County, WA",1.024529254743525,1.020087803833387,-0.004441450910138034,0.009114301517447077,0.0319306135560552,-0.3000000000000007,0.3711344087033448,0.2642497943328652,0.2642497943328652,-0.6362750532258016,4.61185034560828,4.52035948193263,10.29146714307048,-2.450228933,Q4: Highest,Q3,FALSE,FALSE
53007,"Chelan County, WA",1.0420753338898163,0.9617952165978292,-0.08028011729198714,0.02097245409015025,0.053429065411583876,-0.40000000000000036,0.3217733206688609,0.09949582704303994,0.09949582704303994,-0.5905363704534122,1.7670265189278491,3.0743024239836245,8.87583912261546,-3.198212188000001,Q4: Highest,Q1: Lowest,FALSE,TRUE
53009,"Clallam County, WA",0.9246054416910662,1.0070466428892968,0.08244120119823062,0.1159751481825323,0.030714359915509526,-0.7000000000000011,0.3579667413610095,0.10180092896019155,0.10180092896019155,-0.9294192111035687,2.7907486892226085,-0.6181817611917211,7.694387188083098,-0.9182034570999988,Q2,Q3,FALSE,FALSE
53011,"Clark County, WA",1.005948242172631,1.0278474671700863,0.021899224997455446,0.03579095887490924,0.03802556841704341,-0.3000000000000007,0.382347379098114,0.19426887138593996,0.19426887138594018,0.15308589823821994,2.4593207374701445,3.1508514060411983,6.277207534312396,-2.812170215,Q4: Highest,Q3,FALSE,FALSE
53013,"Columbia County, WA",1.1810886252616888,0.9389294403892944,-0.2421591848723944,0.004187020237264472,0.10024330900243306,-2,0.4191289453134839,0.022581472927893254,0.022581472927893254,-2.8642044026659432,-3.792448523121573,,,-0.40558330070000004,Q4: Highest,Q1: Lowest,FALSE,TRUE
53015,"Cowlitz County, WA",0.9841287403801234,1,0.015871259619876565,0.04044650979813624,0.023522674713124636,-2.8000000000000007,0.27897532021243365,0.09776264591439698,0.09776264591439676,-1.7368524837778314,0.5787468483046165,5.476724298342475,0.7692125750337038,-1.9586110849999994,Q3,Q3,FALSE,FALSE
53017,"Douglas County, WA",0.9294794188861986,0.9802334432885056,0.05075402440230703,0.12318401937046008,0.06592235473230146,-1.9000000000000004,0.46544635183163363,0.18973782976741638,0.18973782976741638,-2.7622788165718672,-6.476296990297201,,,-3.434327910000002,Q2,Q2,FALSE,TRUE
53019,"Ferry County, WA",0.8144387001477105,0.9448231785257776,0.1303844783780671,0.23781388478581977,0.06305922454196844,-2.8999999999999986,0.3514136841206117,0.026514131897712012,0.026514131897712012,-0.4866855925213798,11.592078930469619,,,0.4460170661999996,Q1: Lowest,Q1: Lowest,TRUE,TRUE
53021,"Franklin County, WA",1.1288953635672665,0.9964134633069708,-0.13248190026029572,-0.06824803648340505,0.028876218502850826,-2,0.35148062328606966,0.40890125173852576,0.40890125173852554,-0.7245634516649391,-16.359048406579877,-1.4636642819717594,3.4920840420998793,-6.741359253000002,Q4: Highest,Q2,FALSE,FALSE
53023,"Garfield County, WA",0.9276985743380856,0.8513368983957219,-0.07636167594236365,0.06924643584521384,0.13689839572192508,-1.0999999999999996,0.37594895205427625,0.009986382206082611,0.009986382206082611,1.471648506532225,38.79979802822504,,,3.5994920381999993,Q2,Q1: Lowest,FALSE,TRUE
53025,"Grant County, WA",1.0373550313053126,1.023709155274006,-0.013645876031306514,0.0023247827120703723,0.020169084938398085,-3.200000000000001,0.3643351635235139,0.18256397846209693,0.1825639784620967,-2.35107148973015,-0.15256605958760971,4.722610714893079,3.5238851170089625,-3.520723659999998,Q4: Highest,Q3,FALSE,FALSE
53027,"Grays Harbor County, WA",0.8735162180814354,0.984656782379357,0.11114056429792163,0.1429261559696342,0.05146482286691856,-1.8000000000000007,0.4247029168167087,0.04502485137900791,0.04502485137900791,-0.6349108197808206,10.510562606818798,8.785981201016028,6.425202201777031,-2.3188026502000003,Q1: Lowest,Q2,TRUE,TRUE
53029,"Island County, WA",0.9641135253278478,1.0099200964872608,0.045806571159413,0.05274492157366928,0.026172169455751515,-1.1000000000000005,0.26382054739348937,0.0814851510301553,0.08148515103015508,-0.6163661120890729,7.9004519162015034,0.7767909536331246,7.265805741445504,-1.0991772429999997,Q3,Q3,FALSE,FALSE
53031,"Jefferson County, WA",0.811148857319333,0.9641609845335108,0.1530121272141779,0.1992742433600988,0.034425411608182244,1.6999999999999993,0.33657050786854126,0.09796905881551154,0.09796905881551154,-0.5814346114964675,14.302321631713497,,,-2.2494887181000003,Q1: Lowest,Q1: Lowest,TRUE,TRUE
53033,"King County, WA",1.014132843580384,1.027515412473188,0.013382568892803981,0.05239097847604446,0.07266209095224718,-2.2,0.5281398856187192,0.2190471139932879,0.2190471139932879,0.3339929653635221,-0.9874482317042521,1.4679365882740854,10.142406296015437,-2.1180733500000013,Q4: Highest,Q3,FALSE,FALSE
53035,"Kitsap County, WA",0.931631345069219,0.9840638784033748,0.05243253333415587,0.09676123739531706,0.029620763829021457,-1.4000000000000004,0.36964146868250536,0.11211568792118154,0.11211568792118132,-0.015933121031327935,15.065315136537045,4.440648937634265,5.086658530695104,-1.3016773780000008,Q2,Q2,FALSE,TRUE
53037,"Kittitas County, WA",1.0507611602550917,0.9618257084329124,-0.08893545182217932,0.039703764657477936,0.096107886650734,-4.600000000000001,0.4099985702711719,0.22414321466877785,0.22414321466877785,0.5593400087555545,0.912499551887243,,,-0.8444790270000002,Q4: Highest,Q1: Lowest,FALSE,TRUE
53039,"Klickitat County, WA",0.9675086355785838,0.9348684210526316,-0.03264021452595223,0.04771157167530227,0.06963562753036434,-2.1999999999999993,0.42951214331232745,0.12699768820987023,0.12699768820987067,-3.318841743385814,5.68938599118604,,,-2.0442357193999996,Q3,Q1: Lowest,FALSE,TRUE
53041,"Lewis County, WA",0.9949174299195116,0.9854654728320864,-0.009451957087425189,0.04208298640022201,0.034312522997669515,-2,0.35402447770862744,0.08727047380403885,0.08727047380403863,-2.975277363002318,8.5782489537441,2.5767144445092214,2.6912988682532557,-1.525238303,Q4: Highest,Q2,FALSE,TRUE
53043,"Lincoln County, WA",1.0917166333555408,0.8758007117437723,-0.21591592161176854,0.011547856984232774,0.1077105575326216,-2.5999999999999996,0.45037421938313393,0.04091730897326107,0.04091730897326107,2.12930680971094,7.015234640011984,,,-1.9337175722000008,Q4: Highest,Q1: Lowest,FALSE,FALSE
53045,"Mason County, WA",0.9047629172868382,0.9949547165129649,0.09019179922612663,0.10635764405698489,0.031636408750671974,0.6000000000000014,0.349343220338983,0.1378517016309071,0.1378517016309071,-1.4595203630044407,-4.113722261030288,,,-1.2150893109999998,Q2,Q2,FALSE,FALSE
53047,"Okanogan County, WA",1.0063156292801705,0.9508175105485231,-0.05549811873164734,0.02805255415208241,0.06318565400843879,-6.600000000000001,0.2490097629009762,0.0646990624054844,0.0646990624054844,-2.3004985685340484,0.793474703271821,,,-3.3867992069999993,Q4: Highest,Q1: Lowest,FALSE,TRUE
53049,"Pacific County, WA",0.8581419745891129,0.9899778732266042,0.13183589863749134,0.17111551462874464,0.061174020564883524,-2.5,0.34719074158022445,0.049311230445949095,0.04931123044594932,-1.652586611046808,12.394929171843696,,,-1.9118470145000002,Q1: Lowest,Q2,TRUE,TRUE
53051,"Pend Oreille County, WA",0.8699979891413634,0.9724458204334364,0.10244783129207302,0.16891212547757894,0.06171310629514959,0.20000000000000107,0.320136206546046,0.06984720922980969,0.06984720922980969,-2.2271716633081864,15.823008852774601,,,-1.4251586085000003,Q1: Lowest,Q2,TRUE,TRUE
53053,"Pierce County, WA",0.9492786985880908,1.0422006459177586,0.09292194732966785,0.07001927778316264,0.06733224080435729,-1.6999999999999993,0.4148527298850575,0.17151941011075955,0.17151941011075955,0.07470480896764886,5.765700761435056,2.3192742151455406,4.609314274963481,-1.912305559,Q3,Q4: Highest,FALSE,FALSE
53055,"San Juan County, WA",0.8828256176541137,0.9936786547195288,0.11085303706541505,0.12005277044854878,0.09500429605989935,-1.8000000000000007,0.326086956521739,0.14168831168831164,0.14168831168831164,0.24264356535751985,7.271966459203408,,,-1.6296584990000005,Q2,Q2,TRUE,TRUE
53057,"Skagit County, WA",0.9633583328771372,0.952402997102344,-0.01095533577479324,0.05711574606302805,0.062136721362069824,-0.7000000000000011,0.3120265703297984,0.1327214069047744,0.1327214069047744,-1.718471696661397,3.967326064045447,3.2918247054597742,2.743276430181094,-2.442972663000001,Q3,Q1: Lowest,FALSE,TRUE
53059,"Skamania County, WA",0.9654657855467916,1.0132228490832158,0.04775706353642417,0.04988275421018973,0.06311706629055003,-1.5,0.4134513201994605,0.12024847023919905,0.12024847023919882,9.106226753198039,-5.170922136783103,,,-3.2071622286999997,Q3,Q3,FALSE,FALSE
53061,"Snohomish County, WA",1.0127651868240473,1.0021260427929144,-0.010639144031132863,0.04227827629968217,0.07671578572115423,-1,0.3628008685812154,0.20188100240205742,0.20188100240205742,0.4775209976984246,-6.305683479751041,1.1723400580532655,5.411568933745233,-1.6933679579999996,Q4: Highest,Q3,FALSE,FALSE
53063,"Spokane County, WA",0.9857262088523532,1.018921359548161,0.03319515069580781,0.06101249237175577,0.026691876332880504,-0.1999999999999993,0.2951541850220265,0.14610983229200913,0.14610983229200913,0.5101828847813794,-1.0508829668781958,2.2636008914602,3.8272029672632613,-2.2284526120000017,Q3,Q3,FALSE,FALSE
53065,"Stevens County, WA",0.9425951880401776,1.0163878456811195,0.0737926576409419,0.07439850502219103,0.04637532718789117,-1.5999999999999996,0.31387210052315995,0.061868598899184946,0.061868598899184724,-1.5009227012329207,0.56104860121469,,,-2.5742832944000007,Q3,Q3,FALSE,FALSE
53067,"Thurston County, WA",0.9495923957084048,1.0253382468672438,0.07574585115883903,0.08448672652426181,0.02556147466553671,-0.40000000000000036,0.35033459311396964,0.2219100651043857,0.2219100651043857,-1.7671362540351954,-3.1004004272425725,1.1527852311629943,3.6850345228039956,-1.5226989559999993,Q3,Q3,FALSE,FALSE
53069,"Wahkiakum County, WA",0.7129629629629629,0.9551752241238792,0.24221226116091632,0.29567901234567906,0.02933985330073352,1,0.4734824743262138,0.12905660377358497,0.1290566037735852,1.0366344375154934,3.6077758719268154,,,0.8517172993999997,Q1: Lowest,Q1: Lowest,TRUE,TRUE
53071,"Walla Walla County, WA",0.9447826999790048,0.9796490499428928,0.034866349963888044,0.0742529218279796,0.022531408991797286,-4.699999999999999,0.3630538637444245,0.06896551724137923,0.06896551724137945,-0.020864534144557356,6.5310662641029715,,,-1.7485851290000003,Q3,Q2,FALSE,TRUE
53073,"Whatcom County, WA",0.9897375801674936,0.9794653976160824,-0.010272182551411158,0.07083178064996964,0.05609322184664656,-2.4000000000000004,0.4482554950850104,0.188812312989727,0.18881231298972723,0.6861433311878745,-0.19700310273202337,3.886370307931543,5.118461226183527,-1.7915366264999992,Q3,Q2,FALSE,TRUE
53075,"Whitman County, WA",1.053762105785945,0.945499068174923,-0.10826303761102196,-0.02438539855972177,0.0898452736965284,-0.3999999999999986,0.25639060703924677,0.17592940292902748,0.17592940292902726,-0.8460667881985517,-3.9323426949002034,,,-2.1885590596,Q4: Highest,Q1: Lowest,FALSE,TRUE
53077,"Yakima County, WA",1.0091997702266802,0.9768681824476796,-0.03233158777900058,0.051159913393133305,0.035379990713057974,-3,0.32718300793821076,0.07794339436177933,0.07794339436177933,-2.750130701854181,1.7153293841978776,2.502602331630797,2.023714474731184,-3.970827800000002,Q4: Highest,Q2,FALSE,TRUE
54001,"Barbour County, WV",0.9960790464240904,1.0063582896200922,0.01027924319600182,0.03309284818067759,0.03338102050548397,-4.700000000000003,0.37757579962533816,0.025255674731853306,0.025255674731853306,-4.268915815890151,-2.481184411286514,,,-0.5431919529999991,Q4: Highest,Q3,FALSE,FALSE
54003,"Berkeley County, WV",1.0937733923103097,1.0612021766708954,-0.03257121563941423,0.03366224339344448,0.044017493490018045,0.9000000000000004,0.19872160712247466,0.2021446152604609,0.20214461526046068,-1.8686578854329756,-6.604942992003799,4.795705504658315,4.089061339713144,-3.287067681,Q4: Highest,Q4: Highest,FALSE,FALSE
54005,"Boone County, WV",0.820434637986473,0.9654036243822076,0.14496898639573463,0.12872824038141706,0.0653487095002746,0.6999999999999993,0.22558478712065977,-0.14565000995421062,-0.1456500099542105,4.37732883459439,-16.369550698283447,,,-2.739206145999999,Q1: Lowest,Q1: Lowest,TRUE,TRUE
54007,"Braxton County, WV",0.8727529080014099,0.9941668500990536,0.12141394209764367,0.15368346845259073,0.04072198987453224,-4,0.25414347165991913,-0.04305793623585874,-0.04305793623585874,0.0978395895447598,-14.444251847629658,,,-2.2037600943999998,Q1: Lowest,Q2,FALSE,FALSE
54009,"Brooke County, WV",0.9126134734830388,0.96459334935897445,0.051979875875935666,0.08160535117056855,0.05769230769230771,-0.1999999999999993,0.2853210777505619,-0.09473901382298333,-0.09473901382298322,0.525809083701001,1.7507722262300272,,,-0.5882887031999999,Q2,Q1: Lowest,TRUE,TRUE
54011,"Cabell County, WV",0.9208941898264732,1.015758060085408,0.09486387025893472,0.08424522686690172,0.03805908648203182,-0.8000000000000007,0.2663460093191041,-0.03275860255209917,-0.03275860255209939,-0.4664319603608774,-7.188011574227459,1.2469057742708856,8.33293166865505,-2.5157358199999997,Q2,Q3,TRUE,FALSE
54013,"Calhoun County, WV",0.9756662804171496,1.0274957698815568,0.05182948946440713,0.04016994978756272,0.06556683587140444,-0.5,0.34241301140657043,-0.0631259884027412,-0.06312598840274108,6.588696101557023,-9.75928484040181,,,-4.9199272579,Q3,Q3,FALSE,FALSE
54015,"Clay County, WV",0.8264589062022609,0.9850202429149798,0.15856133671271888,0.060494958753437245,0.06315789473684208,-1.3000000000000007,0.4643031784841076,-0.12252475247524752,-0.12252475247524763,4.450754768340964,-15.329922449226588,,,-3.26344104,Q1: Lowest,Q2,TRUE,TRUE
54017,"Doddridge County, WV",1.1497628602699743,0.974869109947644,-0.17489375032233034,0.037942356804086086,0.06910994764397904,1,0.48314540928393623,0.059974905897114184,0.059974905897114406,-9.568005912889394,-8.458685030987414,,,-0.579982716,Q4: Highest,Q2,FALSE,TRUE
54019,"Fayette County, WV",0.8743393157925307,0.9775371167812842,0.10319780098875353,0.09484811523494219,0.06395012532939137,-3.299999999999997,0.3667854315122723,-0.08297472049823762,-0.08297472049823762,2.421738814068186,-2.831744911580867,,,-3.5953094403999994,Q1: Lowest,Q2,TRUE,TRUE
54021,"Gilmer County, WV",0.8563581890812251,0.9611687812379854,0.10481059215676036,0.15645805592543272,0.08266051518646678,2.6999999999999993,0.17517100858681411,-0.05152764306498547,-0.05152764306498547,0.8542188379561666,-14.518496839568666,,,-3.5748767218,Q1: Lowest,Q1: Lowest,FALSE,TRUE
54023,"Grant County, WV",1.1266188483761703,1.0269093787099328,-0.0997094696662375,0.08647140864714087,0.025920063316185238,-1.700000000000001,0.3035945106020186,-0.03350321664299438,-0.03350321664299427,1.2781157665193055,-7.5401391353666405,,,0.5307884539999996,Q4: Highest,Q3,FALSE,FALSE
54025,"Greenbrier County, WV",0.9730583678738872,0.9689106572182854,-0.004147710655601822,0.08520758306720122,0.06752813672363489,-0.6999999999999993,0.31363266290745706,-0.0195734570345647,-0.01957345703456459,-1.7117886232605044,-6.494798390627171,,,-2.302353268500001,Q3,Q2,TRUE,TRUE
54027,"Hampshire County, WV",0.949693510885648,1.0417243214475784,0.09203081056193041,0.09860494610019022,0.028419372006386334,-1.700000000000001,0.5134053069000746,-0.013493955389068613,-0.013493955389068502,3.0364700051110196,-14.741810244199819,,,-2.816766256600001,Q3,Q4: Highest,FALSE,FALSE
54029,"Hancock County, WV",0.8960897900072411,0.9771382463690156,0.08104845636177449,0.10506879073135411,0.05625144086682543,-0.1999999999999993,0.29557113108842503,-0.06724511930585686,-0.06724511930585686,0.16773956282462865,4.137136042031682,,,-1.4755413946000004,Q2,Q2,TRUE,TRUE
54031,"Hardy County, WV",0.8710206995003569,1.0029374737725556,0.13191677427219872,0.2925053533190578,0.03734788082249263,1.299999999999999,0.24967859438611528,-0.002245237922792742,-0.002245237922792742,2.5420962395136497,-12.246524322737873,,,-2.4532346680000003,Q1: Lowest,Q3,FALSE,FALSE
54033,"Harrison County, WV",1.0028421512898995,0.99433128996111,-0.008510861328789532,0.02673976657360999,0.06383890317052265,-7.700000000000001,0.4163098021700864,-0.010067706800117704,-0.010067706800117815,-2.9214231604417966,-1.3004507332105004,9.374170119481334,6.427630960196492,-1.7795839180000002,Q4: Highest,Q2,FALSE,FALSE
54035,"Jackson County, WV",0.9554671794423564,0.7623566627125345,-0.19311051672982182,0.09212481426448738,0.2661921708185053,1,0.23988481624286195,-0.017635532331809256,-0.017635532331809256,-3.615492181169197,-7.461281701132913,,,-1.9155472024000009,Q3,Q1: Lowest,FALSE,TRUE
54037,"Jefferson County, WV",1.0616359683308036,1.0446603949136772,-0.01697557341712641,0.05599540550518933,0.04476377545745891,1.5999999999999996,0.22878518107123602,0.11473938826466923,0.11473938826466923,-1.574776236644787,-11.562056912244358,,,-3.8351021700000008,Q4: Highest,Q4: Highest,FALSE,FALSE
54039,"Kanawha County, WV",0.8979436148849523,0.9940899708985552,0.09614635601360288,0.052481012374210434,0.054562004025486166,2.3000000000000007,0.18086535877452303,-0.07397818605279849,-0.07397818605279849,-0.30917280775224903,-4.918749889429851,4.39962088222363,1.9236259446859094,-2.008546164,Q2,Q2,TRUE,FALSE
54041,"Lewis County, WV",0.9705510261456284,0.9323279781752046,-0.03822304797042375,0.10177115546809112,0.13216126098817826,0.8000000000000007,0.37027729889255756,-0.0276894865525672,-0.02768948655256709,-3.639337668742612,-9.421307037866645,,,-3.6173043698999994,Q3,Q1: Lowest,FALSE,TRUE
54043,"Lincoln County, WV",0.9125992450865548,1.0041128084606346,0.09151356337407979,0.10842118963946379,0.03393066980023507,-5.5,0.40737603440411796,-0.07033207306518474,-0.07033207306518474,1.9607744436811625,-1.1729431178230358,,,-2.454640072,Q2,Q3,TRUE,FALSE
54045,"Logan County, WV",0.808205576296767,1.047305616062127,0.23910003976535998,0.1096989435221225,0.06316886068756511,-0.3000000000000007,0.19478465784006693,-0.1213950552918256,-0.1213950552918257,-1.084636110464146,-7.148924316116784,,,-2.313743627999999,Q1: Lowest,Q4: Highest,TRUE,FALSE
54047,"McDowell County, WV",0.6610056363097004,0.8626949973103819,0.20168936100068147,0.19489765648175617,0.08714362560516409,-0.9000000000000057,0.32885906040268464,-0.22518244966147893,-0.22518244966147893,0.4599421365514014,-9.873045273427334,,,-3.9149792002999995,Q1: Lowest,Q1: Lowest,TRUE,TRUE
54049,"Marion County, WV",0.9923333988598388,0.98720690747782,-0.005126491382018816,0.026616866522508387,0.07184727503168564,-1.4000000000000004,0.3500000000000001,-0.0066082026751704825,-0.0066082026751704825,0.34435966952011676,-5.114215046721057,,,-0.41368627099999955,Q3,Q2,TRUE,TRUE
54051,"Marshall County, WV",0.937667182880473,0.9101878612716764,-0.027479321608796625,0.07757285653949031,0.11047687861271671,-2.900000000000002,0.5721512247071352,-0.09087931393859994,-0.09087931393859983,-2.278706248110987,-5.061838231859546,,,-0.7711139300000003,Q2,Q1: Lowest,TRUE,TRUE
54053,"Mason County, WV",1.0097117153956243,1.0040015615850089,-0.005710153810615459,0.07278675117562872,0.0349404645715401,-2.3999999999999986,0.3787498195467014,-0.008302790036651908,-0.008302790036651797,3.0343696670546425,-6.719328744770508,,,-2.5660503883000008,Q4: Highest,Q3,FALSE,FALSE
54055,"Mercer County, WV",0.9122361463841124,0.9863373266926908,0.07410118030857837,0.10716516091427619,0.061695158612644185,-3.1000000000000014,0.3102388864505612,-0.046368579079769545,-0.046368579079769545,0.19972358894002895,-7.699510793935423,,,-2.0122289779999996,Q2,Q2,TRUE,FALSE
54057,"Mineral County, WV",0.8732263317050477,1.0187588979147475,0.1455325662096998,0.14654570830425684,0.0454735784272674,-3,0.3833950290851402,-0.024117390672671823,-0.024117390672671934,-2.0239580105891193,-9.048509627656248,,,-2.1507620262000007,Q1: Lowest,Q3,TRUE,FALSE
54059,"Mingo County, WV",0.7515635858234886,0.9223245924875976,0.17076100666410898,0.12404447533009033,0.16669029057406093,2.400000000000002,0.15126580178506255,-0.13707865168539324,-0.13707865168539324,5.932463743739954,-13.459162215263706,,,-1.0066485630000006,Q1: Lowest,Q1: Lowest,TRUE,TRUE
54061,"Monongalia County, WV",1.011946987235308,1.020380081074045,0.008433093838737138,0.028226748507954036,0.0440514708616907,2.700000000000003,0.36105064931888764,0.16358908818474283,0.16358908818474283,0.7780939290164268,-2.7756037073983846,4.746004486210936,8.873071065619797,-0.28272131499999986,Q4: Highest,Q3,FALSE,FALSE
54063,"Monroe County, WV",0.9437378555025614,1.0220727349169645,0.07833487941440309,0.06111994347288463,0.03489594282110575,0.8999999999999986,0.274618941599589,-0.013157894736842146,-0.013157894736842146,0.9545476311373979,-8.312022995341461,,,-1.5376005819000014,Q3,Q3,TRUE,FALSE
54065,"Morgan County, WV",1.031419762149464,0.9886017310739972,-0.04281803107546689,0.07869622669211573,0.0693648665122516,-0.40000000000000036,0.14714007517775474,0.027225732337736952,0.027225732337736952,0.5333582094044498,-14.079983956857207,,,-1.3733805894,Q4: Highest,Q2,FALSE,FALSE
54067,"Nicholas County, WV",0.91279694984847,0.96859243697479,0.05579548712631999,0.07938214879264838,0.06386554621848739,-0.09999999999999787,0.031175121737562206,-0.0625334864140834,-0.06253348641408352,1.1108426754937895,-1.8064009700780126,,,-2.1222288770999995,Q2,Q2,TRUE,TRUE
54069,"Ohio County, WV",0.9885851532709354,0.924933742139999,-0.06365141113093642,0.025058188481156818,0.10195915397806998,-2.799999999999999,0.3001522305648012,-0.07386948159413165,-0.07386948159413176,-1.0614399146910882,-1.305251587591711,,,-1.0396443566000002,Q3,Q1: Lowest,FALSE,TRUE
54071,"Pendleton County, WV",0.9193243243243244,1.0030091859360153,0.08368486161169086,0.11027027027027025,0.03230915426037373,-0.3000000000000007,0.20633554512895969,-0.10562114989733062,-0.10562114989733062,3.6440706687041526,20.438783901602374,,,-1.0887392937999998,Q2,Q3,TRUE,FALSE
54073,"Pleasants County, WV",0.8857142857142857,0.9388434756282168,0.05312918991393112,0.1252491694352159,0.11050560096881623,-0.40000000000000036,0.3560275290461037,-0.030917121330215624,-0.030917121330215735,-2.443367499680735,-4.268822304738461,,,-1.8739624014,Q2,Q1: Lowest,FALSE,TRUE
54075,"Pocahontas County, WV",0.9277023203169212,0.991891064871481,0.0641887445545598,0.10215053763440862,0.06456548347613222,0.40000000000000213,0.2394445840663484,-0.0682408767370919,-0.0682408767370919,-0.23529350242220137,-5.492491409967837,,,-2.2135791280999992,Q2,Q2,TRUE,FALSE
54077,"Preston County, WV",0.9504526293967244,0.9993835219031042,0.04893089250637983,0.06226245594637547,0.04866550623730781,-2.1999999999999993,0.4288807040233924,0.021042665607916122,0.021042665607916344,-1.0149618427962803,-6.401625661973917,,,-3.0338559516999997,Q3,Q3,TRUE,FALSE
54079,"Putnam County, WV",0.9159525134483398,1.0312809148826718,0.11532840143433198,0.09315525876460773,0.03688021843219502,-1.299999999999999,0.3475549655019814,0.032577877773509734,0.03257787777350951,-0.30244962498438277,-8.562567402783685,,,-2.9093287626999995,Q2,Q3,TRUE,FALSE
54081,"Raleigh County, WV",0.8893734878390424,0.9877574213100077,0.0983839334709653,0.057748631096396275,0.06112679936634757,0.6999999999999993,0.2180564128713669,-0.06335303806033987,-0.06335303806033998,-1.441384121880049,-8.537687067833915,8.919678107806078,2.4603681850691608,-2.0851375166999997,Q2,Q2,TRUE,FALSE
54083,"Randolph County, WV",0.8874410424494364,0.9563476934807472,0.06890665103131077,0.1249500359740986,0.0561380099123141,-2.3000000000000007,0.3827975621414914,-0.014357847009926816,-0.014357847009926816,-1.2386714526685023,-3.217641766204158,,,-1.277436302,Q2,Q1: Lowest,TRUE,TRUE
54085,"Ritchie County, WV",0.9253813840371437,0.9358596284281924,0.010478244391048719,0.14061463630333848,0.06251843114125621,0.7999999999999972,0.34379096390806607,-0.09509376775904532,-0.09509376775904521,-3.3397143686789588,-11.334025675452914,,,-1.2520354014000006,Q2,Q1: Lowest,TRUE,TRUE
54087,"Roane County, WV",0.9231947902700632,1.015235457063712,0.09204066679364886,0.09404328672668072,0.04005966332836142,-3.400000000000002,0.3809776304888153,-0.10036148537627343,-0.10036148537627343,-4.986185097965057,-1.2888612144687102,,,-2.4070115219000012,Q2,Q3,TRUE,FALSE
54089,"Summers County, WV",0.950190711240745,1.050165520753756,0.09997480951301096,0.05317478124298858,0.031576266870384506,-1.1999999999999993,0.36930535509418605,-0.09167750325097535,-0.09167750325097535,1.8808592042538541,-3.5804426208161506,,,-1.1383873721999995,Q3,Q4: Highest,TRUE,FALSE
54091,"Taylor County, WV",1.017693118506249,1.0118742889647327,-0.005818829541516246,0.007528986598403842,0.05403868031854375,-1.3000000000000007,0.38759912653717965,0.003305288461538547,0.003305288461538547,-0.18402386503180712,5.031644521620937,,,-2.7610651108000006,Q4: Highest,Q3,FALSE,FALSE
54093,"Tucker County, WV",1.0202984038861902,1.065691056910569,0.04539265302437889,0.11346287300485769,0.050731707317073216,-1.0999999999999979,0.44167302701877587,-0.03906140227624,-0.03906140227624011,2.5590107768698465,-7.259606284473438,,,-1.3673407222999998,Q4: Highest,Q4: Highest,FALSE,FALSE
54095,"Tyler County, WV",0.9697498545666084,0.9552687411598304,-0.014481113406778046,0.08318789994182663,0.09087694483734088,-3.299999999999999,0.37067279067789394,-0.0882945983232516,-0.08829459832325148,1.5265026652500402,-10.27099763933373,,,-1.6334413674999997,Q3,Q1: Lowest,TRUE,TRUE
54097,"Upshur County, WV",0.9212182839434436,1.0201711491442542,0.09895286520081059,0.13199690102653494,0.05399348003259985,-2.8000000000000007,0.2994493614322369,0.013626263049767218,0.013626263049767218,0.7279270365461971,-0.6742131778249042,,,-2.8011296550000004,Q2,Q3,TRUE,FALSE
54099,"Wayne County, WV",0.8531346290590187,1.000626130513427,0.14749150145440826,0.11169708461720784,0.04960345067482952,-0.6999999999999993,0.1597057689128878,-0.0778196456573127,-0.07781964565731281,-0.8856895682142957,-5.870250829630074,,,-3.3342208121,Q1: Lowest,Q3,TRUE,FALSE
54101,"Webster County, WV",1.0084876543209875,0.9705140334279408,-0.03797362089304668,0.09999999999999998,0.04005045726900036,-3.3999999999999986,0.2494095418044402,-0.12375809935205184,-0.12375809935205173,-0.9947980352738778,-7.390953214746022,,,-2.5848253476000007,Q4: Highest,Q2,FALSE,FALSE
54103,"Wetzel County, WV",1.1029336517141397,0.9807353804028944,-0.12219827131124528,0.050315538120416115,0.061020927048699436,-0.09999999999999787,0.286479654916614,-0.10134812693867812,-0.10134812693867823,-6.768154537143767,1.3379190453077623,,,-0.9079066848000004,Q4: Highest,Q2,FALSE,FALSE
54105,"Wirt County, WV",0.8639583333333334,0.9689067201604814,0.10494838682714802,0.16249999999999998,0.07321965897693083,-1.1999999999999993,0.3195929443690637,0.0025835342748881107,0.0025835342748878887,4.300161231732636,2.740235844146561,,,-0.48527813310000134,Q1: Lowest,Q2,TRUE,TRUE
54107,"Wood County, WV",0.919060949230182,0.9972823057197012,0.07822135648951922,0.09446494464944655,0.060402497491359175,-2.299999999999999,0.23299924830869467,-0.03435118916856483,-0.034351189168564944,-0.27660894919156187,-5.763259188000938,5.116613646373693,3.371054936966459,-0.7349493270000007,Q2,Q2,TRUE,FALSE
54109,"Wyoming County, WV",0.9680797055463892,1.055072463768116,0.0869927582217267,0.061429115369970755,0.047139588100686525,-0.6000000000000014,0.39005916390351736,-0.15300274109145273,-0.15300274109145273,3.6658880247919248,-1.4412681194668862,,,-1.797540938800001,Q3,Q4: Highest,TRUE,FALSE
55001,"Adams County, WI",0.8361081654294804,0.95853628075434,0.12242811532485964,0.17295864262990457,0.0664418633695516,-2.8000000000000007,0.38010177588534644,-0.04424276800907545,-0.04424276800907545,6.6556848015130345,2.5462678545079562,,,-1.8915199043,Q1: Lowest,Q1: Lowest,TRUE,FALSE
55003,"Ashland County, WI",0.8638139000574383,0.9622890295358648,0.09847512947842652,0.14589316484778858,0.06342299578059074,0.3000000000000007,0.3181234292097179,-0.03932341502561887,-0.03932341502561865,-1.538240982169642,3.4238009379852037,,,-0.3759272640000013,Q1: Lowest,Q1: Lowest,TRUE,TRUE
55005,"Barron County, WI",0.9057848164075422,0.9546636052506172,0.04887878884307506,0.10527621567978829,0.06216696269982236,-3,0.2543428610976539,-0.01373326939006847,-0.01373326939006847,-2.4038733396058998,6.258391931986138,,,-1.7624167229999994,Q2,Q1: Lowest,TRUE,TRUE
55007,"Bayfield County, WI",0.8959757513220689,0.9653550609432964,0.06937930962122751,0.11608409647878237,0.06955484896661368,-1.1999999999999993,0.3701038225578104,-0.0143559488692232,-0.0143559488692232,-0.46471200833133053,-0.540950162742817,,,0.6488052517999998,Q2,Q1: Lowest,TRUE,TRUE
55009,"Brown County, WI",0.9730929223177548,0.9956102866910108,0.02251736437325602,0.04740520088160738,0.043240265289834046,-0.40000000000000036,0.24864638145351936,0.09003630130495166,0.09003630130495144,0.10990495706982573,-0.910472931103463,2.619682739861304,3.8220002182841917,-2.5844113550000003,Q3,Q2,FALSE,FALSE
55011,"Buffalo County, WI",0.8219470538001707,0.9369295736275712,0.11498251982740049,0.251067463706234,0.06524996594469423,0.5999999999999996,0.3442966304547965,-0.06150522146200932,-0.06150522146200932,3.76403197681765,-0.1629199940851829,,,-0.8834728690000002,Q1: Lowest,Q1: Lowest,TRUE,TRUE
55013,"Burnett County, WI",0.8601652478718077,1.007068667051356,0.1469034191795483,0.1546069103655483,0.0530871321407963,-0.5999999999999996,0.2735520233357229,-0.03451299718133416,-0.03451299718133405,0.9442510012021565,2.944281214612002,,,-2.0681875129,Q1: Lowest,Q3,TRUE,FALSE
55015,"Calumet County, WI",1.0547749949093872,1.0068416837853835,-0.047933311124003675,0.03600081449806558,0.029699522997110095,0.10000000000000053,0.3234838752182363,0.06147749427820637,0.061477494278206146,6.377392581283786,4.2584092660575745,,,-6.4243095704,Q4: Highest,Q3,FALSE,FALSE
55017,"Chippewa County, WI",0.968594498169186,1.0191999506903353,0.05060545252114934,0.05076205677088219,0.0354413214990138,-1.3999999999999986,0.2673889445557782,0.05958506768050875,0.05958506768050875,-0.5753851181198255,1.4201475390083464,,,-3.8879092249999996,Q3,Q3,FALSE,FALSE
55019,"Clark County, WI",0.9430713608345188,0.963225098220476,0.02015373738595716,0.08036984352773824,0.049399121793390344,2,0.30881041340243454,0.009844634819224707,0.009844634819224485,-2.3155008500228336,-3.8304029397849506,,,-0.20088311900000022,Q3,Q1: Lowest,FALSE,TRUE
55021,"Columbia County, WI",0.9675565565897122,0.9898554482400984,0.022298891650386232,0.054917028253453015,0.04044856420561349,-0.2999999999999998,0.24964344388077486,0.023755716497321888,0.023755716497321888,-0.4422016068532264,-3.6577521930538524,,,-1.4031744799999988,Q3,Q2,FALSE,TRUE
55023,"Crawford County, WI",0.8167354474370113,0.8841923943288724,0.0674569468918611,0.187771503040834,0.1000397508943951,-0.09999999999999964,0.2640971951694586,-0.04685653509808552,-0.04685653509808552,1.1295799675942908,-4.073006402129363,,,-1.2016878803999997,Q1: Lowest,Q1: Lowest,TRUE,TRUE
55025,"Dane County, WI",0.99993173941961,1.0322792773092733,0.03234753788966327,0.03216998634788393,0.03084524137756184,-1.5,0.28019212422278517,0.1591263749777374,0.1591263749777374,0.031046988201408054,-4.004460291345311,2.357525543103435,10.09622859574096,-2.4540218439999997,Q4: Highest,Q3,FALSE,FALSE
55027,"Dodge County, WI",0.9842615281799956,0.99795935452814,0.013697826348144426,0.04867453775896635,0.03279683542979128,-0.3000000000000007,0.19587748697185137,-0.013122563393890396,-0.013122563393890285,-1.2411401467750827,2.0691952510803255,3.2386099084976507,2.23002464374345,-2.4875412315,Q3,Q2,FALSE,FALSE
55029,"Door County, WI",0.8741838117531108,0.9977705310794622,0.12358671932635146,0.15270420105950477,0.05550379342473044,1.9000000000000004,0.3337694975803269,-0.010337303716421609,-0.010337303716421609,-0.9161147534909098,10.453027501718664,,,-0.10257153869999946,Q1: Lowest,Q2,TRUE,FALSE
55031,"Douglas County, WI",0.9870440592271578,0.9793268137366388,-0.007717245490518998,0.026363308053448886,0.050579940868774154,-3.0999999999999996,0.4347848505942713,-0.012811713566689531,-0.012811713566689531,-1.8810329760003908,4.2092502120130755,,,-1.4321117123999993,Q3,Q2,FALSE,TRUE
55033,"Dunn County, WI",0.8888148865746347,0.993873369019739,0.1050584824451043,0.13376927423912166,0.04771662763466045,-2.3000000000000007,0.3269616621000626,0.05145082043200144,0.05145082043200144,-3.721639336861726,5.479667550481399,,,-1.5228621509,Q2,Q2,TRUE,FALSE
55035,"Eau Claire County, WI",0.9947196585561596,1.0253374503749448,0.03061779181878521,0.03452741400065662,0.03745919717688573,-2.4000000000000004,0.4578499786837795,0.08293318983359543,0.08293318983359543,0.835179283004836,-3.7029040893382623,3.9680941451062353,2.6451872205268536,-1.0112709879999997,Q4: Highest,Q3,FALSE,FALSE
55037,"Florence County, WI",0.8411253620190319,0.9539789069990412,0.11285354498000932,0.17542407943731897,0.07094918504314474,-0.6999999999999993,0.4378423727977101,-0.08265698419478851,-0.08265698419478829,-3.4882721629681868,10.869756564038632,,,-1.4470022908000004,Q1: Lowest,Q1: Lowest,TRUE,TRUE
55039,"Fond du Lac County, WI",0.9660830904327934,0.9823035230352304,0.016220432602436996,0.056451315352543996,0.05053297199638662,-1.1000000000000005,0.29956815806597903,0.02868085953044175,0.02868085953044175,-0.3344492128000365,0.028106508073051595,5.3462233984117375,5.022906026528055,-2.188809257000001,Q3,Q2,FALSE,TRUE
55041,"Forest County, WI",0.8221676978877747,0.9656357388316152,0.14346804094384058,0.222743759334329,0.1075110456553755,-0.1999999999999993,0.401895381796318,-0.0658782031331051,-0.065878203133105,-3.777224065100304,5.554401038760931,,,-1.4701175119999998,Q1: Lowest,Q1: Lowest,TRUE,FALSE
55043,"Grant County, WI",0.9720773414797704,0.9457382647870948,-0.026339076692675656,0.04165114372997536,0.05311727946519407,1.700000000000001,0.31725426103198684,0.01770734409623298,0.01770734409623298,-2.6584199327633398,4.325448308045818,,,-1.3799235879999987,Q3,Q1: Lowest,FALSE,TRUE
55045,"Green County, WI",1.0108913950254903,0.9731362341616736,-0.037755160863816695,0.046346361810597814,0.05765641881936945,-1.2999999999999998,0.26597252293036266,0.020036429872495543,0.020036429872495543,-1.2235398274670128,-5.30105898958358,,,-3.0161039909999996,Q4: Highest,Q2,FALSE,TRUE
55047,"Green Lake County, WI",0.9629461584996976,0.9512823323103902,-0.011663826189307391,0.06704980842911878,0.07704953967558092,2.5999999999999996,0.2445942268645469,-0.012066443794400361,-0.01206644379440025,0.8431439993148659,7.451919470527826,,,-1.1202279600000011,Q3,Q1: Lowest,TRUE,TRUE
55049,"Iowa County, WI",0.921984011627907,0.9770387072529124,0.05505469562500542,0.07950581395348832,0.062307403231867675,1,0.31533747121052436,0.0017769504146216697,0.0017769504146216697,0.8747998168841586,-4.518512471387459,,,-2.831534329,Q2,Q2,TRUE,TRUE
55051,"Iron County, WI",0.8672354948805461,0.9886194029850748,0.1213839081045287,0.16621160409556313,0.06417910447761199,1.0999999999999996,0.34872347480106103,-0.0782820097244733,-0.07828200972447319,1.3950930734759337,-2.4724135543003904,,,-0.7176483036999999,Q1: Lowest,Q2,TRUE,FALSE
55053,"Jackson County, WI",1.005078827637287,0.8464368511238787,-0.1586419765134084,0.038302825097873194,0.13355508517286563,-0.6999999999999993,0.29441957219734993,0.02056656943689128,0.020566569436891502,-1.589319406208081,-7.324546961669688,,,-2.312944753,Q4: Highest,Q1: Lowest,FALSE,TRUE
55055,"Jefferson County, WI",1.052183043563196,0.9965185921991068,-0.05566445136408926,0.053745848798593454,0.0469408054855982,0,0.2991393644818827,0.03030045213671051,0.03030045213671051,1.4427082530857227,-0.4690050125160734,4.488539945910944,5.9663715288244745,-3.5515120648000007,Q4: Highest,Q2,FALSE,FALSE
55057,"Juneau County, WI",0.979798773777708,0.987906181285121,0.008107407507413011,0.041581512340826965,0.0497597524228357,1.8000000000000007,0.2540631673597842,-0.0025415810128948113,-0.0025415810128947003,-1.1777290318366662,3.373666599961316,,,-1.8605645199999987,Q3,Q2,FALSE,TRUE
55059,"Kenosha County, WI",0.9929981179733544,1.0466412063101442,0.05364308833678988,0.04575058194244963,0.02350633219961229,-2,0.2422197715930543,0.03883031190457231,0.03883031190457231,-0.8836790916982834,-3.1827919157477207,4.41264955923134,7.404607628272668,-2.4890596669999994,Q3,Q4: Highest,FALSE,FALSE
55061,"Kewaunee County, WI",0.9424196964348748,0.9697968397291196,0.027377143294244788,0.09406989057536186,0.06103837471783291,0.10000000000000053,0.2347064997376116,-0.01256402822074032,-0.01256402822074032,1.8070838690206592,10.586102584830224,,,-0.5187562323999995,Q3,Q2,TRUE,TRUE
55063,"La Crosse County, WI",1.005940530984727,0.999294020592388,-0.006646510392338878,0.022392457277548572,0.044865387971380066,-1.3999999999999986,0.24136355138245502,0.0556181684824415,0.05561816848244172,-0.517189946479299,-2.4122137284886174,3.2175794512827878,6.601447341508603,-2.9077313448,Q4: Highest,Q2,FALSE,FALSE
55065,"Lafayette County, WI",0.9963004484304931,1.0118058592041976,0.015505410773704487,0.03553811659192829,0.06012243113248794,2.3000000000000007,0.26422920675646777,-2.9994001199762366e-4,-2.9994001199762366e-4,-4.191751721810444,3.357978269332632,,,-1.2185798909999992,Q4: Highest,Q3,FALSE,FALSE
55067,"Langlade County, WI",0.8700479311356745,0.9744034950151228,0.10435556387944833,0.12481659004206203,0.04357566931779988,1.3000000000000007,0.24253432207636028,-0.05839344423180726,-0.05839344423180726,-0.7676281668296092,-8.006034870533835,,,-0.785528492800001,Q1: Lowest,Q2,TRUE,TRUE
55069,"Lincoln County, WI",0.9633789711551244,0.9500590811148952,-0.013319890040229154,0.08573707297620625,0.06283450337109886,-0.8000000000000007,0.3061189375201634,-0.05735856791473082,-0.05735856791473082,-3.139667898357834,-3.666311232078013,,,-1.4635402376999984,Q3,Q1: Lowest,TRUE,TRUE
55071,"Manitowoc County, WI",0.9495976134313862,0.9750928840192158,0.025495270587829633,0.08295175986309611,0.05090280900205879,0.20000000000000107,0.2729839128178515,-0.035311217510259896,-0.035311217510259896,0.2590581025575578,3.9036590316765825,2.682130733709087,6.055738609134769,-1.6455838094999997,Q3,Q2,TRUE,TRUE
55073,"Marathon County, WI",0.9665927344363472,0.9927462702939884,0.02615353585764124,0.08356638058107979,0.036062966213251446,0.1999999999999993,0.23605760239386564,0.029740538653593607,0.029740538653593607,0.28910824680234704,-0.3798523015637665,3.7300280902232714,5.026454853530488,-2.7050424270000004,Q3,Q2,FALSE,TRUE
55075,"Marinette County, WI",0.9438921812272988,0.9586213707288168,0.014729189501518025,0.08917988912253871,0.03915662650602414,0.3000000000000007,0.22149127730752816,-0.04361223038634743,-0.04361223038634743,-2.1987104726530955,2.064338084660383,,,-0.45631755139999974,Q3,Q1: Lowest,TRUE,TRUE
55077,"Marquette County, WI",0.9224509012644606,0.987465940054496,0.06501503879003534,0.077347323110035,0.03841961852861031,-0.1999999999999993,0.3340067181884381,0.011627151672620961,0.011627151672620961,-1.6043284736558638,4.1855678969283385,,,-3.4296138357999997,Q2,Q2,TRUE,FALSE
55078,"Menominee County, WI",0.8950201884253028,0.9391648668106553,0.04414467838535241,0.13728129205921935,0.10943124550035999,-8.8,0.28148053930297645,0.06126252038201718,0.06126252038201718,-0.07875006289941172,4.771074131541496,,,-6.251326501000001,Q2,Q1: Lowest,TRUE,TRUE
55079,"Milwaukee County, WI",0.9825553685779792,0.9687433592646064,-0.013812009313372786,0.0438769863230295,0.05222767234146031,-1.3000000000000007,0.24822115945410017,0.015323371120174567,0.015323371120174567,2.248631317479681,1.9961063237550523,4.670866518901761,6.161628103660622,-2.473939419999999,Q3,Q2,FALSE,TRUE
55081,"Monroe County, WI",0.9272454448017148,0.9895750155265726,0.062329570724857786,0.09256162915326904,0.03713068937982433,-1.9000000000000004,0.34083479730481003,0.05771913375563131,0.05771913375563131,-1.7818524635572985,-5.061311664264706,,,-2.7148076219999986,Q2,Q2,TRUE,FALSE
55083,"Oconto County, WI",0.9852758513611428,1.0023374088153705,0.01706155745422766,0.055791325949694603,0.041251412719613634,-0.5999999999999996,0.3866474543707974,0.0033064409469647504,0.0033064409469645284,-1.2476927031669527,5.683891413724661,,,-0.29823522579999917,Q3,Q3,FALSE,FALSE
55085,"Oneida County, WI",0.9334196070145784,0.9942048747230272,0.06078526770844883,0.0995140502852313,0.048406340548832416,-0.9000000000000004,0.40590000895977063,-0.026208519136596165,-0.026208519136596276,0.5656932628556682,8.547888332388425,,,0.5799355895000016,Q2,Q2,TRUE,FALSE
55087,"Outagamie County, WI",1.0042969503439705,1.0138297662685745,0.009532815924603977,0.02437796018087912,0.025225651334200516,0.39999999999999947,0.16626917117838547,0.0849116526157756,0.0849116526157756,0.3248397482000148,0.23221840859713327,2.48821029764008,4.610539155183105,-1.7932388289999999,Q4: Highest,Q3,FALSE,FALSE
55089,"Ozaukee County, WI",0.954561946430477,1.0202901576035903,0.06572821117311334,0.060911322164123316,0.03684375326166367,0,0.19105059390555446,0.04233793240417305,0.04233793240417305,-1.0019895171869297,1.3228316016444035,,,-0.39351597699999985,Q3,Q3,FALSE,FALSE
55091,"Pepin County, WI",0.9803018674852904,0.9832894736842104,0.002987606198920023,0.028140189306728014,0.04894736842105263,-1.5999999999999996,0.3836762628046626,-0.03572846367606197,-0.03572846367606186,-0.9912782731155589,-2.8132562771325467,,,-1.1066877559999995,Q3,Q2,FALSE,FALSE
55093,"Pierce County, WI",0.9830759190776592,0.9867661314114722,0.0036902123338129478,0.056123558842723464,0.06566359000295019,2.500000000000001,0.26871475465028194,0.06252795864605587,0.06252795864605587,-6.010739106330138,-0.09646258222899196,,,-2.700390088299999,Q3,Q2,FALSE,TRUE
55095,"Polk County, WI",0.9801997546872262,1.0072224699063754,0.02702271521914923,0.04919397231470124,0.0366027641551494,-0.09999999999999964,0.32039998347175747,-0.01207184439731035,-0.01207184439731035,-2.5808575104846687,6.64448523603268,,,-2.9446640311999985,Q3,Q3,FALSE,FALSE
55097,"Portage County, WI",0.912575355379692,0.9618865938692276,0.04931123848953556,0.10409585948547473,0.06038679121168267,-0.29999999999999893,0.15356279954053953,0.023707925303400712,0.023707925303400712,0.6554335298066816,-7.908747486793883,5.03592429246136,10.60283748509012,-2.0084183946999996,Q2,Q1: Lowest,TRUE,TRUE
55099,"Price County, WI",0.8254935413112356,0.9539112364553956,0.1284176951441599,0.21996100414330977,0.08802137449903513,3.8000000000000007,0.2085708620433253,-0.08309868827690403,-0.08309868827690414,0.7440230517464674,9.733405003359218,,,1.4668494538999992,Q1: Lowest,Q1: Lowest,TRUE,TRUE
55101,"Racine County, WI",0.9742769876873152,0.9963815484707796,0.022104560783464455,0.054213992555120716,0.04585087656087539,3.200000000000001,0.18019207223752676,0.00985622058180513,0.00985622058180513,-0.25670376559252805,0.3230133059248388,3.5343230461766524,4.512082740840057,-2.293193595,Q3,Q2,FALSE,FALSE
55103,"Richland County, WI",0.91908522202851,0.9751669702489376,0.05608174822042766,0.09906676238334533,0.059380692167577465,1,0.1976977678154479,-0.0638159322769698,-0.0638159322769698,-1.6846294545621698,-1.786978665465928,,,-2.9735112774,Q2,Q2,TRUE,TRUE
55105,"Rock County, WI",0.9263577995403218,1.014930271729707,0.08857247218938524,0.10036724292994903,0.036053107428599684,1.6000000000000014,0.2505885217956003,0.02152433838611234,0.021524338386112563,-0.4161567549460843,-2.906937757574029,4.959163517958558,3.668181651742401,-2.250580922000001,Q2,Q3,FALSE,FALSE
55107,"Rusk County, WI",0.8629524196827979,0.92363112391930835,0.06067870423651045,0.16863223532601324,0.07993326255119071,-2.0999999999999996,0.3492084968204574,-0.04781732706514441,-0.04781732706514441,-3.2597916785443437,-1.0782130034130954,,,-1.1014730612,Q1: Lowest,Q1: Lowest,TRUE,TRUE
55109,"St. Croix County, WI",0.9837729534545776,1.0291112874429678,0.045338333988390156,0.04214188207318681,0.041281491767506395,0.6000000000000005,0.3052104718946216,0.10989132031135251,0.10989132031135251,-2.0412021750122964,-3.633450833795683,1.1556884387148187,8.066675119902982,-3.920573492000001,Q3,Q3,FALSE,FALSE
55111,"Sauk County, WI",0.9913890709731245,0.9727783481633584,-0.018610722809766056,0.024491984983016524,0.07914099931553731,1.0999999999999996,0.3209564460652272,0.06711487191375909,0.06711487191375909,0.06180679962643765,-4.322500806353358,,,-3.3362035410000015,Q3,Q2,FALSE,TRUE
55113,"Sawyer County, WI",0.8179064288118478,1.012210796915167,0.1943043681033192,0.1829911365421295,0.039588688946015416,0.3999999999999986,0.3627584812174529,-0.006956938946863334,-0.006956938946863334,-1.8882055786702379,-0.9108397185054979,,,-3.7550042864,Q1: Lowest,Q3,TRUE,FALSE
55115,"Shawano County, WI",0.9320127227653304,0.9548614510917458,0.02284872832641538,0.0789092099724028,0.05302065994320959,-1.0999999999999996,0.3115271724628659,-0.02223337875636522,-0.02223337875636522,-0.5638406674151941,-1.4001882320115393,,,-1.3754636040000001,Q2,Q1: Lowest,TRUE,TRUE
55117,"Sheboygan County, WI",0.9157797352648144,0.9847668360142188,0.0689871007494044,0.11245710309490298,0.04231524614910154,0.1999999999999993,0.1779164374988147,0.001406518605983731,0.001406518605983731,-0.10077888449248062,-0.4672542447194835,6.126049311417958,6.8206941676177735,-1.7020413399999992,Q2,Q2,TRUE,TRUE
55119,"Taylor County, WI",0.9906465848042978,0.9514007430464906,-0.03924584175780721,0.08835379892555639,0.0410683803594738,-1.4000000000000004,0.1887472786647315,-0.006349826600889008,-0.006349826600889008,-0.8471178811890356,4.651807012591478,,,-3.4872346949999997,Q3,Q1: Lowest,TRUE,FALSE
55121,"Trempealeau County, WI",0.995952197378566,0.9009848199724,-0.09496737740616601,0.04831662811616555,0.09120562037385527,-0.5999999999999996,0.32537653352813534,0.04412593323003233,0.04412593323003233,-3.4108026148285537,-0.15277112883268873,,,0.793772152999999,Q4: Highest,Q1: Lowest,FALSE,TRUE
55123,"Vernon County, WI",1.0176407314449625,0.9886339342977268,-0.02900679714723564,-0.0038723556830404515,0.06335067341267009,0.5,0.3005754963367,0.05147886603213592,0.05147886603213592,-3.726809576509993,-4.4625386406126815,,,-1.9439011310000005,Q4: Highest,Q2,FALSE,FALSE
55125,"Vilas County, WI",0.8324902899467076,1.005074866847553,0.1725845769008455,0.18191671935687836,0.025525072856999342,0.6999999999999993,0.34945609945609957,0.009001227440105453,0.009001227440105453,-0.8798103086371745,14.250457446822786,,,-1.9386359397999993,Q1: Lowest,Q3,TRUE,FALSE
55127,"Walworth County, WI",0.9646982358402972,1.0006134751142486,0.03591523927395135,0.051550603528319416,0.056208545975069746,-0.09999999999999964,0.1959544412395533,0.02384449329219618,0.023844493292195956,-0.6664658170131454,4.2570221836496085,4.45009476993738,3.730139596044342,-3.5572402311999998,Q3,Q3,FALSE,FALSE
55129,"Washburn County, WI",0.973395827832057,0.983041345480028,0.009645517647970947,0.0530763137047795,0.035599159074982456,0.40000000000000036,0.3080414723682905,-0.019827908716797626,-0.019827908716797626,-1.0988102839032399,6.246162501463604,,,-2.8559234925000005,Q3,Q2,TRUE,TRUE
55131,"Washington County, WI",0.9882229084783828,1.0053992630644684,0.017176354586085574,0.04121280179674336,0.04316720905839,-0.10000000000000053,0.24013078227173645,0.05287028938956517,0.052870289389565395,-0.9710972399925993,-3.932986086279389,1.310317188563758,3.27632571621616,-2.3784331065999993,Q3,Q3,FALSE,FALSE
55133,"Waukesha County, WI",0.9819156029491478,1.0136228857020309,0.03170728275288304,0.05546681249310448,0.03792682244559242,0.6000000000000005,0.25731720786392764,0.05194423262604775,0.05194423262604775,0.15651635443979794,0.814776176080886,2.3733794571085554,6.339640786631428,-1.3457386933000013,Q3,Q3,FALSE,FALSE
55135,"Waupaca County, WI",0.9366308878315076,0.959355771369264,0.02272488353775637,0.07111504555346537,0.045518570687226645,-0.09999999999999964,0.30007366094917387,-0.03202536211249696,-0.03202536211249685,-2.45529378191717,4.788533841637087,,,-2.0632857330000007,Q2,Q1: Lowest,FALSE,TRUE
55137,"Waushara County, WI",0.899176276771005,0.9523622047244096,0.0531859279534046,0.11392092257001651,0.07944006999125108,-0.1999999999999993,0.3433421313896894,-0.00984363606902694,-0.00984363606902705,1.0444709925462037,3.6858259462284497,,,-1.6699346278,Q2,Q1: Lowest,TRUE,TRUE
55139,"Winnebago County, WI",0.9561230482818232,1.005046531493054,0.048923483211230745,0.05332387717334697,0.02777278244841075,0.3999999999999986,0.17483798530541494,0.04797698080311141,0.04797698080311141,0.4333004578626648,-2.2852490838556228,2.111783819688142,8.027864439048425,-1.6059487029999993,Q3,Q3,TRUE,FALSE
55141,"Wood County, WI",0.8724070302481708,0.9496861276504028,0.07727909740223204,0.08800382188026457,0.051081714578225634,1.5999999999999996,0.14473710485851798,-0.019687101322769074,-0.019687101322768963,-2.3792973766221497,4.019568872973536,1.8411042096686288,1.2339737070518098,-1.0908373719999993,Q1: Lowest,Q1: Lowest,TRUE,TRUE
56001,"Albany County, WY",1.064659036970624,1.0478861509822173,-0.01677288598840665,-0.011971942408100844,0.0012247097437907417,-0.1999999999999993,0.23975497412032865,0.14832535885167464,0.14832535885167464,3.077613972244822,4.828376356154132,,,-3.3221241411999998,Q4: Highest,Q4: Highest,FALSE,FALSE
56003,"Big Horn County, WY",1.0157027958636538,1.0009164969450102,-0.014786298918643581,0.10015319800842593,0.010997963340122152,2.1999999999999993,0.11120892018779349,0.03876651982378854,0.03876651982378854,0.8163872165386943,-0.6549267093370394,,,-1.9270808640000006,Q4: Highest,Q3,FALSE,FALSE
56005,"Campbell County, WY",0.8764409483071123,1.000952743902439,0.12451179559532677,0.12056840426303195,0.07228150406504064,1.7999999999999998,0.07923679814981366,0.11260233847926826,0.11260233847926826,3.522123244822764,-31.50521917403629,,,-5.3256892019999995,Q2,Q3,FALSE,FALSE
56007,"Carbon County, WY",0.9270404456284814,0.892490952955368,-0.03454949267311347,0.09239525308791474,0.06031363088057906,1.5,0.27437032135324047,-0.04479153220601528,-0.044791532206015394,0.021740584654492134,-32.27681857667659,,,-2.332081185,Q2,Q1: Lowest,TRUE,TRUE
56009,"Converse County, WY",1.039006126616746,0.8874896208137282,-0.1515165058030179,0.024778761061946875,0.15236645446996955,-0.20000000000000107,0.34845863332775195,0.05745543569734535,0.057455435697345125,-4.328086264577608,-2.2650687731854973,,,-1.9678025009999995,Q4: Highest,Q1: Lowest,FALSE,TRUE
56011,"Crook County, WY",1.0434407364787113,1.0395095367847411,-0.0039311996939701555,0.008630609896432717,0.0029972752043596618,0.5,0.28522750050110246,0.1461387335650597,0.1461387335650597,1.6487015795351,-30.806286900701366,,,-0.5720049859999996,Q4: Highest,Q4: Highest,FALSE,FALSE
56013,"Fremont County, WY",1.087158996968862,1.0164195853759377,-0.0707394115929243,0.004904932488288827,0.008918551768944516,0.20000000000000107,0.2750654551054983,0.029607678590160447,0.029607678590160447,0.4931395236396796,-11.560810082502066,,,-4.080808939999999,Q4: Highest,Q3,FALSE,FALSE
56015,"Goshen County, WY",1.1841974490641047,0.9494343503599588,-0.2347630987041459,-0.005797581580255118,0.06256427836818645,-1.8000000000000007,0.4285346845340672,0.04683042789223446,0.04683042789223468,1.234813157892256,1.578950020159208,,,-1.8859286838999996,Q4: Highest,Q1: Lowest,FALSE,TRUE
56017,"Hot Springs County, WY",0.9677217825905872,1.025268336314848,0.057546553724260874,0,0.021914132379248663,-0.09999999999999964,0.2858090348571569,-0.05035506778566823,-0.05035506778566823,-0.05264252694899829,-20.128626949808044,,,-3.308240014799999,Q3,Q3,FALSE,FALSE
56019,"Johnson County, WY",1.0401885388241132,1.033481101259916,-0.006707437564197116,0.04415777722649472,0.03149790013999065,1,0.2108593072219047,0.03670513135281128,0.03670513135281106,7.147624199158736,-9.045197496197648,,,-4.817696414,Q4: Highest,Q4: Highest,FALSE,FALSE
56021,"Laramie County, WY",1.0512015227218654,0.9922521645250746,-0.05894935819679081,0.00866048060908875,0.022058045259213732,1.3000000000000007,0.34757443184017967,0.1351450019394438,0.1351450019394438,6.564728801808731,3.4502294482887432,4.194350981529595,5.863075310690025,-2.7928299360000004,Q4: Highest,Q2,FALSE,TRUE
56023,"Lincoln County, WY",0.9400134048257373,1.084321898044245,0.1443084932185078,0.15236818588025025,-0.016778882120337624,-0.9000000000000004,0.30216878916884404,0.16557926291659308,0.1655792629165933,6.768012996724004,-5.1336465760409435,,,-6.748695278,Q2,Q4: Highest,FALSE,FALSE
56025,"Natrona County, WY",0.9888134926488666,0.988908997529898,9.5504881031382993e-05,0.08681221419088359,0.05737484409009763,0,0.41607934705768934,0.10354453119602014,0.10354453119602014,2.6360299208871893,-2.3970577554749255,0.31976802776361524,1.4138921955797414,-3.8657375270000003,Q3,Q2,FALSE,TRUE
56027,"Niobrara County, WY",1.075794621026895,0.8446014127144299,-0.23119320831246504,-0.022004889975550057,0.06458123107971747,2.5,0.11562607795791657,-0.021188201080182822,-0.0211882010801826,-0.07192861661488026,,,,3.4613211351000004,Q4: Highest,Q1: Lowest,FALSE,TRUE
56029,"Park County, WY",1.0552607693918872,1.0143951212593958,-0.04086564813249138,0.007540319765412251,0.04112891788398809,-1.1999999999999993,0.3570711678832117,0.07295380205079205,0.07295380205079205,2.7618430867027866,-8.726504974989625,,,-2.122822661199999,Q4: Highest,Q3,FALSE,FALSE
56031,"Platte County, WY",1.1084615384615384,0.8622294916960241,-0.24623204676551425,0.004871794871794899,0.08656265727226975,-0.5,0.3426467149871406,-0.03328726099976964,-0.03328726099976964,-2.2029813291416955,-5.5443796432745405,,,-1.3711332791999986,Q4: Highest,Q1: Lowest,FALSE,TRUE
56033,"Sheridan County, WY",0.9291068082448468,1.0198115154433514,0.09070470719850454,0.08107432854465957,0.010731237531815374,-0.09999999999999964,0.40376647008528277,0.09481055844855457,0.0948105584485548,8.265286346569646,-3.553858576465063,,,-3.9981502879999997,Q2,Q3,TRUE,FALSE
56035,"Sublette County, WY",0.6165281104692123,0.9291295854135012,0.3126014749442889,0.32732140340989146,0.10896461905795529,1.9000000000000004,0.23822139027253408,0.11715909090909093,0.11715909090909093,5.08111829717639,-56.47558511572854,,,-7.5626002849999985,Q1: Lowest,Q1: Lowest,TRUE,TRUE
56037,"Sweetwater County, WY",0.9291018750256432,0.935684549153184,0.006582674127540766,0.11274771263283145,0.11401267858832431,0.9000000000000004,0.2174681059862611,0.021051362430672738,0.021051362430672738,0.9605807098244157,-32.058462057150926,,,-6.422148193,Q2,Q1: Lowest,TRUE,TRUE
56039,"Teton County, WY",0.9193415070946412,1.077078560840857,0.15773705374621583,0.13989530238324843,0.07849346449265593,1.0999999999999996,0.3595933751513152,0.14615084017194224,0.14615084017194202,5.716686331024312,-2.435148963826354,,,-4.636361431600001,Q2,Q4: Highest,FALSE,FALSE
56041,"Uinta County, WY",0.8314489476430683,0.9827224608009588,0.1512735131578905,0.1909897373456253,0.051033656246879056,-1.3000000000000007,0.22292509246776593,0.002726686827623892,0.002726686827623892,3.8124042680235783,-16.09714151558805,,,-3.734597518000001,Q1: Lowest,Q2,TRUE,TRUE
56043,"Washakie County, WY",0.9692271552736668,0.9129220306048094,-0.0563051246688574,0.03969931876908617,0.05149380616954091,0.9000000000000004,0.0832449003655229,-0.04455869751499575,-0.04455869751499564,2.434200213761345,-15.185045510013518,,,-3.888639779,Q3,Q1: Lowest,FALSE,TRUE
56045,"Weston County, WY",1.1715976331360949,1.0136363636363637,-0.15796126949973122,0.016505761445032685,0.01915584415584415,1.6999999999999993,0.24151045911437108,-0.01507180435091715,-0.015071804350916818,0.7559870748756914,-33.919554848268255,,,-1.7787159018,Q4: Highest,Q3,FALSE,FALSE
72001,"Adjuntas Municipio, PR",0.7869877049180328,1.1954945624029,0.40850685748486726,0.24139344262295082,-0.12584153288451572,,,,,,,,,,Q1: Lowest,Q4: Highest,TRUE,FALSE
72003,"Aguada Municipio, PR",0.6948236435451459,1.2194084670404022,0.5245848234952563,0.3021273647009909,-0.10506475932727621,,,,,,,,,,Q1: Lowest,Q4: Highest,TRUE,FALSE
72005,"Aguadilla Municipio, PR",0.6393960499477638,1.205238726790451,0.5658426768426872,0.36853887866275314,-0.09490126731506043,,,,,,,,,,Q1: Lowest,Q4: Highest,TRUE,FALSE
72007,"Aguas Buenas Municipio, PR",0.7726755434164106,1.113747427983539,0.34107188456712845,0.3261636508478434,-0.06545781893004121,,,,,,,,,,Q1: Lowest,Q4: Highest,FALSE,FALSE
72009,"Aibonito Municipio, PR",0.8387698686938494,1.1588522407927822,0.32008237209893275,0.19612992398064966,-0.0810530986540452,,,,,,,,,,Q1: Lowest,Q4: Highest,FALSE,FALSE
72011,"Anasco Municipio, PR",0.7800202326757714,1.190527380801821,0.4105071481260497,0.2358118361153263,-0.08903503224990517,,,,,,,,,,Q1: Lowest,Q4: Highest,TRUE,FALSE
72013,"Arecibo Municipio, PR",0.6990969997087095,1.1682663847780126,0.46916938506930306,0.3093827879729424,-0.08651162790697664,,,,,,,,,,Q1: Lowest,Q4: Highest,TRUE,FALSE
72015,"Arroyo Municipio, PR",0.8085685483870968,1.107359426681367,0.2987908782942703,0.14778225806451617,-0.07662624035281151,,,,,,,,,,Q1: Lowest,Q4: Highest,TRUE,FALSE
72017,"Barceloneta Municipio, PR",0.7506071645415908,1.143081525804039,0.39247436126244817,0.2548573163327261,-0.07943156320119682,,,,,,,,,,Q1: Lowest,Q4: Highest,FALSE,FALSE
72019,"Barranquitas Municipio, PR",0.9248875772906128,1.143251033964156,0.21836345667354318,0.1333614390106802,-0.057651334753728634,,,,,,,,,,Q2,Q4: Highest,FALSE,FALSE
72021,"Bayamon Municipio, PR",0.7633509168550615,1.13440903720727,0.3710581203522084,0.21360211002260743,-0.07268283998769998,,,,,,,,,,Q1: Lowest,Q4: Highest,TRUE,FALSE
72023,"Cabo Rojo Municipio, PR",0.669431643625192,1.1824865818689805,0.5130549382437884,0.39180747567844343,-0.11212410852143218,,,,,,,,,,Q1: Lowest,Q4: Highest,TRUE,FALSE
72025,"Caguas Municipio, PR",0.8860392418999685,1.1346960768578176,0.24865683495784907,0.14493551431267693,-0.07075871873065376,,,,,,,,,,Q2,Q4: Highest,TRUE,FALSE
72027,"Camuy Municipio, PR",0.7523477104628937,1.1929228117218924,0.4405751012589987,0.2947727083852738,-0.09902317563685115,,,,,,,,,,Q1: Lowest,Q4: Highest,FALSE,FALSE
72029,"Canovanas Municipio, PR",1.0832702498107494,1.1352124183006536,0.051942168489904184,0.1238455715367146,-0.07244008714596939,,,,,,,,,,Q4: Highest,Q4: Highest,FALSE,FALSE
72031,"Carolina Municipio, PR",0.7476138697595748,1.124965940673194,0.3773520709136192,0.2154430617641926,-0.06657463079689752,,,,,,,,,,Q1: Lowest,Q4: Highest,TRUE,FALSE
72033,"Catano Municipio, PR",1.008337780149413,1.091333527866939,0.08299574771752583,0.19276947705442904,-0.05194047271666191,,,,,,,,,,Q4: Highest,Q4: Highest,FALSE,FALSE
72035,"Cayey Municipio, PR",1.022667769050572,1.1243265801654148,0.10165881111484265,0.1520600799228331,-0.06950451475832775,,,,,,,,,,Q4: Highest,Q4: Highest,FALSE,FALSE
72037,"Ceiba Municipio, PR",0.616993943842907,1.1064487632508837,0.48945481940797675,0.3692420627638099,-0.06154299175500588,,,,,,,,,,Q1: Lowest,Q4: Highest,TRUE,FALSE
72039,"Ciales Municipio, PR",0.7480477223427332,1.1432943054816391,0.3952465831389059,0.28047722342733183,-0.06785524215007976,,,,,,,,,,Q1: Lowest,Q4: Highest,TRUE,FALSE
72041,"Cidra Municipio, PR",0.9978813559322034,1.149812734082397,0.15193137815019353,0.11267018616282298,-0.08345546327959608,,,,,,,,,,Q4: Highest,Q4: Highest,FALSE,FALSE
72043,"Coamo Municipio, PR",0.934240588059998,1.202310334061817,0.2680697460018191,0.10002980033773712,-0.14465605161827444,,,,,,,,,,Q2,Q4: Highest,FALSE,FALSE
72045,"Comerio Municipio, PR",1.0215736040609138,1.1337630942788075,0.1121894902178937,0.159206275957545,-0.06587429492344876,,,,,,,,,,Q4: Highest,Q4: Highest,FALSE,FALSE
72047,"Corozal Municipio, PR",0.8317972350230415,1.1376233675605625,0.305826132537521,0.15412186379928317,-0.06868707008274355,,,,,,,,,,Q1: Lowest,Q4: Highest,FALSE,FALSE
72049,"Culebra Municipio, PR",0.9317904993909866,1.203954802259887,0.27216430286890037,0.14129110840438486,-0.03276836158192098,,,,,,,,,,Q2,Q4: Highest,FALSE,FALSE
72051,"Dorado Municipio, PR",0.9664689405173834,1.1571202670649214,0.19065132654753802,0.12942824188498925,-0.08029517701836064,,,,,,,,,,Q3,Q4: Highest,FALSE,FALSE
72053,"Fajardo Municipio, PR",0.7178459520513008,1.1217347956131605,0.4038888435618597,0.26007432777089556,-0.06859421734795612,,,,,,,,,,Q1: Lowest,Q4: Highest,TRUE,FALSE
72054,"Florida Municipio, PR",0.7646048109965635,1.1348385073690812,0.3702336963725177,0.22865450700502243,-0.07839448102853552,,,,,,,,,,Q1: Lowest,Q4: Highest,TRUE,FALSE
72055,"Guanica Municipio, PR",0.5549946865037194,1.1252417794970986,0.5702470929933792,0.379560750974141,-0.05512572533849136,,,,,,,,,,Q1: Lowest,Q4: Highest,TRUE,FALSE
72057,"Guayama Municipio, PR",0.7137714460784313,1.1070029382957884,0.3932314922173571,0.221890318627451,-0.07602840352595486,,,,,,,,,,Q1: Lowest,Q4: Highest,TRUE,FALSE
72059,"Guayanilla Municipio, PR",0.7192007958879124,1.0876170893305916,0.36841629344267923,0.26330625103631233,-0.06397075622572546,,,,,,,,,,Q1: Lowest,Q4: Highest,TRUE,FALSE
72061,"Guaynabo Municipio, PR",0.7689050695030928,1.1557347616625273,0.3868296921594345,0.1889708064184794,-0.08174990274993266,,,,,,,,,,Q1: Lowest,Q4: Highest,TRUE,FALSE
72063,"Gurabo Municipio, PR",1.0458456666896123,1.1445502363672682,0.09870456967765584,0.09843739244166039,-0.07710233703974967,,,,,,,,,,Q4: Highest,Q4: Highest,FALSE,FALSE
72065,"Hatillo Municipio, PR",0.9555968259328044,1.180164694595459,0.22456786866265455,0.11514435252405875,-0.09409977614326825,,,,,,,,,,Q3,Q4: Highest,FALSE,FALSE
72067,"Hormigueros Municipio, PR",0.7552311435523115,1.1601314862643812,0.40490034271206976,0.21119221411192213,-0.09861469828598257,,,,,,,,,,Q1: Lowest,Q4: Highest,TRUE,FALSE
72069,"Humacao Municipio, PR",0.7704027274664393,1.1680696045837164,0.3976668771172771,0.19347965054336247,-0.09478672985782,,,,,,,,,,Q1: Lowest,Q4: Highest,TRUE,FALSE
72071,"Isabela Municipio, PR",0.764789612553812,1.175035807565928,0.410246195012116,0.30481877517011524,-0.04945656752885674,,,,,,,,,,Q1: Lowest,Q4: Highest,TRUE,FALSE
72073,"Jayuya Municipio, PR",0.8307144610851952,1.1181480334468876,0.2874335723616924,0.1225141173582126,0.013626509755342187,,,,,,,,,,Q1: Lowest,Q4: Highest,FALSE,FALSE
72075,"Juana Diaz Municipio, PR",0.8130527504233833,1.2004276211593286,0.38737487073594523,0.1490936461142821,-0.1454703832752613,,,,,,,,,,Q1: Lowest,Q4: Highest,TRUE,FALSE
72077,"Juncos Municipio, PR",0.8951895774177384,1.153416634127294,0.2582270567095556,0.11491565057624853,-0.08074970714564622,,,,,,,,,,Q2,Q4: Highest,FALSE,FALSE
72079,"Lajas Municipio, PR",0.6329904481998531,1.171995783555868,0.539005335356015,0.44648542738182706,-0.1010189739985945,,,,,,,,,,Q1: Lowest,Q4: Highest,TRUE,FALSE
72081,"Lares Municipio, PR",0.5944351542177629,1.1522652659225214,0.5578301117047585,0.4344109996283909,-0.0929743926460933,,,,,,,,,,Q1: Lowest,Q4: Highest,TRUE,FALSE
72083,"Las Marias Municipio, PR",0.5944415851775605,1.146189376443418,0.5517477912658574,0.39346371590324236,-0.03741339491916862,,,,,,,,,,Q1: Lowest,Q4: Highest,TRUE,FALSE
72085,"Las Piedras Municipio, PR",0.8289247681209206,1.145419452028999,0.31649468390807844,0.1677258673995191,-0.07598154599378582,,,,,,,,,,Q1: Lowest,Q4: Highest,FALSE,FALSE
72087,"Loiza Municipio, PR",1.0229317670582354,1.070007315288954,0.04707554823071858,0.14121469632591854,-0.04345281638624732,,,,,,,,,,Q4: Highest,Q4: Highest,FALSE,FALSE
72089,"Luquillo Municipio, PR",0.885247196335492,1.1426434847635072,0.2573962884280152,0.15163481282577795,-0.08132361189007287,,,,,,,,,,Q2,Q4: Highest,TRUE,FALSE
72091,"Manati Municipio, PR",0.76653944020356235,1.111934625617636,0.34539518541407355,0.22114952851369551,-0.05872291904218918,,,,,,,,,,Q1: Lowest,Q4: Highest,TRUE,FALSE
72093,"Maricao Municipio, PR",0.9997191011235956,1.1887417218543046,0.18902262073070897,0.14269662921348314,-0.10785241248817412,,,,,,,,,,Q4: Highest,Q4: Highest,FALSE,FALSE
72095,"Maunabo Municipio, PR",0.7826572979878633,1.118200408997955,0.3355431110100916,0.19386777387416165,-0.06789366053169732,,,,,,,,,,Q1: Lowest,Q4: Highest,TRUE,FALSE
72097,"Mayaguez Municipio, PR",0.6910079872781814,1.1442652329749103,0.453257245696729,0.2630741985615671,-0.09746791536593835,,,,,,,,,,Q1: Lowest,Q4: Highest,TRUE,FALSE
72099,"Moca Municipio, PR",0.667363413579357,1.2413152610441769,0.5739518474648199,0.35613377540723656,-0.10040160642570273,,,,,,,,,,Q1: Lowest,Q4: Highest,TRUE,FALSE
72101,"Morovis Municipio, PR",0.8408155856727977,1.1365159128978224,0.2957003272250247,0.1513794772507261,-0.07059105049054804,,,,,,,,,,Q1: Lowest,Q4: Highest,FALSE,FALSE
72103,"Naguabo Municipio, PR",1.0577584916953464,1.1224072672218015,0.0646487755264551,0.14020649408948083,-0.0691900075700227,,,,,,,,,,Q4: Highest,Q4: Highest,FALSE,FALSE
72105,"Naranjito Municipio, PR",0.8574201628052599,1.1567027803158856,0.2992826175106257,0.19812147777082034,-0.0749249445242135,,,,,,,,,,Q1: Lowest,Q4: Highest,FALSE,FALSE
72107,"Orocovis Municipio, PR",0.9484397602810498,1.1218876664736537,0.17344790619260386,0.13597850795618927,-0.05192047867207106,,,,,,,,,,Q3,Q4: Highest,FALSE,FALSE
72109,"Patillas Municipio, PR",0.750428326670474,1.137568784392196,0.387140457721722,0.2602322482391015,-0.09429714857428717,,,,,,,,,,Q1: Lowest,Q4: Highest,TRUE,FALSE
72111,"Penuelas Municipio, PR",0.6934436664544876,1.1178394625176804,0.4243957960631928,0.32412476129853596,-0.08239038189533243,,,,,,,,,,Q1: Lowest,Q4: Highest,TRUE,FALSE
72113,"Ponce Municipio, PR",0.6333344376894661,1.1057489451476794,0.47241450745821334,0.29219606738781123,-0.0748652133145804,,,,,,,,,,Q1: Lowest,Q4: Highest,TRUE,FALSE
72115,"Quebradillas Municipio, PR",0.7128217945513622,1.185593094210448,0.4727712996590858,0.3551612096975756,-0.10105670486679563,,,,,,,,,,Q1: Lowest,Q4: Highest,FALSE,FALSE
72117,"Rincon Municipio, PR",0.7982283464566929,1.28133887551958,0.4831105290628871,0.253740157480315,-0.13454386348720182,,,,,,,,,,Q1: Lowest,Q4: Highest,FALSE,FALSE
72119,"Rio Grande Municipio, PR",0.9378488686153292,1.1225921077239571,0.1847432391086279,0.12748334433707464,-0.07075618727012034,,,,,,,,,,Q2,Q4: Highest,FALSE,FALSE
72121,"Sabana Grande Municipio, PR",0.6541947478503369,1.137633094780939,0.48343834693060206,0.38566116662793404,-0.09670099493803463,,,,,,,,,,Q1: Lowest,Q4: Highest,TRUE,FALSE
72123,"Salinas Municipio, PR",0.7937122128174123,1.090927750410509,0.2972155375930967,0.22926239419588879,0.005610290093048698,,,,,,,,,,Q1: Lowest,Q4: Highest,FALSE,FALSE
72125,"San German Municipio, PR",0.6507147036696481,1.1498393758604866,0.49912467219083845,0.27367717127810753,-0.09071439498240785,,,,,,,,,,Q1: Lowest,Q4: Highest,TRUE,FALSE
72127,"San Juan Municipio, PR",0.7360224924712028,1.130563340339639,0.39454084786843613,0.21993783061569505,-0.07348280118773554,,,,,,,,,,Q1: Lowest,Q4: Highest,TRUE,FALSE
72129,"San Lorenzo Municipio, PR",0.7936070646841271,1.147924666300969,0.3543176016168419,0.20310966865423807,-0.07761930883159618,,,,,,,,,,Q1: Lowest,Q4: Highest,TRUE,FALSE
72131,"San Sebastian Municipio, PR",0.648445264801931,1.219271549185156,0.570826284383225,0.38563112310095127,-0.09483604947967805,,,,,,,,,,Q1: Lowest,Q4: Highest,TRUE,FALSE
72133,"Santa Isabel Municipio, PR",0.9768912825651302,1.086191780821918,0.10930049825678767,0.0847945891783567,-0.07605479452054786,,,,,,,,,,Q3,Q4: Highest,FALSE,FALSE
72135,"Toa Alta Municipio, PR",0.8445406599672155,1.1395729684908789,0.29503230852366336,0.15939704939063504,-0.07213930348258701,,,,,,,,,,Q1: Lowest,Q4: Highest,TRUE,FALSE
72137,"Toa Baja Municipio, PR",0.8080459097031094,1.0943916860777638,0.2863457763746544,0.18249692568952391,-0.056369826196022155,,,,,,,,,,Q1: Lowest,Q4: Highest,TRUE,FALSE
72139,"Trujillo Alto Municipio, PR",0.7632798573975045,1.1414271815596468,0.37814732416214236,0.23573975044563278,-0.07498877413560834,,,,,,,,,,Q1: Lowest,Q4: Highest,TRUE,FALSE
72141,"Utuado Municipio, PR",0.6963020770800816,1.1318642882126615,0.43556221113257987,0.293432584944171,-0.059111577474641575,,,,,,,,,,Q1: Lowest,Q4: Highest,TRUE,FALSE
72143,"Vega Alta Municipio, PR",0.8205968604450578,1.129785604900459,0.30918874445540134,0.24521304122822152,-0.06919984686064318,,,,,,,,,,Q1: Lowest,Q4: Highest,FALSE,FALSE
72145,"Vega Baja Municipio, PR",0.7024802055476902,1.142203334423014,0.43972312887532383,0.3603901211263174,-0.08185681595292582,,,,,,,,,,Q1: Lowest,Q4: Highest,TRUE,FALSE
72147,"Vieques Municipio, PR",0.8893716577540107,1.131557035803497,0.24218537804948626,0.18950534759358284,-0.0699417152373023,,,,,,,,,,Q2,Q4: Highest,TRUE,FALSE
72149,"Villalba Municipio, PR",0.7202685042176548,1.108875128998968,0.38860662478131325,0.23773315908280857,-0.07206742346061223,,,,,,,,,,Q1: Lowest,Q4: Highest,TRUE,FALSE
72151,"Yabucoa Municipio, PR",0.808282367575412,1.0860847564832383,0.27780238890782627,0.19747071628485535,-0.051865907653383836,,,,,,,,,,Q1: Lowest,Q4: Highest,TRUE,FALSE
72153,"Yauco Municipio, PR",0.6371947059626143,1.096251053074979,0.45905634711236465,0.38879792604720975,-0.07371524852569511,,,,,,,,,,Q1: Lowest,Q4: Highest,TRUE,FALSE
