geography,crisis,fips,county_name,observed,predicted,residual
County,Great Recession,16039,"Elmore County, ID",0.9604631850895,0.9669160160528438,-0.006452830963343814
County,Great Recession,22047,"Iberville Parish, LA",1.0841381078540295,0.8724421309952671,0.2116959768587624
County,Great Recession,34007,"Camden County, NJ",0.9650796796955522,0.967997935628222,-0.002918255932669811
County,Great Recession,16069,"Nez Perce County, ID",1.0199231227329326,0.9367891370281313,0.08313398570480135
County,Great Recession,20169,"Saline County, KS",0.9727447344019076,0.9532551747042755,0.01948955969763211
County,Great Recession,29145,"Newton County, MO",1.000707661365414,0.9520598949436314,0.04864776642178259
County,Great Recession,29059,"Dallas County, MO",0.8831502849993049,0.9378004006892601,-0.05465011568995515
County,Great Recession,05023,"Cleburne County, AR",0.8251433612704014,0.9140681298298681,-0.08892476855946663
County,Great Recession,13305,"Wayne County, GA",0.9829968119022316,0.9254262095679903,0.05757060233424138
County,Great Recession,46035,"Davison County, SD",1.0097920920735104,0.9501760672405432,0.05961602483296724
County,Great Recession,16021,"Boundary County, ID",1.1077245230339692,0.9494717189435898,0.15825280409037934
County,Great Recession,06055,"Napa County, CA",0.9186838071829994,0.9546062237515817,-0.035922416568582305
County,Great Recession,40107,"Okfuskee County, OK",0.912251285490722,0.9352116418755493,-0.022960356384827296
County,Great Recession,51091,"Highland County, VA",1.2549909255898366,0.9359218776775883,0.3190690479122483
County,Great Recession,28113,"Pike County, MS",0.937048751976896,0.8806449131340742,0.05640383884282174
County,Great Recession,28075,"Lauderdale County, MS",1.0092289419619929,0.929896094404782,0.07933284755721082
County,Great Recession,51103,"Lancaster County, VA",0.8513385228782988,0.9124618886682202,-0.06112336578992139
County,Great Recession,27007,"Beltrami County, MN",1.0369139258222533,0.9529273942762735,0.08398653154597979
County,Great Recession,27027,"Clay County, MN",1.0697809653033534,0.9555071867901642,0.1142737785131892
County,Great Recession,16071,"Oneida County, ID",0.8570209133589415,0.9319228502617958,-0.0749019369028543
County,Great Recession,46005,"Beadle County, SD",0.9991860212719774,0.9504039030679395,0.04878211820403788
County,Great Recession,47027,"Clay County, TN",0.8762759047324467,0.9080609363899071,-0.031785031657460494
County,Great Recession,27149,"Stevens County, MN",0.9770734380708804,0.9429521745923777,0.03412126347850275
County,Great Recession,27011,"Big Stone County, MN",0.947133283693224,0.943120344347783,0.004012939345441002
County,Great Recession,17187,"Warren County, IL",0.9124814941350644,0.9279622057668875,-0.015480711631823074
County,Great Recession,29175,"Randolph County, MO",0.7674159094532121,0.8945550783239135,-0.1271391688707013
County,Great Recession,54005,"Boone County, WV",0.820434637986473,0.8755165040386337,-0.0550818660521607
County,Great Recession,48331,"Milam County, TX",0.8370044052863436,0.9327550870679726,-0.09575068178162904
County,Great Recession,12125,"Union County, FL",0.8356862745098039,0.8937917914268374,-0.05810551691703347
County,Great Recession,47179,"Washington County, TN",0.9670568901839868,0.9415640713055651,0.025492818878421697
County,Great Recession,41061,"Union County, OR",0.954252352736145,0.9417250114957141,0.012527341240430867
County,Great Recession,47079,"Henry County, TN",0.9748658250812609,0.9076403088109755,0.06722551627028539
County,Great Recession,31005,"Arthur County, NE",0.8785425101214575,0.9700448374389394,-0.09150232731748198
County,Great Recession,17009,"Brown County, IL",0.7253687315634219,0.9016754258038128,-0.17630669424039092
County,Great Recession,47133,"Overton County, TN",0.9207589285714286,0.9289222972172182,-0.008163368645789593
County,Great Recession,27135,"Roseau County, MN",0.8839709136895353,0.9534384457722566,-0.06946753208272127
County,Great Recession,13301,"Warren County, GA",0.9917631344612644,0.9019871115438601,0.08977602291740427
County,Great Recession,20075,"Hamilton County, KS",1.4096045197740112,0.9738857417366797,0.4357187780373315
County,Great Recession,29213,"Taney County, MO",0.8596304867407717,0.9326759205690391,-0.07304543382826745
County,Great Recession,45023,"Chester County, SC",0.8094162847128606,0.8966184159818065,-0.08720213126894583
County,Great Recession,48289,"Leon County, TX",0.8851360318513604,0.9261495047443264,-0.041013472892966085
County,Great Recession,22011,"Beauregard Parish, LA",0.9683467598203463,0.9199115919289947,0.048435167891351605
County,Great Recession,19171,"Tama County, IA",0.9988999536822604,0.9284862526698139,0.07041370101244648
County,Great Recession,26123,"Newaygo County, MI",0.9257859315939893,0.9372951798384925,-0.011509248244503278
County,Great Recession,53009,"Clallam County, WA",0.9246054416910662,0.9284134063963014,-0.003807964705235256
County,Great Recession,41035,"Klamath County, OR",0.9252257036643654,0.9332232647585469,-0.007997561094181482
County,Great Recession,48083,"Coleman County, TX",0.7319369263356084,0.9300919582616552,-0.1981550319260469
County,Great Recession,39005,"Ashland County, OH",0.9026927784577724,0.9300747136246353,-0.027381935166862936
County,Great Recession,21161,"Mason County, KY",0.8437388512308241,0.9015501066499721,-0.057811255419148
County,Great Recession,20177,"Shawnee County, KS",1.0045975959833937,0.9616183618815123,0.042979234101881425
County,Great Recession,31015,"Boyd County, NE",0.9880843263061412,0.9412017819534213,0.04688254435271988
County,Great Recession,26021,"Berrien County, MI",0.9571420865249756,0.9467828390964412,0.010359247428534335
County,Great Recession,45073,"Oconee County, SC",1.048375890220601,0.9200565762361663,0.12831931398443475
County,Great Recession,41055,"Sherman County, OR",0.905464480874317,0.9408243110159438,-0.0353598301416268
County,Great Recession,17021,"Christian County, IL",0.902214780871813,0.9046872396112065,-0.0024724587393935016
County,Great Recession,19167,"Sioux County, IA",1.033131281732463,0.9531250224614709,0.08000625927099203
County,Great Recession,49047,"Uintah County, UT",0.8355296080066722,1.0053802398618912,-0.16985063185521898
County,Great Recession,33007,"Coos County, NH",0.937036344367558,0.9335488652794677,0.0034874790880903284
County,Great Recession,21117,"Kenton County, KY",0.9732860876558104,0.9689590881840708,0.004326999471739534
County,Great Recession,19055,"Delaware County, IA",0.9451969855957264,0.9163091478926259,0.02888783770310055
County,Great Recession,40125,"Pottawatomie County, OK",0.9441255381543644,0.9360713003993307,0.008054237755033666
County,Great Recession,39141,"Ross County, OH",0.9408780695874718,0.9252357444721716,0.01564232511530017
County,Great Recession,26099,"Macomb County, MI",0.9475626742740032,0.9563413528600975,-0.008778678586094268
County,Great Recession,41057,"Tillamook County, OR",0.8831693161746151,0.9057574510703782,-0.022588134895763057
County,Great Recession,48183,"Gregg County, TX",0.9284148425158774,0.9688075900770673,-0.040392747561189934
County,Great Recession,39045,"Fairfield County, OH",0.9535075558020242,0.9637699661260887,-0.010262410324064497
County,Great Recession,12045,"Gulf County, FL",0.9057174709348622,0.9027258082194396,0.002991662715422616
County,Great Recession,72111,"Penuelas Municipio, PR",0.6934436664544876,0.9008675340109424,-0.2074238675564548
County,Great Recession,08097,"Pitkin County, CO",0.90460821230052,0.9407576210776384,-0.036149408777118364
County,Great Recession,20113,"McPherson County, KS",0.9609571788413098,0.9239018319863233,0.03705534685498657
County,Great Recession,35019,"Guadalupe County, NM",0.8555997725980671,0.8583935153662777,-0.0027937427682106497
County,Great Recession,13195,"Madison County, GA",0.7802876091667214,0.9328199995082045,-0.15253239034148314
County,Great Recession,06013,"Contra Costa County, CA",0.989601931300202,0.9732080490123893,0.01639388228781269
County,Great Recession,38045,"LaMoure County, ND",1.0385472370766489,0.960484231566531,0.07806300551011791
County,Great Recession,05025,"Cleveland County, AR",0.7977613838717883,0.9133397866677058,-0.11557840279591747
County,Great Recession,05135,"Sharp County, AR",0.963156151680742,0.914066557821693,0.049089593859048986
County,Great Recession,47113,"Madison County, TN",0.9588912607542532,0.9471786874784254,0.011712573275827864
County,Great Recession,28023,"Clarke County, MS",0.9115917998191136,0.85406527515546,0.0575265246636536
County,Great Recession,41031,"Jefferson County, OR",0.9756450306606502,0.9458693418011859,0.029775688859464355
County,Great Recession,51097,"King and Queen County, VA",1.050693374422188,0.9381583419336855,0.1125350324885025
County,Great Recession,19025,"Calhoun County, IA",0.8679392286716011,0.950722992297552,-0.08278376362595086
County,Great Recession,13161,"Jeff Davis County, GA",1.108900215643991,0.9391086150223182,0.16979160062167287
County,Great Recession,39127,"Perry County, OH",0.9418099253973402,0.9297766725810782,0.012033252816261997
County,Great Recession,13129,"Gordon County, GA",0.922463542072838,0.9553417897896039,-0.03287824771676595
County,Great Recession,13231,"Pike County, GA",0.9930047071129708,0.9849331730092977,0.008071534103673117
County,Great Recession,21097,"Harrison County, KY",0.9289290998065324,0.924468967382477,0.0044601324240554074
County,Great Recession,05093,"Mississippi County, AR",0.869808425325479,0.9227598165452295,-0.052951391219750565
County,Great Recession,26013,"Baraga County, MI",0.8015115354017502,0.8827004241980742,-0.08118888879632391
County,Great Recession,47083,"Houston County, TN",0.8361367335865437,0.9316999353216923,-0.09556320173514854
County,Great Recession,22037,"East Feliciana Parish, LA",0.9484629294755876,0.8908180938006428,0.05764483567494483
County,Great Recession,24510,"Baltimore city, MD",1.0048228053028216,0.960787418428338,0.044035386874483606
County,Great Recession,50007,"Chittenden County, VT",1.0835018695764644,0.946256504001828,0.1372453655746364
County,Great Recession,55067,"Langlade County, WI",0.8700479311356745,0.9058713246668246,-0.03582339353115016
County,Great Recession,48117,"Deaf Smith County, TX",0.9347851134923378,0.9340735035668524,7.11609925485468e-4
County,Great Recession,26115,"Monroe County, MI",0.9187685560972952,0.9478827347525366,-0.029114178655241352
County,Great Recession,49035,"Salt Lake County, UT",0.9974393904756194,1.0016956935177044,-0.004256303042085019
County,Great Recession,06073,"San Diego County, CA",0.9581736717885544,0.9842209395862321,-0.026047267797677742
County,Great Recession,12087,"Monroe County, FL",0.9152673613415632,0.9367262884757601,-0.021458927134196948
County,Great Recession,29071,"Franklin County, MO",0.9501719243532846,0.9653096745502486,-0.015137750196964062
County,Great Recession,49019,"Grand County, UT",1.0113172920065252,0.9359076857048477,0.07540960630167748
County,Great Recession,36013,"Chautauqua County, NY",0.8548558067030397,0.9236785265526996,-0.06882271984965982
County,Great Recession,17019,"Champaign County, IL",0.996349600550552,0.9453578989755081,0.050991701575043846
County,Great Recession,05147,"Woodruff County, AR",0.876233045622688,0.7895223722368274,0.08671067338586058
County,Great Recession,17179,"Tazewell County, IL",0.8972035141176973,0.9536850905102332,-0.056481576392535926
County,Great Recession,45045,"Greenville County, SC",0.991751304509877,0.9715099122664623,0.020241392243414702
County,Great Recession,54003,"Berkeley County, WV",1.0937733923103097,0.9634247397520412,0.13034865255826844
County,Great Recession,08095,"Phillips County, CO",0.9501061571125266,0.9459905770784693,0.004115580034057209
County,Great Recession,48457,"Tyler County, TX",0.8794580084366611,0.9113772866448496,-0.03191927820818852
County,Great Recession,72053,"Fajardo Municipio, PR",0.7178459520513008,0.9008675340109424,-0.1830215819596417
County,Great Recession,16029,"Caribou County, ID",0.9694012134001584,0.9255633965473784,0.04383781685277999
County,Great Recession,28149,"Warren County, MS",1.012571157495256,0.93444707939418,0.07812407810107602
County,Great Recession,48423,"Smith County, TX",0.9955484292917572,0.969809203447585,0.02573922584417221
County,Great Recession,47055,"Giles County, TN",1.0227616394747314,0.9015617160975803,0.12119992337715113
County,Great Recession,12101,"Pasco County, FL",0.9984933762362386,0.9753161253540064,0.023177250882232214
County,Great Recession,01055,"Etowah County, AL",0.905725853094274,0.9407453326562866,-0.03501947956201257
County,Great Recession,12103,"Pinellas County, FL",0.9524402632692356,0.9485217995567965,0.003918463712439091
County,Great Recession,26089,"Leelanau County, MI",0.9070550751024123,0.9328759956100464,-0.02582092050763407
County,Great Recession,38003,"Barnes County, ND",0.9172286448298008,0.9062910842965618,0.010937560533239021
County,Great Recession,72081,"Lares Municipio, PR",0.5944351542177629,0.9008675340109424,-0.3064323797931795
County,Great Recession,31079,"Hall County, NE",1.0149123656434589,0.9637767291059398,0.05113563653751907
County,Great Recession,48499,"Wood County, TX",0.9097158040665434,0.9275957514292542,-0.017879947362710813
County,Great Recession,29043,"Christian County, MO",0.995400207900208,0.9781268692817086,0.017273338618499445
County,Great Recession,06059,"Orange County, CA",0.9270075613554658,0.9809316228548541,-0.05392406149938833
County,Great Recession,13167,"Johnson County, GA",1.036540632054176,0.7975111037220546,0.23902952833212132
County,Great Recession,21031,"Butler County, KY",0.9242937853107344,0.9112737280977905,0.013020057212943859
County,Great Recession,17093,"Kendall County, IL",1.0269364781559904,1.0849961592091735,-0.05805968105318304
County,Great Recession,48325,"Medina County, TX",0.9960214997101756,0.9612606062678394,0.03476089344233624
County,Great Recession,26085,"Lake County, MI",0.962058901565402,0.9092724412817372,0.05278646028366474
County,Great Recession,36015,"Chemung County, NY",0.92171128474446,0.9405712544914315,-0.018859969746971572
County,Great Recession,46023,"Charles Mix County, SD",1.0027968471904398,0.9018861284144496,0.10091071877599023
County,Great Recession,47077,"Henderson County, TN",1.038935137010059,0.9159874431089858,0.12294769390107319
County,Great Recession,26077,"Kalamazoo County, MI",0.9333581796783053,0.9419872726297963,-0.008629092951491057
County,Great Recession,28059,"Jackson County, MS",0.9952304283092692,0.9606619353842835,0.03456849292498576
County,Great Recession,05077,"Lee County, AR",0.8743144424131627,0.8654901489356205,0.008824293477542211
County,Great Recession,72119,"Rio Grande Municipio, PR",0.9378488686153292,0.9008675340109424,0.036981334604386795
County,Great Recession,27055,"Houston County, MN",0.9257158795091112,0.9491959050922192,-0.023480025583108022
County,Great Recession,42079,"Luzerne County, PA",0.957776902370166,0.9351818598462021,0.022595042523963937
County,Great Recession,30041,"Hill County, MT",0.9057614725163892,0.9432521371650766,-0.037490664648687444
County,Great Recession,48447,"Throckmorton County, TX",0.7778366914103924,0.9599543393853344,-0.182117647974942
County,Great Recession,27109,"Olmsted County, MN",1.0020590343389588,0.9730533500291654,0.029005684309793445
County,Great Recession,45003,"Aiken County, SC",0.9277595598043576,0.959243708072728,-0.031484148268370316
County,Great Recession,13245,"Richmond County, GA",0.9302774684264152,0.9456348098879032,-0.015357341461487928
County,Great Recession,17203,"Woodford County, IL",0.8969111969111969,0.9488100924773188,-0.05189889556612193
County,Great Recession,26081,"Kent County, MI",0.9626107402962232,0.964998176113303,-0.002387435817079786
County,Great Recession,55047,"Green Lake County, WI",0.9629461584996976,0.9196443003687522,0.043301858130945337
County,Great Recession,48335,"Mitchell County, TX",0.8395100502512562,0.8996212358956196,-0.06011118564436335
County,Great Recession,42023,"Cameron County, PA",0.9061864061864062,0.9094303913116553,-0.003243985125249038
County,Great Recession,21187,"Owen County, KY",1.071657005796522,0.9267233930862367,0.14493361271028526
County,Great Recession,17103,"Lee County, IL",0.9537272162970488,0.9295243155165864,0.02420290078046239
County,Great Recession,48041,"Brazos County, TX",1.0533154323206904,0.9522574244602307,0.10105800786045971
County,Great Recession,19183,"Washington County, IA",0.9692942633099464,0.9488273544649609,0.020466908844985476
County,Great Recession,05051,"Garland County, AR",0.9702672327672328,0.9401806121322656,0.030086620634967254
County,Great Recession,21145,"McCracken County, KY",0.9389753308065696,0.9409335588947175,-0.0019582280881479397
County,Great Recession,50011,"Franklin County, VT",1.046575560779314,0.9481286821209293,0.09844687865838464
County,Great Recession,48107,"Crosby County, TX",1.0029542097488922,0.9173532640160909,0.0856009457328013
County,Great Recession,41069,"Wheeler County, OR",1.0972927241962775,0.9439287947052603,0.1533639294910173
County,Great Recession,16087,"Washington County, ID",0.9377386508273228,0.9077668872437052,0.029971763583617528
County,Great Recession,51141,"Patrick County, VA",0.8219990871748061,0.9040637142749924,-0.08206462710018636
County,Great Recession,51029,"Buckingham County, VA",0.8494114269308067,0.9052903071006053,-0.055878880169798584
County,Great Recession,36031,"Essex County, NY",0.9297249985882884,0.9107052598393861,0.019019738748902282
County,Great Recession,51031,"Campbell County, VA",0.9324944485566248,0.9375895927206286,-0.005095144164003806
County,Great Recession,56005,"Campbell County, WY",0.8764409483071123,0.9882801857854006,-0.11183923747828828
County,Great Recession,13191,"McIntosh County, GA",1.06943359375,0.9383152500901002,0.13111834365989972
County,Great Recession,18007,"Benton County, IN",0.968416269029766,0.9322409803991866,0.036175288630579394
County,Great Recession,19021,"Buena Vista County, IA",1.0511826289259405,0.9438804119727984,0.10730221695314213
County,Great Recession,51045,"Craig County, VA",0.920418006430868,0.9149071858486354,0.005510820582232623
County,Great Recession,38041,"Hettinger County, ND",1.230508474576271,0.95870935908112,0.2717991154951511
County,Great Recession,51510,"Alexandria city, VA",0.9822974466734522,1.0090218402806133,-0.026724393607161057
County,Great Recession,22119,"Webster Parish, LA",0.7168744108096784,0.8969873964027892,-0.18011298559311084
County,Great Recession,09110,"Capitol Planning Region, CT",0.9966433286156235,0.9008675340109424,0.09577579460468111
County,Great Recession,18111,"Newton County, IN",0.9381136566498066,0.9361660469207764,0.0019476097290301864
County,Great Recession,40127,"Pushmataha County, OK",0.8209922946814509,0.8962914315919869,-0.07529913691053602
County,Great Recession,36033,"Franklin County, NY",0.8680944382232176,0.9159022519723387,-0.04780781374912102
County,Great Recession,17129,"Menard County, IL",0.9252650440495744,0.9410815166386288,-0.015816472589054387
County,Great Recession,30039,"Granite County, MT",1.0880452342487883,0.9197264762599315,0.16831875798885676
County,Great Recession,72123,"Salinas Municipio, PR",0.7937122128174123,0.9008675340109424,-0.1071553211935301
County,Great Recession,56035,"Sublette County, WY",0.6165281104692123,1.0066588912433372,-0.3901307807741249
County,Great Recession,13127,"Glynn County, GA",0.8893752896945976,0.9627181187326306,-0.07334282903803302
County,Great Recession,08019,"Clear Creek County, CO",0.913786897048236,0.937688662682643,-0.023901765634406935
County,Great Recession,21227,"Warren County, KY",1.0001452538310698,0.9504134571984761,0.04973179663259364
County,Great Recession,29137,"Monroe County, MO",0.8984899328859061,0.9391982387203145,-0.04070830583440843
County,Great Recession,19103,"Johnson County, IA",1.0197189102605506,0.950407624044737,0.06931128621581362
County,Great Recession,55129,"Washburn County, WI",0.973395827832057,0.9063443502884613,0.06705147754359575
County,Great Recession,17121,"Marion County, IL",0.9644842845795984,0.9309818640414055,0.03350242053819297
County,Great Recession,13173,"Lanier County, GA",0.8995661051556917,0.9673974519182172,-0.06783134676252556
County,Great Recession,13265,"Taliaferro County, GA",0.6910621761658031,0.9032985576915974,-0.21223638152579427
County,Great Recession,51069,"Frederick County, VA",1.00912272862675,0.9653703808233939,0.04375234780335602
County,Great Recession,22045,"Iberia Parish, LA",0.9004955195537356,0.9346015661981091,-0.034106046644373444
County,Great Recession,19003,"Adams County, IA",1.038064833005894,0.950131313505677,0.08793351950021688
County,Great Recession,48111,"Dallam County, TX",1.1070301291248206,0.9835654757264773,0.12346465339834323
County,Great Recession,39157,"Tuscarawas County, OH",0.9085711174036156,0.926695147945733,-0.01812403054211742
County,Great Recession,12021,"Collier County, FL",0.9442003662291144,0.9597818967779211,-0.015581530548806732
County,Great Recession,27075,"Lake County, MN",0.9347714432460196,0.918986535356605,0.015784907889414557
County,Great Recession,28115,"Pontotoc County, MS",1.0360882423467348,0.9442460677637258,0.09184217458300903
County,Great Recession,31041,"Custer County, NE",0.9907177192110062,0.9513963536376152,0.03932136557339094
County,Great Recession,29117,"Livingston County, MO",0.996514667441185,0.9002520928103864,0.09626257463079857
County,Great Recession,22003,"Allen Parish, LA",0.9699809023633326,0.8886056963207668,0.08137520604256576
County,Great Recession,08117,"Summit County, CO",1.0807429188670188,0.9456123368603955,0.1351305820066233
County,Great Recession,27087,"Mahnomen County, MN",0.9789808917197452,0.920130781711428,0.05885011000831719
County,Great Recession,26029,"Charlevoix County, MI",0.8998556888956403,0.9359821972199989,-0.0361265083243586
County,Great Recession,21059,"Daviess County, KY",0.9970913386528776,0.9580959849040793,0.038995353748798256
County,Great Recession,13171,"Lamar County, GA",0.9391964525665144,0.9627258215726886,-0.023529369006174194
County,Great Recession,41027,"Hood River County, OR",1.0411876635217632,0.9151811199795924,0.12600654354217078
County,Great Recession,12053,"Hernando County, FL",0.98881517393893,0.9678501601703651,0.020965013768564966
County,Great Recession,45009,"Bamberg County, SC",0.8407456946998829,0.8202627044570767,0.0204829902428062
County,Great Recession,22105,"Tangipahoa Parish, LA",0.9780260226006684,0.944520729366551,0.03350529323411744
County,Great Recession,19191,"Winneshiek County, IA",0.9889602899983524,0.9399631833334583,0.0489971066648941
County,Great Recession,16067,"Minidoka County, ID",1.0120004120313144,0.9521210761639275,0.05987933586738692
County,Great Recession,08041,"El Paso County, CO",0.9778914668819544,0.9730086180348378,0.004882848847116539
County,Great Recession,21051,"Clay County, KY",0.8218001261034048,0.7843244302095733,0.037475695893831484
County,Great Recession,39107,"Mercer County, OH",0.8882417258925943,0.9480752455494194,-0.05983351965682504
County,Great Recession,39093,"Lorain County, OH",0.9405003289871224,0.9503111161215781,-0.009810787134455712
County,Great Recession,48465,"Val Verde County, TX",0.9253616101302312,0.944113876927341,-0.01875226679710973
County,Great Recession,39105,"Meigs County, OH",0.9951719265190768,0.9077950880669573,0.08737683845211952
County,Great Recession,06005,"Amador County, CA",0.7866088917908233,0.9308339858385993,-0.14422509404777606
County,Great Recession,20071,"Greeley County, KS",1.0547752808988764,0.9629465582780602,0.0918287226208162
County,Great Recession,41003,"Benton County, OR",1.0420345349007365,0.936161754000579,0.1058727809001575
County,Great Recession,18129,"Posey County, IN",0.94759281617869,0.9268395720159486,0.02075324416274138
County,Great Recession,30033,"Garfield County, MT",1.166407465007776,0.9752876318696578,0.1911198331381182
County,Great Recession,31169,"Thayer County, NE",1.0112320112320112,0.9404377224310506,0.07079428880096061
County,Great Recession,24023,"Garrett County, MD",0.8963395878191326,0.9100640477388531,-0.013724459919720489
County,Great Recession,21015,"Boone County, KY",1.0317012559607763,0.9913552311131144,0.04034602484766192
County,Great Recession,54017,"Doddridge County, WV",1.1497628602699743,0.9088573842977324,0.24090547597224188
County,Great Recession,36043,"Herkimer County, NY",0.914152743830984,0.9306247093236767,-0.016471965492692697
County,Great Recession,01049,"DeKalb County, AL",0.8677262577170629,0.9260839536757735,-0.05835769595871054
County,Great Recession,48005,"Angelina County, TX",0.9180545781531004,0.9496345906969752,-0.03158001254387477
County,Great Recession,37043,"Clay County, NC",0.7877705400294179,0.9230196327048947,-0.1352490926754768
County,Great Recession,18109,"Morgan County, IN",0.8907234231484308,0.9569055415770975,-0.06618211842866673
County,Great Recession,29089,"Howard County, MO",0.9020809023726176,0.9155764114693188,-0.013495509096701164
County,Great Recession,20037,"Crawford County, KS",0.9447567004944054,0.9198328159235813,0.024923884570824062
County,Great Recession,22097,"St. Landry Parish, LA",0.8608156759282162,0.9314258492160088,-0.07061017328779262
County,Great Recession,36035,"Fulton County, NY",0.8924588524842332,0.9213699689982822,-0.028911116514048985
County,Great Recession,13189,"McDuffie County, GA",0.8488677719369188,0.8976113297921892,-0.0487435578552704
County,Great Recession,46029,"Codington County, SD",0.9335355936444388,0.9566409608947825,-0.023105367250343622
County,Great Recession,48321,"Matagorda County, TX",0.9573261898828808,0.9418680642396492,0.015458125643231568
County,Great Recession,48051,"Burleson County, TX",0.9047766749379652,0.9462813133010597,-0.04150463836309448
County,Great Recession,08121,"Washington County, CO",0.8797716732072779,0.9640363880647875,-0.08426471485750964
County,Great Recession,50003,"Bennington County, VT",0.9123651284129476,0.9126413049714741,-2.761765585265197e-4
County,Great Recession,40065,"Jackson County, OK",0.8866731914199494,0.9391953831841879,-0.05252219176423856
County,Great Recession,06103,"Tehama County, CA",0.946511726356786,0.9330624765431245,0.013449249813661579
County,Great Recession,36007,"Broome County, NY",0.9010034673090008,0.9290569146321797,-0.028053447323178826
County,Great Recession,48439,"Tarrant County, TX",1.047656441891662,0.9958309123119645,0.05182552957969755
County,Great Recession,54051,"Marshall County, WV",0.937667182880473,0.9085458089327272,0.029121373947745832
County,Great Recession,34009,"Cape May County, NJ",0.7989176925651802,0.9335534491884123,-0.13463575662323213
County,Great Recession,39015,"Brown County, OH",0.9037770657345372,0.9547745507078045,-0.05099748497326728
County,Great Recession,12113,"Santa Rosa County, FL",0.969767714172802,0.9530209973290067,0.016746716843795362
County,Great Recession,51175,"Southampton County, VA",1.1306694076834125,0.9124405561828142,0.21822885150059834
County,Great Recession,56029,"Park County, WY",1.0552607693918872,0.9441650424487427,0.11109572694314451
County,Great Recession,28013,"Calhoun County, MS",1.114459930313589,0.9074107002935092,0.2070492300200797
County,Great Recession,55035,"Eau Claire County, WI",0.9947196585561596,0.9442303259414361,0.05048933261472355
County,Great Recession,12077,"Liberty County, FL",0.6749932849852269,0.900451279624966,-0.22545799463973903
County,Great Recession,31177,"Washington County, NE",0.9788987502264084,0.9417865238411364,0.03711222638527201
County,Great Recession,04015,"Mohave County, AZ",0.8203928311772241,0.9430607869784849,-0.12266795580126089
County,Great Recession,48427,"Starr County, TX",1.1043831902394938,0.9584760630338387,0.14590712720565513
County,Great Recession,51077,"Grayson County, VA",0.9678246848431544,0.9058983966544191,0.06192628818873536
County,Great Recession,09140,"Naugatuck Valley Planning Region, CT",0.9953732140472692,0.9008675340109424,0.09450568003632676
County,Great Recession,04021,"Pinal County, AZ",1.2160754300997545,1.066285796817969,0.1497896332817854
County,Great Recession,39001,"Adams County, OH",0.7880318091451293,0.925278590056689,-0.13724678091155973
County,Great Recession,40101,"Muskogee County, OK",0.9736612136465324,0.9278240120333276,0.0458372016132047
County,Great Recession,19063,"Emmet County, IA",0.94399518238128,0.9501893875013036,-0.006194205120023555
County,Great Recession,26121,"Muskegon County, MI",0.8154868098670283,0.9473466448454921,-0.13185983497846387
County,Great Recession,39115,"Morgan County, OH",1.1460278148218708,0.9083123205652969,0.2377154942565739
County,Great Recession,37027,"Caldwell County, NC",0.8799677549375252,0.9322555386163849,-0.05228778367885967
County,Great Recession,32005,"Douglas County, NV",0.9235156214778414,0.9365900777301723,-0.013074456252330946
County,Great Recession,54107,"Wood County, WV",0.919060949230182,0.9345999341944092,-0.015538984964227232
County,Great Recession,48373,"Polk County, TX",1.0122804824698457,0.9183196443352966,0.09396083813454914
County,Great Recession,26053,"Gogebic County, MI",0.8543581175160122,0.8863232407914527,-0.03196512327544054
County,Great Recession,35021,"Harding County, NM",0.7674418604651163,0.9508664999204485,-0.18342463945533216
County,Great Recession,48199,"Hardin County, TX",0.9343668733746748,0.9482514576317546,-0.013884584257079724
County,Great Recession,28129,"Smith County, MS",1.053482198625859,0.9158580183380497,0.1376241802878092
County,Great Recession,18125,"Pike County, IN",0.969658553076403,0.9051648792440719,0.06449367383233118
County,Great Recession,39125,"Paulding County, OH",0.8137881679389313,0.9200068322115188,-0.10621866427258753
County,Great Recession,31103,"Keya Paha County, NE",1.3564593301435406,0.9680836736230322,0.38837565652050843
County,Great Recession,05011,"Bradley County, AR",0.7606797919762258,0.8757241897314536,-0.11504439775522779
County,Great Recession,38091,"Steele County, ND",0.8661248930710008,0.915430549178858,-0.0493056561078572
County,Great Recession,22039,"Evangeline Parish, LA",1.010546218487395,0.9038180528782997,0.10672816560909526
County,Great Recession,48285,"Lavaca County, TX",0.8744204797419876,0.9386199955812894,-0.06419951583930184
County,Great Recession,20017,"Chase County, KS",0.722939729397294,0.9200294039076246,-0.19708967451033055
County,Great Recession,31083,"Harlan County, NE",0.943857698721512,0.9457905256593935,-0.0019328269378814378
County,Great Recession,48121,"Denton County, TX",1.079597336429203,1.0044242782777184,0.07517305815148467
County,Great Recession,40007,"Beaver County, OK",0.9194797150820688,0.9535586742953683,-0.03407895921329951
County,Great Recession,72125,"San German Municipio, PR",0.6507147036696481,0.9008675340109424,-0.2501528303412943
County,Great Recession,21183,"Ohio County, KY",0.7764134049629061,0.9080663782139516,-0.13165297325104552
County,Great Recession,18061,"Harrison County, IN",0.9711625432295824,0.9541734816756069,0.016989061553975504
County,Great Recession,30087,"Rosebud County, MT",1.0815132605304212,0.955258513492702,0.12625474703771922
County,Great Recession,16065,"Madison County, ID",1.0679213898472153,1.0007615861918637,0.06715980365535157
County,Great Recession,47065,"Hamilton County, TN",0.9828488191904792,0.9457421713568668,0.037106647833612394
County,Great Recession,31067,"Gage County, NE",0.8671385566674803,0.9078848162867736,-0.040746259619293346
County,Great Recession,46077,"Kingsbury County, SD",0.9978865797816132,0.9503271205026801,0.047559459278933125
County,Great Recession,17161,"Rock Island County, IL",0.88900595510765,0.9430401970160892,-0.054034241908439196
County,Great Recession,05083,"Logan County, AR",0.906423034330011,0.899697662250516,0.006725372079495084
County,Great Recession,31069,"Garden County, NE",1.078125,0.9488770148721524,0.12924798512784763
County,Great Recession,51199,"York County, VA",0.978973569580454,0.9592268708617631,0.019746698718690947
County,Great Recession,36003,"Allegany County, NY",0.9850173905288504,0.891731560993614,0.09328582953523645
County,Great Recession,39111,"Monroe County, OH",1.1301865245527218,0.9195194611791098,0.21066706337361207
County,Great Recession,41009,"Columbia County, OR",0.9732385578679976,0.9481340637404053,0.025104494127592303
County,Great Recession,04005,"Coconino County, AZ",0.968986507501592,0.9668363888217271,0.0021501186798649208
County,Great Recession,55091,"Pepin County, WI",0.9803018674852904,0.9250805170266251,0.055221350458665275
County,Great Recession,17193,"White County, IL",0.8271548336389835,0.9030331190941826,-0.07587828545519915
County,Great Recession,31093,"Howard County, NE",0.9059161873459326,0.95129160605033,-0.04537541870439743
County,Great Recession,54093,"Tucker County, WV",1.0202984038861902,0.8655964033094651,0.15470200057672512
County,Great Recession,40023,"Choctaw County, OK",0.811981288667572,0.9065692360920056,-0.09458794742443355
County,Great Recession,21175,"Morgan County, KY",1.0265817223198594,0.87845400868512,0.14812771363473942
County,Great Recession,26051,"Gladwin County, MI",0.8928752664163199,0.9097428245917604,-0.0168675581754405
County,Great Recession,20101,"Lane County, KS",0.7576045627376425,0.959754731138776,-0.20215016840113342
County,Great Recession,05071,"Johnson County, AR",0.91656050955414,0.900044316810714,0.016516192743426084
County,Great Recession,20193,"Thomas County, KS",0.966144058168598,0.9523103108288793,0.01383374733971876
County,Great Recession,13003,"Atkinson County, GA",0.9608214849921012,0.9124915611587,0.04832992383340118
County,Great Recession,20103,"Leavenworth County, KS",1.0385036378855192,0.9649967479271524,0.07350688995836685
County,Great Recession,26147,"St. Clair County, MI",0.8708394198664441,0.9462291276466933,-0.07538970778024923
County,Great Recession,40083,"Logan County, OK",1.0434556185626664,0.9629916247422121,0.08046399382045433
County,Great Recession,25017,"Middlesex County, MA",0.9987759810254828,0.9649832821720183,0.033792698853464476
County,Great Recession,13033,"Burke County, GA",0.9838161070879964,0.9057465139071174,0.07806959318087903
County,Great Recession,42089,"Monroe County, PA",0.96814933387111,0.9337467877981106,0.03440254607299942
County,Great Recession,21237,"Wolfe County, KY",0.8679200380771062,0.9290878480738978,-0.06116780999679161
County,Great Recession,51830,"Williamsburg city, VA",1.262520358306189,0.9615662615169512,0.3009540967892378
County,Great Recession,28133,"Sunflower County, MS",0.825682198798148,0.8676335720482898,-0.041951373250141866
County,Great Recession,51197,"Wythe County, VA",0.8412492710425711,0.9040351003815071,-0.06278582933893606
County,Great Recession,72121,"Sabana Grande Municipio, PR",0.6541947478503369,0.9008675340109424,-0.2466727861606055
County,Great Recession,51750,"Radford city, VA",0.9953473132372216,0.908737050416626,0.08661026282059558
County,Great Recession,51740,"Portsmouth city, VA",0.9303767870663164,0.9666671337117413,-0.036290346645424854
County,Great Recession,40109,"Oklahoma County, OK",1.0796026014292737,0.9791439351581177,0.10045866627115596
County,Great Recession,18183,"Whitley County, IN",0.9415414190842364,0.9480657867427827,-0.0065243676585463595
County,Great Recession,32001,"Churchill County, NV",0.7433187839803966,0.9278573398609019,-0.18453855588050527
County,Great Recession,51093,"Isle of Wight County, VA",0.954214528393464,0.9701247590035017,-0.015910230610037712
County,Great Recession,72009,"Aibonito Municipio, PR",0.8387698686938494,0.9008675340109424,-0.06209766531709304
County,Great Recession,13039,"Camden County, GA",0.9520965382740126,0.9583415760621089,-0.006245037788096264
County,Great Recession,06067,"Sacramento County, CA",0.9647639520872764,0.980809574815897,-0.016045622728620645
County,Great Recession,72107,"Orocovis Municipio, PR",0.9484397602810498,0.9008675340109424,0.047572226270107376
County,Great Recession,31075,"Grant County, NE",1.0691358024691358,0.9392190736818566,0.1299167287872791
County,Great Recession,48493,"Wilson County, TX",1.122491407029604,0.9856783115736969,0.13681309545590703
County,Great Recession,47105,"Loudon County, TN",0.9203874373657838,0.9504983289164409,-0.03011089155065716
County,Great Recession,39121,"Noble County, OH",0.8527584947022288,0.9045306876651548,-0.05177219296292601
County,Great Recession,27089,"Marshall County, MN",1.0117527862208713,0.924514142549322,0.08723864367154932
County,Great Recession,45079,"Richland County, SC",0.9886192642302436,0.9579344075489148,0.03068485668132881
County,Great Recession,37179,"Union County, NC",1.0304793104198864,1.017527173788561,0.01295213663132544
County,Great Recession,26141,"Presque Isle County, MI",0.8782051282051282,0.9213986481133832,-0.04319351990825504
County,Great Recession,26131,"Ontonagon County, MI",0.6424167694204685,0.9033560497097293,-0.2609392802892607
County,Great Recession,17037,"DeKalb County, IL",0.8944807488519958,0.9648977548931976,-0.07041700604120182
County,Great Recession,48299,"Llano County, TX",0.9315253405325808,0.9313087937663131,2.1654676626770009e-4
County,Great Recession,36037,"Genesee County, NY",0.9095335968379448,0.9291711697332696,-0.019637572895324862
County,Great Recession,37133,"Onslow County, NC",0.984964271536324,1.002422636923651,-0.017458365387327035
County,Great Recession,01011,"Bullock County, AL",1.259623861298854,0.9054905173928478,0.35413334390600615
County,Great Recession,72087,"Loiza Municipio, PR",1.0229317670582354,0.9008675340109424,0.12206423304729297
County,Great Recession,49045,"Tooele County, UT",0.9897207501785245,1.0203628490969807,-0.030642098918456262
County,Great Recession,36061,"New York County, NY",0.9512917078645076,0.9752575864453238,-0.023965878580816224
County,Great Recession,27101,"Murray County, MN",0.8763799010277884,0.9538841485539303,-0.07750424752614193
County,Great Recession,13281,"Towns County, GA",0.7240327640292785,0.912826429002283,-0.18879366497300443
County,Great Recession,19099,"Jasper County, IA",1.0034728201595775,0.9216704433098126,0.08180237684976488
County,Great Recession,40113,"Osage County, OK",1.0008545290037196,0.9272555768038184,0.0735989521999012
County,Great Recession,42087,"Mifflin County, PA",0.9115849391125834,0.9264961747737538,-0.014911235661170363
County,Great Recession,48497,"Wise County, TX",0.9858910798822084,0.9710246333428055,0.014866446539402833
County,Great Recession,37093,"Hoke County, NC",0.9391373379200848,0.9899540701243537,-0.050816732204268855
County,Great Recession,19045,"Clinton County, IA",0.8501088440394052,0.92658102015222,-0.07647217611281476
County,Great Recession,29015,"Benton County, MO",0.8081741503349045,0.9146147973451121,-0.10644064701020761
County,Great Recession,13027,"Brooks County, GA",0.7978881067061875,0.9035119226820372,-0.10562381597584969
County,Great Recession,06079,"San Luis Obispo County, CA",0.9779370995564316,0.9456392031490478,0.032297896407383786
County,Great Recession,55097,"Portage County, WI",0.912575355379692,0.9258165141126335,-0.013241158732941516
County,Great Recession,21103,"Henry County, KY",0.9505421846072468,0.9579700185511284,-0.007427833943881579
County,Great Recession,48139,"Ellis County, TX",1.0533508521883723,0.9985185981018397,0.054832254086532584
County,Great Recession,48411,"San Saba County, TX",0.8971790678659035,0.9419856956045738,-0.04480662773867028
County,Great Recession,13235,"Pulaski County, GA",0.834088335220838,0.8977441945852702,-0.06365585936443219
County,Great Recession,06043,"Mariposa County, CA",0.854611566431952,0.9105708548127632,-0.05595928838081121
County,Great Recession,15009,"Maui County, HI",0.9687097883833816,0.956296935267405,0.012412853115976619
County,Great Recession,19195,"Worth County, IA",0.9712734675412804,0.941703173960873,0.029570293580407414
County,Great Recession,30031,"Gallatin County, MT",0.9931644551668676,0.9528144321100988,0.040350023056768825
County,Great Recession,19013,"Black Hawk County, IA",0.9551489182354594,0.9442623564441784,0.010886561791281002
County,Great Recession,13151,"Henry County, GA",1.008966899827853,1.0081166378370054,8.502619908474784e-4
County,Great Recession,51127,"New Kent County, VA",1.025031094527363,0.9787895242426898,0.04624157028467324
County,Great Recession,31151,"Saline County, NE",0.8661937377690803,0.9304688192097903,-0.06427508144071004
County,Great Recession,35045,"San Juan County, NM",0.93786836935167,0.9755269851654607,-0.03765861581379071
County,Great Recession,28151,"Washington County, MS",0.8420504168320763,0.8887425747517418,-0.04669215791966552
County,Great Recession,40029,"Coal County, OK",0.8681135225375626,0.9273473908610779,-0.05923386832351529
County,Great Recession,49005,"Cache County, UT",0.9208532964437548,1.0043143781827868,-0.083461081739032
County,Great Recession,72113,"Ponce Municipio, PR",0.6333344376894661,0.9008675340109424,-0.26753309632147637
County,Great Recession,48073,"Cherokee County, TX",1.0447576911204857,0.913659364223262,0.13109832689722367
County,Great Recession,55077,"Marquette County, WI",0.9224509012644606,0.9275407988732648,-0.005089897608804184
County,Great Recession,47149,"Rutherford County, TN",1.0591318371186669,0.996956222657674,0.062175614460992845
County,Great Recession,01111,"Randolph County, AL",0.9004935092801202,0.8989570958886176,0.0015364133915025668
County,Great Recession,32017,"Lincoln County, NV",1.0364554122265843,0.9064161559427323,0.13003925628385204
County,Great Recession,31025,"Cass County, NE",0.9355371294393896,0.9468356819840126,-0.011298552544622975
County,Great Recession,72105,"Naranjito Municipio, PR",0.8574201628052599,0.9008675340109424,-0.04344737120568254
County,Great Recession,09160,"Northwest Hills Planning Region, CT",0.9829073903306548,0.9008675340109424,0.08203985631971233
County,Great Recession,21123,"Larue County, KY",0.8096798212956069,0.9258346273259789,-0.11615480603037198
County,Great Recession,54077,"Preston County, WV",0.9504526293967244,0.9234197873858693,0.027032842010855096
County,Great Recession,21209,"Scott County, KY",1.1064593855706408,0.9723477290745299,0.1341116564961109
County,Great Recession,28031,"Covington County, MS",0.8591253153910849,0.9181605587803244,-0.05903524338923949
County,Great Recession,22115,"Vernon Parish, LA",0.7832840941580101,0.9379375450237455,-0.15465345086573534
County,Great Recession,55031,"Douglas County, WI",0.9870440592271578,0.9053504113280665,0.08169364789909128
County,Great Recession,48013,"Atascosa County, TX",1.0192537475559418,0.9690004319990763,0.05025331555686552
County,Great Recession,55115,"Shawano County, WI",0.9320127227653304,0.9184474770298682,0.01356524573546225
County,Great Recession,27155,"Traverse County, MN",0.975,0.9527453607466431,0.02225463925335691
County,Great Recession,01065,"Hale County, AL",0.7993142690399767,0.9013565857542195,-0.1020423167142428
County,Great Recession,20091,"Johnson County, KS",1.0314740229371566,0.9843943856031188,0.04707963733403786
County,Great Recession,48097,"Cooke County, TX",0.8895285087719298,0.9531300110789033,-0.06360150230697348
County,Great Recession,27091,"Martin County, MN",0.9592473611748508,0.9493674663716449,0.009879894803205835
County,Great Recession,13207,"Monroe County, GA",0.9043004941321804,0.9411128731846748,-0.03681237905249446
County,Great Recession,55127,"Walworth County, WI",0.9646982358402972,0.9350515591824129,0.02964667665788434
County,Great Recession,53047,"Okanogan County, WA",1.0063156292801705,0.9188617513544836,0.08745387792568693
County,Great Recession,05101,"Newton County, AR",1.0205682154483575,0.924921528467902,0.09564668698045553
County,Great Recession,38085,"Sioux County, ND",0.9932859399684044,0.9360642957650314,0.05722164420337306
County,Great Recession,72147,"Vieques Municipio, PR",0.8893716577540107,0.9008675340109424,-0.011495876256931714
County,Great Recession,06061,"Placer County, CA",0.95605042971717,0.9734953050764558,-0.01744487535928574
County,Great Recession,17015,"Carroll County, IL",0.8780605475817151,0.9354591043922469,-0.05739855681053174
County,Great Recession,01077,"Lauderdale County, AL",0.964118322253575,0.9349491796414852,0.029169142612089805
County,Great Recession,34001,"Atlantic County, NJ",0.9375505532239604,0.9520128551075149,-0.014462301883554463
County,Great Recession,33009,"Grafton County, NH",0.9889741844936843,0.9377879395978613,0.05118624489582302
County,Great Recession,12083,"Marion County, FL",0.9045830911712092,0.9466846972881897,-0.04210160611698055
County,Great Recession,56037,"Sweetwater County, WY",0.9291018750256432,0.9807010293237548,-0.05159915429811157
County,Great Recession,42043,"Dauphin County, PA",0.9871757053172984,0.9518759231613679,0.03529978215593044
County,Great Recession,39143,"Sandusky County, OH",0.9199856532451736,0.9302802304896871,-0.010294577244513547
County,Great Recession,31021,"Burt County, NE",0.9167320261437908,0.9347053151839245,-0.017973289040133733
County,Great Recession,26097,"Mackinac County, MI",0.7934893184130214,0.9236171914762843,-0.1301278730632629
County,Great Recession,29135,"Moniteau County, MO",0.9452951002227172,0.9488581942551282,-0.0035630940324109517
County,Great Recession,30043,"Jefferson County, MT",0.9204721695674652,0.9411747016040813,-0.020702532036616095
County,Great Recession,51730,"Petersburg city, VA",0.9200059920605198,0.9587044942175228,-0.03869850215700299
County,Great Recession,30063,"Missoula County, MT",0.9723133787004732,0.9417260784544542,0.030587300246018967
County,Great Recession,48261,"Kenedy County, TX",1.0987394957983194,0.9043753682404064,0.194364127557913
County,Great Recession,22067,"Morehouse Parish, LA",0.8999908374564779,0.8785172803418192,0.021473557114658703
County,Great Recession,01053,"Escambia County, AL",0.9776873319281923,0.8926509081660996,0.08503642376209275
County,Great Recession,19095,"Iowa County, IA",1.076382380506092,0.9368553553639841,0.1395270251421078
County,Great Recession,08009,"Baca County, CO",0.7652322113336174,0.9383011689104891,-0.17306895757687168
County,Great Recession,48339,"Montgomery County, TX",1.0677432079045917,1.0057554548004024,0.06198775310418925
County,Great Recession,37063,"Durham County, NC",1.0165802351910014,0.9699859138899587,0.046594321301042685
County,Great Recession,47153,"Sequatchie County, TN",0.9301690285128904,0.9448059317858951,-0.014636903273004709
County,Great Recession,34037,"Sussex County, NJ",0.914174604346649,0.9604763648362589,-0.04630176048960988
County,Great Recession,17033,"Crawford County, IL",1.0621282578133449,0.9085510166278945,0.15357724118545035
County,Great Recession,13205,"Mitchell County, GA",0.8488737824675324,0.885750056508523,-0.036876274040990586
County,Great Recession,22001,"Acadia Parish, LA",0.9608477842003852,0.9334261319954577,0.027421652204927538
County,Great Recession,21197,"Powell County, KY",0.8542846357115893,0.9049324377671921,-0.05064780205560282
County,Great Recession,51105,"Lee County, VA",0.8364375936630272,0.9004697925297516,-0.0640321988667244
County,Great Recession,28141,"Tishomingo County, MS",0.9503588516746412,0.9033501964878007,0.0470086551868405
County,Great Recession,22079,"Rapides Parish, LA",0.925826352251083,0.9469236391861083,-0.021097286935025328
County,Great Recession,40025,"Cimarron County, OK",1.0794354838709677,0.960477458552585,0.11895802531838262
County,Great Recession,13059,"Clarke County, GA",0.8602631749320212,0.9406599675953307,-0.08039679266330946
County,Great Recession,48215,"Hidalgo County, TX",1.0942757953747009,1.0178618643631367,0.07641393101156413
County,Great Recession,26143,"Roscommon County, MI",0.7671543895055499,0.9021318767732966,-0.13497748726774672
County,Great Recession,22005,"Ascension Parish, LA",1.0548329429170262,0.9863275609841126,0.06850538193291367
County,Great Recession,48481,"Wharton County, TX",0.9927830960765835,0.9431015036625694,0.04968159241401415
County,Great Recession,36069,"Ontario County, NY",0.9655086803001324,0.9473431212058911,0.018165559094241224
County,Great Recession,47041,"DeKalb County, TN",0.7311806256306761,0.9122545775816038,-0.18107395195092768
County,Great Recession,16037,"Custer County, ID",0.7572254335260116,0.9594326065955061,-0.20220717306949454
County,Great Recession,24017,"Charles County, MD",0.9851819268090918,0.9762655413637138,0.008916385445377983
County,Great Recession,44005,"Newport County, RI",0.9386571388798663,0.9496429624766822,-0.01098582359681588
County,Great Recession,18117,"Orange County, IN",0.795701630763036,0.8944778157944558,-0.09877618503141983
County,Great Recession,39097,"Madison County, OH",0.9782483810319615,0.9554986862395748,0.022749694792386754
County,Great Recession,45089,"Williamsburg County, SC",0.7895538930451649,0.8784236588932457,-0.08886976584808082
County,Great Recession,37033,"Caswell County, NC",0.8833366317039383,0.9163422303029664,-0.033005598599028074
County,Great Recession,17043,"DuPage County, IL",0.943371947208493,0.9687853812807211,-0.02541343407222807
County,Great Recession,13007,"Baker County, GA",0.5614925373134328,0.9152922459064307,-0.3537997085929978
County,Great Recession,26127,"Oceana County, MI",0.8322199955466488,0.9157992971433128,-0.08357930159666394
County,Great Recession,27141,"Sherburne County, MN",0.9837228354605037,0.9910217847662857,-0.00729894930578201
County,Great Recession,27069,"Kittson County, MN",0.963963963963964,0.9545438200440771,0.00942014391988688
County,Great Recession,20121,"Miami County, KS",1.006215733775341,0.9753326515080345,0.030883082267306516
County,Great Recession,45087,"Union County, SC",0.9199428162973552,0.8898512117767003,0.030091604520654847
County,Great Recession,48365,"Panola County, TX",0.9243997147159044,0.9038213674742605,0.02057834724164398
County,Great Recession,40075,"Kiowa County, OK",0.9863659531090724,0.8965724665173178,0.08979348659175457
County,Great Recession,42003,"Allegheny County, PA",0.9922339598838588,0.9490004158415494,0.04323354404230939
County,Great Recession,28085,"Lincoln County, MS",0.9955410225921522,0.9163734881804142,0.07916753441173796
County,Great Recession,46019,"Butte County, SD",0.9440499040307102,0.9787339286684628,-0.03468402463775255
County,Great Recession,37171,"Surry County, NC",0.9017926154943814,0.9235080004573807,-0.021715384962999296
County,Great Recession,36101,"Steuben County, NY",0.9770430195373592,0.9255797517037088,0.051463267833650406
County,Great Recession,23031,"York County, ME",0.9557953070486326,0.9425265818089015,0.013268725239731105
County,Great Recession,21129,"Lee County, KY",0.7479150871872631,0.7794449837279933,-0.03152989654073024
County,Great Recession,17157,"Randolph County, IL",0.8966516202923938,0.9055513290239878,-0.00889970873159407
County,Great Recession,31147,"Richardson County, NE",0.989447474507944,0.9214793690608261,0.06796810544711795
County,Great Recession,47161,"Stewart County, TN",0.8614228975997237,0.9156795619631921,-0.05425666436346843
County,Great Recession,06047,"Merced County, CA",1.0473789211471904,0.9918250876331639,0.05555383351402654
County,Great Recession,21013,"Bell County, KY",1.022063815342838,0.811224808026384,0.2108390073164541
County,Great Recession,45043,"Georgetown County, SC",0.7953023663453112,0.9264207346867525,-0.1311183683414413
County,Great Recession,21027,"Breckinridge County, KY",0.8768844221105527,0.927464066478479,-0.05057964436792628
County,Great Recession,38031,"Foster County, ND",0.9566951566951568,0.9426038593895012,0.014091297305655615
County,Great Recession,18067,"Howard County, IN",0.8947512826844459,0.9470522428336254,-0.05230096014917951
County,Great Recession,42077,"Lehigh County, PA",0.99456784446881,0.9532112002841003,0.041356644184709634
County,Great Recession,56001,"Albany County, WY",1.064659036970624,0.9181598965300719,0.146499140440552
County,Great Recession,20031,"Coffey County, KS",0.8954286835393369,0.9219167937143438,-0.02648811017500685
County,Great Recession,06093,"Siskiyou County, CA",0.9138683198438666,0.930755214432146,-0.01688689458827941
County,Great Recession,48383,"Reagan County, TX",0.7696897374701671,0.9664180439993475,-0.19672830652918039
County,Great Recession,27059,"Isanti County, MN",0.9319586112200864,0.9743377810491786,-0.04237916982909218
County,Great Recession,28123,"Scott County, MS",0.9120991139339764,0.9169398777088594,-0.004840763774883072
County,Great Recession,48351,"Newton County, TX",0.921183628318584,0.9092426868461505,0.01194094147243352
County,Great Recession,42059,"Greene County, PA",0.999006979515406,0.9006686649426962,0.0983383145727098
County,COVID-19,28071,"Lafayette County, MS",1.0294576972631089,1.0022977712013363,0.027159926061772532
County,COVID-19,26059,"Hillsdale County, MI",0.9980469728078522,0.9984893056283758,-4.4233282052363876e-4
County,COVID-19,48119,"Delta County, TX",1.034329752452125,1.0008858606781448,0.03344389177398033
County,COVID-19,18063,"Hendricks County, IN",1.0829932427911957,1.0463786561566868,0.036614586634508894
County,COVID-19,12001,"Alachua County, FL",1.0238190145982655,0.9875059711009327,0.036313043497332775
County,COVID-19,08057,"Jackson County, CO",0.9489247311827956,0.9830308308142479,-0.03410609963145228
County,COVID-19,23023,"Sagadahoc County, ME",0.9922466260915586,0.9952489039811293,-0.003002277889570748
County,COVID-19,05119,"Pulaski County, AR",1.0134927670984064,0.994488755957972,0.019004011140434374
County,COVID-19,20115,"Marion County, KS",0.9881282495667244,0.9914922043932236,-0.0033639548264992047
County,COVID-19,20017,"Chase County, KS",0.8540474243663123,0.9906781344163577,-0.13663071005004535
County,COVID-19,56019,"Johnson County, WY",1.033481101259916,1.0124108109111896,0.02107029034872654
County,COVID-19,42009,"Bedford County, PA",1.0308483290488433,0.9848681055574854,0.045980223491357886
County,COVID-19,48159,"Franklin County, TX",1.150337837837838,1.0061486454589486,0.14418919237888939
County,COVID-19,29079,"Grundy County, MO",0.894496460379082,0.9599117341319408,-0.06541527375285872
County,COVID-19,36089,"St. Lawrence County, NY",0.9607462197462664,0.9807642676148888,-0.02001804786862238
County,COVID-19,55031,"Douglas County, WI",0.9793268137366388,0.9803040889902573,-9.772752536185703e-4
County,COVID-19,21121,"Knox County, KY",1.0045794294136223,0.9989673033514206,0.005612126062201739
County,COVID-19,17031,"Cook County, IL",0.9970080493671856,1.0027915578384126,-0.005783508471226995
County,COVID-19,21031,"Butler County, KY",0.9480187908496732,1.0219321054376902,-0.07391331458801698
County,COVID-19,12133,"Washington County, FL",1.0036508841985168,1.0178153596676212,-0.014164475469104376
County,COVID-19,12003,"Baker County, FL",1.0051784160139252,1.085076756678432,-0.07989834066450685
County,COVID-19,17021,"Christian County, IL",0.9190198293172692,0.9790508543785259,-0.06003102506125668
County,COVID-19,48315,"Marion County, TX",1.0150798344175045,1.0008858606781448,0.014193973739359711
County,COVID-19,49031,"Piute County, UT",1.0613839285714286,1.0043199980883821,0.05706393048304648
County,COVID-19,19187,"Webster County, IA",0.9466688911133356,0.9889766658759866,-0.04230777476265102
County,COVID-19,31177,"Washington County, NE",1.018532110091743,0.9956769494612722,0.022855160630470883
County,COVID-19,16075,"Payette County, ID",1.0266672602617757,1.0405975259063132,-0.013930265644537476
County,COVID-19,24017,"Charles County, MD",0.993659909263194,1.0321860952420896,-0.038526185978895566
County,COVID-19,17185,"Wabash County, IL",0.9727652305940406,0.9596805872406261,0.013084643353414527
County,COVID-19,02110,"Juneau Borough/city, AK",1.0184712979662915,0.9837641656534264,0.03470713231286515
County,COVID-19,18055,"Greene County, IN",0.9883390216154722,1.0030448095300264,-0.014705787914554236
County,COVID-19,29083,"Henry County, MO",1.0519335250878874,0.9971635528130308,0.05476997227485658
County,COVID-19,42035,"Clinton County, PA",0.9369891008174388,0.9790189474416733,-0.04202984662423448
County,COVID-19,56011,"Crook County, WY",1.0395095367847411,1.0016795399022622,0.0378299968824789
County,COVID-19,47105,"Loudon County, TN",1.0806044801641588,1.0506293774801976,0.029975102683961197
County,COVID-19,17081,"Jefferson County, IL",0.924452685727958,0.9905808697969853,-0.06612818406902732
County,COVID-19,16087,"Washington County, ID",0.9785648784961029,1.008171815072147,-0.029606936576044185
County,COVID-19,40111,"Okmulgee County, OK",1.008970145165708,1.0133495795963867,-0.004379434430678675
County,COVID-19,19149,"Plymouth County, IA",0.9917174614557188,1.0212922526530854,-0.029574791197366612
County,COVID-19,72001,"Adjuntas Municipio, PR",1.1954945624029,0.990765082101902,0.20472948030099813
County,COVID-19,48297,"Live Oak County, TX",0.9336540896429476,1.0055658771623852,-0.07191178751943761
County,COVID-19,21149,"McLean County, KY",0.9469563020964892,1.0320741201302697,-0.08511781803378049
County,COVID-19,47163,"Sullivan County, TN",0.9889903015031204,1.006040744999622,-0.017050443496501644
County,COVID-19,35055,"Taos County, NM",0.9855255091615012,0.9966699531762103,-0.011144444014709154
County,COVID-19,28007,"Attala County, MS",0.9996311052087944,0.9996923058206696,-6.120061187520065e-5
County,COVID-19,19135,"Monroe County, IA",1.009046052631579,0.970662079458457,0.03838397317312203
County,COVID-19,05061,"Howard County, AR",0.9110639083856668,0.981578946253538,-0.07051503786787128
County,COVID-19,08023,"Costilla County, CO",0.9543343653250774,0.9780579241227686,-0.02372355879769117
County,COVID-19,46103,"Pennington County, SD",1.058548468387747,1.0294979369782675,0.029050531409479552
County,COVID-19,51131,"Northampton County, VA",1.0303030303030305,1.0008858606781448,0.02941716962488572
County,COVID-19,72051,"Dorado Municipio, PR",1.1571202670649214,1.093040049027553,0.06408021803736852
County,COVID-19,27093,"Meeker County, MN",1.043629573041338,1.0045159941787043,0.03911357886263378
County,COVID-19,48333,"Mills County, TX",1.0059278350515464,0.9834687011683099,0.022459133883236504
County,COVID-19,20107,"Linn County, KS",1.0288373161764706,0.9958879498807647,0.032949366295705884
County,COVID-19,31107,"Knox County, NE",1.0115039961249697,0.9906371278692434,0.020866868255726256
County,COVID-19,49001,"Beaver County, UT",1.0123367198838895,0.9622794611173451,0.05005725876654443
County,COVID-19,17049,"Effingham County, IL",1.0209231118167386,0.9979126638857869,0.02301044793095164
County,COVID-19,19075,"Grundy County, IA",0.9650051463020144,1.0149815306823766,-0.049976384380362227
County,COVID-19,40039,"Custer County, OK",0.9843409586056644,0.99549684795543,-0.011155889349765635
County,COVID-19,37193,"Wilkes County, NC",0.9042852619357562,0.9908865206218309,-0.08660125868607471
County,COVID-19,53033,"King County, WA",1.027515412473188,1.0094953699421636,0.018020042531024405
County,COVID-19,47079,"Henry County, TN",0.9811089108910892,1.0030398823720803,-0.0219309714809911
County,COVID-19,56007,"Carbon County, WY",0.892490952955368,0.9517505590741736,-0.05925960611880565
County,COVID-19,37127,"Nash County, NC",0.9965349293658678,1.0061814992030196,-0.00964656983715173
County,COVID-19,12107,"Putnam County, FL",1.0480828814872192,1.0264821391081658,0.021600742379053406
County,COVID-19,44001,"Bristol County, RI",1.0016378911669492,1.0008858606781448,7.52030488804456e-4
County,COVID-19,26013,"Baraga County, MI",0.965434083601286,0.9653022994086103,1.3178419267567687e-4
County,COVID-19,13107,"Emanuel County, GA",1.0627203457295575,1.0008858606781448,0.06183448505141276
County,COVID-19,55077,"Marquette County, WI",0.987465940054496,1.0008858606781448,-0.013419920623648829
County,COVID-19,54101,"Webster County, WV",0.9705140334279408,0.9471588705501633,0.023355162877777502
County,COVID-19,46023,"Charles Mix County, SD",1.009076962413705,0.998536930497869,0.010540031915836079
County,COVID-19,47047,"Fayette County, TN",1.0315972582822723,1.076658647058855,-0.04506138877658272
County,COVID-19,27157,"Wabasha County, MN",1.0132988061797752,1.0170651735255851,-0.003766367345809929
County,COVID-19,50017,"Orange County, VT",0.9812136903258398,0.999922786623778,-0.018709096297938155
County,COVID-19,55095,"Polk County, WI",1.0072224699063754,1.0011651737631537,0.006057296143221702
County,COVID-19,16059,"Lemhi County, ID",1.0939431396786157,1.0068817733298003,0.08706136634881534
County,COVID-19,39095,"Lucas County, OH",0.9663646026177776,0.9961715180596672,-0.029806915441889625
County,COVID-19,01001,"Autauga County, AL",1.0393256254591856,1.0368156187422362,0.0025100067169494533
County,COVID-19,21125,"Laurel County, KY",0.9664136136819208,0.9973438146464499,-0.030930200964529142
County,COVID-19,48029,"Bexar County, TX",1.0487329658050266,1.0414800621716647,0.007252903633361951
County,COVID-19,01031,"Coffee County, AL",0.9997996348902444,1.008738335189047,-0.008938700298802726
County,COVID-19,47149,"Rutherford County, TN",1.0924058380154718,1.0594633919927772,0.03294244602269458
County,COVID-19,45087,"Union County, SC",0.933970982349136,0.9692951626834676,-0.0353241803343316
County,COVID-19,55101,"Racine County, WI",0.9963815484707796,0.9974418610813888,-0.0010603126106091265
County,COVID-19,37081,"Guilford County, NC",1.0036236728273693,0.9983225935157466,0.005301079311622714
County,COVID-19,36123,"Yates County, NY",0.9467816195720864,1.036064732988955,-0.08928311341686856
County,COVID-19,37095,"Hyde County, NC",0.9434075857916916,0.9646516189739686,-0.021244033182276967
County,COVID-19,36009,"Cattaraugus County, NY",0.9559839332988468,0.9831271975991891,-0.027143264300342307
County,COVID-19,45007,"Anderson County, SC",1.0558008696821626,1.0366207816745436,0.019180088007618945
County,COVID-19,36017,"Chenango County, NY",0.9694882831181252,0.9785045302892447,-0.009016247171119485
County,COVID-19,38105,"Williams County, ND",0.9195762043863308,1.0352852238075982,-0.11570901942126743
County,COVID-19,24021,"Frederick County, MD",1.0273892060902663,1.0634638250613067,-0.03607461897104036
County,COVID-19,42019,"Butler County, PA",1.006302564960877,1.0050862027043894,0.0012163622564875798
County,COVID-19,46063,"Harding County, SD",1.0006234413965087,1.0145090785444681,-0.013885637147959429
County,COVID-19,29205,"Shelby County, MO",0.9764006791171476,0.9863232992793848,-0.009922620162237217
County,COVID-19,28119,"Quitman County, MS",0.9989944695827048,0.9489426273651861,0.05005184221751868
County,COVID-19,22105,"Tangipahoa Parish, LA",1.0557294063506673,1.0317700574229505,0.023959348927716784
County,COVID-19,53039,"Klickitat County, WA",0.9348684210526316,1.048163224520754,-0.11329480346812237
County,COVID-19,26005,"Allegan County, MI",1.0236319486601335,1.0113470520129757,0.012284896647157817
County,COVID-19,22011,"Beauregard Parish, LA",1.0198241061130335,1.0037129582371926,0.016111147875840892
County,COVID-19,17053,"Ford County, IL",0.979689460476788,1.0203006843072187,-0.0406112238304307
County,COVID-19,51077,"Grayson County, VA",1.0327944572748269,0.993009623871302,0.0397848334035249
County,COVID-19,46007,"Bennett County, SD",0.9984189723320158,0.9770637159104701,0.021355256421545676
County,COVID-19,47001,"Anderson County, TN",1.0273150416462518,1.0075384383556347,0.019776603290617034
County,COVID-19,01079,"Lawrence County, AL",1.03769608181881,1.0126640958343374,0.025031985984472538
County,COVID-19,08077,"Mesa County, CO",1.0126689302537812,1.0297036506687844,-0.0170347204150032
County,COVID-19,36115,"Washington County, NY",0.9633346404762754,1.0048712573519885,-0.041536616875713084
County,COVID-19,46121,"Todd County, SD",0.9701971572673086,0.9504920797101413,0.019705077557167328
County,COVID-19,30075,"Powder River County, MT",1.0404228855721394,0.9927751281741607,0.04764775739797866
County,COVID-19,19077,"Guthrie County, IA",0.9855072463768116,1.0247230249332338,-0.03921577855642211
County,COVID-19,50025,"Windham County, VT",0.9438560596943074,0.9864766447361665,-0.04262058504185906
County,COVID-19,12027,"DeSoto County, FL",0.9301639089567312,0.9931585804335392,-0.06299467147680804
County,COVID-19,01015,"Calhoun County, AL",0.9912533146956648,0.9925833087629721,-0.0013299940673072719
County,COVID-19,06007,"Butte County, CA",0.9097474448855478,0.9742903683173667,-0.06454292343181889
County,COVID-19,19095,"Iowa County, IA",0.9159093397569256,0.9874064863818759,-0.07149714662495033
County,COVID-19,47087,"Jackson County, TN",1.0467969104952295,1.0035628578105695,0.04323405268465996
County,COVID-19,13251,"Screven County, GA",0.9680961438699636,0.9948082281859745,-0.02671208431601091
County,COVID-19,22049,"Jackson Parish, LA",1.0486734490325154,0.9823506057967245,0.06632284323579085
County,COVID-19,24031,"Montgomery County, MD",0.9534281060269508,1.0045002080339673,-0.05107210200701651
County,COVID-19,54011,"Cabell County, WV",1.015758060085408,0.9739357213849874,0.041822338700420514
County,COVID-19,41009,"Columbia County, OR",1.0569991971944055,1.0272718719418512,0.029727325252554282
County,COVID-19,01081,"Lee County, AL",1.051754079108468,1.0082943414875623,0.043459737620905825
County,COVID-19,31079,"Hall County, NE",1.0434327331832958,0.9957562947046195,0.04767643847867631
County,COVID-19,31001,"Adams County, NE",1.0281014393420151,0.9864536321902767,0.041647807151738436
County,COVID-19,13257,"Stephens County, GA",0.9732433900760594,1.0008858606781448,-0.027642470602085356
County,COVID-19,72059,"Guayanilla Municipio, PR",1.0876170893305916,1.0745135270434998,0.013103562287091863
County,COVID-19,72067,"Hormigueros Municipio, PR",1.1601314862643812,1.0614973810938815,0.09863410517049975
County,COVID-19,51163,"Rockbridge County, VA",1.0150948821161587,0.9946901600432189,0.020404722072939863
County,COVID-19,48149,"Fayette County, TX",0.9684857423795477,0.9998739969015616,-0.03138825452201399
County,COVID-19,56033,"Sheridan County, WY",1.0198115154433514,1.0345572806390824,-0.014745765195731009
County,COVID-19,22053,"Jefferson Davis Parish, LA",0.8809333720423864,0.9864407756676288,-0.10550740362524236
County,COVID-19,18165,"Vermillion County, IN",0.9474828214836628,0.9927850579897665,-0.045302236506103655
County,COVID-19,37163,"Sampson County, NC",0.9531400771952396,0.9984226052752748,-0.04528252808003519
County,COVID-19,46049,"Faulk County, SD",0.9918347742555236,0.9862219605905282,0.005612813664995331
County,COVID-19,18093,"Lawrence County, IN",0.9609778030195466,0.9917927527200547,-0.030814949700508132
County,COVID-19,40117,"Pawnee County, OK",1.025996665150826,1.0299822685151183,-0.003985603364292212
County,COVID-19,01019,"Cherokee County, AL",1.0017682125896736,1.005246253643451,-0.0034780410537773587
County,COVID-19,06089,"Shasta County, CA",1.0112878434386408,1.006703038980933,0.004584804457707703
County,COVID-19,31131,"Otoe County, NE",1.014939995101641,0.9842866796399986,0.030653315461642294
County,COVID-19,29091,"Howell County, MO",0.9881273103189024,1.0021978498082607,-0.014070539489358214
County,COVID-19,21211,"Shelby County, KY",1.0171221393243357,1.058850667800221,-0.04172852847588526
County,COVID-19,24039,"Somerset County, MD",0.9978767421602788,0.9581781394431935,0.03969860271708525
County,COVID-19,36079,"Putnam County, NY",1.0573558527617275,1.000670600209179,0.056685252552548526
County,COVID-19,48067,"Cass County, TX",0.979982883225561,1.0003079083304902,-0.020325025104929173
County,COVID-19,21157,"Marshall County, KY",1.0044823822887434,0.9961843524279591,0.008298029860784317
County,COVID-19,37195,"Wilson County, NC",1.0012771392081736,0.989427024290774,0.011850114917399623
County,COVID-19,13045,"Carroll County, GA",1.077517972551013,1.0495868727716104,0.027931099779402446
County,COVID-19,18103,"Miami County, IN",0.9403551745254134,0.9816278793960597,-0.04127270487064627
County,COVID-19,01061,"Geneva County, AL",1.0222140627868552,1.0193045218475087,0.0029095409393464777
County,COVID-19,05081,"Little River County, AR",0.948141661801907,0.9937264152365707,-0.04558475343466373
County,COVID-19,21159,"Martin County, KY",0.7816703159211761,0.9405625812614188,-0.1588922653402427
County,COVID-19,46057,"Hamlin County, SD",1.119973413094051,0.981396226452611,0.13857718664144003
County,COVID-19,48451,"Tom Green County, TX",1.0431215052000802,1.0169721508823957,0.026149354317684503
County,COVID-19,05029,"Conway County, AR",1.0289308176100629,0.9973929909038792,0.03153782670618366
County,COVID-19,45059,"Laurens County, SC",1.02719805400832,1.0104842855953926,0.016713768412927488
County,COVID-19,23025,"Somerset County, ME",0.9815278790087464,0.9913022937547155,-0.009774414745969073
County,COVID-19,37037,"Chatham County, NC",1.1173201650943396,1.058531556455019,0.05878860863932056
County,COVID-19,34021,"Mercer County, NJ",1.0208118149027412,0.9999185752555869,0.020893239647154283
County,COVID-19,29227,"Worth County, MO",0.9832558139534884,1.00085134681489,-0.017595532861401697
County,COVID-19,01005,"Barbour County, AL",0.909977126674654,0.9797546982716848,-0.0697775715970308
County,COVID-19,28131,"Stone County, MS",1.0516459400146303,1.006261049082656,0.04538489093197429
County,COVID-19,40015,"Caddo County, OK",0.9935030495889684,0.9893722867069553,0.004130762882013084
County,COVID-19,47139,"Polk County, TN",0.953781512605042,1.0097232840465162,-0.055941771441474275
County,COVID-19,27089,"Marshall County, MN",1.018137974418117,1.0001568138728898,0.017981160545227137
County,COVID-19,02195,"Petersburg Borough, AK",1.040599853694221,0.9786099640359226,0.061989889658298325
County,COVID-19,27115,"Pine County, MN",0.9753975160193022,1.0045835005422605,-0.029185984522958286
County,COVID-19,49029,"Morgan County, UT",1.1089645984012182,1.0804449431174763,0.028519655283741896
County,COVID-19,48367,"Parker County, TX",1.2060274372446,1.147383770371497,0.05864366687310296
County,COVID-19,39127,"Perry County, OH",1.0017433284162531,1.0610156754312374,-0.059272347014984295
County,COVID-19,38009,"Bottineau County, ND",0.989109232769831,0.9729498548707683,0.016159377899062632
County,COVID-19,29159,"Pettis County, MO",0.9736157004105336,0.9900049288316604,-0.016389228421126778
County,COVID-19,49053,"Washington County, UT",1.1733921557931486,1.1021910760515987,0.07120107974154988
County,COVID-19,18085,"Kosciusko County, IN",0.946189349112426,0.9910953079377512,-0.04490595882532522
County,COVID-19,22039,"Evangeline Parish, LA",1.0209087617668355,0.9961894374356924,0.0247193243311431
County,COVID-19,29157,"Perry County, MO",0.9493319630010276,0.9887241085485337,-0.03939214554750603
County,COVID-19,49037,"San Juan County, UT",1.004124820659971,1.000151518690278,0.003973301969693033
County,COVID-19,47181,"Wayne County, TN",1.026111386547678,0.998132795398047,0.027978591149631082
County,COVID-19,47075,"Haywood County, TN",1.0365077383924113,1.0008858606781448,0.0356218777142665
County,COVID-19,19191,"Winneshiek County, IA",0.9384314683606156,0.9897237457440943,-0.051292277383478635
County,COVID-19,36087,"Rockland County, NY",1.0672237602105334,1.0163996683286591,0.05082409188187431
County,COVID-19,05097,"Montgomery County, AR",0.9754479097544791,1.0008858606781448,-0.02543795092366563
County,COVID-19,13255,"Spalding County, GA",1.049738127877957,1.0375865786741776,0.012151549203779366
County,COVID-19,24023,"Garrett County, MD",0.9391896686298162,0.9790550403858093,-0.03986537175599303
County,COVID-19,42093,"Montour County, PA",1.0458116695551705,0.9973271790570596,0.04848449049811088
County,COVID-19,29033,"Carroll County, MO",0.9912573926459244,0.9852926436532528,0.005964748992671631
County,COVID-19,51800,"Suffolk city, VA",1.077946465152274,1.0750876979923745,0.0028587671598996334
County,COVID-19,18149,"Starke County, IN",0.9396321249064272,1.0010236042211509,-0.06139147931472366
County,COVID-19,48371,"Pecos County, TX",0.9790222222222222,0.9749510485287388,0.004071173693483421
County,COVID-19,46005,"Beadle County, SD",0.9781099540924868,0.9943796620784634,-0.0162697079859766
County,COVID-19,29155,"Pemiscot County, MO",0.909367088607595,0.9635721561353391,-0.05420506752774412
County,COVID-19,18183,"Whitley County, IN",1.0031575898030127,1.0087029570143997,-0.005545367211386987
County,COVID-19,29165,"Platte County, MO",1.0597515975159753,1.0378196564925288,0.021931941023446422
County,COVID-19,54093,"Tucker County, WV",1.065691056910569,0.9826015376940513,0.08308951921651775
County,COVID-19,31015,"Boyd County, NE",0.932972972972973,0.9831133009878235,-0.050140328014850466
County,COVID-19,27139,"Scott County, MN",1.0344232548210346,1.032750285070534,0.0016729697505006857
County,COVID-19,53027,"Grays Harbor County, WA",0.984656782379357,1.026852081874401,-0.04219529949504386
County,COVID-19,48355,"Nueces County, TX",0.9951127075982722,1.0034652576693042,-0.008352550071031972
County,COVID-19,22103,"St. Tammany Parish, LA",1.0463547913042008,1.055676778777058,-0.009321987472857174
County,COVID-19,28137,"Tate County, MS",1.0217727389847977,1.0496590633239575,-0.02788632433915983
County,COVID-19,39031,"Coshocton County, OH",0.9632908873855948,1.0083962760119958,-0.04510538862640101
County,COVID-19,29133,"Mississippi County, MO",0.8412519702769646,0.961744939469769,-0.12049296919280439
County,COVID-19,19177,"Van Buren County, IA",0.9846083511124656,1.004991318220774,-0.020382967108308336
County,COVID-19,33013,"Merrimack County, NH",0.9743049142079424,0.9974601850659174,-0.023155270857974974
County,COVID-19,29061,"Daviess County, MO",0.9939573155052712,1.0015680857093154,-0.007610770204044215
County,COVID-19,40021,"Cherokee County, OK",1.100442939030745,0.9897722474596814,0.11067069157106368
County,COVID-19,47187,"Williamson County, TN",1.0896669444152314,1.0953426188856612,-0.005675674470429826
County,COVID-19,55067,"Langlade County, WI",0.9744034950151228,0.9784507115281946,-0.004047216513071827
County,COVID-19,20003,"Anderson County, KS",1.0522365655959172,1.0159109105846642,0.036325655011252955
County,COVID-19,20183,"Smith County, KS",0.998560736902706,0.9744023620854864,0.024158374817219608
County,COVID-19,72137,"Toa Baja Municipio, PR",1.0943916860777638,1.093040049027553,0.0013516370502109076
County,COVID-19,45065,"McCormick County, SC",1.0305218247456516,1.007067455401341,0.023454369344310555
County,COVID-19,42001,"Adams County, PA",0.9854243038764527,1.0010523398785303,-0.015628036002077517
County,COVID-19,13015,"Bartow County, GA",1.0544482159772657,1.062239239530063,-0.0077910235527973715
County,COVID-19,29211,"Sullivan County, MO",0.8739279588336192,0.9755021766152366,-0.10157421778161746
County,COVID-19,48305,"Lynn County, TX",1.0447575631993369,1.0395393708941727,0.005218192305164182
County,COVID-19,29187,"St. Francois County, MO",0.9672575176886792,0.9911137007173857,-0.023856183028706512
County,COVID-19,42125,"Washington County, PA",0.98363153755407,1.0012052262154325,-0.017573688661362552
County,COVID-19,40131,"Rogers County, OK",1.061295296838859,1.0349042201875778,0.026391076651281153
County,COVID-19,28029,"Copiah County, MS",0.9864788199697428,1.0084883495159294,-0.022009529546186513
County,COVID-19,19083,"Hardin County, IA",0.9328008043793988,0.9733071043569794,-0.040506299977580595
County,COVID-19,06029,"Kern County, CA",1.0224874845985636,1.032166482806851,-0.009678998208287437
County,COVID-19,27149,"Stevens County, MN",0.9927143341240258,0.9802540341377061,0.0124602999863197
County,COVID-19,01049,"DeKalb County, AL",0.9939597964048708,0.9994122870028174,-0.005452490597946613
County,COVID-19,48147,"Fannin County, TX",1.032074598240857,1.0057155744380282,0.02635902380282884
County,COVID-19,02070,"Dillingham Census Area, AK",0.846684350132626,0.9795041068518306,-0.13281975671920465
County,COVID-19,37087,"Haywood County, NC",0.9913649715114838,1.0278549442778016,-0.03648997276631771
County,COVID-19,31075,"Grant County, NE",0.9227129337539433,1.051673370028699,-0.12896043627475584
County,COVID-19,48129,"Donley County, TX",0.9527777777777776,1.0008858606781448,-0.048108082900367166
County,COVID-19,19195,"Worth County, IA",0.9473975636766334,0.9824559276056033,-0.03505836392896988
County,COVID-19,18069,"Huntington County, IN",0.99965033084082,0.98652672524113,0.013123605599689947
County,COVID-19,17131,"Mercer County, IL",0.9456980733702824,0.9834342569746748,-0.03773618360439235
County,COVID-19,17137,"Morgan County, IL",0.9513188647746244,0.9795553580396111,-0.028236493264986784
County,COVID-19,47151,"Scott County, TN",0.9746195841561156,1.0008858606781448,-0.026266276522029175
County,COVID-19,19015,"Boone County, IA",0.967635311940504,0.981983587405494,-0.014348275464989957
County,COVID-19,13133,"Greene County, GA",1.055954897815363,1.0870567591117877,-0.03110186129642467
County,COVID-19,09110,"Capitol Planning Region, CT",0.9884895216600044,0.990765082101902,-0.002275560441897584
County,COVID-19,40017,"Canadian County, OK",1.185022553989861,1.108921597417908,0.07610095657195282
County,COVID-19,27011,"Big Stone County, MN",1.0046218487394958,0.9717786566736404,0.0328431920658554
County,COVID-19,31011,"Boone County, NE",1.0097456227287744,0.9803695795989136,0.029376043129860863
County,COVID-19,54045,"Logan County, WV",1.047305616062127,0.9725723423108609,0.07473327375126615
County,COVID-19,48421,"Sherman County, TX",0.987258953168044,0.979920536453267,0.007338416714776974
County,COVID-19,37093,"Hoke County, NC",1.0493091948546929,1.0384609504762985,0.010848244378394378
County,COVID-19,30043,"Jefferson County, MT",1.0646551724137931,1.019099101993715,0.04555607042007814
County,COVID-19,30069,"Petroleum County, MT",1.002145922746781,1.0745070719637446,-0.07236114921696357
County,COVID-19,19011,"Benton County, IA",0.9634286123647826,0.9942672986824024,-0.030838686317619768
County,COVID-19,72003,"Aguada Municipio, PR",1.2194084670404022,1.0745135270434998,0.1448949399969024
County,COVID-19,33001,"Belknap County, NH",0.9716203055572464,1.0069332035014575,-0.03531289794421111
County,COVID-19,17035,"Cumberland County, IL",0.9871618128554196,0.9876183729756122,-4.5656012019257286e-4
County,COVID-19,21209,"Scott County, KY",1.06594693965828,1.0289676806272494,0.0369792590310305
County,COVID-19,53067,"Thurston County, WA",1.0253382468672438,1.0345003439439164,-0.009162097076672593
County,COVID-19,06109,"Tuolumne County, CA",0.94071545340898155,0.9946219345376036,-0.053906481128622064
County,COVID-19,72133,"Santa Isabel Municipio, PR",1.086191780821918,0.9977062132714252,0.08848556755049275
County,COVID-19,16053,"Jerome County, ID",0.9684877276326208,1.0067744302274324,-0.038286702594811595
County,COVID-19,26087,"Lapeer County, MI",0.9855032295382242,1.0028351510523534,-0.01733192151412921
County,COVID-19,37023,"Burke County, NC",1.0133374850796617,0.9944069830636043,0.018930502016057393
County,COVID-19,24011,"Caroline County, MD",0.9493839898039692,0.9975173887793751,-0.04813339897540592
County,COVID-19,42133,"York County, PA",1.0116459251367973,1.0045087502872703,0.007137174849527028
County,COVID-19,38071,"Ramsey County, ND",0.9879629629629628,0.9738887914626644,0.014074171500298438
County,COVID-19,45079,"Richland County, SC",1.031973015345147,0.9947700404891686,0.037202974855978344
County,COVID-19,54083,"Randolph County, WV",0.9563476934807472,0.9763708792342345,-0.02002318575348727
County,COVID-19,37155,"Robeson County, NC",0.9671786763044952,0.9984631611561454,-0.03128448485165025
County,COVID-19,48443,"Terrell County, TX",0.9807692307692308,1.1063635761738295,-0.12559434540459868
County,COVID-19,20093,"Kearny County, KS",0.9417582417582416,0.9792252721260108,-0.037467030367769216
County,COVID-19,37001,"Alamance County, NC",1.0430705128205129,1.0424993211306135,5.711916898993863e-4
County,COVID-19,01007,"Bibb County, AL",0.988695242581253,1.0389648128270756,-0.05026957024582268
County,COVID-19,48283,"La Salle County, TX",0.9034847967201912,0.9592495241039793,-0.055764727383788126
County,COVID-19,53037,"Kittitas County, WA",0.9618257084329124,1.0009093629519061,-0.03908365451899376
County,COVID-19,27081,"Lincoln County, MN",0.9607142857142856,0.9836732301837849,-0.02295894446949931
County,COVID-19,72071,"Isabela Municipio, PR",1.175035807565928,1.0745135270434998,0.10052228052242818
County,COVID-19,05021,"Clay County, AR",0.9442263657180242,0.9808391796549795,-0.03661281393695526
County,COVID-19,28097,"Montgomery County, MS",0.9726989079563184,0.966421229649615,0.006277678306703449
County,COVID-19,51053,"Dinwiddie County, VA",1.00640600839408,0.9909163613734729,0.015489647020607067
County,COVID-19,48395,"Robertson County, TX",1.077599388379205,1.0104886663278059,0.06711072205139912
County,COVID-19,37173,"Swain County, NC",1.0263738127544098,0.9826060758389947,0.04376773691541502
County,COVID-19,56045,"Weston County, WY",1.0136363636363637,0.9780169362319542,0.03561942740440949
County,COVID-19,21117,"Kenton County, KY",0.9995151794990188,1.0085215239151544,-0.00900634441613557
County,COVID-19,72097,"Mayaguez Municipio, PR",1.1442652329749103,1.0614973810938815,0.08276785188102886
County,COVID-19,29129,"Mercer County, MO",0.8683734939759036,0.9880313208450852,-0.11965782686918158
County,COVID-19,12131,"Walton County, FL",1.1689668651151603,1.1135681634479861,0.0553987016671742
County,COVID-19,42015,"Bradford County, PA",0.9836952351722552,0.9782822707927806,0.005412964379474583
County,COVID-19,40093,"Major County, OK",0.9593784078516904,0.9909564700861561,-0.03157806223446569
County,COVID-19,40105,"Nowata County, OK",1.0469855992189407,1.0000037800346169,0.04698181918432387
County,COVID-19,17129,"Menard County, IL",0.9577949320355764,0.9987828007078372,-0.040987868672260785
County,COVID-19,25011,"Franklin County, MA",0.958912099837222,0.9922888680423109,-0.033376768205088836
County,COVID-19,39117,"Morrow County, OH",1.0134326535596532,1.0376146634015944,-0.024182009841941188
County,COVID-19,32023,"Nye County, NV",1.0332800378989755,1.0846379605054892,-0.05135792260651373
County,COVID-19,42107,"Schuylkill County, PA",0.9923697182544056,0.9800183001286609,0.012351418125744695
County,COVID-19,45067,"Marion County, SC",0.9970482427820312,0.9959688861566852,0.001079356625345973
County,COVID-19,34019,"Hunterdon County, NJ",1.01052728500399,1.0008858606781448,0.009641424325845138
County,COVID-19,42079,"Luzerne County, PA",1.0028978563083346,0.9905752985594366,0.012322557748898011
County,COVID-19,19067,"Floyd County, IA",0.9268984220907298,0.9766014174637658,-0.04970299537303602
County,COVID-19,12065,"Jefferson County, FL",1.0660910264686896,1.0081298570537394,0.05796116941495022
County,COVID-19,48073,"Cherokee County, TX",1.0012888514350864,1.011397319080938,-0.010108467645851604
County,COVID-19,13113,"Fayette County, GA",1.0528574634401766,1.0241304168960124,0.028727046544164248
County,COVID-19,06111,"Ventura County, CA",0.9827721173421032,1.0008858606781448,-0.018113743336041543
County,COVID-19,13173,"Lanier County, GA",1.0141166980371068,1.028798409686491,-0.014681711649384255
County,COVID-19,28075,"Lauderdale County, MS",0.956764271738011,0.9946310423099964,-0.0378667705719854
County,COVID-19,40115,"Ottawa County, OK",1.0769045709703289,0.9983122573426092,0.07859231362771968
County,COVID-19,40049,"Garvin County, OK",1.0254869070916035,1.0063956152245903,0.019091291867013194
County,COVID-19,30019,"Daniels County, MT",0.9236111111111112,0.9864258063190207,-0.0628146952079095
County,COVID-19,41053,"Polk County, OR",1.087879098886437,1.0479350439811186,0.039944054905318493
County,COVID-19,48471,"Walker County, TX",1.016686727213043,0.9823355035219797,0.03435122369106336
County,COVID-19,02220,"Sitka Borough/city, AK",1.0290178571428572,0.9643565416070743,0.06466131553578292
County,COVID-19,38061,"Mountrail County, ND",0.8508434764040145,0.9721746226461567,-0.12133114624214225
County,COVID-19,47129,"Morgan County, TN",1.000199627362257,1.0016910377215713,-0.0014914103593142158
County,COVID-19,45055,"Kershaw County, SC",1.0691945158526135,1.0484797846169485,0.02071473123566503
County,COVID-19,30025,"Fallon County, MT",0.9483811850946854,0.9622648532345469,-0.013883668139861527
County,COVID-19,01115,"St. Clair County, AL",1.0545198562967275,1.0582399818084254,-0.0037201255116978693
County,COVID-19,72093,"Maricao Municipio, PR",1.1887417218543046,0.990765082101902,0.19797663975240265
County,COVID-19,30067,"Park County, MT",1.118664383561644,1.022570575324067,0.09609380823757707
County,COVID-19,18131,"Pulaski County, IN",1.0198223913732951,1.0061644759123975,0.013657915460897563
County,COVID-19,30099,"Teton County, MT",1.0014260249554368,1.0009988586799061,4.271662755306327e-4
County,COVID-19,01091,"Marengo County, AL",0.9746480798141316,0.9702407619064547,0.0044073179076769
County,COVID-19,48359,"Oldham County, TX",0.9910220994475138,1.0709663114677128,-0.07994421202019897
County,COVID-19,42007,"Beaver County, PA",0.9607919871834067,0.9969437856816276,-0.03615179849822081
County,COVID-19,01103,"Morgan County, AL",1.0451696840870777,1.0051863433089887,0.03998334077808896
County,COVID-19,48473,"Waller County, TX",1.1379617989375077,1.1242526170553988,0.0137091818821089
County,COVID-19,13055,"Chattooga County, GA",0.9022759141408694,1.0008858606781448,-0.0986099465372754
County,COVID-19,53007,"Chelan County, WA",0.9617952165978292,1.0045993773449546,-0.04280416074712545
County,COVID-19,17089,"Kane County, IL",0.9654269522905292,1.0033472119724094,-0.037920259681880175
County,COVID-19,17043,"DuPage County, IL",1.0181764303243794,1.0008858606781448,0.017290569646234655
County,COVID-19,39003,"Allen County, OH",0.9748307771399196,0.9958564621276497,-0.021025684987730053
County,COVID-19,51037,"Charlotte County, VA",1.024236037934668,0.9966818588105743,0.027554179124093747
County,COVID-19,06081,"San Mateo County, CA",0.987214937354389,1.0008858606781448,-0.013670923323755746
County,COVID-19,31133,"Pawnee County, NE",1.0289042277825713,0.9871600599809677,0.041744167801603616
County,COVID-19,19159,"Ringgold County, IA",0.9306492411467115,0.9863933163727969,-0.05574407522608538
County,COVID-19,24009,"Calvert County, MD",0.9846750099241586,1.0227296529289838,-0.038054643004825195
County,COVID-19,13109,"Evans County, GA",1.007066381156317,0.9709170854252679,0.03614929573104908
County,COVID-19,12035,"Flagler County, FL",1.1216127907989892,1.0972351978978259,0.02437759290116337
County,COVID-19,28079,"Leake County, MS",0.9976213710661136,1.0008858606781448,-0.003264489612031185
County,COVID-19,41007,"Clatsop County, OR",1.0192068050062306,0.998621744952125,0.020585060054105653
County,COVID-19,26047,"Emmet County, MI",1.0013486572065204,1.0079441085191303,-0.006595451312609857
County,COVID-19,38097,"Traill County, ND",1.0012603982858583,1.0020617191606793,-8.013208748209877e-4
County,COVID-19,13205,"Mitchell County, GA",0.9718462063474008,0.9643771894669555,0.007469016880445323
County,COVID-19,51089,"Henry County, VA",1.0114738760033486,0.9875797031300566,0.023894172873291986
County,COVID-19,36041,"Hamilton County, NY",0.9457142857142856,0.9727479167489377,-0.02703363103465206
County,COVID-19,05013,"Calhoun County, AR",1.01179718875502,0.9413089172095692,0.07048827154545068
County,COVID-19,47179,"Washington County, TN",1.0195598239295718,1.005218110615097,0.014341713314474758
County,COVID-19,13037,"Calhoun County, GA",1.015003061849357,0.9060398492680093,0.10896321258134778
County,COVID-19,48437,"Swisher County, TX",0.9822649572649572,1.0000747678386317,-0.01780981057367448
County,COVID-19,13023,"Bleckley County, GA",1.0268612521150593,0.9845596772759967,0.042301574839062606
County,COVID-19,39151,"Stark County, OH",0.9739700438327542,0.9980340545989475,-0.024064010766193245
County,COVID-19,20195,"Trego County, KS",0.911096256684492,0.9970349665982142,-0.08593870991372221
County,COVID-19,39165,"Warren County, OH",1.053403433404932,1.031361710663433,0.02204172274149907
County,COVID-19,08111,"San Juan County, CO",1.0885416666666667,0.9471654655521674,0.14137620111449933
County,COVID-19,26139,"Ottawa County, MI",1.0224199797186615,1.0077353707590064,0.014684608959655066
County,COVID-19,47053,"Gibson County, TN",0.9981572183696232,1.0015515606002008,-0.0033943422305775517
County,COVID-19,31091,"Hooker County, NE",0.827536231884058,0.9791999881756119,-0.15166375629155393
County,COVID-19,48497,"Wise County, TX",1.1555760743685248,1.1034872597976684,0.052088814570856456
County,COVID-19,04012,"La Paz County, AZ",1.0195520469983477,0.9747230335637649,0.04482901343458279
County,COVID-19,06037,"Los Angeles County, CA",0.9725990472583538,1.0082086233687813,-0.03560957611042748
County,COVID-19,40091,"McIntosh County, OK",1.0602573807721425,1.0017054193967336,0.058551961375408856
County,COVID-19,22065,"Madison Parish, LA",0.9975255691191026,0.9150001622666339,0.08252540685246867
County,COVID-19,21073,"Franklin County, KY",1.0146443514644352,0.9861404442202837,0.028503907244151527
County,COVID-19,22099,"St. Martin Parish, LA",0.9980003515865342,1.018116012936139,-0.020115661349604852
County,COVID-19,13249,"Schley County, GA",0.9975037443834248,1.0008858606781448,-0.0033821162947199612
County,COVID-19,19089,"Howard County, IA",0.992008681925809,0.9937799588171977,-0.0017712768913886734
County,COVID-19,29097,"Jasper County, MO",1.0139637048271537,1.0002344450686864,0.013729259758467283
County,COVID-19,13179,"Liberty County, GA",1.0065554490809303,1.0056395986973403,9.158503835899889e-4
County,COVID-19,46073,"Jerauld County, SD",1.1317689530685922,1.027182561902336,0.10458639116625612
County,COVID-19,46089,"McPherson County, SD",0.9666958808063104,1.0022476294803888,-0.0355517486740784
County,COVID-19,31115,"Loup County, NE",0.9357366771159876,1.0516212163424126,-0.11588453922642494
County,COVID-19,54017,"Doddridge County, WV",0.974869109947644,0.9824720676370283,-0.007602957689384349
County,COVID-19,28127,"Simpson County, MS",0.9976897365316556,1.0381278935469438,-0.04043815701528819
County,COVID-19,53049,"Pacific County, WA",0.9899778732266042,1.0266680584645205,-0.03669018523791623
County,COVID-19,01073,"Jefferson County, AL",0.9951753338539884,1.0009364128376896,-0.005761078983701262
County,COVID-19,31095,"Jefferson County, NE",1.0085863232137382,0.9789688646046721,0.02961745860906606
County,COVID-19,37039,"Cherokee County, NC",1.0081817350763325,0.9976985332889818,0.010483201787350627
County,COVID-19,28121,"Rankin County, MS",1.0356166052859621,1.0138502692101672,0.021766336075794923
County,COVID-19,13085,"Dawson County, GA",1.202202926515517,1.1123994488707785,0.0898034776447385
County,COVID-19,54007,"Braxton County, WV",0.9941668500990536,0.9706998234851315,0.023467026613922082
County,COVID-19,17199,"Williamson County, IL",0.960774707688288,0.9931219942634754,-0.03234728657518737
County,COVID-19,08061,"Kiowa County, CO",0.882051282051282,0.9908229749324361,-0.10877169288115407
County,COVID-19,48163,"Frio County, TX",0.9239823815309842,0.9605814999613496,-0.03659911843036534
County,COVID-19,49009,"Daggett County, UT",1.052801724137931,1.0760014229270338,-0.023199698789102774
County,COVID-19,40011,"Blaine County, OK",0.9510603588907016,0.9763836844520578,-0.02532332556135619
County,COVID-19,53023,"Garfield County, WA",0.8513368983957219,1.0314628627892908,-0.18012596439356887
County,COVID-19,39135,"Preble County, OH",1.0352616102210506,0.9925270075480206,0.042734602673029976
County,COVID-19,39145,"Scioto County, OH",1.0311771780801322,0.985403849192703,0.04577332888742924
County,COVID-19,28111,"Perry County, MS",1.0005085176709891,1.0129625523235457,-0.012454034652556567
County,COVID-19,41059,"Umatilla County, OR",1.0429555872620746,0.9968918261374614,0.04606376112461319
County,COVID-19,37179,"Union County, NC",1.0887358009761154,1.0726207241557366,0.016115076820378826
County,COVID-19,41025,"Harney County, OR",1.0597743214394633,0.98083730702888,0.07893701441058332
County,COVID-19,24025,"Harford County, MD",0.9829419854693654,1.0124661105160417,-0.02952412504667634
County,COVID-19,30077,"Powell County, MT",0.9910251296370164,0.9681048767595352,0.02292025287748123
County,COVID-19,47171,"Unicoi County, TN",0.9635007849293564,1.0105944708684438,-0.04709368593908736
County,COVID-19,48025,"Bee County, TX",0.9589957737975447,0.9822665591658101,-0.023270785368265323
County,COVID-19,30033,"Garfield County, MT",0.9738415545590432,1.0144794756606492,-0.04063792110160602
County,COVID-19,19007,"Appanoose County, IA",0.9935470861060698,1.0019775997993459,-0.008430513693276076
County,COVID-19,08019,"Clear Creek County, CO",0.9998191681735984,1.0250881007372403,-0.025268932563641933
County,COVID-19,72091,"Manati Municipio, PR",1.111934625617636,1.093040049027553,0.01889457659008298
County,COVID-19,29149,"Oregon County, MO",0.9948686990642922,0.9835809817770401,0.011287717287252086
County,COVID-19,13083,"Dade County, GA",1.0029669398135066,0.9927408775396368,0.010226062273869796
County,COVID-19,27099,"Mower County, MN",1.0402943786210137,0.9924118200545669,0.04788255856644685
County,COVID-19,13089,"DeKalb County, GA",1.0151644545815257,1.0105026748769708,0.004661779704554947
County,COVID-19,25017,"Middlesex County, MA",0.9797809743003836,1.0015099488893595,-0.021728974588975936
County,COVID-19,13261,"Sumter County, GA",0.9035708904625585,0.9764433403029297,-0.07287244984037122
County,COVID-19,21115,"Johnson County, KY",0.9969259365170146,0.9949867736398056,0.0019391628772089664
County,COVID-19,31027,"Cedar County, NE",1.0227013461099703,0.987058170931265,0.0356431751787053
County,COVID-19,55087,"Outagamie County, WI",1.0138297662685745,0.9988212816583567,0.015008484610217754
County,COVID-19,16015,"Boise County, ID",1.1412168207575306,1.0760638842189987,0.06515293653853194
County,COVID-19,27067,"Kandiyohi County, MN",0.9513120041844652,0.995201912259813,-0.04388990807534787
County,COVID-19,02164,"Lake and Peninsula Borough, AK",0.9298611111111112,0.9980081637357935,-0.06814705262468224
County,COVID-19,13101,"Echols County, GA",0.974128540305011,0.9939244646858971,-0.019795924380886176
County,COVID-19,29215,"Texas County, MO",1.0245303274288782,0.9985411759721081,0.025989151456770054
County,COVID-19,37145,"Person County, NC",1.0533938372914515,1.0496374546646332,0.003756382626818322
County,COVID-19,51187,"Warren County, VA",1.0381805444355483,1.0332785288732036,0.004902015562344708
County,COVID-19,02282,"Yakutat Borough/city, AK",1.256140350877193,1.295971982624102,-0.03983163174690918
County,COVID-19,54029,"Hancock County, WV",0.9771382463690156,0.9896200307090418,-0.012481784340026225
County,COVID-19,08093,"Park County, CO",1.0523436600253369,1.0332265500897284,0.019117109935608445
County,COVID-19,08011,"Bent County, CO",0.9728070175438596,0.9209559341400908,0.05185108340376876
County,COVID-19,05139,"Union County, AR",0.9433193381081748,0.9831472717778492,-0.03982793366967441
County,COVID-19,21229,"Washington County, KY",0.9896808879639264,0.998757726640812,-0.009076838676885579
County,COVID-19,31065,"Furnas County, NE",0.9298831385642736,0.9759217661274634,-0.04603862756318977
County,COVID-19,05017,"Chicot County, AR",0.8626891236083357,0.9297077676517429,-0.06701864404340718
County,COVID-19,26163,"Wayne County, MI",0.984127990207,1.0024841980673485,-0.018356207860348417
County,COVID-19,37067,"Forsyth County, NC",1.0166771679466875,1.004231632232543,0.012445535714144418
County,COVID-19,48289,"Leon County, TX",1.0415927776882157,1.0008858606781448,0.0407069170100709
County,COVID-19,51660,"Harrisonburg city, VA",0.989987508782887,0.9945152339115626,-0.004527725128675608
County,COVID-19,01053,"Escambia County, AL",0.9820982839313572,0.9898366396786827,-0.007738355747325509
County,COVID-19,08063,"Kit Carson County, CO",0.9364427860696516,0.9670734025882464,-0.030630616518594778
County,COVID-19,51700,"Newport News city, VA",0.9915967844543404,0.9989393865307026,-0.00734260207636217
County,COVID-19,30029,"Flathead County, MT",1.1095224957136944,1.0486149821580315,0.06090751355566293
County,COVID-19,49015,"Emery County, UT",1.0318935208437972,0.9887015694062532,0.04319195143754395
County,COVID-19,21187,"Owen County, KY",1.0244588744588743,1.004180294467871,0.020278579991003243
County,COVID-19,01121,"Talladega County, AL",1.0166197864682576,0.9850621194159462,0.03155766705231133
County,COVID-19,13111,"Fannin County, GA",1.059904407859798,1.0184693492634525,0.04143505859634544
County,COVID-19,25019,"Nantucket County/town, MA",1.0411591229644823,1.004635639361808,0.03652348360267421
County,COVID-19,27113,"Pennington County, MN",0.990085357846356,0.9748813439283494,0.015204013918006631
County,COVID-19,42061,"Huntingdon County, PA",0.97527665317139,0.9791861125525836,-0.003909459381193581
County,COVID-19,42111,"Somerset County, PA",0.9637328548401812,0.9834164285481115,-0.01968357370793028
County,COVID-19,05033,"Crawford County, AR",0.9981895719343418,1.0090536114986068,-0.010864039564265071
County,COVID-19,05059,"Hot Spring County, AR",0.9961544437538844,1.000186498669525,-0.004032054915640626
County,COVID-19,13283,"Treutlen County, GA",0.9922613929492692,0.9991441347577011,-0.006882741808431958
County,COVID-19,51027,"Buchanan County, VA",0.9334737170488224,0.9624813269460137,-0.02900760989719131
County,COVID-19,36051,"Livingston County, NY",0.9719394868934746,0.9923038373909191,-0.02036435049744445
County,COVID-19,40123,"Pontotoc County, OK",1.0506687091262594,1.000472691265111,0.05019601786114847
County,COVID-19,49057,"Weber County, UT",1.0808610219316908,1.0191943587288137,0.06166666320287706
County,COVID-19,40065,"Jackson County, OK",1.0353382116723184,0.9977175189891464,0.03762069268317203
County,COVID-19,27077,"Lake of the Woods County, MN",0.987531806615776,0.9590305737687047,0.02850123284707129
County,COVID-19,13259,"Stewart County, GA",0.859504132231405,0.884628974706626,-0.025124842475221065
County,COVID-19,48275,"Knox County, TX",1.0391156462585034,0.9592693184381413,0.07984632782036205
County,COVID-19,72025,"Caguas Municipio, PR",1.1346960768578176,1.093040049027553,0.041656027830264675
County,COVID-19,26125,"Oakland County, MI",0.9872411384275638,1.0024224890032245,-0.015181350575660724
County,COVID-19,13071,"Colquitt County, GA",1.021311072919224,0.9962528676892317,0.02505820522999236
County,COVID-19,55085,"Oneida County, WI",0.9942048747230272,1.009589065378167,-0.01538419065513974
County,COVID-19,39065,"Hardin County, OH",0.9176897121114224,0.9954391236146041,-0.07774941150318171
County,COVID-19,55025,"Dane County, WI",1.0322792773092733,0.9974307145252258,0.034848562784047465
County,COVID-19,08013,"Boulder County, CO",1.0231508365198143,0.999745560811658,0.023405275708156315
County,COVID-19,48429,"Stephens County, TX",0.995382782246053,0.9726944944342599,0.022688287811793106
County,COVID-19,48335,"Mitchell County, TX",1.0224465200361554,1.0017531471673808,0.020693372868774595
County,COVID-19,30001,"Beaverhead County, MT",1.0324105334233626,0.9653970430954628,0.06701349032789983
County,COVID-19,51079,"Greene County, VA",1.034135422495803,1.050738694069286,-0.01660327157348296
County,COVID-19,72007,"Aguas Buenas Municipio, PR",1.113747427983539,1.093040049027553,0.020707378955986178
County,COVID-19,19069,"Franklin County, IA",0.9585556011489536,0.959009851283624,-4.5425013467048636e-4
County,COVID-19,37083,"Halifax County, NC",0.9635267562210966,0.9840945827163494,-0.020567826495252794
County,COVID-19,47135,"Perry County, TN",0.8685995252628009,1.0008858606781448,-0.13228633541534385
County,COVID-19,04015,"Mohave County, AZ",1.0707853499500446,1.05034409000666,0.020441259943384527
County,COVID-19,46123,"Tripp County, SD",0.9949582753824756,0.9633661812566241,0.03159209412585151
County,COVID-19,21077,"Gallatin County, KY",0.9870032491877032,1.0657291149681996,-0.07872586578049634
County,COVID-19,25005,"Bristol County, MA",0.9905299983226816,1.0058474190922189,-0.015317420769537238
County,COVID-19,51680,"Lynchburg city, VA",0.9802732845453808,1.0048786539918777,-0.02460536944649694
County,COVID-19,40063,"Hughes County, OK",0.971318192460782,0.999983623068626,-0.02866543060784399
County,COVID-19,55083,"Oconto County, WI",1.0023374088153705,1.0399742469121054,-0.037636838096734904
County,COVID-19,28157,"Wilkinson County, MS",0.947315300767057,0.9421627227731209,0.005152577993936092
County,COVID-19,13049,"Charlton County, GA",1.0455580865603644,0.9672586573139181,0.07829942924644628
County,COVID-19,06051,"Mono County, CA",1.0392297650130549,0.9615634090079588,0.07766635600509608
County,COVID-19,26039,"Crawford County, MI",1.0085913897280967,0.9928600982919187,0.01573129143617802
County,COVID-19,18015,"Carroll County, IN",1.0260375494071146,1.0269700200060667,-9.324705989521842e-4
County,COVID-19,45071,"Newberry County, SC",1.0466790524849048,0.9864598050934963,0.06021924739140849
County,COVID-19,48145,"Falls County, TX",1.0505770536320431,1.0006088714684886,0.049968182163554475
County,COVID-19,48141,"El Paso County, TX",1.044767504480893,1.0199915890630096,0.024775915417883487
County,COVID-19,13211,"Morgan County, GA",1.0886691608765366,1.0734342647600938,0.015234896116442798
County,COVID-19,12067,"Lafayette County, FL",1.0004032258064517,0.9809300404994215,0.01947318530703024
County,COVID-19,22069,"Natchitoches Parish, LA",1.0546367851622875,0.9756237247409273,0.07901306042136025
County,COVID-19,02180,"Nome Census Area, AK",1.023920174958994,0.9925696919961045,0.03135048296288945
County,COVID-19,28115,"Pontotoc County, MS",0.950965824665676,1.003113704913409,-0.05214788024773287
County,COVID-19,36077,"Otsego County, NY",0.9366236162361624,0.9773750545747385,-0.040751438338576085
County,COVID-19,20085,"Jackson County, KS",1.02383523603826,1.0025486500448104,0.02128658599344968
County,COVID-19,08037,"Eagle County, CO",0.9511348311382744,0.9870482481117716,-0.03591341697349726
County,COVID-19,21215,"Spencer County, KY",1.0457114903793892,1.0599882030362708,-0.014276712656881685
County,COVID-19,49055,"Wayne County, UT",1.0826702033598583,0.9803060945424934,0.10236410881736491
