geography,fips,county_name,crisis,observed,predicted,residual,state_fips,state_abbr,state_name
County,01003,"Baldwin County, AL",Great Recession,0.9669104927593536,0.9635890165602835,0.0033214761990700836,NA,NA,NA
County,01017,"Chambers County, AL",Great Recession,0.90900888859186,0.912537213158274,-0.003528324566413943,NA,NA,NA
County,01029,"Cleburne County, AL",Great Recession,0.8401918316831684,0.9178175398817252,-0.07762570819855685,NA,NA,NA
County,01031,"Coffee County, AL",Great Recession,0.9740541859897486,0.9500081571313578,0.0240460288583908,NA,NA,NA
County,01035,"Conecuh County, AL",Great Recession,0.8398605700225549,0.8842467492769926,-0.044386179254437774,NA,NA,NA
County,01069,"Houston County, AL",Great Recession,0.9318901909722224,0.9685780781371408,-0.03668788716491844,NA,NA,NA
County,01071,"Jackson County, AL",Great Recession,0.8371344244700831,0.9083462218469919,-0.07121179737690875,NA,NA,NA
County,01075,"Lamar County, AL",Great Recession,0.9256791832496972,0.871540489490531,0.054138693759166245,NA,NA,NA
County,01081,"Lee County, AL",Great Recession,1.005392912172573,0.969847475151301,0.03554543702127211,NA,NA,NA
County,01083,"Limestone County, AL",Great Recession,1.0229472630173564,0.9752499811334661,0.04769728188389033,NA,NA,NA
County,01101,"Montgomery County, AL",Great Recession,0.9647263570338248,0.9657074125351501,-9.81055501325323e-4,NA,NA,NA
County,01103,"Morgan County, AL",Great Recession,0.9637359652299892,0.9456125608409602,0.01812340438902893,NA,NA,NA
County,01105,"Perry County, AL",Great Recession,0.9749547374773688,0.8602067750867181,0.11474796239065077,NA,NA,NA
County,01107,"Pickens County, AL",Great Recession,0.8937347227582658,0.8707501271688621,0.02298459558940369,NA,NA,NA
County,01109,"Pike County, AL",Great Recession,0.9026723853513692,0.9048315024420075,-0.0021591170906383184,NA,NA,NA
County,01117,"Shelby County, AL",Great Recession,1.0145629584352078,1.011086453082951,0.0034765053522567424,NA,NA,NA
County,01119,"Sumter County, AL",Great Recession,1.0794547872340423,0.8459096423823735,0.23354514485166877,NA,NA,NA
County,01131,"Wilcox County, AL",Great Recession,0.8853754940711462,0.8477047760957548,0.037670717975391455,NA,NA,NA
County,02050,"Bethel Census Area, AK",Great Recession,1.0056133399372629,0.9909018390407727,0.014711500896490204,NA,NA,NA
County,02068,"Denali Borough, AK",Great Recession,0.6132686084142395,0.9359774782187631,-0.3227088698045236,NA,NA,NA
County,02100,"Haines Borough, AK",Great Recession,0.7356020942408377,0.9052846083059021,-0.1696825140650644,NA,NA,NA
County,02164,"Lake and Peninsula Borough, AK",Great Recession,0.4868301544050863,0.9749971552528133,-0.48816700084772696,NA,NA,NA
County,02170,"Matanuska-Susitna Borough, AK",Great Recession,1.03843249576878,0.9988071308968853,0.03962536487189472,NA,NA,NA
County,04003,"Cochise County, AZ",Great Recession,0.8078373015873016,0.9487730356882587,-0.14093573410095706,NA,NA,NA
County,04007,"Gila County, AZ",Great Recession,0.9343446720909716,0.9224780722527661,0.011866599838205483,NA,NA,NA
County,04011,"Greenlee County, AZ",Great Recession,0.9225110348209908,0.9682357503399419,-0.045724715518951076,NA,NA,NA
County,04023,"Santa Cruz County, AZ",Great Recession,1.0961798186378546,0.9842621143468451,0.11191770429100956,NA,NA,NA
County,05001,"Arkansas County, AR",Great Recession,0.7775990440297822,0.8948947635224124,-0.11729571949263018,NA,NA,NA
County,05003,"Ashley County, AR",Great Recession,0.8443364611260054,0.8709619440275841,-0.026625482901578734,NA,NA,NA
County,05007,"Benton County, AR",Great Recession,1.039691458425748,1.0157450723024442,0.023946386123303798,NA,NA,NA
County,05009,"Boone County, AR",Great Recession,0.9627414330218068,0.9407735633734091,0.021967869648397698,NA,NA,NA
County,05015,"Carroll County, AR",Great Recession,0.8875934562143756,0.9055097517190543,-0.01791629550467877,NA,NA,NA
County,05021,"Clay County, AR",Great Recession,0.9703474903474903,0.8879123413184247,0.08243514902906568,NA,NA,NA
County,05053,"Grant County, AR",Great Recession,0.9712362301101592,0.9558114942037619,0.015424735906397369,NA,NA,NA
County,05063,"Independence County, AR",Great Recession,0.917945762300552,0.9223447660894504,-0.004399003788898348,NA,NA,NA
County,05065,"Izard County, AR",Great Recession,0.8800829056454796,0.9143915821390757,-0.034308676493596035,NA,NA,NA
County,05067,"Jackson County, AR",Great Recession,0.7912875654811139,0.8766599164466001,-0.08537235096548623,NA,NA,NA
County,05073,"Lafayette County, AR",Great Recession,0.8511555708865126,0.8543124332613081,-0.0031568623747955105,NA,NA,NA
County,05075,"Lawrence County, AR",Great Recession,0.9488091780424048,0.8849003797813255,0.06390879826107931,NA,NA,NA
County,05079,"Lincoln County, AR",Great Recession,0.7832486234646336,0.8702656962262378,-0.0870170727616042,NA,NA,NA
County,05087,"Madison County, AR",Great Recession,0.9214295186314811,0.9273372051953226,-0.005907686563841441,NA,NA,NA
County,05089,"Marion County, AR",Great Recession,0.9263078089461714,0.8936351727786439,0.03267263616752747,NA,NA,NA
County,05095,"Monroe County, AR",Great Recession,0.8018080667593881,0.837536756092972,-0.03572868933358386,NA,NA,NA
County,05103,"Ouachita County, AR",Great Recession,0.7955883645311539,0.8673832558022505,-0.07179489127109662,NA,NA,NA
County,05113,"Polk County, AR",Great Recession,0.9044187708432588,0.8985296153757597,0.00588915546749913,NA,NA,NA
County,05121,"Randolph County, AR",Great Recession,0.8299191750278707,0.9170612495938625,-0.08714207456599177,NA,NA,NA
County,05129,"Searcy County, AR",Great Recession,0.8851450336946968,0.910320625281381,-0.025175591586684254,NA,NA,NA
County,05133,"Sevier County, AR",Great Recession,0.8311468758452799,0.9197676140775328,-0.08862073823225292,NA,NA,NA
County,05141,"Van Buren County, AR",Great Recession,0.8987887963663891,0.9027680421733203,-0.003979245806931209,NA,NA,NA
County,06001,"Alameda County, CA",Great Recession,0.9974145656818788,0.9810521110545792,0.016362454627299572,NA,NA,NA
County,06031,"Kings County, CA",Great Recession,0.9490255579010856,0.9807395749748862,-0.031714017073800616,NA,NA,NA
County,06035,"Lassen County, CA",Great Recession,0.8134392076502732,0.9307067712366325,-0.11726756358635926,NA,NA,NA
County,06045,"Mendocino County, CA",Great Recession,0.9046726032037942,0.9264671607362054,-0.02179455753241122,NA,NA,NA
County,06049,"Modoc County, CA",Great Recession,0.8207725553754727,0.904185844959271,-0.08341328958379834,NA,NA,NA
County,06053,"Monterey County, CA",Great Recession,0.98235654013817,0.9770967662558016,0.005259773882368424,NA,NA,NA
County,06057,"Nevada County, CA",Great Recession,0.9086430764125114,0.9345521406144217,-0.025909064201910303,NA,NA,NA
County,06083,"Santa Barbara County, CA",Great Recession,0.9560378355019926,0.9764723057177601,-0.020434470215767497,NA,NA,NA
County,06085,"Santa Clara County, CA",Great Recession,1.0478489195815766,0.9954047546394942,0.05244416494208237,NA,NA,NA
County,06091,"Sierra County, CA",Great Recession,0.8381174899866488,0.8962377165158463,-0.05812022652919746,NA,NA,NA
County,06101,"Sutter County, CA",Great Recession,1.0055609025772645,0.9884469646391747,0.017113937938089796,NA,NA,NA
County,06109,"Tuolumne County, CA",Great Recession,0.7892138865091992,0.9060620884484741,-0.11684820193927492,NA,NA,NA
County,06113,"Yolo County, CA",Great Recession,0.9735943926441136,0.9974693575701846,-0.023874964926070996,NA,NA,NA
County,08007,"Archuleta County, CO",Great Recession,0.8141328297135663,0.9280293199365375,-0.11389649022297121,NA,NA,NA
County,08015,"Chaffee County, CO",Great Recession,0.977392614920874,0.8930720386340425,0.08432057628683154,NA,NA,NA
County,08031,"Denver County/city, CO",Great Recession,1.0638605843627875,1.0192127770914676,0.044647807271319895,NA,NA,NA
County,08043,"Fremont County, CO",Great Recession,0.754914004914005,0.9089197578791077,-0.15400575296510277,NA,NA,NA
County,08047,"Gilpin County, CO",Great Recession,0.9674011469966798,0.9601233349909828,0.007277812005696993,NA,NA,NA
County,08069,"Larimer County, CO",Great Recession,0.9693469555824764,0.9813296797010846,-0.011982724118608234,NA,NA,NA
County,08071,"Las Animas County, CO",Great Recession,0.6925187925068608,0.921546608158933,-0.2290278156520722,NA,NA,NA
County,08077,"Mesa County, CO",Great Recession,0.8759330381636533,1.0149038238951358,-0.13897078573148247,NA,NA,NA
County,08085,"Montrose County, CO",Great Recession,0.8963009247688078,0.9779178621798839,-0.08161693741107601,NA,NA,NA
County,08099,"Prowers County, CO",Great Recession,0.8476437395150221,0.9041624984712288,-0.056518758956206616,NA,NA,NA
County,08103,"Rio Blanco County, CO",Great Recession,0.5175740210124165,0.919372457839968,-0.40179843682755156,NA,NA,NA
County,08109,"Saguache County, CO",Great Recession,0.9436478826275424,0.8878625520595658,0.05578533056797663,NA,NA,NA
County,08119,"Teller County, CO",Great Recession,0.8908838651758753,0.9210930442847403,-0.030209179108865003,NA,NA,NA
County,08125,"Yuma County, CO",Great Recession,0.7637287621359223,0.9849026126890146,-0.22117385055309224,NA,NA,NA
County,09170,"South Central Connecticut Planning Region, CT",Great Recession,0.9831684789614696,0.9689394889782025,0.01422898998326716,NA,NA,NA
County,09190,"Western Connecticut Planning Region, CT",Great Recession,0.9427764922127584,0.9689394889782025,-0.02616299676544409,NA,NA,NA
County,10005,"Sussex County, DE",Great Recession,0.9508545360381704,0.9640354633512037,-0.01318092731303333,NA,NA,NA
County,12003,"Baker County, FL",Great Recession,0.8979154156300935,0.971759272009088,-0.07384385637899449,NA,NA,NA
County,12007,"Bradford County, FL",Great Recession,0.8399635338969004,0.9279566952551083,-0.0879931613582079,NA,NA,NA
County,12029,"Dixie County, FL",Great Recession,0.9169369369369368,0.9155122358410491,0.0014247010958876594,NA,NA,NA
County,12043,"Glades County, FL",Great Recession,1.060550259965338,0.9153103984449434,0.1452398615203946,NA,NA,NA
County,12049,"Hardee County, FL",Great Recession,0.8135279428226987,0.9220746219950446,-0.10854667917234595,NA,NA,NA
County,12067,"Lafayette County, FL",Great Recession,1.1571428571428573,0.9067911501686573,0.25035170697419995,NA,NA,NA
County,12071,"Lee County, FL",Great Recession,0.9207512971781932,0.9967352237572576,-0.0759839265790645,NA,NA,NA
County,12075,"Levy County, FL",Great Recession,0.9738831192773304,0.91868105251772,0.05520206675961037,NA,NA,NA
County,12099,"Palm Beach County, FL",Great Recession,0.9757651102779112,0.9731447527539182,0.0026203575239930332,NA,NA,NA
County,12115,"Sarasota County, FL",Great Recession,0.891357747012412,0.9559221141084746,-0.06456436709606261,NA,NA,NA
County,12117,"Seminole County, FL",Great Recession,0.9137787361259064,0.9701472406312089,-0.05636850450530251,NA,NA,NA
County,12127,"Volusia County, FL",Great Recession,0.8712064608060492,0.947511102535215,-0.07630464172916573,NA,NA,NA
County,13001,"Appling County, GA",Great Recession,0.9167153369933418,0.9090689508315125,0.007646386161829333,NA,NA,NA
County,13019,"Berrien County, GA",Great Recession,0.814164506245581,0.9393857906746642,-0.1252212844290832,NA,NA,NA
County,13057,"Cherokee County, GA",Great Recession,1.006905273204486,1.0311542443250654,-0.024248971120579332,NA,NA,NA
County,13061,"Clay County, GA",Great Recession,0.5866302864938608,0.8836292941555289,-0.2969990076616681,NA,NA,NA
County,13065,"Clinch County, GA",Great Recession,0.9933078393881452,0.8994086542889335,0.09389918509921169,NA,NA,NA
County,13089,"DeKalb County, GA",Great Recession,0.9064105780201818,1.0003112114589463,-0.09390063343876454,NA,NA,NA
County,13091,"Dodge County, GA",Great Recession,0.7676784523015343,0.9301964122261198,-0.1625179599245855,NA,NA,NA
County,13095,"Dougherty County, GA",Great Recession,0.871041358559845,0.9376525193849614,-0.06661116082511642,NA,NA,NA
County,13103,"Effingham County, GA",Great Recession,0.8969983854396008,1.0022873777399302,-0.1052889923003294,NA,NA,NA
County,13113,"Fayette County, GA",Great Recession,0.9619483241591412,0.9711508555379003,-0.009202531378759038,NA,NA,NA
County,13119,"Franklin County, GA",Great Recession,0.8856335514574658,0.9331977083569261,-0.04756415689946025,NA,NA,NA
County,13121,"Fulton County, GA",Great Recession,0.9895902371396348,1.003572656211747,-0.013982419072112284,NA,NA,NA
County,13137,"Habersham County, GA",Great Recession,0.9144614430432086,0.9485869621933496,-0.03412551915014095,NA,NA,NA
County,13149,"Heard County, GA",Great Recession,0.9896261076291334,0.9339821489622704,0.055643958666863,NA,NA,NA
County,13153,"Houston County, GA",Great Recession,0.9608585084870396,0.9887304782342393,-0.027871969747199743,NA,NA,NA
County,13159,"Jasper County, GA",Great Recession,0.992986798679868,0.979867020283113,0.013119778396755044,NA,NA,NA
County,13163,"Jefferson County, GA",Great Recession,0.9056517077653544,0.8881918265393615,0.017459881225992957,NA,NA,NA
County,13185,"Lowndes County, GA",Great Recession,0.9242995953000058,0.9840499882678557,-0.0597503929678499,NA,NA,NA
County,13219,"Oconee County, GA",Great Recession,0.8997812797936179,0.9684812145769118,-0.06869993478329395,NA,NA,NA
County,13253,"Seminole County, GA",Great Recession,0.7769067233590221,0.8733207403083911,-0.09641401694936902,NA,NA,NA
County,13255,"Spalding County, GA",Great Recession,0.9324308952337618,0.9278937924760654,0.004537102757696365,NA,NA,NA
County,13257,"Stephens County, GA",Great Recession,0.8129105411323115,0.9158885649472659,-0.10297802381495436,NA,NA,NA
County,13263,"Talbot County, GA",Great Recession,0.889229720518064,0.8950341067393743,-0.005804386221310298,NA,NA,NA
County,13273,"Terrell County, GA",Great Recession,0.772107243650047,0.8532041248772508,-0.08109688122720382,NA,NA,NA
County,13277,"Tift County, GA",Great Recession,0.9135450524857462,0.9268862827368267,-0.013341230251080471,NA,NA,NA
County,13279,"Toombs County, GA",Great Recession,0.8572084832708062,0.9152067883801158,-0.05799830510930959,NA,NA,NA
County,13289,"Twiggs County, GA",Great Recession,0.6304995417048579,0.8925089502685662,-0.26200940856370836,NA,NA,NA
County,13309,"Wheeler County, GA",Great Recession,0.5808466342817488,0.8716878684002056,-0.29084123411845686,NA,NA,NA
County,13319,"Wilkinson County, GA",Great Recession,0.7700504124656279,0.9153698508603012,-0.14531943839467332,NA,NA,NA
County,15007,"Kauai County, HI",Great Recession,1.0007781982421875,0.9442654857065762,0.0565127125356113,NA,NA,NA
County,16009,"Benewah County, ID",Great Recession,0.9529858564693556,0.910735916109809,0.042249940359546656,NA,NA,NA
County,16019,"Bonneville County, ID",Great Recession,0.9418965832267496,0.9913100004482699,-0.04941341722152026,NA,NA,NA
County,16031,"Cassia County, ID",Great Recession,0.985452839042703,0.972591514296493,0.012861324746209934,NA,NA,NA
County,16055,"Kootenai County, ID",Great Recession,0.9473257939397542,0.9719364066550505,-0.0246106127152963,NA,NA,NA
County,16063,"Lincoln County, ID",Great Recession,0.9731962918178154,0.9660292569789496,0.007167034838865827,NA,NA,NA
County,16075,"Payette County, ID",Great Recession,1.0049034175334324,0.9565005343651614,0.048402883168271016,NA,NA,NA
County,16077,"Power County, ID",Great Recession,1.0046283691805065,0.9634668955104597,0.041161473670046744,NA,NA,NA
County,16079,"Shoshone County, ID",Great Recession,0.851528384279476,0.9076325532100781,-0.056104168930602105,NA,NA,NA
County,16083,"Twin Falls County, ID",Great Recession,0.9653883652908676,0.9756014172128081,-0.010213051921940552,NA,NA,NA
County,17011,"Bureau County, IL",Great Recession,0.8756228336221837,0.9344983706147098,-0.05887553699252601,NA,NA,NA
County,17035,"Cumberland County, IL",Great Recession,0.9942591580098414,0.9401754946090799,0.05408366340076154,NA,NA,NA
County,17045,"Edgar County, IL",Great Recession,0.8513567438148444,0.9088902398262731,-0.057533496011428764,NA,NA,NA
County,17055,"Franklin County, IL",Great Recession,0.9254576897847218,0.9277356521237403,-0.0022779623390185577,NA,NA,NA
County,17061,"Greene County, IL",Great Recession,0.8020730503455084,0.9285051924697324,-0.12643214212422405,NA,NA,NA
County,17071,"Henderson County, IL",Great Recession,0.8672942997162755,0.9492164963177117,-0.08192219660143618,NA,NA,NA
County,17075,"Iroquois County, IL",Great Recession,0.8481772470144563,0.9462350244020855,-0.09805777738762922,NA,NA,NA
County,17079,"Jasper County, IL",Great Recession,0.90097600650671,0.9412003429800734,-0.04022433647336343,NA,NA,NA
County,17083,"Jersey County, IL",Great Recession,0.9203066500267428,0.9426292840059743,-0.02232263397923151,NA,NA,NA
County,17087,"Johnson County, IL",Great Recession,0.7768179991964644,0.9121188791710763,-0.13530087997461182,NA,NA,NA
County,17097,"Lake County, IL",Great Recession,0.9512834241262772,0.976645628382545,-0.025362204256267784,NA,NA,NA
County,17109,"McDonough County, IL",Great Recession,0.7936335684572255,0.9238877646088789,-0.13025419615165335,NA,NA,NA
County,17115,"Macon County, IL",Great Recession,0.9175745999571208,0.9292225318868002,-0.01164793192967939,NA,NA,NA
County,17119,"Madison County, IL",Great Recession,0.9579921117601012,0.96146655463602,-0.003474442875918804,NA,NA,NA
County,17143,"Peoria County, IL",Great Recession,0.9027819646010076,0.9568840476243898,-0.054102083023382264,NA,NA,NA
County,17145,"Perry County, IL",Great Recession,0.8736935618729097,0.9110398916035108,-0.03734632973060115,NA,NA,NA
County,17153,"Pulaski County, IL",Great Recession,0.6758141236736187,0.8501535438675549,-0.17433942019393622,NA,NA,NA
County,17159,"Richland County, IL",Great Recession,0.9472162452931684,0.9704620905781263,-0.023245845284957878,NA,NA,NA
County,17169,"Schuyler County, IL",Great Recession,0.71875,0.9428752849760529,-0.22412528497605289,NA,NA,NA
County,17175,"Stark County, IL",Great Recession,0.9624735729386892,0.9612492153512742,0.0012243575874150148,NA,NA,NA
County,17181,"Union County, IL",Great Recession,0.8926426426426426,0.9173275599497028,-0.02468491730706024,NA,NA,NA
County,17183,"Vermilion County, IL",Great Recession,0.9096918154260694,0.9149366004303093,-0.005244785004239971,NA,NA,NA
County,17185,"Wabash County, IL",Great Recession,0.8136962660809539,0.9205385216464071,-0.10684225556545324,NA,NA,NA
County,17191,"Wayne County, IL",Great Recession,0.9049937578027466,0.9223500279553783,-0.017356270152631748,NA,NA,NA
County,17201,"Winnebago County, IL",Great Recession,0.9303592651459828,0.9566294633481501,-0.02627019820216736,NA,NA,NA
County,18005,"Bartholomew County, IN",Great Recession,1.0280993475057882,0.9642777998637121,0.06382154764207615,NA,NA,NA
County,18009,"Blackford County, IN",Great Recession,0.7780774111675127,0.897435703047293,-0.11935829187978031,NA,NA,NA
County,18011,"Boone County, IN",Great Recession,1.0298335887891394,0.9784836832514195,0.0513499055377199,NA,NA,NA
County,18033,"DeKalb County, IN",Great Recession,0.9251257768570584,0.9347514786860428,-0.009625701828984368,NA,NA,NA
County,18043,"Floyd County, IN",Great Recession,0.973913162057492,0.9494941222728891,0.024419039784602914,NA,NA,NA
County,18045,"Fountain County, IN",Great Recession,0.93756727664155,0.9154293967339437,0.022137879907606295,NA,NA,NA
County,18049,"Fulton County, IN",Great Recession,0.9335544833132288,0.9400072795737199,-0.0064527962604911115,NA,NA,NA
County,18053,"Grant County, IN",Great Recession,0.9980768603931028,0.8976604281790613,0.1004164322140415,NA,NA,NA
County,18063,"Hendricks County, IN",Great Recession,1.004555138195885,1.008715017345463,-0.00415987914957805,NA,NA,NA
County,18083,"Knox County, IN",Great Recession,0.9029043280182232,0.9160058401091734,-0.01310151209095023,NA,NA,NA
County,18097,"Marion County, IN",Great Recession,0.9572368271671654,0.9982475027057042,-0.041010675538538766,NA,NA,NA
County,18105,"Monroe County, IN",Great Recession,0.9518930028893986,0.9702507144411343,-0.01835771155173571,NA,NA,NA
County,18121,"Parke County, IN",Great Recession,0.8597616865261228,0.9249928533741383,-0.06523116684801544,NA,NA,NA
County,18131,"Pulaski County, IN",Great Recession,0.9190874524714828,0.9228104290642232,-0.0037229765927403458,NA,NA,NA
County,18165,"Vermillion County, IN",Great Recession,0.9056172436316132,0.9243353137106503,-0.01871807007903703,NA,NA,NA
County,18175,"Washington County, IN",Great Recession,0.9381638564955804,0.9319589251697578,0.006204931325822671,NA,NA,NA
County,19007,"Appanoose County, IA",Great Recession,0.9094305163539764,0.9054717448697044,0.003958771484272039,NA,NA,NA
County,19015,"Boone County, IA",Great Recession,0.9320634293986052,0.9409423409831735,-0.008878911584568328,NA,NA,NA
County,19039,"Clarke County, IA",Great Recession,0.978353140916808,0.9206478414261934,0.05770529949061465,NA,NA,NA
County,19047,"Crawford County, IA",Great Recession,0.9187725631768952,0.9367978841780166,-0.01802532100112142,NA,NA,NA
County,19061,"Dubuque County, IA",Great Recession,1.0376562375607037,0.9592293476622095,0.07842688989849422,NA,NA,NA
County,19069,"Franklin County, IA",Great Recession,0.974321286529483,0.9536217467506394,0.020699539778843645,NA,NA,NA
County,19075,"Grundy County, IA",Great Recession,0.9863054480500149,0.9402737251166388,0.046031722933376096,NA,NA,NA
County,19081,"Hancock County, IA",Great Recession,0.9594024307900068,0.9405930627060041,0.018809368084002687,NA,NA,NA
County,19101,"Jefferson County, IA",Great Recession,1.0273668639053255,0.8967737342701476,0.13059312963517788,NA,NA,NA
County,19105,"Jones County, IA",Great Recession,1.0100059148264984,0.940395661730196,0.06961025309630242,NA,NA,NA
County,19107,"Keokuk County, IA",Great Recession,0.9365178571428572,0.9536225163506163,-0.017104659207759165,NA,NA,NA
County,19137,"Montgomery County, IA",Great Recession,0.8903056610598662,0.9354101853167587,-0.045104524256892486,NA,NA,NA
County,19141,"O'Brien County, IA",Great Recession,1.0260245091579918,0.9648317155073224,0.06119279365066943,NA,NA,NA
County,19153,"Polk County, IA",Great Recession,0.994298946572494,0.9947991184992383,-5.001719267443416e-4,NA,NA,NA
County,19189,"Winnebago County, IA",Great Recession,0.8886517253646389,0.9252983306430891,-0.036646605278450206,NA,NA,NA
County,20001,"Allen County, KS",Great Recession,0.8842643805309734,0.9020019462620752,-0.017737565731101745,NA,NA,NA
County,20013,"Brown County, KS",Great Recession,0.9521587998536408,0.924318579754082,0.027840220099558777,NA,NA,NA
County,20015,"Butler County, KS",Great Recession,0.984388537688926,0.9762233102368626,0.008165227452063384,NA,NA,NA
County,20027,"Clay County, KS",Great Recession,0.8036612351639509,0.9596980016224211,-0.1560367664584702,NA,NA,NA
County,20039,"Decatur County, KS",Great Recession,0.825493612078978,0.9435808819579098,-0.11808726987893181,NA,NA,NA
County,20051,"Ellis County, KS",Great Recession,1.044389458621512,0.9530517405003388,0.09133771812117308,NA,NA,NA
County,20061,"Geary County, KS",Great Recession,0.967968628669048,0.9559016526183431,0.012066976050704836,NA,NA,NA
County,20067,"Grant County, KS",Great Recession,0.9817876517695686,0.9542583673401023,0.02752928442946634,NA,NA,NA
County,20083,"Hodgeman County, KS",Great Recession,1.052094522019334,1.028302551040287,0.02379197097904706,NA,NA,NA
County,20089,"Jewell County, KS",Great Recession,0.684140500266099,0.9867596489753917,-0.30261914870929274,NA,NA,NA
County,20107,"Linn County, KS",Great Recession,0.8951737879123312,0.9428548383345979,-0.04768105042226678,NA,NA,NA
County,20117,"Marshall County, KS",Great Recession,0.9969298993689236,0.9540926959131846,0.04283720345573905,NA,NA,NA
County,20119,"Meade County, KS",Great Recession,0.964470284237726,0.9530395128887202,0.01143077134900572,NA,NA,NA
County,20129,"Morton County, KS",Great Recession,0.7892441860465116,1.059660439528176,-0.2704162534816643,NA,NA,NA
County,20131,"Nemaha County, KS",Great Recession,1.0293007370124034,0.9447349246038074,0.08456581240859606,NA,NA,NA
County,20133,"Neosho County, KS",Great Recession,0.72287126488429565,0.9183333946734455,-0.1954621297891499,NA,NA,NA
County,20141,"Osborne County, KS",Great Recession,0.8852873563218391,0.9363561556493518,-0.05106879932751274,NA,NA,NA
County,20145,"Pawnee County, KS",Great Recession,0.8352743271221532,0.928667949271497,-0.09339362214934377,NA,NA,NA
County,20167,"Russell County, KS",Great Recession,1.054608494654724,0.9365040501051981,0.11810444454952596,NA,NA,NA
County,20187,"Stanton County, KS",Great Recession,0.895482728077945,1.003947775860427,-0.1084650477824819,NA,NA,NA
County,20191,"Sumner County, KS",Great Recession,0.9158407157266908,0.931810539282453,-0.015969823555762264,NA,NA,NA
County,20205,"Wilson County, KS",Great Recession,0.7324464153732446,0.9415798085811447,-0.20913339320790003,NA,NA,NA
County,20209,"Wyandotte County, KS",Great Recession,1.0260249634882634,0.9451671172307782,0.08085784625748527,NA,NA,NA
County,21021,"Boyle County, KY",Great Recession,0.9922143156132271,0.9243690185093775,0.06784529710384968,NA,NA,NA
County,21033,"Caldwell County, KY",Great Recession,0.8191506282805789,0.9050022296976996,-0.08585160141712067,NA,NA,NA
County,21035,"Calloway County, KY",Great Recession,1.02450835646371,0.9246465649050853,0.09986179155862474,NA,NA,NA
County,21039,"Carlisle County, KY",Great Recession,1.0062154696132597,0.9082193552698881,0.09799611434337163,NA,NA,NA
County,21045,"Casey County, KY",Great Recession,0.9012789193849692,0.9238356792346966,-0.02255675984972738,NA,NA,NA
County,21061,"Edmonson County, KY",Great Recession,0.8995229576624926,0.937807377590584,-0.038284419928091395,NA,NA,NA
County,21071,"Floyd County, KY",Great Recession,0.7393497757847534,0.8745057321290336,-0.13515595634428024,NA,NA,NA
County,21075,"Fulton County, KY",Great Recession,0.8053080201472298,0.8533296777678616,-0.04802165762063182,NA,NA,NA
County,21079,"Garrard County, KY",Great Recession,0.975406448057316,0.9160143412660703,0.059392106791245736,NA,NA,NA
County,21121,"Knox County, KY",Great Recession,0.7616905711618434,0.8626222196452367,-0.10093164848339331,NA,NA,NA
County,21125,"Laurel County, KY",Great Recession,0.886558287073751,0.9382204282834843,-0.05166214120973334,NA,NA,NA
County,21135,"Lewis County, KY",Great Recession,0.8116557313778464,0.910881219818538,-0.09922548844069157,NA,NA,NA
County,21143,"Lyon County, KY",Great Recession,0.921351966200845,0.8978788683036408,0.023473097897204198,NA,NA,NA
County,21151,"Madison County, KY",Great Recession,1.0137399134028735,0.9501478752526973,0.06359203815017622,NA,NA,NA
County,21155,"Marion County, KY",Great Recession,0.8691147810031798,0.9020437576996662,-0.03292897669648631,NA,NA,NA
County,21181,"Nicholas County, KY",Great Recession,1.1402588317593565,0.9138302675087073,0.22642856425064917,NA,NA,NA
County,21191,"Pendleton County, KY",Great Recession,0.9113655640373196,0.9397935084916883,-0.028427944454368692,NA,NA,NA
County,21199,"Pulaski County, KY",Great Recession,0.9627066963762168,0.9232351234565569,0.03947157291965986,NA,NA,NA
County,21217,"Taylor County, KY",Great Recession,0.8323975078840089,0.8985347212456931,-0.06613721336168421,NA,NA,NA
County,21221,"Trigg County, KY",Great Recession,0.8711928934010152,0.9370921326087867,-0.06589923920777141,NA,NA,NA
County,21223,"Trimble County, KY",Great Recession,0.8781166787702736,0.9641729237397241,-0.08605624496945052,NA,NA,NA
County,21231,"Wayne County, KY",Great Recession,0.8140009903441446,0.9065925174365695,-0.09259152709242491,NA,NA,NA
County,22023,"Cameron Parish, LA",Great Recession,0.8614827201783724,0.9174193837538502,-0.055936663575477885,NA,NA,NA
County,22027,"Claiborne Parish, LA",Great Recession,0.77461295656095,0.8821293024219733,-0.10751634586102332,NA,NA,NA
County,22051,"Jefferson Parish, LA",Great Recession,0.9313223814517068,0.9615143931736776,-0.030192011721970835,NA,NA,NA
County,22053,"Jefferson Davis Parish, LA",Great Recession,0.8715554938571528,0.9295190531358414,-0.05796355927868857,NA,NA,NA
County,22061,"Lincoln Parish, LA",Great Recession,1.050812343255915,0.9225251185026337,0.12828722475328136,NA,NA,NA
County,22065,"Madison Parish, LA",Great Recession,0.8050827966881324,0.8526239386854442,-0.04754114199731174,NA,NA,NA
County,22069,"Natchitoches Parish, LA",Great Recession,0.8905643994211287,0.9124511025696879,-0.021886703148559117,NA,NA,NA
County,22099,"St. Martin Parish, LA",Great Recession,0.9870724887072488,0.9514393487697722,0.03563313993747663,NA,NA,NA
County,22127,"Winn Parish, LA",Great Recession,0.7932575142160845,0.84924745117668,-0.05598993696059551,NA,NA,NA
County,23005,"Cumberland County, ME",Great Recession,0.9928305076970464,0.9808928303992422,0.01193767729780415,NA,NA,NA
County,24009,"Calvert County, MD",Great Recession,0.9406631216765716,0.9711454547951829,-0.03048233311861126,NA,NA,NA
County,24011,"Caroline County, MD",Great Recession,1.0182500157599446,0.9737777144891623,0.04447230127078228,NA,NA,NA
County,24027,"Howard County, MD",Great Recession,1.0196936267576862,0.9857638118875058,0.03392981487018032,NA,NA,NA
County,24037,"St. Mary's County, MD",Great Recession,1.0041974873781847,0.9719067283774191,0.03229075900076561,NA,NA,NA
County,24039,"Somerset County, MD",Great Recession,0.8317878338278932,0.9138249299634158,-0.08203709613552257,NA,NA,NA
County,24041,"Talbot County, MD",Great Recession,0.96380911711327,0.9548131362116532,0.008995980901616796,NA,NA,NA
County,24043,"Washington County, MD",Great Recession,1.068693165483954,0.9749887013691775,0.09370446411477651,NA,NA,NA
County,24045,"Wicomico County, MD",Great Recession,0.9032825207244726,0.9874201733318821,-0.08413765260740957,NA,NA,NA
County,24047,"Worcester County, MD",Great Recession,0.8497561701969252,0.9247343175246827,-0.07497814732775754,NA,NA,NA
County,25005,"Bristol County, MA",Great Recession,0.9645054642299568,0.9551119003685831,0.009393563861373688,NA,NA,NA
County,25021,"Norfolk County, MA",Great Recession,0.9961148807563855,0.9733400783741664,0.022774802382219184,NA,NA,NA
County,25023,"Plymouth County, MA",Great Recession,0.9928573166873524,0.9665162741686956,0.026341042518656876,NA,NA,NA
County,25025,"Suffolk County, MA",Great Recession,1.0688619093122198,0.9795439925187907,0.08931791679342915,NA,NA,NA
County,26001,"Alcona County, MI",Great Recession,0.823403720462544,0.9233729564808566,-0.09996923601831265,NA,NA,NA
County,26009,"Antrim County, MI",Great Recession,0.8043241773184662,0.9066983855183581,-0.10237420819989196,NA,NA,NA
County,26017,"Bay County, MI",Great Recession,0.9362530178657652,0.9242444914706037,0.012008526395161478,NA,NA,NA
County,26039,"Crawford County, MI",Great Recession,0.77493626513703,0.9027832082638032,-0.12784694312677325,NA,NA,NA
County,26041,"Delta County, MI",Great Recession,0.8319312266680687,0.9246983894672474,-0.09276716279917863,NA,NA,NA
County,26043,"Dickinson County, MI",Great Recession,0.8655326636850209,0.928262225182586,-0.062729561497565145,NA,NA,NA
County,26045,"Eaton County, MI",Great Recession,0.9330927411430512,0.951624124517638,-0.01853138337458682,NA,NA,NA
County,26063,"Huron County, MI",Great Recession,0.9428778246364952,0.9276721669208711,0.015205657715624099,NA,NA,NA
County,26069,"Iosco County, MI",Great Recession,0.8925224425372398,0.8895070816305914,0.0030153609066483344,NA,NA,NA
County,26145,"Saginaw County, MI",Great Recession,0.8879637760702525,0.9145396189326472,-0.026575842862394783,NA,NA,NA
County,26151,"Sanilac County, MI",Great Recession,0.8417927089393058,0.9306299868689865,-0.08883727792968066,NA,NA,NA
County,26153,"Schoolcraft County, MI",Great Recession,0.8600715465052284,0.8955835414065014,-0.03551199490127299,NA,NA,NA
County,27003,"Anoka County, MN",Great Recession,0.9727213605709852,0.9822562014583874,-0.009534840887402196,NA,NA,NA
County,27019,"Carver County, MN",Great Recession,1.0383876357560569,0.9942541159147615,0.04413351984129532,NA,NA,NA
County,27029,"Clearwater County, MN",Great Recession,1.1197143657238868,0.9468285281712631,0.17288583755262377,NA,NA,NA
County,27041,"Douglas County, MN",Great Recession,0.9821160126483852,0.9634003919350641,0.018715620713321113,NA,NA,NA
County,27047,"Freeborn County, MN",Great Recession,1.0169937155316149,0.9408151160849241,0.07617859944669081,NA,NA,NA
County,27053,"Hennepin County, MN",Great Recession,0.992365402362422,0.9859951429408704,0.006370259421551561,NA,NA,NA
County,27057,"Hubbard County, MN",Great Recession,0.9629957899401728,0.9629259483665921,6.984157358069787e-5,NA,NA,NA
County,27067,"Kandiyohi County, MN",Great Recession,0.9996424261386492,0.9581308924572933,0.04151153368135585,NA,NA,NA
County,27079,"Le Sueur County, MN",Great Recession,1.0838057586155452,0.9796625968670581,0.10414316174848703,NA,NA,NA
County,27113,"Pennington County, MN",Great Recession,1.0013623978201636,0.9272405790915466,0.074121818728617,NA,NA,NA
County,27133,"Rock County, MN",Great Recession,1.0889970990468296,0.9625675833874668,0.12642951565936278,NA,NA,NA
County,27137,"St. Louis County, MN",Great Recession,0.9933139177160673,0.939567668375496,0.05374624934057126,NA,NA,NA
County,27163,"Washington County, MN",Great Recession,1.0275797022497948,0.9882821442326989,0.03929755801709589,NA,NA,NA
County,28003,"Alcorn County, MS",Great Recession,1.0230747748376736,0.9293654433781611,0.09370933145951255,NA,NA,NA
County,28009,"Benton County, MS",Great Recession,1.1157875046763936,0.9035939407769414,0.2121935638994522,NA,NA,NA
County,28015,"Carroll County, MS",Great Recession,0.7236503856041131,0.8895270619840377,-0.16587667637992465,NA,NA,NA
County,28017,"Chickasaw County, MS",Great Recession,1.05,0.894036955377755,0.15596304462224508,NA,NA,NA
County,28019,"Choctaw County, MS",Great Recession,1.0692930551230146,0.8520190065506121,0.2172740485724025,NA,NA,NA
County,28033,"DeSoto County, MS",Great Recession,1.0479318897901724,1.022030353849562,0.025901535940610287,NA,NA,NA
County,28041,"Greene County, MS",Great Recession,0.7290980908492429,0.8942041501892364,-0.16510605933999345,NA,NA,NA
County,28051,"Holmes County, MS",Great Recession,0.8481308411214953,0.8955444826942939,-0.04741364157279859,NA,NA,NA
County,28053,"Humphreys County, MS",Great Recession,0.6144046417759839,0.8801522939779636,-0.2657476522019797,NA,NA,NA
County,28055,"Issaquena County, MS",Great Recession,0.5030395136778115,0.8535826144216504,-0.3505431007438389,NA,NA,NA
County,28079,"Leake County, MS",Great Recession,0.9767975522692504,0.9629973724766895,0.013800179792560874,NA,NA,NA
County,28083,"Leflore County, MS",Great Recession,0.7559851945188218,0.8532801074491764,-0.09729491293035453,NA,NA,NA
County,28089,"Madison County, MS",Great Recession,1.0923401232729189,1.0054670548781108,0.08687306839480802,NA,NA,NA
County,28093,"Marshall County, MS",Great Recession,0.9802571488793648,0.933472298440296,0.04678485043906877,NA,NA,NA
County,28107,"Panola County, MS",Great Recession,0.8533981992448446,0.9196270177592137,-0.06622881851436913,NA,NA,NA
County,28111,"Perry County, MS",Great Recession,0.8257226644323419,0.9089288421563604,-0.0832061777240185,NA,NA,NA
County,28119,"Quitman County, MS",Great Recession,0.6410256410256411,0.8254091827854071,-0.184383541759766,NA,NA,NA
County,28127,"Simpson County, MS",Great Recession,0.9290838100426768,0.9227581400287447,0.006325670013932139,NA,NA,NA
County,28143,"Tunica County, MS",Great Recession,1.0864503344067378,0.9493572758100521,0.13709305859668564,NA,NA,NA
County,28145,"Union County, MS",Great Recession,1.1130415162454874,0.932578037647882,0.18046347859760536,NA,NA,NA
County,29003,"Andrew County, MO",Great Recession,0.9441343616805358,0.9449453131431546,-8.109514626187808e-4,NA,NA,NA
County,29019,"Boone County, MO",Great Recession,1.0574254502509597,0.9952106712779858,0.062214778972973894,NA,NA,NA
County,29023,"Butler County, MO",Great Recession,0.8240651270654169,0.9006189089511917,-0.07655378188577477,NA,NA,NA
County,29027,"Callaway County, MO",Great Recession,0.9274706178259478,0.9501874366997113,-0.022716818873763533,NA,NA,NA
County,29035,"Carter County, MO",Great Recession,0.8274193548387097,0.9147119828724467,-0.08729262803373705,NA,NA,NA
County,29083,"Henry County, MO",Great Recession,0.894015444015444,0.9225479877207012,-0.028532543705257263,NA,NA,NA
County,29091,"Howell County, MO",Great Recession,0.784354628422425,0.9269369076302861,-0.14258227920786115,NA,NA,NA
County,29103,"Knox County, MO",Great Recession,0.8223249669749009,0.954545757818217,-0.13222079084331617,NA,NA,NA
County,29109,"Lawrence County, MO",Great Recession,0.8729545576479425,0.9442356649084506,-0.07128110726050807,NA,NA,NA
County,29119,"McDonald County, MO",Great Recession,0.8344535614525139,0.9231224730151936,-0.08866891156267964,NA,NA,NA
County,29127,"Marion County, MO",Great Recession,0.9790446951306584,0.9314305030375206,0.047614192093137775,NA,NA,NA
County,29157,"Perry County, MO",Great Recession,0.932958690722666,0.9638462067772553,-0.03088751605458928,NA,NA,NA
County,29181,"Ripley County, MO",Great Recession,0.7807765151515151,0.909746082629739,-0.12896956747822386,NA,NA,NA
County,29183,"St. Charles County, MO",Great Recession,1.0295369777342425,0.9882276494761267,0.04130932825811573,NA,NA,NA
County,29187,"St. Francois County, MO",Great Recession,0.861889101067968,0.9510920817541242,-0.08920298068615617,NA,NA,NA
County,29195,"Saline County, MO",Great Recession,0.8985228563936719,0.89831355514732,2.093012463518784e-4,NA,NA,NA
County,29203,"Shannon County, MO",Great Recession,0.8699233172394206,0.9065004395357212,-0.03657712229630061,NA,NA,NA
County,29209,"Stone County, MO",Great Recession,0.7841240994353216,0.9133872726269703,-0.1292631731916487,NA,NA,NA
County,29211,"Sullivan County, MO",Great Recession,0.8086826347305389,0.954019339493284,-0.14533670476274507,NA,NA,NA
County,29225,"Webster County, MO",Great Recession,0.8989117808889161,0.9503469295965556,-0.051435148707639544,NA,NA,NA
County,29227,"Worth County, MO",Great Recession,1.0437109723461195,0.9152757980068424,0.1284351743392771,NA,NA,NA
County,29229,"Wright County, MO",Great Recession,0.8853311088295688,0.914514929540213,-0.02918382071064418,NA,NA,NA
County,29510,"St. Louis city, MO",Great Recession,0.9909318599868322,0.9782736845085658,0.01265817547826642,NA,NA,NA
County,30005,"Blaine County, MT",Great Recession,0.7991379310344827,0.9302139881109344,-0.13107605707645165,NA,NA,NA
County,30023,"Deer Lodge County, MT",Great Recession,1.2942895086321382,0.8861929964011912,0.408096512230947,NA,NA,NA
County,30027,"Fergus County, MT",Great Recession,0.9577391304347826,0.9222878966426091,0.03545123379217352,NA,NA,NA
County,30029,"Flathead County, MT",Great Recession,0.9021363105400304,0.9690578381602571,-0.06692152762022674,NA,NA,NA
County,30061,"Mineral County, MT",Great Recession,0.838421052631579,0.9324530531775339,-0.09403200054595495,NA,NA,NA
County,30073,"Pondera County, MT",Great Recession,1.0514511873350922,0.9415786065588121,0.10987258077628015,NA,NA,NA
County,30089,"Sanders County, MT",Great Recession,0.954422990570274,0.9132321861177687,0.041190804452505336,NA,NA,NA
County,30109,"Wibaux County, MT",Great Recession,1.0355086372360844,0.9728033795207458,0.06270525771533864,NA,NA,NA
County,31013,"Box Butte County, NE",Great Recession,1.0492790655229056,0.9558994520362841,0.0933796134866215,NA,NA,NA
County,31033,"Cheyenne County, NE",Great Recession,1.0823643410852712,0.9394913128946618,0.14287302819060943,NA,NA,NA
County,31045,"Dawes County, NE",Great Recession,1.1133474576271187,0.9079472408968216,0.20540021673029718,NA,NA,NA
County,31063,"Frontier County, NE",Great Recession,0.8919151376146789,0.9403522814438167,-0.048437143829137774,NA,NA,NA
County,31065,"Furnas County, NE",Great Recession,1.060747663551402,0.9462405958826359,0.11450706766876606,NA,NA,NA
County,31071,"Garfield County, NE",Great Recession,1.1387814313346227,0.9736720759125944,0.16510935542202831,NA,NA,NA
County,31077,"Greeley County, NE",Great Recession,0.9927425515660808,0.957735569547042,0.035006982019038846,NA,NA,NA
County,31085,"Hayes County, NE",Great Recession,1.1301652892561984,0.9742236490498526,0.15594164020634582,NA,NA,NA
County,31087,"Hitchcock County, NE",Great Recession,0.8964681440443213,0.9386823148386896,-0.04221417079436829,NA,NA,NA
County,31105,"Kimball County, NE",Great Recession,1.0762241292276629,0.9317608008565188,0.14446332837114406,NA,NA,NA
County,31117,"McPherson County, NE",Great Recession,1.159016393442623,1.152972402246335,0.006043991196287957,NA,NA,NA
County,31119,"Madison County, NE",Great Recession,0.9954329362747716,0.9457842336292963,0.04964870264547527,NA,NA,NA
County,31133,"Pawnee County, NE",Great Recession,1.0053627760252366,0.9735799990808097,0.03178277694442688,NA,NA,NA
County,31135,"Perkins County, NE",Great Recession,1.074332524271845,0.9628416797832533,0.11149084448859159,NA,NA,NA
County,31161,"Sheridan County, NE",Great Recession,0.8491189427312775,0.9622502596485691,-0.11313131691729161,NA,NA,NA
County,31175,"Valley County, NE",Great Recession,0.8211606790367153,0.9175772531800476,-0.09641657414333227,NA,NA,NA
County,31185,"York County, NE",Great Recession,0.8713019523296203,0.9647407066161873,-0.093438754286567,NA,NA,NA
County,32003,"Clark County, NV",Great Recession,0.9417843739881416,0.9945899149800718,-0.05280554099193013,NA,NA,NA
County,32019,"Lyon County, NV",Great Recession,0.9092557296267026,0.989784976517443,-0.08052924689074037,NA,NA,NA
County,32027,"Pershing County, NV",Great Recession,0.9592713876381498,0.9147160061307792,0.044555381507370595,NA,NA,NA
County,33001,"Belknap County, NH",Great Recession,0.9687669831527124,0.9361185734891049,0.03264840966360749,NA,NA,NA
County,33005,"Cheshire County, NH",Great Recession,0.98848579670464,0.9541211792999403,0.03436461740469965,NA,NA,NA
County,33013,"Merrimack County, NH",Great Recession,0.991930505902626,0.964058159043753,0.027872346858872965,NA,NA,NA
County,34017,"Hudson County, NJ",Great Recession,1.19085122217325,0.9907256286085726,0.2001255935646773,NA,NA,NA
County,34033,"Salem County, NJ",Great Recession,0.9544531718032352,0.945411281768993,0.009041890034242162,NA,NA,NA
County,35007,"Colfax County, NM",Great Recession,0.9099290780141844,0.8957804699810837,0.014148608033100696,NA,NA,NA
County,35025,"Lea County, NM",Great Recession,0.973103375675486,0.9944138951688045,-0.021310519493318525,NA,NA,NA
County,35035,"Otero County, NM",Great Recession,0.9466637313373094,0.9266932203548698,0.019970510982439627,NA,NA,NA
County,35043,"Sandoval County, NM",Great Recession,1.0595204406965115,1.001872386168689,0.05764805452782262,NA,NA,NA
County,36019,"Clinton County, NY",Great Recession,0.9012412375480948,0.9466944703637065,-0.045453232815611644,NA,NA,NA
County,36049,"Lewis County, NY",Great Recession,0.8953978285529087,0.9223575840709817,-0.026959755518072948,NA,NA,NA
County,36071,"Orange County, NY",Great Recession,0.9705623111760578,0.9732574359007528,-0.0026951247246949084,NA,NA,NA
County,36075,"Oswego County, NY",Great Recession,0.8953079075661311,0.9251380572084272,-0.029830149642296133,NA,NA,NA
County,36085,"Richmond County, NY",Great Recession,0.8737381819439999,0.9658542378383442,-0.09211605589434435,NA,NA,NA
County,36089,"St. Lawrence County, NY",Great Recession,0.907218697259074,0.9235436915203984,-0.016324994261324388,NA,NA,NA
County,36099,"Seneca County, NY",Great Recession,0.8949242561409861,0.9288959896142296,-0.03397173347324345,NA,NA,NA
County,36113,"Warren County, NY",Great Recession,0.8891341110378629,0.936241210931877,-0.04710709989401407,NA,NA,NA
County,36115,"Washington County, NY",Great Recession,0.8817565426779038,0.9307598798511093,-0.049003337173205486,NA,NA,NA
County,36117,"Wayne County, NY",Great Recession,0.9103722715900268,0.9420494653060922,-0.03167719371606548,NA,NA,NA
County,37005,"Alleghany County, NC",Great Recession,0.8997894736842105,0.9184610544253204,-0.018671580741109972,NA,NA,NA
County,37009,"Ashe County, NC",Great Recession,0.9407386770675794,0.9290299293999531,0.011708747667626307,NA,NA,NA
County,37025,"Cabarrus County, NC",Great Recession,1.006029644729894,1.0151115342594221,-0.009081889529528153,NA,NA,NA
County,37039,"Cherokee County, NC",Great Recession,1.0128472222222222,0.9025812840512973,0.1102659381709249,NA,NA,NA
County,37045,"Cleveland County, NC",Great Recession,0.881188224267212,0.9115347630043565,-0.030346538737144546,NA,NA,NA
County,37047,"Columbus County, NC",Great Recession,0.8923037300940035,0.9018998012302459,-0.00959607113624239,NA,NA,NA
County,37051,"Cumberland County, NC",Great Recession,0.9350612585124954,0.9652768353259102,-0.030215576813414802,NA,NA,NA
County,37061,"Duplin County, NC",Great Recession,1.0191578229552911,0.9513842385718507,0.06777358438344039,NA,NA,NA
County,37069,"Franklin County, NC",Great Recession,0.9847688877130656,0.949878049369864,0.03489083834320161,NA,NA,NA
County,37071,"Gaston County, NC",Great Recession,0.956747552604328,0.9468881973861285,0.009859355218199473,NA,NA,NA
County,37077,"Granville County, NC",Great Recession,1.0664277724843614,0.9427334079957158,0.12369436448864557,NA,NA,NA
County,37085,"Harnett County, NC",Great Recession,0.9546577390626017,0.9650077455737098,-0.010350006511108178,NA,NA,NA
County,37091,"Hertford County, NC",Great Recession,0.8987068965517241,0.8949392178940587,0.003767678657665363,NA,NA,NA
County,37097,"Iredell County, NC",Great Recession,0.9345800456810632,0.9915794716982383,-0.056999426017175114,NA,NA,NA
County,37099,"Jackson County, NC",Great Recession,0.7923351158645277,0.9197410643318961,-0.1274059484673684,NA,NA,NA
County,37105,"Lee County, NC",Great Recession,0.9493189737092176,0.9502859545191404,-9.669808099228572e-4,NA,NA,NA
County,37113,"Macon County, NC",Great Recession,0.8586471754212092,0.9296599274267016,-0.0710127520054924,NA,NA,NA
County,37117,"Martin County, NC",Great Recession,0.8032132001736865,0.8920733761702739,-0.08886017599658746,NA,NA,NA
County,37119,"Mecklenburg County, NC",Great Recession,1.0588246490495394,1.015258237480187,0.04356641156935237,NA,NA,NA
County,37125,"Moore County, NC",Great Recession,0.962098841096501,0.9731937500675066,-0.011094908971005624,NA,NA,NA
County,37141,"Pender County, NC",Great Recession,0.9659383585164836,0.9581544623920132,0.007783896124470391,NA,NA,NA
County,37151,"Randolph County, NC",Great Recession,0.8399478799066181,0.9164946663516803,-0.07654678644506219,NA,NA,NA
County,37159,"Rowan County, NC",Great Recession,0.8459275849197462,0.9370268355650034,-0.09109925064525726,NA,NA,NA
County,37165,"Scotland County, NC",Great Recession,0.7692844036697247,0.8907677528507691,-0.12148334918104442,NA,NA,NA
County,37167,"Stanly County, NC",Great Recession,0.8865176151761518,0.913554517288607,-0.02703690211245524,NA,NA,NA
County,37195,"Wilson County, NC",Great Recession,0.8729147238628121,0.9406860997965224,-0.0677713759337103,NA,NA,NA
County,37199,"Yancey County, NC",Great Recession,0.9209876543209876,0.9184958407423054,0.0024918135786822226,NA,NA,NA
County,38009,"Bottineau County, ND",Great Recession,0.8891383665450463,0.9622461091376321,-0.07310774259258579,NA,NA,NA
County,38017,"Cass County, ND",Great Recession,0.9838084365675016,0.9920719339449847,-0.008263497377483109,NA,NA,NA
County,38023,"Divide County, ND",Great Recession,1.7630180658873538,0.9749280569595064,0.7880900089278474,NA,NA,NA
County,38027,"Eddy County, ND",Great Recession,0.9390148553557468,0.9330954306973956,0.005919424658351158,NA,NA,NA
County,38037,"Grant County, ND",Great Recession,1.1180555555555556,0.9371732987635079,0.18088225679204772,NA,NA,NA
County,38049,"McHenry County, ND",Great Recession,1.1651325478645067,0.9680117995282039,0.19712074833630278,NA,NA,NA
County,38059,"Morton County, ND",Great Recession,1.0204309063893016,0.9667218365299769,0.053709069859324665,NA,NA,NA
County,38073,"Ransom County, ND",Great Recession,0.9006081946222791,0.9441274521829813,-0.043519257560702185,NA,NA,NA
County,38077,"Richland County, ND",Great Recession,0.9616901408450704,0.9286835334065324,0.033006607438538005,NA,NA,NA
County,38089,"Stark County, ND",Great Recession,1.2929406002938502,0.9513130527179899,0.3416275475758602,NA,NA,NA
County,38093,"Stutsman County, ND",Great Recession,0.8684879288437103,0.9475989793933827,-0.07911105054967238,NA,NA,NA
County,38095,"Towner County, ND",Great Recession,1.0904392764857882,1.011992831052203,0.07844644543358514,NA,NA,NA
County,38103,"Wells County, ND",Great Recession,1.019644527595884,0.9798464696179959,0.03979805797788816,NA,NA,NA
County,38105,"Williams County, ND",Great Recession,1.882287147505423,0.9525526495779766,0.9297344979274464,NA,NA,NA
County,39031,"Coshocton County, OH",Great Recession,0.8977977856186884,0.9017834415211688,-0.003985655902480456,NA,NA,NA
County,39033,"Crawford County, OH",Great Recession,0.8777013983709214,0.9074213779059244,-0.02971997953500294,NA,NA,NA
County,39035,"Cuyahoga County, OH",Great Recession,0.9576527099381952,0.9497845177400671,0.007868192198128066,NA,NA,NA
County,39037,"Darke County, OH",Great Recession,0.9152554989020804,0.9269392398644705,-0.01168374096239011,NA,NA,NA
County,39041,"Delaware County, OH",Great Recession,1.0175869166911715,1.0319487861664387,-0.014361869475267186,NA,NA,NA
County,39043,"Erie County, OH",Great Recession,0.8747473502588119,0.9247998124546043,-0.0500524621957924,NA,NA,NA
County,39073,"Hocking County, OH",Great Recession,0.9213139231056364,0.9141733006370982,0.007140622468538194,NA,NA,NA
County,39077,"Huron County, OH",Great Recession,0.9348734991423672,0.9320246254568062,0.002848873685560971,NA,NA,NA
County,39079,"Jackson County, OH",Great Recession,0.8590010755579457,0.9084743296462244,-0.04947325408827874,NA,NA,NA
County,39083,"Knox County, OH",Great Recession,0.9421200148583392,0.9605213635165816,-0.01840134865824239,NA,NA,NA
County,39109,"Miami County, OH",Great Recession,0.9514153176181008,0.9421323040619046,0.009283013556196207,NA,NA,NA
County,39119,"Muskingum County, OH",Great Recession,1.0026930227471569,0.9113456224320147,0.09134740031514221,NA,NA,NA
County,39123,"Ottawa County, OH",Great Recession,0.9726184660478748,0.9266317050468258,0.04598676100104904,NA,NA,NA
County,39133,"Portage County, OH",Great Recession,0.9341319753002028,0.9529361190676343,-0.018804143767431558,NA,NA,NA
County,39149,"Shelby County, OH",Great Recession,0.8203004481010798,0.9392112361166871,-0.11891078801560728,NA,NA,NA
County,39155,"Trumbull County, OH",Great Recession,0.8685517901856525,0.9154303305934576,-0.046878540407805036,NA,NA,NA
County,39171,"Williams County, OH",Great Recession,0.9358420069388844,0.9202515176578822,0.015590489281002262,NA,NA,NA
County,40001,"Adair County, OK",Great Recession,0.7107730577879832,0.9086039193434823,-0.19783086155549912,NA,NA,NA
County,40005,"Atoka County, OK",Great Recession,0.8217167381974249,0.914815140055322,-0.0930984018578972,NA,NA,NA
County,40013,"Bryan County, OK",Great Recession,0.8358587113120374,0.9505846192640857,-0.11472590795204829,NA,NA,NA
County,40031,"Comanche County, OK",Great Recession,1.06950858628884,0.961861131371016,0.10764745491782401,NA,NA,NA
County,40033,"Cotton County, OK",Great Recession,0.6988694758478932,0.9127569278381706,-0.21388745199027748,NA,NA,NA
County,40039,"Custer County, OK",Great Recession,1.0496277915632757,0.9539096031868118,0.09571818837646384,NA,NA,NA
County,40051,"Grady County, OK",Great Recession,1.064515416556233,0.9552806956545403,0.10923472090169262,NA,NA,NA
County,40061,"Haskell County, OK",Great Recession,0.7609970674486803,0.9046237994880171,-0.14362673203933674,NA,NA,NA
County,40085,"Love County, OK",Great Recession,0.9487523992322456,0.9067056715914622,0.04204672764078343,NA,NA,NA
County,40091,"McIntosh County, OK",Great Recession,0.7876331074540174,0.8971065529748169,-0.10947344552079952,NA,NA,NA
County,40099,"Murray County, OK",Great Recession,0.7442151717557252,0.9313810499849355,-0.18716587822921038,NA,NA,NA
County,40105,"Nowata County, OK",Great Recession,0.9306727010903106,0.9051318577229419,0.025540843367368726,NA,NA,NA
County,40111,"Okmulgee County, OK",Great Recession,0.9578737162419172,0.9169274017356541,0.04094631450626307,NA,NA,NA
County,40121,"Pittsburg County, OK",Great Recession,0.72676412586813,0.9281315784475169,-0.20136745257938693,NA,NA,NA
County,40135,"Sequoyah County, OK",Great Recession,0.8973020762035135,0.9214503600366556,-0.024148283833142048,NA,NA,NA
County,40139,"Texas County, OK",Great Recession,0.8882917666701451,0.9690230235419823,-0.08073125687183724,NA,NA,NA
County,40149,"Washita County, OK",Great Recession,0.8890637945318972,0.9474526345783267,-0.058388840046429524,NA,NA,NA
County,40151,"Woods County, OK",Great Recession,1.1577157598499062,0.9661453284368319,0.19157043141307428,NA,NA,NA
County,41017,"Deschutes County, OR",Great Recession,0.913793774824122,0.994028491017424,-0.08023471619330191,NA,NA,NA
County,41033,"Josephine County, OR",Great Recession,0.9442484121383204,0.9329267312153312,0.011321680922989241,NA,NA,NA
County,41039,"Lane County, OR",Great Recession,0.97599310667134,0.9622013355345256,0.013791771136814401,NA,NA,NA
County,41049,"Morrow County, OR",Great Recession,1.0134846720993402,0.9496919719719402,0.06379270012740001,NA,NA,NA
County,41063,"Wallowa County, OR",Great Recession,0.8917965304322258,0.9250090394059105,-0.03321250897368466,NA,NA,NA
County,41065,"Wasco County, OR",Great Recession,1.018154190658989,0.9309660891845841,0.08718810147440492,NA,NA,NA
County,42005,"Armstrong County, PA",Great Recession,0.9848110488137096,0.9198200200264057,0.0649910287873039,NA,NA,NA
County,42009,"Bedford County, PA",Great Recession,0.9979695209816164,0.918719293917718,0.07925022706389839,NA,NA,NA
County,42011,"Berks County, PA",Great Recession,0.9930192994341074,0.9713054176406564,0.021713881793451018,NA,NA,NA
County,42013,"Blair County, PA",Great Recession,0.916918115490844,0.9268025546377413,-0.009884439146897295,NA,NA,NA
County,42017,"Bucks County, PA",Great Recession,0.9332698793684951,0.9685356282035688,-0.03526574883507361,NA,NA,NA
County,42031,"Clarion County, PA",Great Recession,0.8763239243906147,0.9117948604766893,-0.035470936086074656,NA,NA,NA
County,42033,"Clearfield County, PA",Great Recession,0.8897752087347464,0.9089426472550565,-0.01916743852031011,NA,NA,NA
County,42035,"Clinton County, PA",Great Recession,0.9653179190751444,0.9141629613766171,0.05115495769852729,NA,NA,NA
County,42041,"Cumberland County, PA",Great Recession,0.98063671216578,0.9781827149345146,0.0024539972312653813,NA,NA,NA
County,42057,"Fulton County, PA",Great Recession,0.8525406632202749,0.9394957367041271,-0.08695507348385223,NA,NA,NA
County,42081,"Lycoming County, PA",Great Recession,1.003903255035896,0.9271093051091612,0.07679394992673472,NA,NA,NA
County,42083,"McKean County, PA",Great Recession,0.8890016920473773,0.9091657114854704,-0.020164019438093095,NA,NA,NA
County,42085,"Mercer County, PA",Great Recession,0.9512341218528942,0.9184110265169688,0.03282309533592542,NA,NA,NA
County,42095,"Northampton County, PA",Great Recession,0.9861956573838854,0.9713622389687638,0.014833418415121535,NA,NA,NA
County,42097,"Northumberland County, PA",Great Recession,0.910410199556541,0.9191453940646405,-0.008735194508099453,NA,NA,NA
County,42113,"Sullivan County, PA",Great Recession,0.989209885137487,0.9120921878274394,0.07711769731004758,NA,NA,NA
County,42115,"Susquehanna County, PA",Great Recession,0.9984191616766468,0.9412892446676615,0.05712991700898529,NA,NA,NA
County,42123,"Warren County, PA",Great Recession,0.9235599826764832,0.9191033312097789,0.0044566514667042645,NA,NA,NA
County,44001,"Bristol County, RI",Great Recession,0.9064835609881816,0.9333396250978377,-0.02685606410965613,NA,NA,NA
County,44009,"Washington County, RI",Great Recession,0.9210295511451244,0.949901169804167,-0.02887161865904253,NA,NA,NA
County,45013,"Beaufort County, SC",Great Recession,0.9678941034897712,0.9753350076746891,-0.007440904184917829,NA,NA,NA
County,45021,"Cherokee County, SC",Great Recession,0.8715582954971467,0.9076203233448942,-0.03606202784774748,NA,NA,NA
County,45029,"Colleton County, SC",Great Recession,0.927133655394525,0.9336890305004382,-0.006555375105913197,NA,NA,NA
County,45031,"Darlington County, SC",Great Recession,0.9269714636391532,0.9052040662704428,0.02176739736871036,NA,NA,NA
County,45039,"Fairfield County, SC",Great Recession,0.8922482810586795,0.9045042797545367,-0.012255998695857251,NA,NA,NA
County,45047,"Greenwood County, SC",Great Recession,0.959292569971139,0.9251922179077308,0.034100352063408224,NA,NA,NA
County,45051,"Horry County, SC",Great Recession,0.9499817726494644,0.9696696370744117,-0.0196878644249473,NA,NA,NA
County,45067,"Marion County, SC",Great Recession,0.9548775425487754,0.8976157680881601,0.05726177446061531,NA,NA,NA
County,45083,"Spartanburg County, SC",Great Recession,0.9544025887562512,0.958729556184953,-0.004326967428701867,NA,NA,NA
County,45085,"Sumter County, SC",Great Recession,0.9271510914604504,0.9348165670663121,-0.007665475605861727,NA,NA,NA
County,46009,"Bon Homme County, SD",Great Recession,0.9857889578569096,0.9326592453096162,0.05312971254729337,NA,NA,NA
County,46011,"Brookings County, SD",Great Recession,0.9068146892056594,0.9570803129187991,-0.050265623713139695,NA,NA,NA
County,46045,"Edmunds County, SD",Great Recession,1.1347020530796197,0.9905590056083654,0.14414304747125428,NA,NA,NA
County,46047,"Fall River County, SD",Great Recession,0.8282800441014333,0.9226340841842537,-0.09435404008282045,NA,NA,NA
County,46053,"Gregory County, SD",Great Recession,0.8589403973509934,0.8662504162638194,-0.007310018912826011,NA,NA,NA
County,46075,"Jones County, SD",Great Recession,0.6974789915966386,0.9092488706511564,-0.21176987905451783,NA,NA,NA
County,46081,"Lawrence County, SD",Great Recession,0.9552959501557632,0.9248144107950147,0.03048153936074849,NA,NA,NA
County,46089,"McPherson County, SD",Great Recession,0.9960456942003516,0.9366710396138141,0.059374654586537456,NA,NA,NA
County,46101,"Moody County, SD",Great Recession,0.988677303139475,0.9636268715874978,0.02505043155197717,NA,NA,NA
County,46123,"Tripp County, SD",Great Recession,1.0804794520547945,0.9069618170210529,0.1735176350337415,NA,NA,NA
County,46129,"Walworth County, SD",Great Recession,0.8440508278783211,0.9026690121447141,-0.05861818426639298,NA,NA,NA
County,47011,"Bradley County, TN",Great Recession,0.9953742000087074,0.9541100782093592,0.04126412179934813,NA,NA,NA
County,47021,"Cheatham County, TN",Great Recession,0.934827087179999,0.9611235426047497,-0.026296455424750786,NA,NA,NA
County,47023,"Chester County, TN",Great Recession,1.0348961821835232,0.9128328479360254,0.12206333424749782,NA,NA,NA
County,47047,"Fayette County, TN",Great Recession,0.9987585717663752,0.9959875131138121,0.0027710586525631076,NA,NA,NA
County,47049,"Fentress County, TN",Great Recession,0.9190645029319514,0.9225277457963752,-0.003463242864423788,NA,NA,NA
County,47061,"Grundy County, TN",Great Recession,0.8276015680684248,0.8884675520583726,-0.0608659839899478,NA,NA,NA
County,47085,"Humphreys County, TN",Great Recession,0.90936993282372,0.915543290733495,-0.0061733579097750235,NA,NA,NA
County,47103,"Lincoln County, TN",Great Recession,0.8715669956009987,0.9230727369889489,-0.051505741387950166,NA,NA,NA
County,47111,"Macon County, TN",Great Recession,0.9130413434154964,0.9322340604275423,-0.019192717012045946,NA,NA,NA
County,47121,"Meigs County, TN",Great Recession,0.987608695652174,0.9116699910346384,0.0759387046175356,NA,NA,NA
County,47127,"Moore County, TN",Great Recession,1.0329616267628732,0.9492347821847248,0.083726844578148385,NA,NA,NA
County,47135,"Perry County, TN",Great Recession,0.8907317073170732,0.8934337103180751,-0.0027020030010018736,NA,NA,NA
County,47143,"Rhea County, TN",Great Recession,0.9770723104056436,0.9159246713376779,0.06114763906796572,NA,NA,NA
County,47147,"Robertson County, TN",Great Recession,0.989290008226286,1.0010589360841733,-0.011768927857887301,NA,NA,NA
County,47159,"Smith County, TN",Great Recession,0.9053298333713764,0.9451121311080303,-0.03978229773665387,NA,NA,NA
County,47171,"Unicoi County, TN",Great Recession,0.8698578437539313,0.9051890271213501,-0.035331183367418806,NA,NA,NA
County,47183,"Weakley County, TN",Great Recession,1.0195696721311476,0.9022587600726011,0.11731091205854649,NA,NA,NA
County,47187,"Williamson County, TN",Great Recession,1.0857659534622408,1.0188799672622721,0.06688598619996866,NA,NA,NA
County,48027,"Bell County, TX",Great Recession,1.0458860759493671,1.0144044835830173,0.03148159236634984,NA,NA,NA
County,48033,"Borden County, TX",Great Recession,1.020460358056266,0.9733430145145449,0.047117343541721035,NA,NA,NA
County,48053,"Burnet County, TX",Great Recession,0.8994653649465365,0.9433501920739568,-0.043884827127420256,NA,NA,NA
County,48061,"Cameron County, TX",Great Recession,1.0708808501050275,1.0286602391464925,0.04222061095853502,NA,NA,NA
County,48065,"Carson County, TX",Great Recession,0.8819139596136962,0.9664055507093192,-0.08449159109562299,NA,NA,NA
County,48079,"Cochran County, TX",Great Recession,0.8085180055401662,0.9145174955545458,-0.10599949001437958,NA,NA,NA
County,48085,"Collin County, TX",Great Recession,1.0553340744432094,1.0633805261831657,-0.008046451739956328,NA,NA,NA
County,48099,"Coryell County, TX",Great Recession,0.9957557384148982,0.933596470841587,0.06215926757331114,NA,NA,NA
County,48105,"Crockett County, TX",Great Recession,0.7994912118408881,0.9225456281187444,-0.1230544162778563,NA,NA,NA
County,48109,"Culberson County, TX",Great Recession,0.5695171611401978,0.8402990838718234,-0.2707819227316256,NA,NA,NA
County,48123,"DeWitt County, TX",Great Recession,1.0401715188445049,0.9131344623911687,0.12703705645333618,NA,NA,NA
County,48135,"Ector County, TX",Great Recession,1.0757459165154264,0.9850822045458894,0.09066371196953704,NA,NA,NA
County,48137,"Edwards County, TX",Great Recession,0.7620927936821322,0.8365992702583762,-0.07450647657624399,NA,NA,NA
County,48149,"Fayette County, TX",Great Recession,0.994923012900541,0.9570691758591514,0.03785383704138956,NA,NA,NA
County,48169,"Garza County, TX",Great Recession,0.8517017828200972,0.9783648824416968,-0.1266630996215996,NA,NA,NA
County,48171,"Gillespie County, TX",Great Recession,0.9111791137279208,0.9487452772713136,-0.037566163543392816,NA,NA,NA
County,48177,"Gonzales County, TX",Great Recession,0.9481117105680736,0.9487859074138761,-6.741968458024994e-4,NA,NA,NA
County,48179,"Gray County, TX",Great Recession,0.8281743524952622,0.9267615524251759,-0.09858719992991372,NA,NA,NA
County,48219,"Hockley County, TX",Great Recession,0.9644641626464509,0.9524543260282442,0.012009836618206648,NA,NA,NA
County,48223,"Hopkins County, TX",Great Recession,0.9453341183397116,0.9523330485585983,-0.006998930218886756,NA,NA,NA
County,48239,"Jackson County, TX",Great Recession,1.0534495830174375,0.9438235773943207,0.10962600562311686,NA,NA,NA
County,48247,"Jim Hogg County, TX",Great Recession,0.8061338289962825,0.9316761576468481,-0.12554232865056558,NA,NA,NA
County,48249,"Jim Wells County, TX",Great Recession,0.917657822506862,0.9309925372886927,-0.013334714781830681,NA,NA,NA
County,48259,"Kendall County, TX",Great Recession,1.074896331738437,0.9716495900550799,0.10324674168335712,NA,NA,NA
County,48263,"Kent County, TX",Great Recession,1.2353629976580796,1.0627483466366594,0.17261465102142015,NA,NA,NA
County,48269,"King County, TX",Great Recession,1.4854651162790695,1.004467298019697,0.4809978182593726,NA,NA,NA
County,48283,"La Salle County, TX",Great Recession,1.3481468154012235,0.9359693260791659,0.41217748932205756,NA,NA,NA
County,48287,"Lee County, TX",Great Recession,0.9879083094555874,0.9426778928147533,0.04523041664083405,NA,NA,NA
County,48303,"Lubbock County, TX",Great Recession,1.0281959636190705,0.9864612389545597,0.04173472466451078,NA,NA,NA
County,48319,"Mason County, TX",Great Recession,0.7684521299029945,0.9728878714313596,-0.20443574152836508,NA,NA,NA
County,48345,"Motley County, TX",Great Recession,0.7043413173652695,0.9351918755535323,-0.23085055818826283,NA,NA,NA
County,48353,"Nolan County, TX",Great Recession,0.8233328878791928,0.8834775281453264,-0.06014464026613364,NA,NA,NA
County,48375,"Potter County, TX",Great Recession,0.9448141287340612,0.9550192167264192,-0.010205087992357975,NA,NA,NA
County,48377,"Presidio County, TX",Great Recession,1.0844348975545277,0.9488611748871542,0.13557372266737355,NA,NA,NA
County,48379,"Rains County, TX",Great Recession,0.9949402954867436,0.922656665944183,0.07228362954256051,NA,NA,NA
County,48389,"Reeves County, TX",Great Recession,1.2624496981891349,0.9583950456606628,0.3040546525284721,NA,NA,NA
County,48399,"Runnels County, TX",Great Recession,1.1052263182454505,0.8923159422175863,0.21291037602786422,NA,NA,NA
County,48407,"San Jacinto County, TX",Great Recession,1.0802211558522845,0.9291249147810374,0.15109624107124708,NA,NA,NA
County,48415,"Scurry County, TX",Great Recession,1.086923813431815,0.9332647729254575,0.1536590405063576,NA,NA,NA
County,48417,"Shackelford County, TX",Great Recession,1.0287001897533208,0.9261277474773479,0.10257244227597284,NA,NA,NA
County,48421,"Sherman County, TX",Great Recession,1.0374823196605374,0.9772165976591995,0.06026572200133784,NA,NA,NA
County,48453,"Travis County, TX",Great Recession,1.087906744770906,1.0121206501340756,0.0757860946368305,NA,NA,NA
County,48461,"Upton County, TX",Great Recession,0.9078341013824884,0.9040524041657327,0.0037816972167556973,NA,NA,NA
County,48463,"Uvalde County, TX",Great Recession,1.0030697674418605,0.928527119968219,0.07454264747364148,NA,NA,NA
County,48471,"Walker County, TX",Great Recession,0.8592248431419268,0.9405624993817205,-0.08133765623979372,NA,NA,NA
County,48473,"Waller County, TX",Great Recession,1.2119130546955623,1.005794643492651,0.2061184112029113,NA,NA,NA
County,48485,"Wichita County, TX",Great Recession,0.8839990056347365,0.9365483904416615,-0.05254938480692495,NA,NA,NA
County,48495,"Winkler County, TX",Great Recession,0.9125446960667462,0.9911712926077848,-0.07862659654103865,NA,NA,NA
County,48501,"Yoakum County, TX",Great Recession,1.0222555638909727,0.9604112615526068,0.06184430233836591,NA,NA,NA
County,49003,"Box Elder County, UT",Great Recession,0.9442211721061696,0.9610542115526626,-0.016833039446492948,NA,NA,NA
County,49041,"Sevier County, UT",Great Recession,0.961004915346805,0.9637379560296595,-0.002733040682854515,NA,NA,NA
County,49055,"Wayne County, UT",Great Recession,0.953794139744553,0.9427801878275565,0.0110139519169965,NA,NA,NA
County,50001,"Addison County, VT",Great Recession,0.9566015252621544,0.9354374168407147,0.021164108421439676,NA,NA,NA
County,50005,"Caledonia County, VT",Great Recession,0.9506771027456828,0.9287137891185684,0.021963313627114456,NA,NA,NA
County,50009,"Essex County, VT",Great Recession,0.8514203638684966,0.9106169241460189,-0.05919656027752229,NA,NA,NA
County,50015,"Lamoille County, VT",Great Recession,0.9686587908269632,0.9293134975563753,0.03934529327058789,NA,NA,NA
County,51003,"Albemarle County, VA",Great Recession,0.9707898774495524,0.9797546849319282,-0.008964807482375825,NA,NA,NA
County,51013,"Arlington County, VA",Great Recession,1.0391045242506085,0.9867444264005877,0.052360097850020826,NA,NA,NA
County,51015,"Augusta County, VA",Great Recession,0.9499823403157008,0.9565132357044918,-0.006530895388790925,NA,NA,NA
County,51025,"Brunswick County, VA",Great Recession,0.9490950226244343,0.8933073413838455,0.05578768124058886,NA,NA,NA
County,51033,"Caroline County, VA",Great Recession,0.9838639018691588,0.9905963417822983,-0.006732439913139432,NA,NA,NA
County,51051,"Dickenson County, VA",Great Recession,0.7899341649341649,0.8743875030786871,-0.08445333814452216,NA,NA,NA
County,51061,"Fauquier County, VA",Great Recession,0.9276121225276068,0.9671334014673721,-0.039521278939765314,NA,NA,NA
County,51067,"Franklin County, VA",Great Recession,0.984158720393725,0.9457945178966317,0.03836420249709327,NA,NA,NA
County,51083,"Halifax County, VA",Great Recession,0.9563470808784146,0.878697754587247,0.07764932629116761,NA,NA,NA
County,51117,"Mecklenburg County, VA",Great Recession,0.9805660674865972,0.9163870672268277,0.06417900025976953,NA,NA,NA
County,51131,"Northampton County, VA",Great Recession,0.9673073622790458,0.9044293136174629,0.06287804866158286,NA,NA,NA
County,51161,"Roanoke County, VA",Great Recession,0.9713424296680456,0.9694520487393932,0.0018903809286524575,NA,NA,NA
County,51169,"Scott County, VA",Great Recession,0.9720174436714776,0.899835011513922,0.0721824321575556,NA,NA,NA
County,51173,"Smyth County, VA",Great Recession,0.8299932065217391,0.8946869510760022,-0.06469374455426302,NA,NA,NA
County,51179,"Stafford County, VA",Great Recession,0.9648689382992278,1.0019662620811511,-0.03709732378192332,NA,NA,NA
County,51185,"Tazewell County, VA",Great Recession,0.7529129369405411,0.9089889154096455,-0.15607597846910448,NA,NA,NA
County,51193,"Westmoreland County, VA",Great Recession,0.9993525603296056,0.9292383508905904,0.07011420943901525,NA,NA,NA
County,51195,"Wise County, VA",Great Recession,0.7312464101091327,0.8948189250577033,-0.1635725149485706,NA,NA,NA
County,51530,"Buena Vista city, VA",Great Recession,0.9240909090909092,0.915828300805367,0.00826260828554215,NA,NA,NA
County,51540,"Charlottesville city, VA",Great Recession,1.0485771295548485,0.941508197105903,0.10706893244894544,NA,NA,NA
County,51570,"Colonial Heights city, VA",Great Recession,0.897119341563786,0.9468365840300292,-0.049717242466243206,NA,NA,NA
County,51590,"Danville city, VA",Great Recession,0.9661108412929684,0.8840157252535024,0.08209511603946607,NA,NA,NA
County,51600,"Fairfax city, VA",Great Recession,0.8876760062580002,0.9593750689717303,-0.07169906271373006,NA,NA,NA
County,51610,"Falls Church city, VA",Great Recession,1.091228332337119,0.9501192640086727,0.14110906832844627,NA,NA,NA
County,51630,"Fredericksburg city, VA",Great Recession,1.0398615635179154,0.967416191693141,0.0724453718247744,NA,NA,NA
County,51685,"Manassas Park city, VA",Great Recession,1.2075399262899262,0.9682323765917147,0.23930754969821155,NA,NA,NA
County,51700,"Newport News city, VA",Great Recession,0.9894833690487282,0.9684147301275975,0.021068638921130756,NA,NA,NA
County,51810,"Virginia Beach city, VA",Great Recession,0.9815667362548204,0.9768747388356662,0.004691997419154159,NA,NA,NA
County,51820,"Waynesboro city, VA",Great Recession,0.9391695847923962,0.9335840490929553,0.005585535699440869,NA,NA,NA
County,51840,"Winchester city, VA",Great Recession,0.9587857142857142,0.9613130308382143,-0.0025273165525000474,NA,NA,NA
County,53001,"Adams County, WA",Great Recession,1.0661960575386256,0.957394546484749,0.10880151105387659,NA,NA,NA
County,53029,"Island County, WA",Great Recession,0.9641135253278478,0.9548263743318496,0.009287150995998195,NA,NA,NA
County,53039,"Klickitat County, WA",Great Recession,0.9675086355785838,0.9134367700307787,0.054071865547805076,NA,NA,NA
County,53045,"Mason County, WA",Great Recession,0.9047629172868382,0.9436579858310841,-0.03889506854424585,NA,NA,NA
County,53069,"Wahkiakum County, WA",Great Recession,0.7129629629629629,0.9141920710418195,-0.20122910807885663,NA,NA,NA
County,54019,"Fayette County, WV",Great Recession,0.8743393157925307,0.8754207031374335,-0.0010813873449028177,NA,NA,NA
County,54031,"Hardy County, WV",Great Recession,0.8710206995003569,0.9220736689302483,-0.05105296942989146,NA,NA,NA
County,54039,"Kanawha County, WV",Great Recession,0.8979436148849523,0.9393905972030101,-0.04144698231805777,NA,NA,NA
County,54041,"Lewis County, WV",Great Recession,0.9705510261456284,0.9101919667005056,0.060359059445122765,NA,NA,NA
County,54057,"Mineral County, WV",Great Recession,0.8732263317050477,0.91649589384366,-0.04326956213861233,NA,NA,NA
County,54059,"Mingo County, WV",Great Recession,0.7515635858234886,0.856153490595085,-0.10458990477159646,NA,NA,NA
County,54071,"Pendleton County, WV",Great Recession,0.9193243243243244,0.9190106650470514,3.13659277273004e-4,NA,NA,NA
County,54097,"Upshur County, WV",Great Recession,0.9212182839434436,0.9042955969534479,0.016922686989995772,NA,NA,NA
County,55001,"Adams County, WI",Great Recession,0.8361081654294804,0.8906847980014877,-0.05457663257200729,NA,NA,NA
County,55005,"Barron County, WI",Great Recession,0.9057848164075422,0.932468778381826,-0.0266839619742838,NA,NA,NA
County,55023,"Crawford County, WI",Great Recession,0.8167354474370113,0.9513742622493676,-0.1346388148123563,NA,NA,NA
County,55029,"Door County, WI",Great Recession,0.8741838117531108,0.8964907420414215,-0.022306930288310767,NA,NA,NA
County,55041,"Forest County, WI",Great Recession,0.8221676978877747,0.8990653900008317,-0.07689769211305708,NA,NA,NA
County,55045,"Green County, WI",Great Recession,1.0108913950254903,0.9589859068162365,0.05190548820925378,NA,NA,NA
County,55049,"Iowa County, WI",Great Recession,0.921984011627907,0.9617761353830342,-0.039792123755127196,NA,NA,NA
County,55059,"Kenosha County, WI",Great Recession,0.9929981179733544,0.9719221802617035,0.02107593771165084,NA,NA,NA
County,55073,"Marathon County, WI",Great Recession,0.9665927344363472,0.963704646375567,0.002888088060780225,NA,NA,NA
County,55079,"Milwaukee County, WI",Great Recession,0.9825553685779792,0.9757972776475603,0.006758090930418903,NA,NA,NA
County,55083,"Oconto County, WI",Great Recession,0.9852758513611428,0.9437635463397389,0.041512305021403906,NA,NA,NA
County,55113,"Sawyer County, WI",Great Recession,0.8179064288118478,0.8927725316300259,-0.07486610281817807,NA,NA,NA
County,55119,"Taylor County, WI",Great Recession,0.9906465848042978,0.9398079621790378,0.050838622625259955,NA,NA,NA
County,55123,"Vernon County, WI",Great Recession,1.0176407314449625,0.9589363498264467,0.058704381618515766,NA,NA,NA
County,55131,"Washington County, WI",Great Recession,0.9882229084783828,0.9683609890791878,0.019861919399195016,NA,NA,NA
County,55139,"Winnebago County, WI",Great Recession,0.9561230482818232,0.9566156625878216,-4.926143059984511e-4,NA,NA,NA
County,56017,"Hot Springs County, WY",Great Recession,0.9677217825905872,0.9353704440734832,0.03235133851710392,NA,NA,NA
County,72005,"Aguadilla Municipio, PR",Great Recession,0.6393960499477638,0.8233213851704501,-0.18392533522268628,NA,NA,NA
County,72043,"Coamo Municipio, PR",Great Recession,0.934240588059998,0.872336931754528,0.06190365630547001,NA,NA,NA
County,72045,"Comerio Municipio, PR",Great Recession,1.0215736040609138,0.8676083250940884,0.15396527896682544,NA,NA,NA
County,72055,"Guanica Municipio, PR",Great Recession,0.5549946865037194,0.8066910361287934,-0.25169634962507403,NA,NA,NA
County,72063,"Gurabo Municipio, PR",Great Recession,1.0458456666896123,0.7561846821053545,0.2896609845842578,NA,NA,NA
County,72065,"Hatillo Municipio, PR",Great Recession,0.9555968259328044,0.8339488266123446,0.12164799932045978,NA,NA,NA
County,72067,"Hormigueros Municipio, PR",Great Recession,0.7552311435523115,0.8043854598841983,-0.04915431633188683,NA,NA,NA
County,72069,"Humacao Municipio, PR",Great Recession,0.7704027274664393,0.7819786426548099,-0.011575915188370534,NA,NA,NA
County,72091,"Manati Municipio, PR",Great Recession,0.76653944020356235,0.8149872077427933,-0.04844776753923097,NA,NA,NA
County,72095,"Maunabo Municipio, PR",Great Recession,0.7826572979878633,0.8388679008082591,-0.056210602820395805,NA,NA,NA
County,72099,"Moca Municipio, PR",Great Recession,0.667363413579357,0.7979984860704977,-0.1306350724911407,NA,NA,NA
County,72131,"San Sebastian Municipio, PR",Great Recession,0.648445264801931,0.8319869270658142,-0.18354166226388324,NA,NA,NA
County,72133,"Santa Isabel Municipio, PR",Great Recession,0.9768912825651302,0.85933118188616,0.11756010067897027,NA,NA,NA
County,72139,"Trujillo Alto Municipio, PR",Great Recession,0.7632798573975045,0.8422235996973462,-0.07894374229984169,NA,NA,NA
County,72141,"Utuado Municipio, PR",Great Recession,0.6963020770800816,0.7960863709486423,-0.09978429386856069,NA,NA,NA
County,72145,"Vega Baja Municipio, PR",Great Recession,0.7024802055476902,0.8053394645730049,-0.10285925902531468,NA,NA,NA
County,72149,"Villalba Municipio, PR",Great Recession,0.7202685042176548,0.9689394889782025,-0.24867098476054772,NA,NA,NA
County,01033,"Colbert County, AL",COVID-19,1.004480032434624,1.0069429251645219,-0.0024628927298979697,NA,NA,NA
County,01069,"Houston County, AL",COVID-19,1.0246705822829365,1.0122102227495482,0.01246035953338831,NA,NA,NA
County,01077,"Lauderdale County, AL",COVID-19,1.0163302391827511,1.000742154067019,0.015588085115732175,NA,NA,NA
County,01085,"Lowndes County, AL",COVID-19,0.9120667522464698,0.9561113734895043,-0.04404462124303443,NA,NA,NA
County,01097,"Mobile County, AL",COVID-19,1.0051640992049151,0.9977274115946195,0.007436687610295589,NA,NA,NA
County,01119,"Sumter County, AL",COVID-19,0.9563721136767318,0.9288984701466159,0.027473643530115943,NA,NA,NA
County,02020,"Anchorage Borough/municipality, AK",COVID-19,1.0007719352416509,0.9739105427537762,0.02686139248787467,NA,NA,NA
County,02068,"Denali Borough, AK",COVID-19,0.9350165562913908,1.0149247528127965,-0.07990819652140568,NA,NA,NA
County,02290,"Yukon-Koyukuk Census Area, AK",COVID-19,0.9843419382141346,0.9776119426263669,0.0067299955877677675,NA,NA,NA
County,05005,"Baxter County, AR",COVID-19,1.043735460285809,1.0237090017808375,0.020026458504971645,NA,NA,NA
County,05011,"Bradley County, AR",COVID-19,0.9343279775567456,0.9711034827316247,-0.03677550517487915,NA,NA,NA
County,05027,"Columbia County, AR",COVID-19,0.9954249113576576,0.978724893931022,0.016700017426635627,NA,NA,NA
County,05049,"Fulton County, AR",COVID-19,0.9866137828458106,1.0170230859321248,-0.030409303086314177,NA,NA,NA
County,05055,"Greene County, AR",COVID-19,1.0037485135205004,1.0161445545791112,-0.012396041058610807,NA,NA,NA
County,05071,"Johnson County, AR",COVID-19,0.9630066902794177,0.9874279161316575,-0.024421225852239825,NA,NA,NA
County,05073,"Lafayette County, AR",COVID-19,0.89578111946533,0.9504694928962975,-0.05468837343096744,NA,NA,NA
County,05089,"Marion County, AR",COVID-19,0.9479241231209736,1.0017763591169366,-0.053852235995963005,NA,NA,NA
County,05093,"Mississippi County, AR",COVID-19,1.0465489566613162,0.9549099744949388,0.09163898216637745,NA,NA,NA
County,05095,"Monroe County, AR",COVID-19,0.8775652173913043,0.9145651423060415,-0.03699992491473714,NA,NA,NA
County,05135,"Sharp County, AR",COVID-19,1.0479676197037546,1.0173059954725407,0.03066162423121388,NA,NA,NA
County,05149,"Yell County, AR",COVID-19,0.9915607189829022,0.9825378791710465,0.0090228398118556985,NA,NA,NA
County,06001,"Alameda County, CA",COVID-19,0.9648488537745183,1.0074652539629196,-0.04261640018840129,NA,NA,NA
County,06013,"Contra Costa County, CA",COVID-19,0.9884336687690454,1.0193296137557795,-0.030895944986734092,NA,NA,NA
County,06021,"Glenn County, CA",COVID-19,0.989076596497435,0.999333586772531,-0.010256990275096078,NA,NA,NA
County,06031,"Kings County, CA",COVID-19,1.0061243535404596,0.9959839542087917,0.010140399331667882,NA,NA,NA
County,06039,"Madera County, CA",COVID-19,1.0486364469322138,1.0092771854484488,0.03935926148376501,NA,NA,NA
County,06047,"Merced County, CA",COVID-19,1.0083397221339216,1.0309069739374463,-0.0225672518035247,NA,NA,NA
County,06063,"Plumas County, CA",COVID-19,0.9725200162844349,0.974846242168778,-0.0023262258843431693,NA,NA,NA
County,06065,"Riverside County, CA",COVID-19,1.0634107410001186,1.0410408813520733,0.022369859648045276,NA,NA,NA
County,06091,"Sierra County, CA",COVID-19,0.9868630573248408,0.9896747681882553,-0.002811710863414474,NA,NA,NA
County,06093,"Siskiyou County, CA",COVID-19,0.9703579056371756,0.9934851680636105,-0.023127262426434925,NA,NA,NA
County,06099,"Stanislaus County, CA",COVID-19,1.0153069444021126,1.01713165113288,-0.0018247067307675113,NA,NA,NA
County,06101,"Sutter County, CA",COVID-19,1.0050724461811034,1.0117301877100386,-0.006657741528935279,NA,NA,NA
County,06103,"Tehama County, CA",COVID-19,1.0168496856847298,1.0060721482801658,0.010777537404563997,NA,NA,NA
County,06107,"Tulare County, CA",COVID-19,1.050627465623326,1.0162606335139481,0.034366832109377965,NA,NA,NA
County,06115,"Yuba County, CA",COVID-19,1.094232732221844,1.0267752294506343,0.06745750277120965,NA,NA,NA
County,08003,"Alamosa County, CO",COVID-19,0.9479863653579094,1.017395278533489,-0.06940891317557962,NA,NA,NA
County,08071,"Las Animas County, CO",COVID-19,0.8885658914728682,0.9793630897762999,-0.09079719830343169,NA,NA,NA
County,08073,"Lincoln County, CO",COVID-19,0.9021193530395984,1.0258918474319576,-0.12377249439235916,NA,NA,NA
County,08079,"Mineral County, CO",COVID-19,0.9629186602870812,1.0213746639725998,-0.05845600368551862,NA,NA,NA
County,08081,"Moffat County, CO",COVID-19,0.9420435252353758,0.9931595784928446,-0.05111605325746882,NA,NA,NA
County,08103,"Rio Blanco County, CO",COVID-19,0.9261213720316622,0.9448196221113379,-0.018698250079675627,NA,NA,NA
County,08123,"Weld County, CO",COVID-19,1.0122791755888652,1.1193059827900793,-0.10702680720121416,NA,NA,NA
County,08125,"Yuma County, CO",COVID-19,0.8932544587674378,0.9880800879271109,-0.09482562915967307,NA,NA,NA
County,09150,"Northeastern Connecticut Planning Region, CT",COVID-19,0.9812974752583248,1.0031644455606195,-0.021866970302294675,NA,NA,NA
County,10001,"Kent County, DE",COVID-19,1.0277114190157668,1.031021745114644,-0.003310326098877159,NA,NA,NA
County,10005,"Sussex County, DE",COVID-19,1.0731275648131942,1.1068482999688083,-0.033720735155614134,NA,NA,NA
County,12009,"Brevard County, FL",COVID-19,1.0636934830403164,1.0537978846056681,0.009895598434648267,NA,NA,NA
County,12013,"Calhoun County, FL",COVID-19,0.9924575738529228,0.9862969127708227,0.006160661082100116,NA,NA,NA
County,12021,"Collier County, FL",COVID-19,1.07318559040189,1.087442378012086,-0.014256787610195998,NA,NA,NA
County,12031,"Duval County, FL",COVID-19,1.04333646126577,1.0346647084473506,0.008671752818419476,NA,NA,NA
County,12033,"Escambia County, FL",COVID-19,1.0216207524922285,1.0215108785034774,1.0987398875106358e-4,NA,NA,NA
County,12037,"Franklin County, FL",COVID-19,1.020303965803847,1.015426306662219,0.004877659141628188,NA,NA,NA
County,12043,"Glades County, FL",COVID-19,0.9949871764980182,1.0088619088041677,-0.013874732306149551,NA,NA,NA
County,12055,"Highlands County, FL",COVID-19,1.0239778939862134,1.0445354190963798,-0.020557525110166397,NA,NA,NA
County,12073,"Leon County, FL",COVID-19,1.041901119365626,1.0065124539191808,0.035388665446445255,NA,NA,NA
County,12079,"Madison County, FL",COVID-19,1.098582369235783,0.9949916774025673,0.10359069183321568,NA,NA,NA
County,12083,"Marion County, FL",COVID-19,1.083119812539693,1.0700879589146781,0.01303185362501491,NA,NA,NA
County,12087,"Monroe County, FL",COVID-19,1.063915399088704,0.9938933262940165,0.07002207279468753,NA,NA,NA
County,12095,"Orange County, FL",COVID-19,1.0473049423757672,1.0396660045776762,0.0076389377980909945,NA,NA,NA
County,12103,"Pinellas County, FL",COVID-19,1.0520828184402986,1.024798049018756,0.027284769421542565,NA,NA,NA
County,12113,"Santa Rosa County, FL",COVID-19,1.0908948056519334,1.1173645238666245,-0.02646971821469113,NA,NA,NA
County,12123,"Taylor County, FL",COVID-19,0.8987019007881316,0.9862206385351266,-0.08751873774699503,NA,NA,NA
County,12127,"Volusia County, FL",COVID-19,1.055029747514033,1.063841280181315,-0.008811532667282185,NA,NA,NA
County,13001,"Appling County, GA",COVID-19,1.062338668043366,0.9885256111912119,0.07381305685215411,NA,NA,NA
County,13003,"Atkinson County, GA",COVID-19,0.947286012526096,0.955941825189768,-0.008655812663671991,NA,NA,NA
County,13007,"Baker County, GA",COVID-19,0.9805045871559632,0.9488618943240263,0.03164269283193688,NA,NA,NA
County,13009,"Baldwin County, GA",COVID-19,1.0086454519853565,0.9759463079829526,0.032699144002403924,NA,NA,NA
County,13017,"Ben Hill County, GA",COVID-19,1.0509044700254149,0.9839002475299081,0.06700422249550675,NA,NA,NA
County,13031,"Bulloch County, GA",COVID-19,1.047722404683707,1.0209909501153984,0.02673145456830861,NA,NA,NA
County,13051,"Chatham County, GA",COVID-19,1.042912212573168,1.0002917443227834,0.04262046825038457,NA,NA,NA
County,13053,"Chattahoochee County, GA",COVID-19,0.8307464892830746,0.9501497532562069,-0.11940326397313228,NA,NA,NA
County,13059,"Clarke County, GA",COVID-19,0.975269192343678,1.0009405849593052,-0.02567139261562712,NA,NA,NA
County,13061,"Clay County, GA",COVID-19,0.8699507389162562,0.9497312535383531,-0.0797805146220969,NA,NA,NA
County,13103,"Effingham County, GA",COVID-19,1.118025965379494,1.1246578313715607,-0.006631865992066777,NA,NA,NA
County,13115,"Floyd County, GA",COVID-19,1.05096194652709,1.0055598891676685,0.0454020573594216,NA,NA,NA
County,13117,"Forsyth County, GA",COVID-19,1.1131980018961274,1.1545100970370479,-0.04131209514092049,NA,NA,NA
County,13127,"Glynn County, GA",COVID-19,1.0446656323138823,1.0253262538499763,0.019339378463905987,NA,NA,NA
County,13131,"Grady County, GA",COVID-19,1.0274492099322798,0.9973882548960602,0.03006095503621964,NA,NA,NA
County,13139,"Hall County, GA",COVID-19,1.0891435148851567,1.0393140786102681,0.04982943627488856,NA,NA,NA
County,13145,"Harris County, GA",COVID-19,1.0557167926565876,1.0661111035101103,-0.010394310853522715,NA,NA,NA
County,13149,"Heard County, GA",COVID-19,1.0513820775746767,0.9989878794396625,0.052394198135014225,NA,NA,NA
County,13165,"Jenkins County, GA",COVID-19,1.0506349723217192,0.9818402239634999,0.0687947483582193,NA,NA,NA
County,13175,"Laurens County, GA",COVID-19,1.020002142130349,0.9972622196227082,0.022739922507640675,NA,NA,NA
County,13181,"Lincoln County, GA",COVID-19,1.000497347480106,1.0187794407005086,-0.01828209322040264,NA,NA,NA
County,13183,"Long County, GA",COVID-19,1.1400421667207266,1.0652677911232755,0.07477437559745104,NA,NA,NA
County,13187,"Lumpkin County, GA",COVID-19,1.069770598615447,1.0323537147933692,0.03741688382207786,NA,NA,NA
County,13207,"Monroe County, GA",COVID-19,1.05705378020265,1.0358594160601293,0.02119436414252074,NA,NA,NA
County,13229,"Pierce County, GA",COVID-19,1.024393342650235,1.0057972793373458,0.01859606331288921,NA,NA,NA
County,13235,"Pulaski County, GA",COVID-19,0.9805421363392378,0.9916767691588094,-0.01113463281957161,NA,NA,NA
County,13239,"Quitman County, GA",COVID-19,0.9443620178041544,0.9971343228185716,-0.05277230501441721,NA,NA,NA
County,13241,"Rabun County, GA",COVID-19,1.080168142921483,1.0304578300567597,0.04971031286472338,NA,NA,NA
County,13273,"Terrell County, GA",COVID-19,0.9581318016928658,0.9709745216705145,-0.012842719977648631,NA,NA,NA
County,13277,"Tift County, GA",COVID-19,1.047806671920147,0.998383785496199,0.0494228864239481,NA,NA,NA
County,13281,"Towns County, GA",COVID-19,1.0458280657395702,1.0713159278176279,-0.025487862078057644,NA,NA,NA
County,13287,"Turner County, GA",COVID-19,1.0101465614430665,0.9428505676606461,0.06729599378242035,NA,NA,NA
County,16013,"Blaine County, ID",COVID-19,1.064480651731161,1.0163586886581486,0.04812196307301231,NA,NA,NA
County,16019,"Bonneville County, ID",COVID-19,1.1218250744652043,1.0541367365231624,0.06768833794204188,NA,NA,NA
County,16045,"Gem County, ID",COVID-19,1.092238470191226,1.0781115359303963,0.014126934260829671,NA,NA,NA
County,16051,"Jefferson County, ID",COVID-19,1.1438959586071875,1.0464633126666032,0.09743264594058432,NA,NA,NA
County,16057,"Latah County, ID",COVID-19,1.003439852435316,1.0113392105012617,-0.00789935806594566,NA,NA,NA
County,16063,"Lincoln County, ID",COVID-19,0.9060616802552286,0.9960146780729501,-0.08995299781772148,NA,NA,NA
County,16077,"Power County, ID",COVID-19,1.0390832328106152,0.9870702666543842,0.052012966156230966,NA,NA,NA
County,16083,"Twin Falls County, ID",COVID-19,1.0679565496422714,1.0332385851952919,0.0347179644469795,NA,NA,NA
County,17001,"Adams County, IL",COVID-19,0.945382982487175,0.9645620746184084,-0.019179092131233366,NA,NA,NA
County,17005,"Bond County, IL",COVID-19,0.9610853739245532,0.9682101782680114,-0.007124804343458191,NA,NA,NA
County,17009,"Brown County, IL",COVID-19,1.0334773218142548,0.934646656912804,0.09883066490145076,NA,NA,NA
County,17027,"Clinton County, IL",COVID-19,0.9831090284967036,0.9880634610745387,-0.004954432577835122,NA,NA,NA
County,17029,"Coles County, IL",COVID-19,0.9521893791818412,0.9650919514107861,-0.012902572228944864,NA,NA,NA
County,17033,"Crawford County, IL",COVID-19,0.9809224049331964,0.9652828364838781,0.015639568449318242,NA,NA,NA
County,17041,"Douglas County, IL",COVID-19,0.9966911384551752,0.9930779291448346,0.0036132093103405927,NA,NA,NA
County,17051,"Fayette County, IL",COVID-19,0.9790415893461412,0.9718968507661233,0.007144738580017851,NA,NA,NA
County,17067,"Hancock County, IL",COVID-19,0.9444183037289732,0.9762216772611843,-0.03180337353221108,NA,NA,NA
County,17069,"Hardin County, IL",COVID-19,1.1350277998411438,0.976540015233674,0.15848778460746982,NA,NA,NA
County,17077,"Jackson County, IL",COVID-19,0.9558501222287784,0.9820846980692338,-0.02623457584045541,NA,NA,NA
County,17079,"Jasper County, IL",COVID-19,1.0465899218071242,0.983296160759067,0.06329376104805717,NA,NA,NA
County,17101,"Lawrence County, IL",COVID-19,0.8714285714285714,0.9678793402146928,-0.09645076878612135,NA,NA,NA
County,17109,"McDonough County, IL",COVID-19,0.953674623115578,0.9655447528469365,-0.01187012973135848,NA,NA,NA
County,17119,"Madison County, IL",COVID-19,0.9753299368683984,0.9913267205682569,-0.015996783699858463,NA,NA,NA
County,17139,"Moultrie County, IL",COVID-19,0.9572857142857144,0.9648974564586458,-0.007611742172931368,NA,NA,NA
County,17143,"Peoria County, IL",COVID-19,0.9572577156042688,0.9679938750876844,-0.010736159483415664,NA,NA,NA
County,17151,"Pope County, IL",COVID-19,1.048111510791367,1.0142155753880808,0.03389593540328617,NA,NA,NA
County,17171,"Scott County, IL",COVID-19,0.9199332777314428,0.9696641841694456,-0.04973090643800271,NA,NA,NA
County,17175,"Stark County, IL",COVID-19,0.9444220700765203,0.9580934423731026,-0.013671372296582218,NA,NA,NA
County,17179,"Tazewell County, IL",COVID-19,0.9632313472893184,0.9704916249824241,-0.007260277693105777,NA,NA,NA
County,17187,"Warren County, IL",COVID-19,0.9341773746535652,0.9520194075791341,-0.01784203292556885,NA,NA,NA
County,18003,"Allen County, IN",COVID-19,1.0128457606335826,1.019515463801386,-0.006669703167803354,NA,NA,NA
County,18021,"Clay County, IN",COVID-19,0.964686006263392,0.9960758021307525,-0.03138979586736057,NA,NA,NA
County,18035,"Delaware County, IN",COVID-19,0.9487572320341048,0.9810912909232514,-0.032334058889146644,NA,NA,NA
County,18037,"Dubois County, IN",COVID-19,0.9497565294378044,0.9879467111298678,-0.03819018169206334,NA,NA,NA
County,18067,"Howard County, IN",COVID-19,0.8967980425173647,1.0059440550605854,-0.10914601254322065,NA,NA,NA
County,18095,"Madison County, IN",COVID-19,1.0224840850602737,1.0036814773308538,0.018802607729419885,NA,NA,NA
County,18099,"Marshall County, IN",COVID-19,0.9914770130701032,0.9917800896870902,-3.0307661698703026e-4,NA,NA,NA
County,18107,"Montgomery County, IN",COVID-19,0.9971611626211064,0.995182865504396,0.0019782971167103813,NA,NA,NA
County,18113,"Noble County, IN",COVID-19,0.9289017590871764,0.9756328659540723,-0.046731106866895855,NA,NA,NA
County,18115,"Ohio County, IN",COVID-19,1.00844475721323,0.9980968021347214,0.010347955078508608,NA,NA,NA
County,18155,"Switzerland County, IN",COVID-19,0.9001144164759726,0.9899535007994422,-0.08983908432346965,NA,NA,NA
County,18167,"Vigo County, IN",COVID-19,0.9553133958159676,0.9909133429530474,-0.03559994713707981,NA,NA,NA
County,19003,"Adams County, IA",COVID-19,0.93360433604336035,0.9514335356489049,-0.01782919960554452,NA,NA,NA
County,19005,"Allamakee County, IA",COVID-19,0.9494508402805346,0.9695224924558927,-0.020071652175358112,NA,NA,NA
County,19013,"Black Hawk County, IA",COVID-19,0.95342761848867,0.9939902825758586,-0.04056266408718867,NA,NA,NA
County,19031,"Cedar County, IA",COVID-19,0.9527824620573356,0.9941215789750832,-0.04133911691774761,NA,NA,NA
County,19037,"Chickasaw County, IA",COVID-19,0.9938566059554784,0.9622059929762588,0.03165061297921967,NA,NA,NA
County,19053,"Decatur County, IA",COVID-19,0.97267395361237,0.9833535125596984,-0.010679558947328416,NA,NA,NA
County,19055,"Delaware County, IA",COVID-19,0.9748025197480252,0.968081203056903,0.006721316691122192,NA,NA,NA
County,19057,"Des Moines County, IA",COVID-19,0.9118306414632904,0.9665800543339534,-0.05474941287066304,NA,NA,NA
County,19109,"Kossuth County, IA",COVID-19,0.9504121908568574,0.9809843456109282,-0.030572154754070824,NA,NA,NA
County,19117,"Lucas County, IA",COVID-19,0.9582747304266293,0.9737759185262257,-0.015501188099596441,NA,NA,NA
County,19125,"Marion County, IA",COVID-19,1.03222127174223,0.9829310088330407,0.049290262909189364,NA,NA,NA
County,19129,"Mills County, IA",COVID-19,0.9449233716475096,0.9931822146799204,-0.04825884303241079,NA,NA,NA
County,19139,"Muscatine County, IA",COVID-19,0.915907641861736,0.9819914662985885,-0.06608382443685246,NA,NA,NA
County,19143,"Osceola County, IA",COVID-19,1.0063694267515924,0.9717731743245717,0.03459625242702069,NA,NA,NA
County,19145,"Page County, IA",COVID-19,1.0052906509509778,0.9774424026689942,0.027848248281983623,NA,NA,NA
County,19155,"Pottawattamie County, IA",COVID-19,0.9538731645030858,0.9932868227489504,-0.039413658245864625,NA,NA,NA
County,19161,"Sac County, IA",COVID-19,0.981264869151467,0.9757361022034967,0.005528766947970332,NA,NA,NA
County,19167,"Sioux County, IA",COVID-19,1.0619462599854756,0.9950061147543874,0.06694014523108827,NA,NA,NA
County,19169,"Story County, IA",COVID-19,1.0039490590280402,1.00535582020499,-0.0014067611769497113,NA,NA,NA
County,19197,"Wright County, IA",COVID-19,0.9647260808490712,0.9688818892570432,-0.004155808407972028,NA,NA,NA
County,20009,"Barton County, KS",COVID-19,0.9432977461447212,0.9639346158028701,-0.020636869658148926,NA,NA,NA
County,20037,"Crawford County, KS",COVID-19,1.0224329940853627,0.9841719034194351,0.038261090665927644,NA,NA,NA
County,20039,"Decatur County, KS",COVID-19,0.937625754527163,0.9827458534984946,-0.045120098971331624,NA,NA,NA
County,20043,"Doniphan County, KS",COVID-19,0.9728362183754994,0.9690945035122719,0.0037417148632274966,NA,NA,NA
County,20047,"Edwards County, KS",COVID-19,0.9692307692307692,0.934041165148909,0.035189604081860226,NA,NA,NA
County,20073,"Greenwood County, KS",COVID-19,0.9343899113837764,0.9828952739931932,-0.04850536260941685,NA,NA,NA
County,20077,"Harper County, KS",COVID-19,0.9743844320889596,0.9457865355104556,0.02859789657850409,NA,NA,NA
County,20081,"Haskell County, KS",COVID-19,1.007705986959099,0.9547422729248939,0.05296371403420508,NA,NA,NA
County,20087,"Jefferson County, KS",COVID-19,1.019308726264135,1.004874959706646,0.014433766557488958,NA,NA,NA
County,20099,"Labette County, KS",COVID-19,0.9316488004083716,0.9492234531335019,-0.017574652725130258,NA,NA,NA
County,20103,"Leavenworth County, KS",COVID-19,1.0382739702168422,1.004832058350648,0.03344191186619416,NA,NA,NA
County,20113,"McPherson County, KS",COVID-19,1.0192794126719724,0.9803199818223489,0.0389594308496235,NA,NA,NA
County,20121,"Miami County, KS",COVID-19,1.0445962587228057,1.0275203874231398,0.017075871299665923,NA,NA,NA
County,20155,"Reno County, KS",COVID-19,0.9812962768010668,0.9619752744504403,0.019321002350626504,NA,NA,NA
County,20161,"Riley County, KS",COVID-19,0.9783056432788686,0.9778385886460601,4.670546328084946e-4,NA,NA,NA
County,20163,"Rooks County, KS",COVID-19,0.9719917012448132,0.964746270131327,0.007245431113486189,NA,NA,NA
County,20169,"Saline County, KS",COVID-19,0.9975696057757604,0.9673115087156486,0.030258097060111733,NA,NA,NA
County,20185,"Stafford County, KS",COVID-19,0.9700049578582052,0.9650413793000042,0.004963578558200954,NA,NA,NA
County,20187,"Stanton County, KS",COVID-19,1.0631067961165048,0.9671536721463576,0.09595312397014721,NA,NA,NA
County,20189,"Stevens County, KS",COVID-19,1.1218032076289552,0.9527406569576132,0.16906255067134202,NA,NA,NA
County,20197,"Wabaunsee County, KS",COVID-19,1.049770290964778,0.9953852666336785,0.054385024331099374,NA,NA,NA
County,20199,"Wallace County, KS",COVID-19,1.065015479876161,0.9843877486989746,0.08062773117718647,NA,NA,NA
County,21009,"Barren County, KY",COVID-19,0.9386201209455745,1.0179880149998393,-0.07936789405426481,NA,NA,NA
County,21021,"Boyle County, KY",COVID-19,1.0176255271743455,1.007818328720921,0.009807198453424482,NA,NA,NA
County,21029,"Bullitt County, KY",COVID-19,1.018158505312004,1.0403849157589802,-0.022226410446976264,NA,NA,NA
County,21033,"Caldwell County, KY",COVID-19,1.0834889802017182,0.9886313827236278,0.09485759747809042,NA,NA,NA
County,21035,"Calloway County, KY",COVID-19,0.9322454157536616,1.0013054579893332,-0.06906004223567164,NA,NA,NA
County,21037,"Campbell County, KY",COVID-19,0.989515392296416,1.0012064652435835,-0.011691072947167425,NA,NA,NA
County,21051,"Clay County, KY",COVID-19,0.9770012479942948,0.9507688036445693,0.026232444349725492,NA,NA,NA
County,21053,"Clinton County, KY",COVID-19,0.8938274861514113,0.9688907632631325,-0.07506327711172123,NA,NA,NA
County,21069,"Fleming County, KY",COVID-19,0.9764468371467026,1.0088283221231271,-0.03238148497642457,NA,NA,NA
County,21085,"Grayson County, KY",COVID-19,0.948695652173913,1.0080268802595749,-0.059331228085661825,NA,NA,NA
County,21093,"Hardin County, KY",COVID-19,0.960899742383274,1.0079236293449578,-0.0470238869616838,NA,NA,NA
County,21095,"Harlan County, KY",COVID-19,0.973108541173192,0.9458437569133344,0.027264784259857566,NA,NA,NA
County,21113,"Jessamine County, KY",COVID-19,1.036321923092541,1.0390983019792468,-0.002776378886705899,NA,NA,NA
County,21119,"Knott County, KY",COVID-19,0.9568087077350624,0.9574867084946519,-6.780007595894588e-4,NA,NA,NA
County,21135,"Lewis County, KY",COVID-19,0.9779719419148412,0.9916047736650274,-0.013632831750186258,NA,NA,NA
County,21141,"Logan County, KY",COVID-19,0.9866717120753448,1.0011444319578875,-0.014472719882542728,NA,NA,NA
County,21147,"McCreary County, KY",COVID-19,1.0198183319570602,0.9831279623215652,0.03669036963549499,NA,NA,NA
County,21163,"Meade County, KY",COVID-19,0.994102811364142,0.9984988348612057,-0.004396023497063695,NA,NA,NA
County,21171,"Monroe County, KY",COVID-19,0.9775583482944344,0.9995864693260971,-0.02202812103166263,NA,NA,NA
County,21179,"Nelson County, KY",COVID-19,1.012455598099368,1.0099033452529185,0.002552252846449443,NA,NA,NA
County,21183,"Ohio County, KY",COVID-19,0.9395290581162324,0.9824115992731284,-0.04288254115689594,NA,NA,NA
County,21191,"Pendleton County, KY",COVID-19,0.987923792379238,0.9924194339970117,-0.004495641617773716,NA,NA,NA
County,21197,"Powell County, KY",COVID-19,1.0505715946521992,0.991837790984049,0.058733803668150175,NA,NA,NA
County,21201,"Robertson County, KY",COVID-19,1.0101910828025478,0.9941160052422415,0.01607507756030624,NA,NA,NA
County,22017,"Caddo Parish, LA",COVID-19,0.975602139597667,0.9766833768877692,-0.0010812372901022327,NA,NA,NA
County,22025,"Catahoula Parish, LA",COVID-19,1.06435974590438,0.9768611048148615,0.08749864108951855,NA,NA,NA
County,22037,"East Feliciana Parish, LA",COVID-19,0.985097927902356,0.9749269586020308,0.010170969300325128,NA,NA,NA
County,22057,"Lafourche Parish, LA",COVID-19,0.995432609445019,0.9954979486656502,-6.53392206312331e-5,NA,NA,NA
County,22067,"Morehouse Parish, LA",COVID-19,0.9456225068234306,0.9512752948970066,-0.005652788073575943,NA,NA,NA
County,22079,"Rapides Parish, LA",COVID-19,1.006880481450222,0.9927673934270741,0.014113088023147813,NA,NA,NA
County,22113,"Vermilion Parish, LA",COVID-19,1.0089692661509513,1.009275528573779,-3.0626242282760785e-4,NA,NA,NA
County,22115,"Vernon Parish, LA",COVID-19,1.0442428035043805,0.9633414724699064,0.08090133103447406,NA,NA,NA
County,23011,"Kennebec County, ME",COVID-19,1.0019986009793145,0.994998176556138,0.007000424423176499,NA,NA,NA
County,23013,"Knox County, ME",COVID-19,0.9672913543228384,0.9971124188554367,-0.02982106453259825,NA,NA,NA
County,23019,"Penobscot County, ME",COVID-19,0.9773801716128327,0.9920660588797838,-0.014685887266951081,NA,NA,NA
County,23031,"York County, ME",COVID-19,1.0033886078654888,1.016616053129178,-0.01322744526368913,NA,NA,NA
County,24001,"Allegany County, MD",COVID-19,0.8676581528181916,0.9771181232849606,-0.10945997046676903,NA,NA,NA
County,24003,"Anne Arundel County, MD",COVID-19,0.9813497169325784,1.0211273265739467,-0.03977760964136823,NA,NA,NA
County,24019,"Dorchester County, MD",COVID-19,0.9816989626149932,0.9871682469672015,-0.005469284352208281,NA,NA,NA
County,24029,"Kent County, MD",COVID-19,0.9469017094017094,0.9706606986073208,-0.02375898920561148,NA,NA,NA
County,24035,"Queen Anne's County, MD",COVID-19,1.021257138591318,1.0236694483866404,-0.002412309795322365,NA,NA,NA
County,24037,"St. Mary's County, MD",COVID-19,0.9992143168921868,1.0101017962433811,-0.010887479351194385,NA,NA,NA
County,24041,"Talbot County, MD",COVID-19,0.9395202162405676,0.9941529072584446,-0.054632691017877044,NA,NA,NA
County,24043,"Washington County, MD",COVID-19,0.9532531784737688,1.0107327121031955,-0.057479533629426705,NA,NA,NA
County,24510,"Baltimore city, MD",COVID-19,0.9350910384808984,0.9657965437099792,-0.030705505229080887,NA,NA,NA
County,25007,"Dukes County, MA",COVID-19,0.9961659457333858,1.0228762054915141,-0.026710259758128352,NA,NA,NA
County,25021,"Norfolk County, MA",COVID-19,1.001033765426912,1.0135253113606215,-0.012491545933709602,NA,NA,NA
County,26017,"Bay County, MI",COVID-19,0.990699349590051,0.9727962926059316,0.017903056984119425,NA,NA,NA
County,26019,"Benzie County, MI",COVID-19,1.0274371361327883,1.0103258858650006,0.017111250267787703,NA,NA,NA
County,26033,"Chippewa County, MI",COVID-19,1.042547133999747,0.9726985768405146,0.06984855715923233,NA,NA,NA
County,26043,"Dickinson County, MI",COVID-19,1.001875312552092,0.9680700353811712,0.033805277170920855,NA,NA,NA
County,26053,"Gogebic County, MI",COVID-19,0.9310848062266904,0.9686068087377913,-0.03752200251110083,NA,NA,NA
County,26055,"Grand Traverse County, MI",COVID-19,1.0179991841729554,1.0119440898568415,0.0060550943161139514,NA,NA,NA
County,26063,"Huron County, MI",COVID-19,0.9408866995073892,0.9705836594397173,-0.029696959932328015,NA,NA,NA
County,26067,"Ionia County, MI",COVID-19,1.0017683027598745,0.9952686360154326,0.006499666744441912,NA,NA,NA
County,26079,"Kalkaska County, MI",COVID-19,1.031396255850234,1.0157249354012647,0.01567132044896935,NA,NA,NA
County,26095,"Luce County, MI",COVID-19,0.8345943673812526,0.9747192568080931,-0.14012488942684054,NA,NA,NA
County,26097,"Mackinac County, MI",COVID-19,1.0536466415428951,0.983278112468099,0.07036852907479607,NA,NA,NA
County,26099,"Macomb County, MI",COVID-19,0.9811555714560916,0.9992867648577791,-0.018131193401687562,NA,NA,NA
County,26103,"Marquette County, MI",COVID-19,1.007581390837671,0.9865198863894858,0.02106150444818511,NA,NA,NA
County,26105,"Mason County, MI",COVID-19,0.948972442783746,1.0144182077249269,-0.06544576494118082,NA,NA,NA
County,26113,"Missaukee County, MI",COVID-19,1.0711678832116789,1.0072777953574044,0.06389008785427452,NA,NA,NA
County,26121,"Muskegon County, MI",COVID-19,0.9974249418227596,1.0072911494351653,-0.009866207612405642,NA,NA,NA
County,26133,"Osceola County, MI",COVID-19,1.082449160035367,0.9836789341638792,0.09877022587148776,NA,NA,NA
County,26135,"Oscoda County, MI",COVID-19,0.7687623436471362,0.9870286033586863,-0.21826625971155,NA,NA,NA
County,26143,"Roscommon County, MI",COVID-19,1.1236146095717885,1.0246198972575902,0.09899471231419832,NA,NA,NA
County,26145,"Saginaw County, MI",COVID-19,0.9687752177002662,0.9780586880088754,-0.00928347030860921,NA,NA,NA
County,26149,"St. Joseph County, MI",COVID-19,0.975275783575556,0.9861168830706125,-0.010841099495056516,NA,NA,NA
County,26151,"Sanilac County, MI",COVID-19,0.92008528554464,0.9927022608166014,-0.07261697527196143,NA,NA,NA
County,26153,"Schoolcraft County, MI",COVID-19,1.0330726621049202,0.9633220262400983,0.06975063586482189,NA,NA,NA
County,27007,"Beltrami County, MN",COVID-19,1.0368570751362882,1.0179526547340236,0.018904420402264588,NA,NA,NA
County,27031,"Cook County, MN",COVID-19,0.9331046312178388,1.0116193071006436,-0.07851467588280481,NA,NA,NA
County,27039,"Dodge County, MN",COVID-19,1.0174626735353185,1.0117642818002504,0.005698391735068142,NA,NA,NA
County,27051,"Grant County, MN",COVID-19,1.0037978863936592,1.0011935528170306,0.0026043335766285924,NA,NA,NA
County,27053,"Hennepin County, MN",COVID-19,0.98481047285757,1.0053356076604234,-0.02052513480285345,NA,NA,NA
County,27059,"Isanti County, MN",COVID-19,1.0601420754535855,1.0541887377115762,0.005953337742009346,NA,NA,NA
County,27079,"Le Sueur County, MN",COVID-19,1.007293616471955,1.0192674366704546,-0.011973820198499574,NA,NA,NA
County,27085,"McLeod County, MN",COVID-19,0.9877034450890796,0.9787848309156417,0.008918614173437867,NA,NA,NA
County,27095,"Mille Lacs County, MN",COVID-19,1.0258320726172463,1.008986227716898,0.01684584490034835,NA,NA,NA
County,27109,"Olmsted County, MN",COVID-19,1.020620291806437,1.0076012249237927,0.013019066882644426,NA,NA,NA
County,27111,"Otter Tail County, MN",COVID-19,1.0147641155185363,1.0057788280396938,0.00898528747884253,NA,NA,NA
County,27117,"Pipestone County, MN",COVID-19,0.9423359194799747,0.9760227902929977,-0.03368687081302291,NA,NA,NA
County,27131,"Rice County, MN",COVID-19,1.0091812970261556,1.0034266316125096,0.0057546654136459985,NA,NA,NA
County,27133,"Rock County, MN",COVID-19,0.9973524962178516,0.9896024560447229,0.007750040173128747,NA,NA,NA
County,27153,"Todd County, MN",COVID-19,1.046404399323181,1.004487937157359,0.04191646216582212,NA,NA,NA
County,27159,"Wadena County, MN",COVID-19,1.017133468940698,0.9884299545958841,0.028703514344813774,NA,NA,NA
County,27167,"Wilkin County, MN",COVID-19,0.9774501300954032,0.9719708870882118,0.005479243007191381,NA,NA,NA
County,27171,"Wright County, MN",COVID-19,1.064751173955245,1.0420055492867968,0.022745624668448317,NA,NA,NA
County,28013,"Calhoun County, MS",COVID-19,0.961666358765934,0.9696798918671815,-0.008013533101247527,NA,NA,NA
County,28017,"Chickasaw County, MS",COVID-19,0.917976653696498,0.9809785127031906,-0.06300185900669264,NA,NA,NA
County,28019,"Choctaw County, MS",COVID-19,0.9815,0.9597735128454726,0.021726487154527407,NA,NA,NA
County,28021,"Claiborne County, MS",COVID-19,0.9616685456595264,0.9480636196259795,0.013604926033546905,NA,NA,NA
County,28035,"Forrest County, MS",COVID-19,1.0221737603184826,0.9938056802213976,0.028368080097085024,NA,NA,NA
County,28045,"Hancock County, MS",COVID-19,1.020786461899638,1.027505256699196,-0.006718794799557948,NA,NA,NA
County,28049,"Hinds County, MS",COVID-19,0.9366909222481306,0.9702164062146639,-0.03352548396653332,NA,NA,NA
County,28053,"Humphreys County, MS",COVID-19,0.9054831288343558,0.903077425230982,0.0024057036033737766,NA,NA,NA
County,28057,"Itawamba County, MS",COVID-19,0.9998058063889698,0.9851302859860308,0.014675520402938957,NA,NA,NA
County,28063,"Jefferson County, MS",COVID-19,0.9244386873920551,0.9673334302728814,-0.042894742880826287,NA,NA,NA
County,28067,"Jones County, MS",COVID-19,0.9779904636859926,1.0275850260060653,-0.049594562320072644,NA,NA,NA
County,28077,"Lawrence County, MS",COVID-19,1.0549112426035503,0.9958907139445893,0.05902052865896101,NA,NA,NA
County,28161,"Yalobusha County, MS",COVID-19,0.9581381733021076,0.9651237747278154,-0.00698560142570781,NA,NA,NA
County,29001,"Adair County, MO",COVID-19,0.9216030936895764,0.9760493874778035,-0.054446293788227074,NA,NA,NA
County,29011,"Barton County, MO",COVID-19,1.0130071830712484,0.9839756349915109,0.029031548079737513,NA,NA,NA
County,29021,"Buchanan County, MO",COVID-19,0.9335174063517916,0.9714724754242633,-0.0379550690724717,NA,NA,NA
County,29041,"Chariton County, MO",COVID-19,0.987303506650544,0.9740030603575223,0.01330044629302174,NA,NA,NA
County,29047,"Clay County, MO",COVID-19,1.0330258568942854,1.0467144880938877,-0.013688631199602286,NA,NA,NA
County,29059,"Dallas County, MO",COVID-19,1.0444981296758105,1.0252882532502703,0.019209876425540173,NA,NA,NA
County,29067,"Douglas County, MO",COVID-19,1.028593172428789,0.9894555727766969,0.03913759965209196,NA,NA,NA
County,29077,"Greene County, MO",COVID-19,1.0257195050494603,1.0173746791096077,0.00834482593985264,NA,NA,NA
County,29087,"Holt County, MO",COVID-19,0.9293103448275862,0.9735800806499236,-0.0442697358223374,NA,NA,NA
County,29095,"Jackson County, MO",COVID-19,1.0075395155875166,1.0056648740593948,0.0018746415281218898,NA,NA,NA
County,29099,"Jefferson County, MO",COVID-19,1.0258436399200284,1.018468061651632,0.00737557826839641,NA,NA,NA
County,29107,"Lafayette County, MO",COVID-19,1.007424970362513,0.9986172100526086,0.008807760309904489,NA,NA,NA
County,29109,"Lawrence County, MO",COVID-19,0.9565076178103225,1.0022109376661632,-0.04570331985584075,NA,NA,NA
County,29117,"Livingston County, MO",COVID-19,0.9681093394077448,0.9901359337778688,-0.022026594370123997,NA,NA,NA
County,29125,"Maries County, MO",COVID-19,1.011196067722556,0.994091768238535,0.017104299484021035,NA,NA,NA
County,29135,"Moniteau County, MO",COVID-19,0.9870093194012992,1.0011288870802728,-0.014119567678973599,NA,NA,NA
County,29141,"Morgan County, MO",COVID-19,1.0539680559021711,1.028423539092943,0.02554451680922809,NA,NA,NA
County,29151,"Osage County, MO",COVID-19,1.0171981104222023,0.9764791400390578,0.04071897038314454,NA,NA,NA
County,29179,"Reynolds County, MO",COVID-19,0.8743551952837141,0.9784214825349673,-0.10406628725125322,NA,NA,NA
County,29181,"Ripley County, MO",COVID-19,1.012888888888889,0.9671615855217611,0.045727303367127825,NA,NA,NA
County,29186,"Ste. Genevieve County, MO",COVID-19,1.0238538133274977,0.9973497390722216,0.026504074255276122,NA,NA,NA
County,29221,"Washington County, MO",COVID-19,0.9862734584450402,1.0040308529781348,-0.01775739453309455,NA,NA,NA
County,29510,"St. Louis city, MO",COVID-19,0.9424931818750468,0.953244033611896,-0.010750851736849198,NA,NA,NA
County,30021,"Dawson County, MT",COVID-19,0.930752453653217,0.9597786619746033,-0.02902620832138625,NA,NA,NA
County,30037,"Golden Valley County, MT",COVID-19,1.0989445910290236,1.0259272088739522,0.07301738215507148,NA,NA,NA
County,30039,"Granite County, MT",COVID-19,0.995830174374526,1.0010627783520418,-0.005232603977515793,NA,NA,NA
County,30047,"Lake County, MT",COVID-19,1.0806315304240934,1.0452980919332928,0.03533343849080062,NA,NA,NA
County,30049,"Lewis and Clark County, MT",COVID-19,1.0371976332733917,1.0239945985203431,0.013203034753048515,NA,NA,NA
County,30053,"Lincoln County, MT",COVID-19,1.0887668566662032,1.0394207414920074,0.04934611517419585,NA,NA,NA
County,30055,"McCone County, MT",COVID-19,0.9952941176470588,1.00478377460912,-0.009489656962061166,NA,NA,NA
County,30061,"Mineral County, MT",COVID-19,1.1549865229110512,1.0344930597980455,0.12049346311300568,NA,NA,NA
County,30063,"Missoula County, MT",COVID-19,1.0475287198707988,1.0282966800773572,0.01923203979344157,NA,NA,NA
County,30065,"Musselshell County, MT",COVID-19,1.0530646992054484,0.9777821354576794,0.07528256374776898,NA,NA,NA
County,30073,"Pondera County, MT",COVID-19,0.933130699088146,0.9759152807141299,-0.042784581625983864,NA,NA,NA
County,30103,"Treasure County, MT",COVID-19,0.9212410501193318,1.0207448460415742,-0.09950379592224246,NA,NA,NA
County,30109,"Wibaux County, MT",COVID-19,0.9304245283018868,0.9704627354187261,-0.04003820711683925,NA,NA,NA
County,31003,"Antelope County, NE",COVID-19,0.9799043062200956,0.9865636362512462,-0.006659330031150601,NA,NA,NA
County,31009,"Blaine County, NE",COVID-19,0.9881422924901184,1.0351819310452388,-0.04703963855512039,NA,NA,NA
County,31021,"Burt County, NE",COVID-19,1.0180546519193234,0.9748664439330305,0.04318820798629297,NA,NA,NA
County,31023,"Butler County, NE",COVID-19,1.015006821282401,0.9719504765287339,0.04305634475366715,NA,NA,NA
County,31025,"Cass County, NE",COVID-19,1.0282608695652171,1.033917531758988,-0.005656662193770812,NA,NA,NA
County,31041,"Custer County, NE",COVID-19,0.9841124908692476,0.9862573857251358,-0.002144894855888202,NA,NA,NA
County,31043,"Dakota County, NE",COVID-19,1.016371394119284,0.9792140701817695,0.037157323937514475,NA,NA,NA
County,31061,"Franklin County, NE",COVID-19,1.0423669467787116,0.962750883359309,0.07961606341940253,NA,NA,NA
County,31063,"Frontier County, NE",COVID-19,0.9686226568867156,0.9656639947834773,0.002958662103238252,NA,NA,NA
County,31093,"Howard County, NE",COVID-19,1.0673343605546994,1.0142156768411994,0.05311868371350004,NA,NA,NA
County,31099,"Kearney County, NE",COVID-19,0.9826238053866204,1.0055640908834373,-0.022940285496816926,NA,NA,NA
County,31105,"Kimball County, NE",COVID-19,0.9890899414582224,0.957559972400737,0.031529969057485396,NA,NA,NA
County,31109,"Lancaster County, NE",COVID-19,1.0205584499882243,1.0222171121129346,-0.0016586621247103306,NA,NA,NA
County,31113,"Logan County, NE",COVID-19,0.9197860962566844,0.9822603121578954,-0.06247421590121105,NA,NA,NA
County,31117,"McPherson County, NE",COVID-19,0.875,1.0498704651890487,-0.1748704651890487,NA,NA,NA
County,31129,"Nuckolls County, NE",COVID-19,1.0404294198264048,0.9682258686202375,0.07220355120616728,NA,NA,NA
County,31153,"Sarpy County, NE",COVID-19,1.0494809479740876,1.0485076468343113,9.733011397763391e-4,NA,NA,NA
County,31159,"Seward County, NE",COVID-19,0.9959289415247964,1.0056217228104691,-0.009692781285672747,NA,NA,NA
County,31163,"Sherman County, NE",COVID-19,0.976065573770492,0.9886858710822982,-0.01262029731180625,NA,NA,NA
County,31171,"Thomas County, NE",COVID-19,0.9942528735632185,0.9976639492369974,-0.0034110756737789627,NA,NA,NA
County,31173,"Thurston County, NE",COVID-19,1.0773704617553754,0.9431730053155358,0.1341974564398396,NA,NA,NA
County,31179,"Wayne County, NE",COVID-19,0.992557978539287,0.9843621201922754,0.008195858347011531,NA,NA,NA
County,32003,"Clark County, NV",COVID-19,1.0174095860223953,1.0679833081340975,-0.05057372211170219,NA,NA,NA
County,32009,"Esmeralda County, NV",COVID-19,0.9840989399293286,1.0807651384795385,-0.09666619855020986,NA,NA,NA
County,32011,"Eureka County, NV",COVID-19,0.902456647398844,0.9753824203470417,-0.07292577294819769,NA,NA,NA
County,32033,"White Pine County, NV",COVID-19,0.9735245449531164,0.9483736901910813,0.025150854762035046,NA,NA,NA
County,33015,"Rockingham County, NH",COVID-19,0.9908437195067862,1.0126064066009617,-0.021762687094175504,NA,NA,NA
County,33017,"Strafford County, NH",COVID-19,0.9888579573591016,1.0130307661860698,-0.02417280882696815,NA,NA,NA
County,34007,"Camden County, NJ",COVID-19,1.0303346237725213,0.9981955927088069,0.03213903106371441,NA,NA,NA
County,34023,"Middlesex County, NJ",COVID-19,1.0189993209880923,0.999461742380917,0.01953757860717531,NA,NA,NA
County,34027,"Morris County, NJ",COVID-19,1.0120256261276417,1.0017955422109688,0.010230083916672905,NA,NA,NA
County,35007,"Colfax County, NM",COVID-19,0.9786187512547682,0.9447655898302277,0.03385316142454042,NA,NA,NA
County,35017,"Grant County, NM",COVID-19,0.9642925338934504,0.9826384790381645,-0.018345945144714104,NA,NA,NA
County,35033,"Mora County, NM",COVID-19,0.8057875894988067,1.010957790743399,-0.2051702012445924,NA,NA,NA
County,35045,"San Juan County, NM",COVID-19,0.9654179572999604,0.9742136846153443,-0.008795727315383917,NA,NA,NA
County,36001,"Albany County, NY",COVID-19,1.0008398799259115,0.9963966855661687,0.00444319435974283,NA,NA,NA
County,36007,"Broome County, NY",COVID-19,0.9700565172152856,0.9725801994655427,-0.00252368225025712,NA,NA,NA
County,36011,"Cayuga County, NY",COVID-19,0.9715379061371842,0.9653418937284031,0.006196012408781093,NA,NA,NA
County,36031,"Essex County, NY",COVID-19,0.985541457657126,0.9686278833725891,0.01691357428453688,NA,NA,NA
County,36047,"Kings County, NY",COVID-19,0.9702177611567396,0.993131091195582,-0.022913330038842328,NA,NA,NA
County,36057,"Montgomery County, NY",COVID-19,0.9794626593806922,0.9871293104384266,-0.007666651057734342,NA,NA,NA
County,36061,"New York County, NY",COVID-19,0.9709844260035044,0.9772525689564302,-0.00626814295292577,NA,NA,NA
County,36063,"Niagara County, NY",COVID-19,0.9765391389833286,0.9772602182830896,-7.210792997610627e-4,NA,NA,NA
County,36071,"Orange County, NY",COVID-19,1.015007894455901,1.0142312482714946,7.766461844063155e-4,NA,NA,NA
County,36075,"Oswego County, NY",COVID-19,0.9977623264122312,0.9746607207129758,0.023101605699255345,NA,NA,NA
County,36083,"Rensselaer County, NY",COVID-19,0.9808671053130092,0.9914594741026719,-0.010592368789662632,NA,NA,NA
County,36099,"Seneca County, NY",COVID-19,0.8736156351791531,0.9808547950667011,-0.10723915988754806,NA,NA,NA
County,36101,"Steuben County, NY",COVID-19,0.9485962164116158,0.9588126123718715,-0.010216395960255698,NA,NA,NA
County,37019,"Brunswick County, NC",COVID-19,1.1870240810173551,1.1700836629961056,0.01694041802124957,NA,NA,NA
County,37027,"Caldwell County, NC",COVID-19,1.0058269834155087,1.002826212105435,0.003000771310073702,NA,NA,NA
County,37103,"Jones County, NC",COVID-19,1.0194931773879143,0.9747909142957025,0.044702263092211814,NA,NA,NA
County,37107,"Lenoir County, NC",COVID-19,1.0061476290787157,0.9878149266193748,0.018332702459340933,NA,NA,NA
County,37111,"McDowell County, NC",COVID-19,0.9831113225499524,1.001937194141728,-0.018825871591775734,NA,NA,NA
County,37113,"Macon County, NC",COVID-19,1.0655977646197858,1.035034633434494,0.03056313118529186,NA,NA,NA
County,37129,"New Hanover County, NC",COVID-19,1.0707243181227424,1.0384700676975775,0.03225425042516483,NA,NA,NA
County,37135,"Orange County, NC",COVID-19,1.0610774589762602,1.0163287832559231,0.04474867572033703,NA,NA,NA
County,37157,"Rockingham County, NC",COVID-19,0.998218895198761,0.9912206450913307,0.0069982501074302705,NA,NA,NA
County,37159,"Rowan County, NC",COVID-19,1.0420311729916214,1.0219946307218226,0.020036542269798785,NA,NA,NA
County,37177,"Tyrrell County, NC",COVID-19,0.9146810146041506,1.011049692292851,-0.09636867768870028,NA,NA,NA
County,37185,"Warren County, NC",COVID-19,0.9717658428827832,1.0036419676691342,-0.031876124786350934,NA,NA,NA
County,37189,"Watauga County, NC",COVID-19,1.0239839592812523,1.009761245660099,0.014222713621153238,NA,NA,NA
County,38015,"Burleigh County, ND",COVID-19,1.0272077426609374,1.0214287541194769,0.005778988541460528,NA,NA,NA
County,38017,"Cass County, ND",COVID-19,1.065992356352135,1.0312741091599378,0.03471824719219718,NA,NA,NA
County,38043,"Kidder County, ND",COVID-19,1.0184672206832872,0.9932249945785503,0.02524222610473692,NA,NA,NA
County,38059,"Morton County, ND",COVID-19,1.022809872525088,1.026501325656197,-0.0036914531311089682,NA,NA,NA
County,38077,"Richland County, ND",COVID-19,1.0028885037550548,0.9891494816587195,0.013739022096335263,NA,NA,NA
County,38087,"Slope County, ND",COVID-19,0.863013698630137,1.0158859503746378,-0.1528722517445008,NA,NA,NA
County,38089,"Stark County, ND",COVID-19,0.9810232502540196,1.0135925755947661,-0.032569325340746524,NA,NA,NA
County,39019,"Carroll County, OH",COVID-19,0.980105424247577,0.9835370332551164,-0.003431609007539471,NA,NA,NA
County,39025,"Clermont County, OH",COVID-19,1.0193632795464458,1.0144606492691761,0.004902630277269671,NA,NA,NA
County,39033,"Crawford County, OH",COVID-19,0.972972972972973,0.9804223093221923,-0.007449336349219293,NA,NA,NA
County,39039,"Defiance County, OH",COVID-19,0.9693624868282402,0.9832891042376537,-0.013926617409413478,NA,NA,NA
County,39043,"Erie County, OH",COVID-19,0.982412899991645,0.9733747732163633,0.009038126775281707,NA,NA,NA
County,39045,"Fairfield County, OH",COVID-19,1.042603723016094,1.0351138535125315,0.007489869503562563,NA,NA,NA
County,39051,"Fulton County, OH",COVID-19,0.961274322777566,0.9918358876370454,-0.030561564859479473,NA,NA,NA
County,39057,"Greene County, OH",COVID-19,0.9974482995010854,1.0048474280717705,-0.007399128570685143,NA,NA,NA
County,39073,"Hocking County, OH",COVID-19,0.98058017727639,0.9858501051571346,-0.0052699278807445404,NA,NA,NA
County,39075,"Holmes County, OH",COVID-19,1.0441258422412485,0.9982506588777769,0.04587518336347163,NA,NA,NA
County,39107,"Mercer County, OH",COVID-19,0.9885473854738548,0.9905147352285393,-0.0019673497546844887,NA,NA,NA
County,39109,"Miami County, OH",COVID-19,1.005808714989552,1.0215067583806938,-0.01569804339114178,NA,NA,NA
County,39121,"Noble County, OH",COVID-19,0.9803850782190132,0.988407108300075,-0.008022030081061837,NA,NA,NA
County,39125,"Paulding County, OH",COVID-19,1.0079299325363948,0.9643075283586848,0.04362240417771002,NA,NA,NA
County,39139,"Richland County, OH",COVID-19,0.9653892629035042,0.994720904785868,-0.029331641882363813,NA,NA,NA
County,39143,"Sandusky County, OH",COVID-19,0.9768081054862932,0.9793298566699936,-0.0025217511837004603,NA,NA,NA
County,39149,"Shelby County, OH",COVID-19,0.978131995688583,0.9802911666668375,-0.0021591709782544655,NA,NA,NA
County,39155,"Trumbull County, OH",COVID-19,0.9667912477002648,0.9740271524670228,-0.00723590476675795,NA,NA,NA
County,39171,"Williams County, OH",COVID-19,0.9467684942437022,0.9800315971751427,-0.033263102931440414,NA,NA,NA
County,39175,"Wyandot County, OH",COVID-19,1.0201177625122668,0.9660723400358393,0.05404542247642752,NA,NA,NA
County,40005,"Atoka County, OK",COVID-19,1.0146801477736729,0.9924599994609749,0.02222014831269803,NA,NA,NA
County,40019,"Carter County, OK",COVID-19,0.999250796029219,0.9993619239084304,-1.1112787921141454e-4,NA,NA,NA
County,40023,"Choctaw County, OK",COVID-19,1.1568802427271103,0.9839780050759482,0.17290223765116208,NA,NA,NA
County,40027,"Cleveland County, OK",COVID-19,1.057958459595088,1.0262517194756016,0.031706740119486376,NA,NA,NA
County,40055,"Greer County, OK",COVID-19,0.9194111776447106,0.9878485476584621,-0.0684373700137515,NA,NA,NA
County,40067,"Jefferson County, OK",COVID-19,0.988445854100589,0.9912099073844904,-0.002764053283901391,NA,NA,NA
County,40069,"Johnston County, OK",COVID-19,0.8375975715524718,0.999061861404608,-0.16146428985213612,NA,NA,NA
County,40073,"Kingfisher County, OK",COVID-19,1.0023699718165513,0.9951724206455923,0.0071975511709589934,NA,NA,NA
County,40083,"Logan County, OK",COVID-19,1.1081582759869613,1.0719957473765487,0.03616252861041258,NA,NA,NA
County,40089,"McCurtain County, OK",COVID-19,1.1510889656835168,0.99372798117555206,0.15736098450796476,NA,NA,NA
County,40097,"Mayes County, OK",COVID-19,1.031335947100474,0.9970501287209536,0.03428581837952038,NA,NA,NA
County,40121,"Pittsburg County, OK",COVID-19,0.9258027270727952,0.9865728336411081,-0.06077010656831294,NA,NA,NA
County,40133,"Seminole County, OK",COVID-19,1.0083096186681844,0.9865494433785507,0.0217601752896337,NA,NA,NA
County,40135,"Sequoyah County, OK",COVID-19,1.039979332170768,1.005606939663456,0.034372392507312055,NA,NA,NA
County,40137,"Stephens County, OK",COVID-19,1.073764847650198,0.9874117903573852,0.08635305729281273,NA,NA,NA
County,41001,"Baker County, OR",COVID-19,1.0267078776351244,1.0107345035675501,0.015973374067574264,NA,NA,NA
County,41003,"Benton County, OR",COVID-19,1.0267843471793865,1.0115787278938813,0.015205619285505234,NA,NA,NA
County,41011,"Coos County, OR",COVID-19,1.0188518077075883,1.0080972846239646,0.01075452308362368,NA,NA,NA
County,41023,"Grant County, OR",COVID-19,1.0315696649029982,0.984366016551907,0.04720364835109114,NA,NA,NA
County,41027,"Hood River County, OR",COVID-19,0.994593586875466,1.0013119723292196,-0.006718385453753695,NA,NA,NA
County,41035,"Klamath County, OR",COVID-19,1.031380673610583,1.0147248158301332,0.016655857780449868,NA,NA,NA
County,41039,"Lane County, OR",COVID-19,1.0173430701944708,1.0252267204291035,-0.007883650234632666,NA,NA,NA
County,42003,"Allegheny County, PA",COVID-19,0.963402607923476,0.9976823034057044,-0.03427969548222842,NA,NA,NA
County,42005,"Armstrong County, PA",COVID-19,0.9567735742892132,0.9628031661928832,-0.0060295919036700285,NA,NA,NA
County,42023,"Cameron County, PA",COVID-19,0.8867586912065439,0.935829176485925,-0.04907048527938107,NA,NA,NA
County,42033,"Clearfield County, PA",COVID-19,0.9797614589035176,0.9868324849416268,-0.007071026038109163,NA,NA,NA
County,42039,"Crawford County, PA",COVID-19,0.9704882033153904,0.9653142955961203,0.0051739077192701766,NA,NA,NA
County,42041,"Cumberland County, PA",COVID-19,1.0320280452233077,1.0285170130597183,0.0035110321635893893,NA,NA,NA
County,42047,"Elk County, PA",COVID-19,0.9105667810395222,0.9628484119216456,-0.05228163088212345,NA,NA,NA
County,42071,"Lancaster County, PA",COVID-19,1.011871254848253,1.0011363542422556,0.010734900605997355,NA,NA,NA
County,42083,"McKean County, PA",COVID-19,0.9311511773404618,0.9629104747596796,-0.03175929741921779,NA,NA,NA
County,42085,"Mercer County, PA",COVID-19,0.9375235700817096,0.9611789587223447,-0.0236553886406351,NA,NA,NA
County,42089,"Monroe County, PA",COVID-19,0.9754068442978868,1.0013445464638424,-0.02593770216595559,NA,NA,NA
County,42097,"Northumberland County, PA",COVID-19,0.9934240526075792,0.9823568085102627,0.011067244097316409,NA,NA,NA
County,42121,"Venango County, PA",COVID-19,0.8972498966989578,0.9571948049438211,-0.059944908244863315,NA,NA,NA
County,42127,"Wayne County, PA",COVID-19,1.0080100975775523,0.9984964370671858,0.009513660510366506,NA,NA,NA
County,42131,"Wyoming County, PA",COVID-19,0.9708448866416572,0.9694157705714878,0.0014291160701694894,NA,NA,NA
County,44005,"Newport County, RI",COVID-19,0.9917492934808642,0.9930206542002327,-0.0012713607193685084,NA,NA,NA
County,44009,"Washington County, RI",COVID-19,1.014111127979353,0.9937333139747675,0.020377814004585604,NA,NA,NA
County,45005,"Allendale County, SC",COVID-19,0.9440924338427134,0.8908438022935024,0.053248631549211,NA,NA,NA
County,45011,"Barnwell County, SC",COVID-19,0.9412753692806533,0.9867024334055029,-0.04542706412484965,NA,NA,NA
County,45013,"Beaufort County, SC",COVID-19,1.0379911696904185,1.0615871941838377,-0.023596024493419243,NA,NA,NA
County,45039,"Fairfield County, SC",COVID-19,0.9739379171522408,0.980012924059852,-0.006075006907611202,NA,NA,NA
County,45047,"Greenwood County, SC",COVID-19,0.9804205178861216,1.000732996525253,-0.020312478639131326,NA,NA,NA
County,45075,"Orangeburg County, SC",COVID-19,0.988045738045738,0.9692616956388271,0.018784042406910895,NA,NA,NA
County,45083,"Spartanburg County, SC",COVID-19,1.0534513777104442,1.0678725070542914,-0.014421129343847205,NA,NA,NA
County,45089,"Williamsburg County, SC",COVID-19,0.8364478042979699,0.9586360130620322,-0.12218820876406222,NA,NA,NA
County,46013,"Brown County, SD",COVID-19,0.9574863599053643,0.9991650199837963,-0.041678660078431906,NA,NA,NA
County,46015,"Brule County, SD",COVID-19,1.0493387589013226,0.9906528994593036,0.058685859442018984,NA,NA,NA
County,46017,"Buffalo County, SD",COVID-19,1.0073770491803278,0.963299767535651,0.044077281644676725,NA,NA,NA
County,46027,"Clay County, SD",COVID-19,0.9908199975189182,0.9910633570426174,-2.4335952369913816e-4,NA,NA,NA
County,46029,"Codington County, SD",COVID-19,1.040933012799688,0.9927133130290183,0.048219699770669755,NA,NA,NA
County,46031,"Corson County, SD",COVID-19,0.9409751924721984,0.9593021316931465,-0.01832693922094808,NA,NA,NA
County,46035,"Davison County, SD",COVID-19,1.0059662533793232,0.9852098728838907,0.02075638049543249,NA,NA,NA
County,46039,"Deuel County, SD",COVID-19,1.0860238832375055,1.0023554703410857,0.0836684128964198,NA,NA,NA
County,46041,"Dewey County, SD",COVID-19,1.0657690315898498,0.937810389318824,0.12795864227102582,NA,NA,NA
County,46055,"Haakon County, SD",COVID-19,1.0061936936936935,0.9768134168818641,0.02938027681182942,NA,NA,NA
County,46067,"Hutchinson County, SD",COVID-19,1.0266806173162435,0.9903112149366652,0.03636940237957831,NA,NA,NA
County,46069,"Hyde County, SD",COVID-19,0.9884726224783862,0.9558198618078957,0.0326527606704905,NA,NA,NA
County,46075,"Jones County, SD",COVID-19,0.9246411483253588,0.9783784618946786,-0.05373731356931977,NA,NA,NA
County,46079,"Lake County, SD",COVID-19,1.0153546375681994,0.9887324083077212,0.026622229260478192,NA,NA,NA
County,46083,"Lincoln County, SD",COVID-19,1.1234338292873922,1.1159694310268662,0.007464398260526028,NA,NA,NA
County,46087,"McCook County, SD",COVID-19,1.0128813559322034,0.9964501213279683,0.016431234604235123,NA,NA,NA
County,46097,"Miner County, SD",COVID-19,1.0560263653483992,0.9846750886376728,0.07135127671072639,NA,NA,NA
County,46101,"Moody County, SD",COVID-19,1.0040625,0.984339896533057,0.0197226034669431,NA,NA,NA
County,46107,"Potter County, SD",COVID-19,0.9724025974025974,0.9781569076414846,-0.0057543102388871725,NA,NA,NA
County,46109,"Roberts County, SD",COVID-19,0.9719101123595506,0.9992353242896864,-0.027325211930135818,NA,NA,NA
County,46111,"Sanborn County, SD",COVID-19,1.0682684973302825,0.9841678216675421,0.08410067566274038,NA,NA,NA
County,47011,"Bradley County, TN",COVID-19,0.956911091478596,1.0339566520192216,-0.07704556054062561,NA,NA,NA
County,47017,"Carroll County, TN",COVID-19,0.9954128440366972,0.9839069005699768,0.011505943466720403,NA,NA,NA
County,47063,"Hamblen County, TN",COVID-19,0.99452589309391215,1.0131083229911575,-0.018582429897245345,NA,NA,NA
County,47069,"Hardeman County, TN",COVID-19,0.9373575011399908,0.9838441371495608,-0.046486636009569926,NA,NA,NA
County,47089,"Jefferson County, TN",COVID-19,1.0267001275352778,1.0357308188672063,-0.009030691331928464,NA,NA,NA
County,47099,"Lawrence County, TN",COVID-19,1.0174917306721982,1.023072712540441,-0.005580981868242851,NA,NA,NA
County,47101,"Lewis County, TN",COVID-19,1.085579382254574,1.027928072467374,0.05765130978720001,NA,NA,NA
County,47109,"McNairy County, TN",COVID-19,0.9874194219172384,0.9953661911576343,-0.007946769240395835,NA,NA,NA
County,47123,"Monroe County, TN",COVID-19,1.033950953678474,1.0154038931029903,0.01854706057548361,NA,NA,NA
County,47137,"Pickett County, TN",COVID-19,0.8986562150055991,1.0211107296928783,-0.12245451468727919,NA,NA,NA
County,47157,"Shelby County, TN",COVID-19,0.9587274946597498,0.9982155398771105,-0.03948804521736071,NA,NA,NA
County,47167,"Tipton County, TN",COVID-19,0.9863886475528526,1.009820888910951,-0.023432241358098405,NA,NA,NA
County,48001,"Anderson County, TX",COVID-19,0.9874499050833158,0.9677454080145068,0.019704497068808946,NA,NA,NA
County,48015,"Austin County, TX",COVID-19,1.0350236197224685,1.0104029944599113,0.02462062526255715,NA,NA,NA
County,48019,"Bandera County, TX",COVID-19,1.0961348481106443,1.076322900980854,0.019811947129790397,NA,NA,NA
County,48023,"Baylor County, TX",COVID-19,1.0905310300703774,0.9837127731180683,0.10681825695230918,NA,NA,NA
County,48031,"Blanco County, TX",COVID-19,1.1651716068642746,1.049677549461812,0.11549405740246255,NA,NA,NA
County,48041,"Brazos County, TX",COVID-19,1.110811030154379,1.0292807246030429,0.08153030555133611,NA,NA,NA
County,48043,"Brewster County, TX",COVID-19,1.038878657663188,0.9886429609690266,0.0502356966941615,NA,NA,NA
County,48049,"Brown County, TX",COVID-19,0.978978978978979,0.9973441987223646,-0.018365219743385564,NA,NA,NA
County,48055,"Caldwell County, TX",COVID-19,1.14702154626109,1.0581767638859407,0.08884478237514926,NA,NA,NA
County,48065,"Carson County, TX",COVID-19,1.0039275956284153,0.9810573032875566,0.02287029234085869,NA,NA,NA
County,48089,"Colorado County, TX",COVID-19,1.0650330972012545,1.0056468494784223,0.059386247722832186,NA,NA,NA
County,48091,"Comal County, TX",COVID-19,1.225278223797132,1.1846837304829287,0.040594493314203284,NA,NA,NA
County,48097,"Cooke County, TX",COVID-19,1.0379877325911036,1.029298472783456,0.008689259807647565,NA,NA,NA
County,48101,"Cottle County, TX",COVID-19,1.6748091603053434,1.0206912520807843,0.6541179082245592,NA,NA,NA
County,48121,"Denton County, TX",COVID-19,1.1637132116755822,1.1535235029409412,0.010189708734640979,NA,NA,NA
County,48125,"Dickens County, TX",COVID-19,0.9742120343839542,0.9720241822752183,0.002187852108735955,NA,NA,NA
County,48139,"Ellis County, TX",COVID-19,1.2019642529690315,1.154717621897032,0.047246631071999445,NA,NA,NA
County,48143,"Erath County, TX",COVID-19,1.05376262241843,1.028433742030165,0.025328880388264974,NA,NA,NA
County,48155,"Foard County, TX",COVID-19,0.9979423868312756,1.027456656706711,-0.029514269875435373,NA,NA,NA
County,48165,"Gaines County, TX",COVID-19,1.048961083687292,1.0313062243716145,0.017654859315677562,NA,NA,NA
County,48173,"Glasscock County, TX",COVID-19,1.0425531914893618,0.9993149470092091,0.04323824448015268,NA,NA,NA
County,48183,"Gregg County, TX",COVID-19,0.9903357813584712,1.0094733238119658,-0.019137542453494527,NA,NA,NA
County,48195,"Hansford County, TX",COVID-19,0.9945604873803308,0.958871431090487,0.03568905628984376,NA,NA,NA
County,48197,"Hardeman County, TX",COVID-19,1.0216787103946636,0.9742264850012309,0.047452225393432745,NA,NA,NA
County,48221,"Hood County, TX",COVID-19,1.0569968867246746,1.1429060476882118,-0.08590916096353718,NA,NA,NA
County,48223,"Hopkins County, TX",COVID-19,1.0777963671128108,1.0256975680851588,0.05209879902765202,NA,NA,NA
County,48239,"Jackson County, TX",COVID-19,0.9616785431512272,1.0001625213673655,-0.03848397821613825,NA,NA,NA
County,48241,"Jasper County, TX",COVID-19,0.9556266793108898,0.9986918649378492,-0.04306518562695938,NA,NA,NA
County,48247,"Jim Hogg County, TX",COVID-19,0.9807592303692148,0.9484726348221949,0.03228659554701985,NA,NA,NA
County,48251,"Johnson County, TX",COVID-19,1.1560257945870085,1.1245704756394728,0.031455318947535726,NA,NA,NA
County,48259,"Kendall County, TX",COVID-19,1.141728671898889,1.1634652218153678,-0.021736549916478776,NA,NA,NA
County,48277,"Lamar County, TX",COVID-19,1.016958301470919,0.9989900354270573,0.01796826604386159,NA,NA,NA
County,48295,"Lipscomb County, TX",COVID-19,0.8836828309305373,0.9302852988637218,-0.046602467933184455,NA,NA,NA
County,48299,"Llano County, TX",COVID-19,1.1247711221553751,1.057590748002445,0.06718037415293021,NA,NA,NA
County,48301,"Loving County, TX",COVID-19,2.286666666666666,1.4954291705994434,0.7912374960672228,NA,NA,NA
County,48309,"McLennan County, TX",COVID-19,1.0698920976359256,1.0372837913383959,0.032608306297529754,NA,NA,NA
County,48323,"Maverick County, TX",COVID-19,0.9985757603601948,0.9961510787436073,0.0024246816165874874,NA,NA,NA
County,48327,"Menard County, TX",COVID-19,0.9812633832976444,0.9874375964606615,-0.006174213163017139,NA,NA,NA
County,48341,"Moore County, TX",COVID-19,1.055221835809885,0.9854905690460208,0.06973126676386421,NA,NA,NA
County,48345,"Motley County, TX",COVID-19,1.080046403712297,0.9809708496906373,0.09907555402165968,NA,NA,NA
County,48349,"Navarro County, TX",COVID-19,1.001631212012871,1.0233056889200154,-0.021674476907144413,NA,NA,NA
County,48357,"Ochiltree County, TX",COVID-19,0.8998158002455997,0.9483772765308369,-0.048561476285237215,NA,NA,NA
County,48361,"Orange County, TX",COVID-19,0.993803886413373,1.0107907785730026,-0.016986892159629563,NA,NA,NA
County,48363,"Palo Pinto County, TX",COVID-19,0.9882239070817874,1.0346747452065,-0.04645083812471251,NA,NA,NA
County,48365,"Panola County, TX",COVID-19,0.9276668813050012,0.9631657474990842,-0.035498866194083045,NA,NA,NA
County,48381,"Randall County, TX",COVID-19,1.0794171530825274,1.052375576600906,0.02704157648162142,NA,NA,NA
County,48387,"Red River County, TX",COVID-19,1.014758100310697,0.9985483821008739,0.016209718209822976,NA,NA,NA
County,48409,"San Patricio County, TX",COVID-19,1.0284649567864517,1.0219417579813355,0.006523198805116204,NA,NA,NA
County,48411,"San Saba County, TX",COVID-19,0.8790496760259179,0.995863212101822,-0.11681353607590417,NA,NA,NA
County,48439,"Tarrant County, TX",COVID-19,1.0690584162984156,1.047000982870205,0.02205743342821065,NA,NA,NA
County,48449,"Titus County, TX",COVID-19,1.0735569364378228,0.988535712719473,0.08502122371834975,NA,NA,NA
County,48453,"Travis County, TX",COVID-19,1.122952389464142,1.0660443262296453,0.05690806323449671,NA,NA,NA
County,48455,"Trinity County, TX",COVID-19,1.0250528541226216,1.0039584977744462,0.021094356348175358,NA,NA,NA
County,48457,"Tyler County, TX",COVID-19,1.0173552319674908,1.0331110183937255,-0.015755786426234764,NA,NA,NA
County,48461,"Upton County, TX",COVID-19,1.9865724381625445,0.9754581834868356,1.011114254675709,NA,NA,NA
County,48465,"Val Verde County, TX",COVID-19,0.974017403206883,0.9933080733732652,-0.019290670166382196,NA,NA,NA
County,48487,"Wilbarger County, TX",COVID-19,0.9967834772304046,0.9733719879171934,0.023411489313211242,NA,NA,NA
County,48489,"Willacy County, TX",COVID-19,1.114054262569114,0.9791154421141939,0.13493882045492023,NA,NA,NA
County,48503,"Young County, TX",COVID-19,1.0104965430546826,0.9924084216910198,0.01808812136366278,NA,NA,NA
County,49005,"Cache County, UT",COVID-19,1.094913431719366,1.0224166011128106,0.07249683060655543,NA,NA,NA
County,49019,"Grand County, UT",COVID-19,1.1216981132075472,1.0057147949510714,0.11598331825647579,NA,NA,NA
County,49027,"Millard County, UT",COVID-19,1.043742075710922,1.0208639211325952,0.02287815457832676,NA,NA,NA
County,49033,"Rich County, UT",COVID-19,1.064609450337512,0.9830859374647603,0.08152351287275184,NA,NA,NA
County,49035,"Salt Lake County, UT",COVID-19,1.0681427983251124,1.021329307404741,0.04681349092037146,NA,NA,NA
County,49041,"Sevier County, UT",COVID-19,1.0606926698049766,1.0076071878951796,0.053085481909797005,NA,NA,NA
County,49049,"Utah County, UT",COVID-19,1.1322969104728062,1.0563123787802653,0.07598453169254094,NA,NA,NA
County,49051,"Wasatch County, UT",COVID-19,1.1293429449302763,1.1172496439447672,0.012093300985509092,NA,NA,NA
County,50003,"Bennington County, VT",COVID-19,0.9481221805532908,0.9689680300231623,-0.020845849469871558,NA,NA,NA
County,50005,"Caledonia County, VT",COVID-19,0.9770935035674052,0.9669807764450455,0.010112727122359666,NA,NA,NA
County,50011,"Franklin County, VT",COVID-19,0.9972313649564376,1.0015935525171848,-0.004362187560747244,NA,NA,NA
County,51003,"Albemarle County, VA",COVID-19,1.024095104795989,1.020558513912987,0.0035365908830020665,NA,NA,NA
County,51005,"Alleghany County, VA",COVID-19,0.947973624959794,0.989164510542262,-0.04119088558246797,NA,NA,NA
County,51007,"Amelia County, VA",COVID-19,1.0177142857142858,1.0222504074520469,-0.0045361217377610785,NA,NA,NA
County,51009,"Amherst County, VA",COVID-19,0.983872029491146,0.9739107662313511,0.009961263259794961,NA,NA,NA
County,51033,"Caroline County, VA",COVID-19,1.0243670671282157,1.0282194360842232,-0.0038523689560074903,NA,NA,NA
County,51035,"Carroll County, VA",COVID-19,0.9732327836247616,0.9951395222882702,-0.021906738663508563,NA,NA,NA
County,51043,"Clarke County, VA",COVID-19,1.0480653367251305,1.0174693036618268,0.030596033063303718,NA,NA,NA
County,51045,"Craig County, VA",COVID-19,0.9891196834817012,1.009051477751379,-0.01993179426967784,NA,NA,NA
County,51069,"Frederick County, VA",COVID-19,1.0795524964589236,1.0523199500382394,0.02723254642068418,NA,NA,NA
County,51071,"Giles County, VA",COVID-19,1.0244972330948845,0.99678315129295,0.027714081801934465,NA,NA,NA
County,51099,"King George County, VA",COVID-19,1.0726259101941749,1.0176268439782798,0.05499906621589501,NA,NA,NA
County,51105,"Lee County, VA",COVID-19,0.9942559805379104,0.9769585274879319,0.01729745304997854,NA,NA,NA
County,51117,"Mecklenburg County, VA",COVID-19,1.0435480084513655,0.9877649080329688,0.055783100418396736,NA,NA,NA
County,51125,"Nelson County, VA",COVID-19,0.9765895953757224,0.9930021895537845,-0.016412594178062068,NA,NA,NA
County,51127,"New Kent County, VA",COVID-19,1.1393583254696749,1.1362000240407382,0.003158301428936694,NA,NA,NA
County,51133,"Northumberland County, VA",COVID-19,0.9458370635631156,0.9977783685043211,-0.051941304941205524,NA,NA,NA
County,51137,"Orange County, VA",COVID-19,1.0175625179649324,1.0384915979948446,-0.020929080029912228,NA,NA,NA
County,51157,"Rappahannock County, VA",COVID-19,1.0119583567810917,1.0065247892208602,0.0054335675602315,NA,NA,NA
County,51167,"Russell County, VA",COVID-19,0.9836921420882668,0.9734191280015737,0.010273014086693122,NA,NA,NA
County,51550,"Chesapeake city, VA",COVID-19,1.0275164768052387,1.0369260484106808,-0.00940957160544209,NA,NA,NA
County,51590,"Danville city, VA",COVID-19,0.96834453197405,0.977081190902442,-0.008736658928392038,NA,NA,NA
County,51620,"Franklin city, VA",COVID-19,0.9856330014224752,0.9924311440864859,-0.006798142664010687,NA,NA,NA
County,51683,"Manassas city, VA",COVID-19,1.0149605268896933,1.0028975143911831,0.012063012498510162,NA,NA,NA
County,51720,"Norton city, VA",COVID-19,0.9603436880370124,0.9883621856241612,-0.028018497587148805,NA,NA,NA
County,51750,"Radford city, VA",COVID-19,1.099740932642487,1.0041215951516413,0.09561933749084561,NA,NA,NA
County,51760,"Richmond city, VA",COVID-19,1.01612125274887,1.0123105010419022,0.0038107517069678742,NA,NA,NA
County,51770,"Roanoke city, VA",COVID-19,0.9872638415808068,1.002318727635591,-0.015054886054784111,NA,NA,NA
County,51775,"Salem city, VA",COVID-19,1.0305629379077073,1.0014256490345126,0.029137288873194667,NA,NA,NA
County,51790,"Staunton city, VA",COVID-19,1.0382256745707277,1.0321294404072043,0.00609623416352334,NA,NA,NA
County,51830,"Williamsburg city, VA",COVID-19,1.0524676942238829,1.0060145306700203,0.04645316355386253,NA,NA,NA
County,53003,"Asotin County, WA",COVID-19,0.999371266897202,1.0103740067299387,-0.011002739832736697,NA,NA,NA
County,53011,"Clark County, WA",COVID-19,1.0278474671700863,1.045758327879784,-0.017910860709697607,NA,NA,NA
County,53019,"Ferry County, WA",COVID-19,0.9448231785257776,1.023154338353622,-0.07833115982784433,NA,NA,NA
County,53043,"Lincoln County, WA",COVID-19,0.8758007117437723,1.03498008673086,-0.15917937498708778,NA,NA,NA
County,53047,"Okanogan County, WA",COVID-19,0.9508175105485231,1.0074950765965038,-0.05667756604798069,NA,NA,NA
County,53051,"Pend Oreille County, WA",COVID-19,0.9724458204334364,1.0501527745124102,-0.07770695407897377,NA,NA,NA
County,53065,"Stevens County, WA",COVID-19,1.0163878456811195,1.0430469597786347,-0.026659114097515202,NA,NA,NA
County,53073,"Whatcom County, WA",COVID-19,0.9794653976160824,1.0361167830201068,-0.05665138540402437,NA,NA,NA
County,53075,"Whitman County, WA",COVID-19,0.945499068174923,0.9946347916319055,-0.04913572345698247,NA,NA,NA
County,53077,"Yakima County, WA",COVID-19,0.9768681824476796,1.000188847683671,-0.0233206652359913,NA,NA,NA
County,54033,"Harrison County, WV",COVID-19,0.99433128996111,0.9722912999466274,0.022039990014482536,NA,NA,NA
County,54035,"Jackson County, WV",COVID-19,0.7623566627125345,0.9764903225028115,-0.214133659790277,NA,NA,NA
County,54047,"McDowell County, WV",COVID-19,0.8626949973103819,0.8968666500647718,-0.034171652754389936,NA,NA,NA
County,54051,"Marshall County, WV",COVID-19,0.9101878612716764,0.958685108832894,-0.04849724756121765,NA,NA,NA
County,54071,"Pendleton County, WV",COVID-19,1.0030091859360153,0.9806480668229353,0.02236111911308003,NA,NA,NA
County,54079,"Putnam County, WV",COVID-19,1.0312809148826718,0.9911332006420919,0.040147714240579946,NA,NA,NA
County,54087,"Roane County, WV",COVID-19,1.015235457063712,0.9879940836750115,0.027241373388700585,NA,NA,NA
County,54091,"Taylor County, WV",COVID-19,1.0118742889647327,1.0008335269987314,0.011040761966001345,NA,NA,NA
County,54095,"Tyler County, WV",COVID-19,0.9552687411598304,0.9551658960927462,1.0284506708424512e-4,NA,NA,NA
County,54099,"Wayne County, WV",COVID-19,1.000626130513427,0.9741406720745296,0.02648545843889738,NA,NA,NA
County,55005,"Barron County, WI",COVID-19,0.9546636052506172,0.9899800196978729,-0.03531641444725564,NA,NA,NA
County,55015,"Calumet County, WI",COVID-19,1.0068416837853835,0.9966096645307597,0.010232019254623803,NA,NA,NA
County,55027,"Dodge County, WI",COVID-19,0.99795935452814,0.9852966618377289,0.012662692690411093,NA,NA,NA
County,55041,"Forest County, WI",COVID-19,0.9656357388316152,0.9850752961656849,-0.019439557334069657,NA,NA,NA
County,55053,"Jackson County, WI",COVID-19,0.8464368511238787,0.9834619901251611,-0.13702513900128244,NA,NA,NA
County,55057,"Juneau County, WI",COVID-19,0.987906181285121,0.9882457913472964,-3.3961006217542167e-4,NA,NA,NA
County,55063,"La Crosse County, WI",COVID-19,0.999294020592388,1.0017152397923803,-0.002421219199992275,NA,NA,NA
County,55073,"Marathon County, WI",COVID-19,0.9927462702939884,0.9990864238111132,-0.0063401535171248025,NA,NA,NA
County,55081,"Monroe County, WI",COVID-19,0.9895750155265726,0.9868460992865576,0.0027289162400149225,NA,NA,NA
County,55097,"Portage County, WI",COVID-19,0.9618865938692276,0.985580946000683,-0.023694352131455432,NA,NA,NA
County,55107,"Rusk County, WI",COVID-19,0.92363112391930835,0.9710673757141133,-0.04743625179480493,NA,NA,NA
County,55117,"Sheboygan County, WI",COVID-19,0.9847668360142188,0.9889602461572127,-0.004193410142993903,NA,NA,NA
County,55119,"Taylor County, WI",COVID-19,0.9514007430464906,0.9873206940486139,-0.03591995100212331,NA,NA,NA
County,55131,"Washington County, WI",COVID-19,1.0053992630644684,1.005277691853804,1.2157121066436183e-4,NA,NA,NA
County,55135,"Waupaca County, WI",COVID-19,0.959355771369264,0.9868196137055161,-0.027463842336252098,NA,NA,NA
County,56013,"Fremont County, WY",COVID-19,1.0164195853759377,0.9686961016698027,0.047723483706134995,NA,NA,NA
County,56017,"Hot Springs County, WY",COVID-19,1.025268336314848,0.9489468333491978,0.07632150296565021,NA,NA,NA
County,56027,"Niobrara County, WY",COVID-19,0.8446014127144299,0.9728280862060504,-0.12822667349162054,NA,NA,NA
County,56037,"Sweetwater County, WY",COVID-19,0.935684549153184,0.9627481296146121,-0.027063580461428094,NA,NA,NA
County,56041,"Uinta County, WY",COVID-19,0.9827224608009588,0.98091947645685,0.00180298434410886,NA,NA,NA
County,72017,"Barceloneta Municipio, PR",COVID-19,1.143081525804039,1.1254295626607778,0.01765196314326123,NA,NA,NA
County,72019,"Barranquitas Municipio, PR",COVID-19,1.143251033964156,1.1425935863385233,6.5744762563269e-4,NA,NA,NA
County,72029,"Canovanas Municipio, PR",COVID-19,1.1352124183006536,1.1326066583789827,0.0026057599216708915,NA,NA,NA
County,72041,"Cidra Municipio, PR",COVID-19,1.149812734082397,1.1347641743430696,0.015048559739327283,NA,NA,NA
County,72043,"Coamo Municipio, PR",COVID-19,1.202310334061817,1.107591700426575,0.09471863363524213,NA,NA,NA
County,72047,"Corozal Municipio, PR",COVID-19,1.1376233675605625,1.1232111368910387,0.014412230669523796,NA,NA,NA
County,72055,"Guanica Municipio, PR",COVID-19,1.1252417794970986,1.127237521962959,-0.0019957424658603173,NA,NA,NA
County,72065,"Hatillo Municipio, PR",COVID-19,1.180164694595459,1.134628173635567,0.04553652095989191,NA,NA,NA
County,72075,"Juana Diaz Municipio, PR",COVID-19,1.2004276211593286,1.1412473125918425,0.05918030856748602,NA,NA,NA
County,72077,"Juncos Municipio, PR",COVID-19,1.153416634127294,1.124252349022319,0.02916428510497493,NA,NA,NA
County,72089,"Luquillo Municipio, PR",COVID-19,1.1426434847635072,1.1298664280166053,0.012777056746901883,NA,NA,NA
County,72095,"Maunabo Municipio, PR",COVID-19,1.118200408997955,1.1282916159385474,-0.010091206940592512,NA,NA,NA
County,72099,"Moca Municipio, PR",COVID-19,1.2413152610441769,1.1331618848199532,0.10815337622422372,NA,NA,NA
County,72101,"Morovis Municipio, PR",COVID-19,1.1365159128978224,1.1359831590883844,5.32753809437958e-4,NA,NA,NA
County,72103,"Naguabo Municipio, PR",COVID-19,1.1224072672218015,1.1229581308343555,-5.508636125539645e-4,NA,NA,NA
County,72117,"Rincon Municipio, PR",COVID-19,1.28133887551958,1.1551184892684925,0.12622038625108756,NA,NA,NA
County,72129,"San Lorenzo Municipio, PR",COVID-19,1.147924666300969,1.1384638711984258,0.009460795102543162,NA,NA,NA
County,72141,"Utuado Municipio, PR",COVID-19,1.1318642882126615,1.1441841450448877,-0.01231985683222625,NA,NA,NA
County,72149,"Villalba Municipio, PR",COVID-19,1.108875128998968,1.1192329112455752,-0.010357782246607217,NA,NA,NA
